NumeroRegistro;Status;Restricao;DataConcessao;DataValidade;DataCancelamento;RazaoSocial;CnpjCpf;Telefone;Logradouro;Numero;Complemento;Cep;Bairro;Municipio;Uf;Email;Fabricante;Pac;PortariaInmetro;Familia;Certificado;ModeloCertificado;QuantidadeItens;ProdutoImportado;PaisOrigem;ItemMarca;ItemModelo;ItemDescricao;ItemCodigodeBarra;ItemStatus;ItemDataAlteracao
219269/2025;Inativo;;24/09/2019;;;Galzerano Indústria de Carrinhos e Berços Ltda;43594977000197;1934043030;Via Prefeito Jurandyr Paixão;700;;13481149;Jd. Campo Belo;Limeira;SP;luisfernando.camargo@galzerano.com.br;SHEN ZHEN WEI MEI CHILDCARE PRODUCT LIMITED COMPANY;Andadores Infantis;Portaria Inmetro nº 42 de 19/01/2018;;CE-AND/IQB 000006 53504/20-001;;;S;China, República Popular;GALZERANO;Andador de bebê 4 em 1 Funny - Versões: Color (CR), Verde Água (VDA);Mat Tec poli Espum Resin plást Itens fix Dimens 75Cx71Lx55A(cm) Sist trav Dobradiç plást c/ botã acion Sist mont frenag Encaix manua Mod Andador c/ módul sonor Pçs girat Cores divers Acess Brinq remov;7898089221477|7898089221996;Incluido;24/09/2019
513284/1951;Ativo;;05/08/2021;;;GALZERANO INDUSTRIA DE CARRINHOS E BERCOS LTDA;43594977000197;19999947357;Via Prefeito Jurandyr Paixão;700;;13481149;Jd. Campo Belo;Limeira;SP;luisfernando.camargo@galzerano.com.br;GALZERANO INDUSTRIA DE CARRINHOS E BERCOS LTDA;Andadores Infantis;Portaria Inmetro nº 129 de 19/03/2021;;CE-AND/IQB 000006 54618/21-001;;;N;Brasil;GALZERANO;Ref.: 4050-Andador Torino. Versões: 4050EST (Estrela), 4050SPR (Spring);Tecido Pes, TNT, Espuma, PP, PA6, Master, Tinta, Tubo de aço. CxLxA(cm) 71x62,5x51,5 Travamento: Trilho plástico c/ botão de destrave e regulagem de altura. Montagem: Manual. Acess: Brinquedo acoplado;7908200102520|7908200102537;Incluido;17/01/2024
993404/1966;Ativo;;14/08/2019;;;BAMBOO COMERCIO, IMPORTAÇÃO E EXPORTAÇÃO EIRELI-EPP;27115224000103;8132419265;Rua. Alegre;154;Galpão A;52120125;Arruda;Recife;PE;bamboo@yescert.com.br;ZHEJIANG KINTEX INTERNATIONAL TRADING CO., LTD;Andadores Infantis;Portaria Inmetro nº 129 de 19/03/2021;;IN1632922;;;S;China, República Popular;BAMBOO;MODELO:MD-18NOME COMERCIAL:ANDAJAR GUGUVERSÕES: Azul (Ref.: MD18.1)Rosa (Ref.: MD18.2)Verde (Ref.: MD18.3)Vermelho (Ref.: MD18.4);Mat: PLAST / MET/FIB TEXTIL,DIM:ABRT:62X56X52CM,FECH:62X56X16,SIST TRAV:LIBER EM 2 ACOES CONSEC,SIST MONT FERRAG: MANUAL(S/FERRAMENTA),ACESS:BANDEJ C/BRINQ E HAST C/PUXADOR;7909312341029;Incluido;22/07/2022
807288/1977;Ativo;;09/12/2019;;;TAPUZIM COMERCIAL LTDA;00513418000100;1138569063;Av. Monte Celeste;230;250;02561000;Vila S. Maria;São Paulo;SP;ehs0770@hotmail.com;SHEN ZHEN WEI MEI CHILDCARE PRODUCT LIMITED COMPANY;Andadores Infantis;Portaria Inmetro nº 129 de 19/03/2021;;IN2062423;Modelo 5;;S;China, República Popular;baby style;ANDADOR ANIMAIS;ANIMAISVERSÕES: Andador cachorro vermelho - Ref. 33721 Andador cachorro azul - Ref. 33722 Andador abelha rosa - Ref. 33723 Andador abelha azul - Ref. 33724 . Material: Plástico, metal e tecido. Dimen;4079337218996|4079337228995|4079337238994|4079337248993;Excluido;21/12/2020
101292/2004;Inativo;;14/08/2019;;;Companhia Dorel Brasil Produtos Infantis;10659948000107;2135633602;Av. Nilo Peçanha;1516 /1582;Térreo;28030035;Pq dos Rodoviários;Campos dos Goytacaze;RJ;mariana.magalhaes@dorel.com.br;JIN SUN GEE PLASTIC CO.,LTD;Andadores Infantis;Portaria Inmetro nº 42 de 19/01/2018;;OCAN-AND.145/19-1;;;S;Formosa (Taiwan);Voyage;BG-1518;Nome Fantasia: Baby Step. Cores: Rosa e Azul. Material: Ferro, Plástico e Polipropileno. 60x49x68cm. Sistema Travamento e Montagem:Manual. Acessórios: Bandeja.;7908238801280|7908238801297;Incluido;14/08/2019
395307/1930;Ativo;;31/10/2025;;;MD COMERCIO DE FERRAGENS LTDA;55274701000100;92985975259;Avenida Joaquim Nabuco;1094;A;69020030;Centro;Manaus;AM;mdcomerciodeferragensltda@gmail.com;Xingtai Pandelo Technology Co.,Ltd;Andadores Infantis;Portaria Inmetro nº 129 de 19/03/2021;;IN2824825;Modelo 5;;S;China, República Popular;ULTRA BABY;ANDADOR INFANTIL MUSICAL PARA BEBÊ - UBW -305 - N/A - BABY PINK / BARBIE PINK/RED / WHITE/ROYAL BLUE /ORANGE / WHITE/LIGHT BLUE / WHITE;MAT:PP,FERRO E POLIÉ./DIM.:68X59X52 CM/SIST.DE TRAV.:LIB.EM DUAS AÇÕES CONS./SIST.DE MONT. E FERR.:MAN.(S/FERRAM.)/ACESS.:N/A/CARACTERISTICAS DO MODELO:ANDADOR COM BRINQUEDO ACOPLADO;7890012361007|7890012361113|7890012368082|7890012369096;Incluido;31/10/2025
689311/1956;Inativo;;12/12/2022;;;COMPANHIA DOREL BRASIL PRODUTOS INFANTIS;10659948000883;2135547024;Av. Nilo Peçanha;1516 ;Galpão 3 ;28030035;Pq dos Rodoviários;Campos dos Goytacaze;RJ;standard@dorel.com.br;Dongguan Xinyeda Hardware Plastic Products Co., Ltd;Andadores Infantis;Portaria Inmetro nº 129 de 19/03/2021;;IN1715922;;;S;China, República Popular;Safety 1st;11389.  Melody Garden;ABS,PP.PVC.Pol.Esp, 64x55x66cm,Trav.Lib.2açoes cons, Mon.Manual. Aces: Brinquedos.;9312541727119;Incluido;12/12/2022
983315/1982;Ativo;;01/08/2023;;;COMPANHIA DOREL BRASIL PRODUTOS INFANTIS;10659948000883;2135547024;Av. DR  Nilo Peçanha;1516;Galpão 3 ;28030035;Pq dos Rodoviários;Campos dos Goytacaze;RJ;standard@dorel.com.br;ZHONG SHAN SUN LUEN CHONG COMMODITY COMPANY LIMITED;Andadores Infantis;Portaria Inmetro nº 129 de 19/03/2021;;CE-AND/IQB 000011 55435/22-001;Modelo 5;;S;China, República Popular;TINY LOVE;4-in-1 Here I Grow Mobile Activity Center. Ref. 1806501211. ABS, Alumínio, Aço, Poliéster, PP. 70x57x44cm.Sist. de mont.:Manual (s/ ferragem).;Sist. de Trav.:2 disp. de travamento independentes, devem ser operados simultaneamente. Aces.: Brinq. acoplado.;7290108862973;Incluido;01/08/2023
277319/2009;Ativo;;07/02/2022;;;TUTTI BABY INDUSTRIA E COMERCIO DE ARTIGOS INFANTIS LTDA;06981862000129;4733794000;Rod. Guilherme Jensen, SC413, km13;0;;89108000;Distrito Industrial;Massaranduba;SC;certificacao@tuttibaby.com.br;TUTTI BABY INDUSTRIA E COMERCIO DE ARTIGOS INFANTIS LTDA;Andadores Infantis;Portaria Inmetro nº 129 de 19/03/2021;;IN2869325;Modelo 5;;N;Brasil;TUTTI BABY;ANDADOR SAFARI II-ANDADOR 40.002-40002003/40002004/40002007/40003004/40004002/40004003;MAT:PP E ALGODAO/DIM:51X61X70CM/SIS_TRAV:DOIS DISPOS TRAV INDEPEND SENDO OPER SIMULTÂNEAM./SIS_MONT/FERRG:REBITES,PARAFUSOS E ENCAIXE DE PÇS PLAST/ACESS:BAND. COM BRINQ/CARAC. DO MOD.:AND. C/ BRINQ NA;7898431501615|7898431501622|7898431501639|7898431501684|7898431501691|7898431501707;Excluido;27/02/2026
571334/1935;Ativo;;27/03/2026;;;HEMNANI COMERCIO DE VARIEDADES LTDA.;05469291000185;9232330121;Rua Marcílio Dias;304;;69005270;Centro;Manaus;AM;hemnanibr@yahoo.com;PINGHU XIAOTIANDI CHILDREN?S PRODUCTS FACTORY;Andadores Infantis;Portaria Inmetro nº 129 de 19/03/2021;;IN2911926;Modelo 5;;S;China, República Popular;SITA;ANDADOR AKH602 - AKH602 - AVIÃO - AVIAO;MAT:PP,FERRO E POLIE./DIM:70 X62.5 X 51 CM/SISTEMA DE TRAVAMENTO:LIBERAÇÃO EM DUAS AÇÕES CONSECUTIVAS/SISTEMA DE MONTAGEM E FERRAGEM:MAN.(S/FERRAM.)/ACESS:BAND.MUSI./CARAC.DO MOD.:AND.COM BAND.MUSI.;0618231660148;Incluido;27/03/2026
865338/1961;Inativo;;09/02/2022;;;COMPANHIA DOREL BRASIL PRODUTOS INFANTIS;10659948000107;02135547024;Av. Nilo Peçanha;1516 /1582;Térreo;28030035;Pq dos Rodoviários;Campos dos Goytacaze;RJ;mariana.magalhaes@dorel.com.br;Dong Guan Hua Song Plastic Products Co.Ltd;Andadores Infantis;Portaria Inmetro nº 42 de 19/01/2018;;IN1512522;;;S;China, República Popular;Safety 1st;11389.  Melody Garden;Pol.,PP,Aço. 65x55x66cm. Aut.c/lib.em 2 ações consec.,Manual. Acessórios: Brinquedo(centro de atividades);9312541727119;Incluido;09/02/2022
505140/2022;Ativo;;07/03/2024;;;JASSUMAL LTDA;04214425000154;63881924131;AV SETE SETEMBRO;852;;69005140;CENTRO;MANAUS;AM;dgjohnny@gmail.com;PINGHU SHI XIAOTIANDI CHILDREN''S PRODUCTS FACTORY;Andadores Infantis;Portaria Inmetro nº 129 de 19/03/2021;;IN2087524;;;S;China, República Popular;BABY SPORTS;ANDADOR JASSUMAL - BS104 - AZUL CLARO E ESCURO-BS104A/ROSA CLARO E ESCURO-BS104R/VERMELHO E PRETO-BS104VP/ROXO E ROSA ESCURO-BS104RR;MAT.:PP,FERRO E POLIÉSTER/DIM.:63X57X53CM/SIST.TRAVA.:LIBERAÇÃO EM DUAS AÇÕES CONSECUTIVAS/SIST.MONT.FERRA.:MANUAL(SEM FERRAMENTA)/ACESSÓRIOS:N/A/CARACTERISTICAS DO MODELO: ANDADOR COM BRINQUEDO;6901041000155;Incluido;07/03/2024
159342/1988;Ativo;;05/08/2021;;;GALZERANO INDUSTRIA DE CARRINHOS E BERCOS LTDA;43594977000197;19999947357;Via Prefeito Jurandyr Paixão;700;;13481149;Jd. Campo Belo;Limeira;SP;luisfernando.camargo@galzerano.com.br;GALZERANO INDUSTRIA DE CARRINHOS E BERCOS LTDA;Andadores Infantis;Portaria Inmetro nº 129 de 19/03/2021;;CE-AND/IQB 000006 54618/21-001;;;N;Brasil;GALZERANO;Ref.: 4050-Andador Torino. Versões: 4050PTR (Preto Rosa), 4050PTT (Preto Terracota);Mat Tec poliest Espum PP PA6 Master Tint Tub aço Itens fix/aviam CxLxA(cm) 71x62,5x51,5 Trav Trilh plást c/ botão destrav e reg alt Acess Band brinq não remove retrov Caract Tec Pçs plást Tint Ferrage;7908200102193|7908200102209;Excluido;01/09/2021
784408/1983;Ativo;;07/02/2022;;;TUTTI BABY INDUSTRIA E COMERCIO DE ARTIGOS INFANTIS LTDA;06981862000129;4733794000;Rod. Guilherme Jensen, SC413, km13;0;;89108000;Distrito Industrial;Massaranduba;SC;certificacao@tuttibaby.com.br;TUTTI BABY INDUSTRIA E COMERCIO DE ARTIGOS INFANTIS LTDA;Andadores Infantis;Portaria Inmetro nº 129 de 19/03/2021;;IN2869325;Modelo 5;;N;Brasil;TUTTI BABY;ANDADOR SAFARI II-ANDADOR 40.002-40002003/40002004/40002007/40003004/40004002/40004003;MAT:PP/ALGODAO/DIM:51X61X70CM/SIS_TRAV:DOIS DISPOS DE TRAV IND. OPER. SIMULTÂNEAMENTE/SIS_MONT/FERRG:REBITES,PARAF,ENCAIXE DE PÇS PLAST/ACESS:BAND. C/ BRINQ/CARAC. DO MOD.:ANDADOR C/ BRINQ NA BAND;7898431501615|7898431501622|7898431501639|7898431501684|7898431501691|7898431501707;Incluido;27/02/2026
001224/1937;Ativo;;14/08/2019;;;BAMBOO COMERCIO, IMPORTAÇÃO E EXPORTAÇÃO EIRELI-EPP;27115224000103;8132419265;Rua. Alegre;154;Galpão A;52120125;Arruda;Recife;PE;bamboo@yescert.com.br;ZHEJIANG KINTEX INTERNATIONAL TRADING CO., LTD;Andadores Infantis;Portaria Inmetro nº 129 de 19/03/2021;;IN1632922;;;S;China, República Popular;BAMBOO;NOME FANTASIA: ANDAJAR GUGU MODELO: MD-18 CORES: VERDE;PLÁSTICO, METAL E FIBRA TÊXTIL,520 x 560 x 620 mm,MANUAL,MANUAL,BANDEJA, VOLANTE DO PUXADOR.;7909312341029;Excluido;22/07/2022
823019/2020;Ativo;;19/02/2026;;;RGM  COMERCIO E SERVICOS LTDA;18007664000148;11996294240;Avenida Angélica;511;Cj. 904;01227100;Santa Cecilia;São Paulo;SP;papush@uol.com.br;PINGHU XIAOTIANDI CHILDREN?S PRODUCTS FACTORY;Andadores Infantis;Portaria Inmetro nº 129 de 19/03/2021;;IN2911726;Modelo 5;;S;China, República Popular;RGM;ANDADOR DREUX - R602 - AVIÃO - AVIAO;MAT:PP,FERRO E POLIÉ./DIM:70X62.5X51 CM/SIST.DE TRAV.:LIB.EM DUAS AÇÕES CONSECU./SIST.DE MONT.E FERR.:MANUAL (SEM FERRAMENTA)/ACESS:BANDEJA MUSICAL/CARACT.DO MODELO:ANDADOR COM BANDEJA MUSICAL;7898926505616;Incluido;19/02/2026
453346/2014;Ativo;;07/03/2024;;;JASSUMAL LTDA;04214425000154;63881924131;AV SETE SETEMBRO;852;;69005140;CENTRO;MANAUS;AM;dgjohnny@gmail.com;PINGHU SHI XIAOTIANDI CHILDREN''S PRODUCTS FACTORY;Andadores Infantis;Portaria Inmetro nº 129 de 19/03/2021;;IN2087524;;;S;China, República Popular;BABY SPORTS;ANDADOR JASSUMAL - BS104 - AZUL CLARO E ESCURO-BS104A/ROSA CLARO E ESCURO-BS104R/VERMELHO E PRETO-BS104VP/ROXO E ROSA ESCURO-BS104RR;MAT.:PP,FERRO E POLIÉSTER/DIM.:63X57X53CM/SIST.TRAVA.:LIBERAÇÃO EM DUAS AÇÕES CONSECUTIVAS/SIST.MONT.FERRA.:MANUAL(SEM FERRAMENTA)/ACESSÓRIOS:N/A/CARACTERISTICAS DO MODELO: ANDADOR COM BRINQUEDO;6901041000155;Incluido;07/03/2024
016284/1961;Ativo;;29/04/2024;;;TAPUZIM COMERCIAL LTDA;00513418000100;1138569063;Av. Monte Celeste;230;250;02561000;Vila S. Maria;São Paulo;SP;sergio@babystylebrasil.com.br;SHEN ZHEN WEI MEI CHILDCARE PRODUCT LIMITED COMPANY;Andadores Infantis;Portaria Inmetro nº 129 de 19/03/2021;;IN2118124-1;;;S;China, República Popular;Baby Style;ANDADOR SMART - SMART AZUL E SMART ROSA;PP,62 X 53 X 78CM,LIBERAÇÃO EM DUAS AÇÕES CONSECUTIVAS,MANUAL (SEM FERRAMENTA),ACESSÓRIOS:N/A/CARAC MODELO:ANDADOR C BRINQUEDO NA BANDEJA;4079337307416|4079337313325;Incluido;29/04/2024
747361/1940;Ativo;;14/08/2019;;;BAMBOO COMERCIO, IMPORTAÇÃO E EXPORTAÇÃO EIRELI-EPP;27115224000103;8132419265;Rua. Alegre;154;Galpão A;52120125;Arruda;Recife;PE;bamboo@yescert.com.br;ZHEJIANG KINTEX INTERNATIONAL TRADING CO., LTD;Andadores Infantis;Portaria Inmetro nº 129 de 19/03/2021;;IN1632922;;;S;China, República Popular;BAMBOO;MODELO:MD-18NOME COMERCIAL:ANDAJAR GUGUVERSÕES: Azul (Ref.: MD18.1)Rosa (Ref.: MD18.2)Verde (Ref.: MD18.3)Vermelho (Ref.: MD18.4);Mat: PLAST / MET/FIB TEXTIL,DIM:ABRT:62X56X52CM,FECH:62X56X16,SIST TRAV:LIBER EM 2 ACOES CONSEC,SIST MONT FERRAG: MANUAL(S/FERRAMENTA),ACESS:BANDEJ C/BRINQ E HAST C/PUXADOR;7909312341029;Incluido;22/07/2022
090668/2005;Inativo;;07/10/2019;;;Galzerano Indústria de Carrinhos e Berços Ltda;43594977000197;1934043030;Via Prefeito Jurandyr Paixão;700;;13481149;Jd. Campo Belo;Limeira;SP;luisfernando.camargo@galzerano.com.br;GUANGDONG ZHIHUI CHILDREN?S PRODUCTS CO.,LTD;Andadores Infantis;Portaria Inmetro nº 42 de 19/01/2018;;CE-AND/IQB 000006 53503/20-001;;;S;China, República Popular;GALZERANO;Andador de bebê Magic - Versão: Cinza (CZ), Preto (PT);Mat Tec poli Espum Resin plást Tint Ferrag 70Cx65Lx54A cm Travam trilho plást com botão de destrav e regul alt Mont/frenag manual Andador com pçs girat e cores diversas Acess Bandej Brinq não removív.;7898089221590|7898089222283;Incluido;07/10/2019
897380/1963;Inativo;;14/08/2019;;;Companhia Dorel Brasil Produtos Infantis;10659948000107;2135633602;Av. Nilo Peçanha;1516 /1582;Térreo;28030035;Pq dos Rodoviários;Campos dos Goytacaze;RJ;mariana.magalhaes@dorel.com.br;JIN SUN GEE PLASTIC CO.,LTD;Andadores Infantis;Portaria Inmetro nº 42 de 19/01/2018;;OCAN-AND.145/19-4;;;S;Formosa (Taiwan);Voyage;BG1401;Nome Fantasia: Buggy. Cores: Rosa e Azul. Material: Ferro, plástico, PP e PU. 42 x 58.5 x 65 cm. Sistema de Travamento e Montagem: Manual. Acessórios: Bandeja;7898509475206|7898509475213;Incluido;14/08/2019
979874/1935;Ativo;;29/01/2025;;;HCM INDUSTRIA E IMPORTACAO LTDA;12538691000160;3798753533;RUA SERGIPE ;1963;;35591096;SANTA ALEXANDRINA;LAGOA DA PRATA;MG;compras@hcmmalta.com.br;HCM INDUSTRIA E IMPORTACAO LTDA;Andadores Infantis;Portaria Inmetro nº 129 de 19/03/2021;;IN2431224-1;;;N;Brasil;JUMBO BABY;ANDADOR MUSICAL SUPERLUXO JUMBO BABY/Acessórios:Assento,Empurrador,Painel Musical/Caracteristicas do modelo:Andador com brinquedo na bandeja/Versões:AZUL,ROSA,VERMELHO,LARANJA;Mat:POLIPROPILENO (PP)/ACO CARBONO(FERRAGENS)/TECIDO(POLIÉSTER)/Dim:69,5X58,5X14,5/Sist de Trav:Liberação em duas ações consecutivas/Sist de Mont e Fer:Manual(sem ferramenta);7898947715025|7898947715032|7898947715049|7898947715056;Incluido;29/01/2025
597399/2019;Inativo;;23/05/2025;;;MD COMERCIO DE FERRAGENS LTDA;55274701000100;92981285408;AVENIDA JOAQUIM NABUCO;1094;A;69020030;Centro;Manaus;AM;mdcomerciodeferragensltda@gmail.com;Xingtai Pandelo Technology Co.,Ltd;Andadores Infantis;Portaria Inmetro nº 129 de 19/03/2021;;IN2611025;Modelo 5;;S;China, República Popular;ULTRA BABY;REF: UBW-801H - ANDADOR INFANTIL MUSICAL PARA BEBÊ - BABY PINK / BARBIE PINK, RED / WHITE, ROYAL BLUE / ORANGE / WHITE, GREEN / WHITE;MAT:PP,FERRO E POLIÉSTER/DIM:68X59X52CM/SIS_TRAV:LIBERAÇÃO EM 2 AÇÕES CONSECUTIVAS/SIS_MONTAGEM_E_FERRAGEM:MANUAL(SEM FERRAMENTA)/ACESSÓRIOS: N/A/CARACTERISTICAS_MODELO:ANDADOR COM BRINQUEDO ACOPLADO;7890012361007|7890012361113|7890012368082|7890012369096;Incluido;23/05/2025
521451/1981;Ativo;;07/03/2024;;;COMPANHIA DOREL BRASIL PRODUTOS INFANTIS;10659948000107;2135547024;Av. Nilo Peçanha;1516;1582;28030035;Pq dos Rodoviários;Campos dos Goytacaze;RJ;standard@dorel.com.br;COMPANHIA DOREL BRASIL PRODUTOS INFANTIS;Andadores Infantis;Portaria Inmetro nº 129 de 19/03/2021;;IN2040823;Modelo 5;;N;Brasil;Infanti;APPIA - HE022 - AZUL/ROSA - MAT.:PP, POLIÉSTER,PTA, EG, POLIPROPILENO E POLIETILENO.DIMENSÕES:56,5X68X60,5CM/;SIST. DE TRAVAMENTO: LIBERAÇÃO EM 2 AÇÕES CONSECUTIVAS/SIST. DE MONTAGEM E FERRAGEM: MANUAL (S/ FERRAMENTAS)/ACES.: BANDEJA DE BRINQUEDOS/ANDADOR COM BRINQUEDO;7908238809774|7908238809781;Excluido;10/04/2026
784408/1983;Ativo;;22/11/2023;;;JASSUMAL LTDA;04214425000154;62811924131;AV SETE SETEMBRO;852;;69005140;CENTRO;MANAUS;AM;dgjohnny@gmail.com;PINGHU SHI XIAOTIANDI CHILDREN?S PRODUCTS FACTORY;Andadores Infantis;Portaria Inmetro nº 129 de 19/03/2021;;IN1984323;;;S;China, República Popular;BABY SPORTS;ANDADOR JASSUMAL /REF: BS103 /VERSÕES:Azul Claro e Escuro - BS103A/Rosa Claro e Escuro - BS103R/Roxo e Rosa Escuro - BS103RR;MATERIAL:PP, FERRO E POLIÉSTER|DIMENSÕES:63 X 57 X 53 CM|SISTEMA DE TRAVAMENTO:LIBERAÇÃO EM DUAS AÇÕES CONSECUTIVAS|SISTEMA DE MONTAGEM E FERRAGEM:MANUAL (SEM FERRAMENTA)|ACESSÓRIOS:N/A|CARACTERISTICA;6901041000155;Incluido;22/11/2023
363970/1948;Inativo;;12/01/2023;;;COMPANHIA DOREL BRASIL PRODUTOS INFANTIS;10659948000883;2135547024;Av. Nilo Peçanha;1516 ;Galpão 3 ;28030035;Pq dos Rodoviários;Campos dos Goytacaze;RJ;standard@dorel.com.br;Jin Sun Gee Plastics Co., Ltd;Andadores Infantis;Portaria Inmetro nº 129 de 19/03/2021;;IN1701622-3;;;S;Formosa (Taiwan);Safety 1st;HE001. Nome comercial: Spacewalker 3 em 1. Versões: Grey, Orange.;PP,Ferro,Aço,ABS,PVC,POM,TPR,MB475,Pol,65.5x50x71.5cm.Trav:Lib.2ações cons.,Mont:Manual.Aces.Brinq.;7908238803932|7908238803949;Incluido;12/01/2023
171598/1983;Ativo;;06/03/2023;;;BURIGOTTO S A INDUSTRIA E COMERCIO;51460277000138;1934464813;Rua Martino Dragone;280;;13480308;Jardim Santa Barbara;Liemira;SP;alison.smanioto@burigotto.com;JIN SUN GEE PLASTICS CO., LTD;Andadores Infantis;Portaria Inmetro nº 129 de 19/03/2021;;CE-AND/IQB 000004 55573/23-001;Modelo 5;;S;Formosa (Taiwan);BURIGOTTO;ANDADOR OLÉ CL (REF.COM.  IXAN5143CL);PP, AÇO, TECIDO / 590 X 690 X 550 MM / TRILHO PLÁSTICO COM BOTÃO DE TRAVA/DESTRAVA E REGULAGEM DE ALTURA / REBITES, PARAFUSOS E ENCAIXE DE PEÇAS PLÁSTICAS / BANDEJA COM 2 BRINQUEDOS DE PP E NYLON;7896502944248;Excluido;29/04/2026
947252/2017;Inativo;;30/09/2019;;;Tutti Baby Indústria e Comércio de Artigos Infantis Ltda;06981862000129;4733794000;Rod. Guilherme Jensen;s/n;Galpão 01;89108000;Distrito Industrial;Massaranduba;SC;qualidade@tuttibaby.com.br;;Andadores Infantis;Portaria Inmetro nº 42 de 19/01/2018;;CE-AND/IQB 000005 53137/19-001;;;N; ;Tutti Baby;Andador 02003;Material: Estrut. metálica de aço tub, plást. de engenharia, algodão. Dim: 52cmx60cmx70,5cm, sist.de trav: com duas ações consecutivas para liber, sist. de mont.ferrag: rebites e parafusos, aces: brin;17898431495966|17898431495980|17898431496000|17898431496024|17898431500660|17898431500677|17898431500684|7898431495952|7898431495969|7898431495976|7898431495983|7898431495990|7898431496006|7898431496010|7898431496027|7898431500601|7898431500618|7898431500625|7898431500632|7898431500649|7898431500656;Incluido;30/09/2019
439884/1985;Ativo;;13/04/2026;;;VG SHOP COMERCIO ON LINE LTDA;16857384000365;1149690505;RUA PROJETADA SN KM 15 NUCLEO AGUA COMPRIDA;0;KM 15;37600000;AGUA COMPRIDA;CAMBUI;MG;gilson@vgshop.com.br;YONGXING SPORTS LIMITED;Andadores Infantis;Portaria Inmetro nº 129 de 19/03/2021;;IN2982826;Modelo 5;;S;China, República Popular;MULTMAXX;Desig. Com. andador infantil com empurrador Cod. Ref. MTX150 / MTX151 Quant. (aplic. para mod. 1b) n/a Mat: poliéster, abs, pp e borracha Dim. 76x65x65cm Sis. Trav. dois dispositivos independentes sendo operador simultaneamente;Sis. de Mont. e Ferragem: manual (com ferramenta) acess: N/A Car.do mod: andador ccom empurrador e brinquedo musical Vers. MTX150 cinza MTX151 rosa;7898758400394|7898758400400;Incluido;13/04/2026
041365/1967;Ativo;;05/08/2021;;;GALZERANO INDUSTRIA DE CARRINHOS E BERCOS LTDA;43594977000197;19999947357;Via Prefeito Jurandyr Paixão;700;;13481149;Jd. Campo Belo;Limeira;SP;luisfernando.camargo@galzerano.com.br;GALZERANO INDUSTRIA DE CARRINHOS E BERCOS LTDA;Andadores Infantis;Portaria Inmetro nº 129 de 19/03/2021;;CE-AND/IQB 000006 54618/21-001;;;N;Brasil;GALZERANO;Ref.: 4050-Andador Torino. Versões: 4050RO (Rosa), 4050TER (Terracota);Mat Tec poliest TNT Espum PP PA6 Master Tint Tub aço Item fix/aviam CxLxA(cm) 71x62,5x51,5 Trav Trilh plást c/ botão destrav e reg alt Acess Band brinq não remov retrov Carac Tec Pçs plást Tint Ferrag;7908200102247|7908200102254;Excluido;11/05/2022
335369/1993;Inativo;;12/01/2023;;;COMPANHIA DOREL BRASIL PRODUTOS INFANTIS;10659948000883;2135547024;Av. Nilo Peçanha;1516 ;Galpão 3 ;28030035;Pq dos Rodoviários;Campos dos Goytacaze;RJ;standard@dorel.com.br;Jin Sun Gee Plastics Co., Ltd;Andadores Infantis;Portaria Inmetro nº 129 de 19/03/2021;;IN1701622-3;;;S;Formosa (Taiwan);Safety 1st;HE001. Nome comercial: Spacewalker 3 em 1. Versões: Grey, Orange.;PP,Ferro,Aço,ABS,PVC,POM,TPR,MB475,Pol,65.5x50x71.5cm.Trav:Lib.2ações cons.,Mont:Manual.Aces.Brinq.;7908238803932|7908238803949;Incluido;12/01/2023
629373/2019;Inativo;;19/06/2023;;;VANMAX COMERCIO LTDA;84114198000124;9231337050;RUA CEL SERGIO PESSOA;91;;69005030;CENTRO;MANAUS;AM;GERENTEDEVENDAS@VANMAX.COM.BR;PINGHU SHI XIAOTIANDI CHILDREN´S PRODUCTS FACTORY;Andadores Infantis;Portaria Inmetro nº 129 de 19/03/2021;;IN1811123;;;S;China, República Popular;BRINKMAX;997A/ NOME COMERCIAL: ANDAJÁ/VERSÕES: AZUL - 582597/ROSA - 582596/VERMELHO - 582598/VERMELHO/BRANCO - 582599 - MAT.: FERRO,POLIPROPILENO E POLIÉSTER/DIM.:67X57X54CM;SIST.DE TRAVA.:LIBERAÇÃO EM DUAS AÇÕES CONSECUTIVAS/SIST.DE MONT.E FERR.MAN.(SEM FERRAMENTA)/ACESSÓRIOS: BRINQUEDO/CARACTERISTICAS DO MODELO: ANDADOR INFANTIL COM BRINQUEDO ACOPLADO;7890785825966|7890785825973|7890785825980|7890785825997;Incluido;19/06/2023
827711/2002;Ativo;;29/01/2025;;;HCM INDUSTRIA E IMPORTACAO LTDA;12538691000160;3798753533;RUA SERGIPE ;1963;;35591096;SANTA ALEXANDRINA;LAGOA DA PRATA;MG;compras@hcmmalta.com.br;HCM INDUSTRIA E IMPORTACAO LTDA;Andadores Infantis;Portaria Inmetro nº 129 de 19/03/2021;;IN2431224-1;;;N;Brasil;JUMBO BABY;ANDADOR MUSICAL SUPERLUXO JUMBO BABY/Acessórios:Assento,Empurrador,Painel Musical/Caracteristicas do modelo:Andador com brinquedo na bandeja/Versões:AZUL,ROSA,VERMELHO,LARANJA;Mat:POLIPROPILENO (PP)/ACO CARBONO(FERRAGENS)/TECIDO(POLIÉSTER)/Dim:69,5X58,5X14,5/Sist de Trav:Liberação em duas ações consecutivas/Sist de Mont e Fer:Manual(sem ferramenta);7898947715025|7898947715032|7898947715049|7898947715056;Incluido;29/01/2025
923388/1945;Ativo;;03/04/2023;;;PLANETA - IMPORTACAO E DISTRIBUICAO DE BRINQUEDOS LTDA;13434272000141;1138951572;AV VASCO MASSAFELI;1000;G1A M1-21;06703600;JARDIM MARIA TEREZA;COTIA;SP;admin@planetadobebe.com.br;HEBEI WANXIN CHILDREN TOYS CO.,LTD.;Andadores Infantis;Portaria Inmetro nº 129 de 19/03/2021;;IN1765923;Modelo 5;;S;China, República Popular;MAXI BABY;NW-01 - ANDADOR LA BAMBA  / (...) COM BRINQUEDOS/CAR MOD:AND COM BRINQUEDO(BANDEJA MUSICAL);MAT:PP E PARTES EM ABS, AÇO DE ALTO CARB RODA ELASTÔMERO TERMOPLÁSTICO, PVC/DIM:580X680X550(LXCXH)/SIS TRA:LIBERAÇÃO EM DUAS AÇÕES CONSECUTIVAS SIS DE MON E FER:MANUAL(S/ FERRAMENTA)/ACE:BANDEJA (...);7899403215370|7899403215387;Excluido;28/02/2025
913367/1963;Ativo;;07/02/2022;;;TUTTI BABY INDUSTRIA E COMERCIO DE ARTIGOS INFANTIS LTDA;06981862000129;4733794000;Rod. Guilherme Jensen, SC413, km13;0;;89108000;Distrito Industrial;Massaranduba;SC;certificacao@tuttibaby.com.br;TUTTI BABY INDUSTRIA E COMERCIO DE ARTIGOS INFANTIS LTDA;Andadores Infantis;Portaria Inmetro nº 129 de 19/03/2021;;IN2869325;Modelo 5;;N;Brasil;TUTTI BABY;DESIGNAÇÃO COMERC SAFARI II (AZUL/ROSA/VERMELHO),PRINCESA ROSA COROA,ACQUA,EXPLORADOR (CINZA/ ROXO) CÓD D REF COMERC:ANDAD 40.002/40002003/40002004/40002007/40003004/40004002/40004003 CARACT DO MODELO:ANDADOR C BRINQUEDO;MAT:ESTRUTURA METALICA - AÇO TUBULAR/DIM:48X60,5X70CM/SIST DE TRAVA:LIBERAÇ EM 2AÇÕES CONSECUT/SIST DE MONTAGEM E FERRAGEM:PARAFUSOS E REBITES/ACESSÓ:BRINQUEDOS E ADESIVOS;7898431501615|7898431501622|7898431501639|7898431501684|7898431501691|7898431501707;Excluido;10/12/2025
217392/1972;Ativo;;03/04/2023;;;PLANETA - IMPORTACAO E DISTRIBUICAO DE BRINQUEDOS LTDA;13434272000141;1138951572;AV VASCO MASSAFELI;1000;G1A M1-21;06703600;JARDIM MARIA TEREZA;COTIA;SP;admin@planetadobebe.com.br;HEBEI WANXIN CHILDREN TOYS CO.,LTD.;Andadores Infantis;Portaria Inmetro nº 129 de 19/03/2021;;IN1765923;Modelo 5;;S;China, República Popular;MAXI BABY;NW-01 - ANDADOR LA BAMBA  / (...) COM BRINQUEDOS/CAR MOD:AND COM BRINQUEDO(BANDEJA MUSICAL);MAT:PP E PARTES EM ABS, AÇO DE ALTO CARB RODA ELASTÔMERO TERMOPLÁSTICO, PVC/DIM:580X680X550(LXCXH)/SIS TRA:LIBERAÇÃO EM DUAS AÇÕES CONSECUTIVAS SIS DE MON E FER:MANUAL(S/ FERRAMENTA)/ACE:BANDEJA (...);7899403215370|7899403215387;Excluido;28/02/2025
386236/2025;Ativo;;09/09/2026;;;TUTTI BABY INDUSTRIA E COMERCIO DE ARTIGOS INFANTIS LTDA;06981862000129;4733794000;Rua Vicente Zanotti;177;Galpão 01;89381270;Industrial Zaferino ;Massaranduba;SC;heloiza.souza@tuttibaby.com.br;TUTTI BABY INDUSTRIA E COMERCIO DE ARTIGOS INFANTIS LTDA;Andadores Infantis;Portaria Inmetro nº 129 de 19/03/2021;;CE-AND/IQB 000013 57036/26-001;Modelo 5;;N;Brasil;TUTTI BABY;ANDADOR SAFARI - REF. 40002003,40002004,40002007,40003004,40004002,40004003;ESTRU.MET.:ACO TUBULAR,BRINQ:PLAST. DE ENG.,REVEST. TEXTIL:ALGODAO/51X61X70 CM/DOIS DISP. DE TRAV. INDEPENDENTES SENDO OPERADOS SIMULT./PARAFUSOS E MONT. DE PÇS PLAST./BRINQ. CERTIF.E ADESIVO-57036/26;7898431501615|7898431501622|7898431501639|7898431501684|7898431501691|7898431501707;Incluido;09/09/2026
246306/1986;Ativo;;03/04/2023;;;PLANETA - IMPORTACAO E DISTRIBUICAO DE BRINQUEDOS LTDA;13434272000141;1138951572;AV VASCO MASSAFELI;1000;G1A M1-21;06703600;JARDIM MARIA TEREZA;COTIA;SP;admin@planetadobebe.com.br;HEBEI WANXIN CHILDREN TOYS CO.,LTD.;Andadores Infantis;Portaria Inmetro nº 129 de 19/03/2021;;IN1765923;Modelo 5;;S;China, República Popular;MAXI BABY;ANDADOR LA BAMBA - NW-01 - AZUL #21537/ROSA #21538/VERMELHO #75268;MAT: PP E PAR. ABS, AÇO DE ALT. CARB.-RODA ELAST. TERM.,PVC/DIM:580X680X550(LXCXH)/SIS_TRAV:LIBE.EMDUAS AÇÕES CONS./SIS_MONT E FER:MAN.(S/FER.)/ACES:BAND C BRINQ./CARAC.DO MOD:ANDADOR C BRI.(BAD. MUS.;7898975752689|7899403215370|7899403215387;Excluido;18/03/2026
577010/1995;Ativo;;07/02/2022;;;TUTTI BABY INDUSTRIA E COMERCIO DE ARTIGOS INFANTIS LTDA;06981862000129;4733794000;Rod. Guilherme Jensen, SC413, km13;0;;89108000;Distrito Industrial;Massaranduba;SC;certificacao@tuttibaby.com.br;TUTTI BABY INDUSTRIA E COMERCIO DE ARTIGOS INFANTIS LTDA;Andadores Infantis;Portaria Inmetro nº 129 de 19/03/2021;;IN2869325;Modelo 5;;N;Brasil;Tutti Baby;Andador Safari II Azul/Rosa/Vermelho/Andador Princesa Rosa Coroa/Andador Acqua Explorador Cinza/Roxo;ESTRUT. MET.AÇO.TUBULAR/48x60,5x70CM/SIST.DE TRAV. COM.DUAS.AÇÕES.CONSECUT.PARA.LIBER./PARAFUSOS.E. REBITES/BRINQUEDOS.E.ADESIVOS;7898431501615|7898431501622|7898431501639|7898431501684|7898431501691|7898431501707;Excluido;12/01/2024
335369/1993;Ativo;;05/08/2021;;;GALZERANO INDUSTRIA DE CARRINHOS E BERCOS LTDA;43594977000197;19999947357;Via Prefeito Jurandyr Paixão;700;;13481149;Jd. Campo Belo;Limeira;SP;luisfernando.camargo@galzerano.com.br;GALZERANO INDUSTRIA DE CARRINHOS E BERCOS LTDA;Andadores Infantis;Portaria Inmetro nº 129 de 19/03/2021;;CE-AND/IQB 000006 54618/21-001;;;N;Brasil;GALZERANO;Ref.: 4050-Andador Torino. Versões: 4050RO (Rosa), 4050TER (Terracota);Mat Tec poliest TNT Espum PP PA6 Master Tint Tub aço Item fix/aviam CxLxA(cm) 71x62,5x51,5 Trav Trilh plást c/ botão destrav e reg alt Acess Band brinq não remov retrov Carac Tec Pçs plást Tint Ferrag;7908200102247|7908200102254;Excluido;11/05/2022
715387/1940;Ativo;;30/08/2021;;;TA TE TI INDUSTRIA E COMERCIO DE BRINQUEDOS EDUCATIVOS LTDA;30261120000103;4732422225;RUA TIRADENTES;230;;89107000;CENTRO;POMERODE;SC;qualidade3@grupocalesita.com.br;TA TE TI INDUSTRIA E COMERCIO DE BRINQUEDOS EDUCATIVOS LTDA;Andadores Infantis;Portaria Inmetro nº 129 de 19/03/2021;;CE-AND/IQB 000010 55962/23-001;Modelo 5;;N;Brasil;Tateti;Ref.914 - Move Baby;PP, METAL, TECIDO POLIESTER. DIMENSAO: 70,20X59,83X49,12CM. SIST. TRAVAMENTO:FREIO DIANTEIRO E TRASEIRO. SIST DE MONTAGEM: MANUAL/PARAFUSOS PP. ACESSORIOS:BANDEJA DE BRINQUEDOS;7898664632230;Incluido;02/03/2026
511396/1998;Ativo;;19/06/2023;;;KCARVALHUS COMERCIO E SERVICOS EIRELI;24633386000137;1143798430;Rua Poeta João Cabral De Melo Neto,  Santa Maria - Osasco - SP;77;;06147020; Santa Maria ;Osasco ;SP;carlos.carvalho@kkbebe.com.br;PINGHU SHI XIAOTIANDI CHILDREN?S PRODUCTS FACTORY;Andadores Infantis;Portaria Inmetro nº 129 de 19/03/2021;;IN1823223;;;S;China, República Popular;KK bebê;ANDADOR INFANTIL PASSINHO FORTE / AZUL /ROSA , MATERIAL:PP,FERRO E POLIÉSTER/DIMENSÕES:63X57X53CM;SISTEMA DE TRAVAMENTO:LIBERAÇÃO EM DUAS AÇÕES CONSECUTIVAS/SISTEMA DE MONTAGEM E FERRAGEM: MANUAL (SEM FERRAMENTA)/ACESSÓRIOS:BRINQUEDOS/CARACTERISTICAS DO MODELO: ANDADOR COM BRINQUEDO FIXO ACOPLADO;7898711750108|7898711750115;Incluido;19/06/2023
804484/1948;Ativo;;07/03/2024;;;JASSUMAL LTDA;04214425000154;63881924131;AV SETE SETEMBRO;852;;69005140;CENTRO;MANAUS;AM;dgjohnny@gmail.com;PINGHU SHI XIAOTIANDI CHILDREN''S PRODUCTS FACTORY;Andadores Infantis;Portaria Inmetro nº 129 de 19/03/2021;;IN2087524;;;S;China, República Popular;BABY SPORTS;ANDADOR JASSUMAL - BS104 - AZUL CLARO E ESCURO-BS104A/ROSA CLARO E ESCURO-BS104R/VERMELHO E PRETO-BS104VP/ROXO E ROSA ESCURO-BS104RR;MAT.:PP,FERRO E POLIÉSTER/DIM.:63X57X53CM/SIST.TRAVA.:LIBERAÇÃO EM DUAS AÇÕES CONSECUTIVAS/SIST.MONT.FERRA.:MANUAL(SEM FERRAMENTA)/ACESSÓRIOS:N/A/CARACTERISTICAS DO MODELO: ANDADOR COM BRINQUEDO;6901041000155;Incluido;07/03/2024
658577/1991;Inativo;;11/11/2022;;;COMPANHIA DOREL BRASIL PRODUTOS INFANTIS;10659948000883;2135547024;Av. Nilo Peçanha;1516 ;Galpão 3 ;28030035;Pq dos Rodoviários;Campos dos Goytacaze;RJ;standard@dorel.com.br;Jin Sun Gee Plastics Co., Ltd;Andadores Infantis;Portaria Inmetro nº 129 de 19/03/2021;;IN1701622-2;;;S;Formosa (Taiwan);Voyage;BG-1518. Nome comercial: Baby Step. Versões: Rosa e Azul.;Ferro,PP e poliéster. 60x49x68cm.Trav:Lib.2 ações consec.,Mont:Encaixe. Aces:Brinquedos;7908238801280|7908238801297;Incluido;11/11/2022
350787/1977;Ativo;;06/09/2024;;;TUTTI BABY INDUSTRIA E COMERCIO DE ARTIGOS INFANTIS LTDA;06981862000129;4733794000;Rod. Guilherme Jensen, SC413, km13;0;Galpão 01;89108000;Distrito Industrial;Massaranduba;SC;certificacao@tuttibaby.com.br;TUTTI BABY INDUSTRIA E COMERCIO DE ARTIGOS INFANTIS LTDA;Andadores Infantis;Portaria Inmetro nº 129 de 19/03/2021;;IN2321524;;;N;Brasil;TUTTI BABY;ANDADOR COMFORT/REF.ANDADOR COMFORT 40.005/40005004/40005003/40005011/40005028/40005007/40005010/40005006/40005029;MAT:PLAST.ENG/ALGODÃO/DIMEN:48X60,5X70CM/SIST.DE TRAV:DOIS DISP.DE TRAV.INDEP.SENDO OP.SIMUL/SIST.DE MONT.FERR:OUTROS:PARAF,MONT.PEÇAS PLAST./ACESS:BANDEIJA C/ BRINQ/CARAC.DO MOD:ANDADOR C/BRINQUEDO;7898431502063|7898431502070|7898431502087|7898431502094|7898431502100|7898431502117|7898431502124|7898431502131;Incluido;06/09/2024
805400/2024;Inativo;;11/01/2023;;;COMPANHIA DOREL BRASIL PRODUTOS INFANTIS;10659948000883;2135547024;Av. Nilo Peçanha;1516 ;Galpão 3 ;28030035;Pq dos Rodoviários;Campos dos Goytacaze;RJ;standard@dorel.com.br;Jin Sun Gee Plastics Co., Ltd;Andadores Infantis;Portaria Inmetro nº 129 de 19/03/2021;;IN1701622-4;;;S;Formosa (Taiwan);Voyage;BG1401. Nome comercial: Buggy. Versões: Azul, Rosa.;PP,PVC,Ferro,POM,PU,Pol, 42x58.5x65cm. Trav:Lib.2 ações cons,Mont:Manual, Aces. Brinq.;7898509475206|7898509475213;Incluido;11/01/2023
475054/1975;Ativo;;30/06/2026;;;MARKETGOOL TRADING IMPORTACAO E EXPORTACAO LTDA;18787076000174;11947652325;ROD RODOLFO JAHN;326;ANEXO 92;89237680; VILA NOVA;JOINVILLE;SC;alexandre.morroni@hotmail.com;PINGHU XIAOTIANDI CHILDREN''S PRODUCTS FACTORY;Andadores Infantis;Portaria Inmetro nº 129 de 19/03/2021;;IN3048926;Modelo 5;;S;China, República Popular;MARKETGOOL;Designação Comercial: Andador Marketgool / Código de referência comercial / MKG-010 / ROSA;Mat: PP, FERRO E POLIÉSTER / Dim: 65X55X45 CM/ SIST DE TRAV: Liberação em duas ações consecutivas/ Acess: Brinquedo do andador/ Caract do mod: Andador com Brinquedo;0070341132777;Incluido;30/06/2026
099415/1951;Ativo;;15/12/2023;;;MADHULA COMERCIO DE ARTIGOS ELETROELETRONICOS LTDA;03838532000190;62811924131;Rua Marcilio Dias;166;;69005270;Centro;Manaus;AM;dgjohnny@gmail.com;PINGHU SHI XIAOTIANDI CHILDREN''S PRODUCTS FACTORY;Andadores Infantis;Portaria Inmetro nº 129 de 19/03/2021;;IN1983523;;;S;China, República Popular;BENMEK;ANDADOR MADHULA/REF.: MA100/VERSÕES:Verde e Azul - MA100VA,Rosa e Roxo - MA100RR,Branco e Azul Escuro - MA100BAE,Amarelo e Vermelho - MA100AV;MAT:PP, FERRO E POLIÉSTER/DIMEN.:63 X 57 X 53 CM/SIST. TRAVAMENTO:Liberação em duas ações consecutivas/SIST. MONTAGEM E FERRAGEM:MANUAL(SEM FERRAMENTA)/ACESS.:n/a/CARACTERÍSTICAS: ANDADOR COM BRINQUED;6901031000158;Incluido;15/12/2023
944772/1947;Ativo;;01/12/2021;;;HEMNANI COMERCIO DE VARIEDADES LTDA.;05469291000185;1124143633;Rua Marcílio Dias;304;N/A;69005270;Centro;Manaus;AM;papush@uol.com.br;China Zhejiang Techincal Co. Ltd;Andadores Infantis;Portaria Inmetro nº 42 de 19/01/2018;;OCAN-AND.189/21-1;;;S;China, República Popular;SITA;AKH602;Material: PP, Ferro e Poliester - Dimensões: 655 mm X 560mm X 500 mm - Sistema de Travamento: Travamento automatico com liberação em duas ações consecutivas - Sistema de Montagem e Ferragem: MANUAL;;Incluido;01/12/2021
395307/1930;Ativo;;09/09/2026;;;TUTTI BABY INDUSTRIA E COMERCIO DE ARTIGOS INFANTIS LTDA;06981862000129;4733794000;Rua Vicente Zanotti;177;Galpão 01;89381270;Industrial Zaferino ;Massaranduba;SC;heloiza.souza@tuttibaby.com.br;TUTTI BABY INDUSTRIA E COMERCIO DE ARTIGOS INFANTIS LTDA;Andadores Infantis;Portaria Inmetro nº 129 de 19/03/2021;;CE-AND/IQB 000013 57036/26-001;Modelo 5;;N;Brasil;TUTTI BABY;ANDADOR SAFARI - REF. 40002003,40002004,40002007,40003004,40004002,40004003;ESTRU.MET.:ACO TUBULAR,BRINQ:PLAST. DE ENG.,REVEST. TEXTIL:ALGODAO/51X61X70 CM/DOIS DISP. DE TRAV. INDEPENDENTES SENDO OPERADOS SIMULT./PARAFUSOS E MONT. DE PÇS PLAST./BRINQ. CERTIF.E ADESIVO-57036/26;7898431501615|7898431501622|7898431501639|7898431501684|7898431501691|7898431501707;Incluido;09/09/2026
080903/1980;Ativo;;19/06/2023;;;KCARVALHUS COMERCIO E SERVICOS EIRELI;24633386000137;1143798430;Rua Poeta João Cabral De Melo Neto,  Santa Maria - Osasco - SP;77;;06147020; Santa Maria ;Osasco ;SP;carlos.carvalho@kkbebe.com.br;PINGHU SHI XIAOTIANDI CHILDREN?S PRODUCTS FACTORY;Andadores Infantis;Portaria Inmetro nº 129 de 19/03/2021;;IN1823223;;;S;China, República Popular;KK bebê;ANDADOR INFANTIL PASSINHO FORTE / AZUL /ROSA , MATERIAL:PP,FERRO E POLIÉSTER/DIMENSÕES:63X57X53CM;SISTEMA DE TRAVAMENTO:LIBERAÇÃO EM DUAS AÇÕES CONSECUTIVAS/SISTEMA DE MONTAGEM E FERRAGEM: MANUAL (SEM FERRAMENTA)/ACESSÓRIOS:BRINQUEDOS/CARACTERISTICAS DO MODELO: ANDADOR COM BRINQUEDO FIXO ACOPLADO;7898711750108|7898711750115;Incluido;19/06/2023
393419/1977;Ativo;;14/05/2026;;;UNI-ART IMPORT LTDA.;68168368000105;11952844300;AV DAS INDUSTRIAS ;755;;13288163;DIST.INDL B. STORANI;VINHEDO;SP; www.unitoys.com.br;QINGYUAN XINGLONG BALL PRODUCING CO., LTD.;Andadores Infantis;Portaria Inmetro nº 129 de 19/03/2021;;IN2985326;Modelo 5;;S;China, República Popular;UNITOYS;ANDADOR COM EMPURRADOR - N/A - 3726 AZUL/3726 ROSA;MAT:PP, POLIÉSTER E AÇO/DIM:50X60X102 CM/SIS_TRAV:LIBERAÇÃO EM DUAS AÇÕES CONSECUTIVAS/SIS_MONT E FERRG:MANUAL (SEM FERRAMENTA)/ACESS:N/A/CARACTERISTICAS DO MODELO:ANDADOR COM BANDEJA MUSICAL;7908901504395|7908901504401;Incluido;14/05/2026
687423/2003;Ativo;;30/09/2019;;;BURIGOTTO SA INDUSTRIA E COMERCIO;51460277000138;1934042000;Rua Martino Dragone;280;;13480308;Jardim Santa Barbara;Limeira;SP;carlos.riva@burigotto.com;JIN SUN GEE PLASTICS. CO., LTD.;Andadores Infantis;Portaria Inmetro nº 42 de 19/01/2018;;CE-AND/IQB 000004 53005/19-001;;;S;Formosa (Taiwan);Burigotto;Andador Baby Coupe (ref. com. IXAN3034PK10-Rosa, IXAN3034AZ19-Azul, IXAN3034CL-CL);Andador Infantil, Mat.: Polipropileno, Nylon, Aço, Tecido e Espuma, Dim: 760X650X640mm, Sist. Trav. Automático, Sistema Montagem/Ferragem Rebites, parafusos e Encaixe de peças plásticas, Acessorio: Ba;7896502916146|7896502916160|7896502935550;Incluido;30/09/2019
981438/1929;Ativo;;19/06/2026;;;LILI FLORES ARTESANAIS LTDA;50509301000113;2199999999;R SANTO SEPULCRO;00279;;21350220;MADUREIRA;RIO DE JANEIRO;RJ;xiaoweiliu663@gmail.com;PINGHU XIAOTIANDI CHILDREN''S PRODUCTS FACTORY ;Andadores Infantis;Portaria Inmetro nº 129 de 19/03/2021;;IN3051726;Modelo 5;;S;China, República Popular;LILI;MOD:ANDADOR LL-2931 / CÓD. DE REFERÊNCIA COMERCIAL: LL-2931 / AZUL,ROSA,VERDE;MAT.:PP, POLIÉSTER E POLIETILENO/DIM:56,5X68X60,5CM/ SIST.TRAV.:LIBERAÇÃO EM DUAS AÇÕES CONSECUTIVAS/SIST. MONT.:LIBERAÇÃO EM DUAS AÇÕES CONSECUTIVAS/SEM ACESSÓRIOS/ANDADOR COM BRINQUEDO INTERATIVO;;Incluido;19/06/2026
275442/1956;Ativo;;20/12/2019;;;TAPUZIM COMERCIAL LTDA;00513418000100;1138569063;Av. Monte Celeste;230;250;02561000;Vila S. Maria;São Paulo;SP;ehs0770@hotmail.com;SHEN ZHEN WEI MEI CHILDCARE PRODUCT LIMITED COMPANY;Andadores Infantis;Portaria Inmetro nº 42 de 19/01/2018;;OCAN-AND.165/19-2;;;S;China, República Popular;baby style;SPACECAR - VERSÕES: Andador car - Ref. 21302 / Andador space - Ref. 33117;Material: Plástico, metal e tecido. Dimensões: 59 x 59 x 69 cm , Sistema de Travamento: Stoper, Sistema de Montagem e Ferragem: Tesoura, Acessórios: Bandeja musical;4532213022990|4532331172997;Incluido;20/12/2019
569446/1982;Ativo;;16/09/2024;;;AMAZONAS IMPORTADOS LTDA;07269201000138;9691131654;Rua Independência;175;;68900090;Central;Macapa;AP;adriana.abreu@amazonasimportados.com.br;YIWU BALBIAN ELECTRONIC TECHNOLOGICAL CO., LTD;Andadores Infantis;Portaria Inmetro nº 129 de 19/03/2021;;IN2086424-1;;;S;China, República Popular;LÉ PETIT;MODE:BABY WALKER/REF:LP-9517/ CONT: ANDADOR COM BRINQUEDO ACOPLADO/VERSÕES:AZUL,ROSA,VERDE,;MAT:PP E POLIÉSTER/DIM:62X55,5X50CM/SIST DE TRAV:LIBERAÇÃO EM DUAS AÇÕES CONSECUTIVAS/SIST DE MONT E FERRAGEM:MANUAL (SEM FERRAMENTA)/ACESSÓRIOS:N/A.CARACTERISTICAS DO MODELO:;453068745717;Incluido;16/09/2024
825231/1932;Ativo;;30/06/2026;;;MARKETGOOL TRADING IMPORTACAO E EXPORTACAO LTDA;18787076000174;11947652325;ROD RODOLFO JAHN;326;ANEXO 92;89237680; VILA NOVA;JOINVILLE;SC;alexandre.morroni@hotmail.com;PINGHU XIAOTIANDI CHILDREN''S PRODUCTS FACTORY;Andadores Infantis;Portaria Inmetro nº 129 de 19/03/2021;;IN3048926;Modelo 5;;S;China, República Popular;MARKETGOOL;Designação Comercial: Andador Marketgool / Código de referência comercial / MKG-010 / ROSA;Mat: PP, FERRO E POLIÉSTER / Dim: 65X55X45 CM/ SIST DE TRAV: Liberação em duas ações consecutivas/ Acess: Brinquedo do andador/ Caract do mod: Andador com Brinquedo;0070341132777;Incluido;30/06/2026
395307/1930;Ativo;;03/04/2023;;;PLANETA - IMPORTACAO E DISTRIBUICAO DE BRINQUEDOS LTDA;13434272000141;1138951572;AV VASCO MASSAFELI;1000;G1A M1-21;06703600;JARDIM MARIA TEREZA;COTIA;SP;admin@planetadobebe.com.br;HEBEI WANXIN CHILDREN TOYS CO.,LTD.;Andadores Infantis;Portaria Inmetro nº 129 de 19/03/2021;;IN1765923;Modelo 5;;S;China, República Popular;MAXI BABY;ANDADOR LA BAMBA - NW-01 - AZUL #21537/ROSA #21538/VERMELHO #75268;MAT:PP E PART.ABS,AÇOD.ALTOCARB.RODAELASTÔM.TERMOP.,PVC/DIM:580X680X550(LXCXH)/SIS_TRAV:LIBER.EM 2 AÇÕES CONS./SIS_MONT E FERRG:MAN.(S/FERM)/ACES:BANDJ C BRI./CARAC.D.M.:ANDAD.C BRINQ.REG.002149/2023 ;7898975752689|7899403215370|7899403215387;Incluido;18/03/2026
863450/2008;Ativo;;07/03/2024;;;MADHULA COMERCIO DE ARTIGOS ELETROELETRONICOS LTDA;03838532000190;63881924131;Rua Marcilio Dias;166;;69005270;Centro;Manaus;AM;ltdamcg@gmail.com;PINGHU SHI XIAOTIANDI CHILDREN''S PRODUCTS FACTORY;Andadores Infantis;Portaria Inmetro nº 129 de 19/03/2021;;IN2088024;;;S;China, República Popular;BENMEK;ANDADOR MADHULA - MA101 - ROSA-MA101R/AZUL-MA101A/VERDE-MA101V/LARANJA-MA101L;MAT.:PP,FERRO E POLIÉSTER/DIM.:63X57X53CM/SIST.TRAVA.:LIBERAÇÃO EM DUAS AÇÕES CONSECUTIVAS/SIST.MONT.FERRA.:MANUAL(SEM FERRAMENTA)/ACESSÓRIOS:N/A/CARACTERISTICAS DO MODELO: ANDADOR COM BRINQUEDO;6901031000158;Incluido;07/03/2024
157465/1935;Ativo;;14/08/2019;;;BAMBOO COMERCIO, IMPORTAÇÃO E EXPORTAÇÃO EIRELI-EPP;27115224000103;8132419265;Rua. Alegre;154;Galpão A;52120125;Arruda;Recife;PE;bamboo@yescert.com.br;ZHEJIANG KINTEX INTERNATIONAL TRADING CO., LTD;Andadores Infantis;Portaria Inmetro nº 129 de 19/03/2021;;IN1632922;;;S;China, República Popular;BAMBOO;MODELO:MD-18NOME COMERCIAL:ANDAJAR GUGUVERSÕES: Azul (Ref.: MD18.1)Rosa (Ref.: MD18.2)Verde (Ref.: MD18.3)Vermelho (Ref.: MD18.4);Mat: PLAST / MET/FIB TEXTIL,DIM:ABRT:62X56X52CM,FECH:62X56X16,SIST TRAV:LIBER EM 2 ACOES CONSEC,SIST MONT FERRAG: MANUAL(S/FERRAMENTA),ACESS:BANDEJ C/BRINQ E HAST C/PUXADOR;7909312341029;Incluido;22/07/2022
451469/1961;Ativo;;07/08/2024;;;AMAZONAS IMPORTADOS LTDA;07269201000138;9691131654;Rua Independência;175;;68900090;Central;Macapa;AP;adriana.abreu@amazonasimportados.com.br;YIWU BALBIAN ELECTRONIC TECHNOLOGICAL CO., LTD;Andadores Infantis;Portaria Inmetro nº 129 de 19/03/2021;;IN2086424-2;;;S;China, República Popular;LÉ PETIT;MODE:BABY WALKER/REF:LP-9618/ CONT: ANDADOR COM BRINQUEDO ACOPLADO/VERSÕES:AZUL,VERDE,ROSA,VERMELHO.;MAT:PP E POLIÉSTER/DIM:65X54X49CM/SIST DE TRAV:LIBERAÇÃO EM DUAS AÇÕES CONSECUTIVAS/SIST DE MONT E FERR:MANUAL (SEM FERRAMENTA)ACE:N/A.CARACTERISTICAS DO MODELO:;7453068240131;Incluido;07/08/2024
852513/1950;Inativo;;11/11/2022;;;COMPANHIA DOREL BRASIL PRODUTOS INFANTIS;10659948000883;2135547024;Av. Nilo Peçanha;1516 /1582;Galpão 3 ;28030035;Pq dos Rodoviários;Campos dos Goytacaze;RJ;standard@dorel.com.br;Jin Sun Gee Plastics Co., Ltd;Andadores Infantis;Portaria Inmetro nº 129 de 19/03/2021;;IN1701622-1;;;S;Formosa (Taiwan);Cosco;BG-2023. Nome comercial: Goal Walker 4 em 1. Versões: Rosa e Azul.;Ferro, PP, PU e Pol, 74x44x66,5cm.Trav.real.único acion.,Mont: Manual(c/chave phil,n/inclusa). Aces: Brinq.;7898509478375|7898509478665;Incluido;11/11/2022
745473/1987;Ativo;;07/02/2022;;;TUTTI BABY INDUSTRIA E COMERCIO DE ARTIGOS INFANTIS LTDA;06981862000129;4733794000;Rod. Guilherme Jensen, SC413, km13;0;;89108000;Distrito Industrial;Massaranduba;SC;certificacao@tuttibaby.com.br;TUTTI BABY INDUSTRIA E COMERCIO DE ARTIGOS INFANTIS LTDA;Andadores Infantis;Portaria Inmetro nº 129 de 19/03/2021;;IN2869325;Modelo 5;;N;Brasil;TUTTI BABY;DESIGNAÇÃO COMERC SAFARI II (AZUL/ROSA/VERMELHO),PRINCESA ROSA COROA,ACQUA,EXPLORADOR (CINZA/ ROXO) CÓD D REF COMERC:ANDAD 40.002/40002003/40002004/40002007/40003004/40004002/40004003;MAT:ESTRUTURA METALICA - AÇO TUBULAR/DIM:48X60,5X70CM/SIST DE TRAVA:LIBERAÇ EM 2AÇÕES CONSECUT/SIST DE MONTAGEM E FERRAGEM:PARAFUSOS E REBITES/ACESSÓ:BRINQUEDOS E ADESIVOS/CARACT DO MODELO:ANDADOR C B;7898431501615|7898431501622|7898431501639|7898431501684|7898431501691|7898431501707;Excluido;26/04/2024
602415/1960;Ativo;;31/10/2025;;;MD COMERCIO DE FERRAGENS LTDA;55274701000100;92985975259;Avenida Joaquim Nabuco;1094;A;69020030;Centro;Manaus;AM;mdcomerciodeferragensltda@gmail.com;Xingtai Pandelo Technology Co.,Ltd;Andadores Infantis;Portaria Inmetro nº 129 de 19/03/2021;;IN2824825;Modelo 5;;S;China, República Popular;ULTRA BABY;ANDADOR INFANTIL MUSICAL PARA BEBÊ - UBW -305 - N/A - BABY PINK / BARBIE PINK/RED / WHITE/ROYAL BLUE /ORANGE / WHITE/LIGHT BLUE / WHITE;MAT:PP,FERRO E POLIÉ./DIM.:68X59X52 CM/SIST.DE TRAV.:LIB.EM DUAS AÇÕES CONS./SIST.DE MONT. E FERR.:MAN.(S/FERRAM.)/ACESS.:N/A/CARACTERISTICAS DO MODELO:ANDADOR COM BRINQUEDO ACOPLADO;7890012361007|7890012361113|7890012368082|7890012369096;Incluido;31/10/2025
593031/1996;Ativo;;29/04/2024;;;TAPUZIM COMERCIAL LTDA;00513418000100;1138569063;Av. Monte Celeste;230;250;02561000;Vila S. Maria;São Paulo;SP;sergio@babystylebrasil.com.br;SHEN ZHEN WEI MEI CHILDCARE PRODUCT LIMITED COMPANY;Andadores Infantis;Portaria Inmetro nº 129 de 19/03/2021;;IN2118124-1;;;S;China, República Popular;Baby Style;ANDADOR SMART - SMART AZUL E SMART ROSA;PP,62 X 53 X 78CM,LIBERAÇÃO EM DUAS AÇÕES CONSECUTIVAS,MANUAL (SEM FERRAMENTA),ACESSÓRIOS:N/A/CARAC MODELO:ANDADOR C BRINQUEDO NA BANDEJA;4079337307416|4079337313325;Incluido;29/04/2024
810160/2008;Ativo;;07/03/2024;;;COMPANHIA DOREL BRASIL PRODUTOS INFANTIS;10659948000107;2135547024;Av. Nilo Peçanha;1516;1582;28030035;Pq dos Rodoviários;Campos dos Goytacaze;RJ;standard@dorel.com.br;COMPANHIA DOREL BRASIL PRODUTOS INFANTIS;Andadores Infantis;Portaria Inmetro nº 129 de 19/03/2021;;IN2040823;Modelo 5;;N;Brasil;INFANTI/ COSCO;APPIA/ ZIGGY - HE022 - N/A - AZUL / ROSA / AZUL / ROSA;MAT:PP,PES,PTA,EG,POLIPROPILENO E POLIETILENO/DIM:56,5 X 68 X 60,5 CM/SIST D TRAVAMENTO:LIB EM DUAS AÇÕES CONSEC/SIST DE MNTGM E FERRG:MAN (SEM FER)/ACESS:BAND D BRINQ./CARACT D MODELO:ANDADOR C BRINQ;7908238809774|7908238809781|7908238815812|7908238815829;Incluido;10/04/2026
629094/1961;Ativo;;14/08/2019;;;BAMBOO COMERCIO, IMPORTAÇÃO E EXPORTAÇÃO EIRELI-EPP;27115224000103;8132419265;Rua. Alegre;154;Galpão A;52120125;Arruda;Recife;PE;bamboo@yescert.com.br;ZHEJIANG KINTEX INTERNATIONAL TRADING CO., LTD;Andadores Infantis;Portaria Inmetro nº 129 de 19/03/2021;;IN1632922;;;S;China, República Popular;BAMBOO;MODELO:MD-18NOME COMERCIAL:ANDAJAR GUGUVERSÕES: Azul (Ref.: MD18.1)Rosa (Ref.: MD18.2)Verde (Ref.: MD18.3)Vermelho (Ref.: MD18.4);Mat: PLAST / MET/FIB TEXTIL,DIM:ABRT:62X56X52CM,FECH:62X56X16,SIST TRAV:LIBER EM 2 ACOES CONSEC,SIST MONT FERRAG: MANUAL(S/FERRAMENTA),ACESS:BANDEJ C/BRINQ E HAST C/PUXADOR;7909312341029;Incluido;22/07/2022
039477/2014;Inativo;;11/11/2022;;;COMPANHIA DOREL BRASIL PRODUTOS INFANTIS;10659948000883;2135547024;Av. Nilo Peçanha;1516 /1582;Galpão 3 ;28030035;Pq dos Rodoviários;Campos dos Goytacaze;RJ;standard@dorel.com.br;Jin Sun Gee Plastics Co., Ltd;Andadores Infantis;Portaria Inmetro nº 129 de 19/03/2021;;IN1701622-1;;;S;Formosa (Taiwan);Cosco;BG-2023. Nome comercial: Goal Walker 4 em 1. Versões: Rosa e Azul.;Ferro, PP, PU e Pol, 74x44x66,5cm.Trav.real.único acion.,Mont: Manual(c/chave phil,n/inclusa). Aces: Brinq.;7898509478375|7898509478665;Incluido;11/11/2022
096287/1963;Ativo;;03/04/2023;;;PLANETA - IMPORTACAO E DISTRIBUICAO DE BRINQUEDOS LTDA;13434272000141;1138951572;AV VASCO MASSAFELI;1000;G1A M1-21;06703600;JARDIM MARIA TEREZA;COTIA;SP;admin@planetadobebe.com.br;HEBEI WANXIN CHILDREN TOYS CO.,LTD.;Andadores Infantis;Portaria Inmetro nº 129 de 19/03/2021;;IN1765923;Modelo 5;;S;China, República Popular;MAXI BABY;NW-01 - ANDADOR LA BAMBA  / (...) COM BRINQUEDOS/CAR MOD:AND COM BRINQUEDO(BANDEJA MUSICAL);MAT:PP E PARTES EM ABS, AÇO DE ALTO CARB RODA ELASTÔMERO TERMOPLÁSTICO, PVC/DIM:580X680X550(LXCXH)/SIS TRA:LIBERAÇÃO EM DUAS AÇÕES CONSECUTIVAS SIS DE MON E FER:MANUAL(S/ FERRAMENTA)/ACE:BANDEJA (...);7899403215370|7899403215387;Excluido;28/02/2025
698439/1963;Inativo;;12/01/2023;;;COMPANHIA DOREL BRASIL PRODUTOS INFANTIS;10659948000883;2135547024;Av. Nilo Peçanha;1516 ;Galpão 3 ;28030035;Pq dos Rodoviários;Campos dos Goytacaze;RJ;standard@dorel.com.br;Jin Sun Gee Plastics Co., Ltd;Andadores Infantis;Portaria Inmetro nº 129 de 19/03/2021;;IN1701622-3;;;S;Formosa (Taiwan);Safety 1st;HE001. Nome comercial: Spacewalker 3 em 1. Versões: Grey, Orange.;PP,Ferro,Aço,ABS,PVC,POM,TPR,MB475,Pol,65.5x50x71.5cm.Trav:Lib.2ações cons.,Mont:Manual.Aces.Brinq.;7908238803932|7908238803949;Incluido;12/01/2023
333492/1940;Ativo;;07/08/2024;;;AMAZONAS IMPORTADOS LTDA;07269201000138;9691131654;Rua Independência;175;;68900090;Central;Macapa;AP;adriana.abreu@amazonasimportados.com.br;YIWU BALBIAN ELECTRONIC TECHNOLOGICAL CO., LTD;Andadores Infantis;Portaria Inmetro nº 129 de 19/03/2021;;IN2086424-4;;;S;China, República Popular;LÉ PETIT;MODE:BABY WALKER/REF:LP-9917/ CONT: ANDADOR COM BRINQUEDO ACOPLADO/VERSÕES:AZUL,VERMELHO,AMARELO,ROSA.;MAT:PP E POLIÉSTER/DIM:65X54X49CM/SIST DE TRAV:LIBERAÇÃO EM DUAS AÇÕES CONSECUTIVAS/SIST DE MONT E FERRA :MANUAL (SEM FERRAMENTA)/ACES:N/A.CARACTERISTICAS DO MODELO:;7453116024706;Incluido;07/08/2024
991169/1953;Cancelado;;24/08/2020;;14/07/2025;Dardara Comercio Importacao e Exportacao Ltda.;07774907000157;1147447248;R VALENTIM MAGALHAES;95;***;03184090;ALTO DA MOOCA;SÃO PAULO;SP;dardara@yescert.com.br;FOSHAN BAOLIMEI CHILD?S VEHICLE CO.LTD;Andadores Infantis;Portaria Inmetro nº 42 de 19/01/2018;;OCAN-AND.134/20-5;;;S;China, República Popular;DARDARA;ANDADOR CARRO (FD-2407);Material: Moldes e peças em plástico P.P.(polipropileno) Adesivos (papel colante) Painel - parte interna: sistema eletrônico (placa, fio colorido, alto falante). Estrutura em metal, Dimensões: 74 x 63;;Incluido;24/08/2020
618402/1960;Ativo;;05/08/2021;;;GALZERANO INDUSTRIA DE CARRINHOS E BERCOS LTDA;43594977000197;19999947357;Via Prefeito Jurandyr Paixão;700;;13481149;Jd. Campo Belo;Limeira;SP;luisfernando.camargo@galzerano.com.br;GALZERANO INDUSTRIA DE CARRINHOS E BERCOS LTDA;Andadores Infantis;Portaria Inmetro nº 129 de 19/03/2021;;CE-AND/IQB 000006 54618/21-001;;;N;Brasil;GALZERANO;Ref.: 4050-Andador Torino. Versões: 4050PTR (Preto Rosa), 4050PTT (Preto Terracota);Mat Tec poliest Espum PP PA6 Master Tint Tub aço Itens fix/aviam CxLxA(cm) 71x62,5x51,5 Trav Trilh plást c/ botão destrav e reg alt Acess Band brinq não remove retrov Caract Tec Pçs plást Tint Ferrage;7908200102193|7908200102209;Excluido;01/09/2021
627496/1966;Ativo;;09/12/2019;;;TAPUZIM COMERCIAL LTDA;00513418000100;1138569063;Av. Monte Celeste;230;250;02561000;Vila S. Maria;São Paulo;SP;ehs0770@hotmail.com;SHEN ZHEN WEI MEI CHILDCARE PRODUCT LIMITED COMPANY;Andadores Infantis;Portaria Inmetro nº 129 de 19/03/2021;;IN2062423;Modelo 5;;S;China, República Popular;Baby Style;ANDADOR PIANINHO ROSA - 33725 / ANDADOR PIANINHO AZUL - 33726;ANDADOR PIANINHO RS E AZ, MATERIAL:PLÁSTICO/62 X 53 X 78 CM/LIBERAÇÃO EM DUAS AÇÕES CONSECUTIVAS/MANUAL (SEM FERRAMENTAS)/BRINQUEDO;4079337251993|4079337261992;Incluido;29/01/2024
989639/1960;Ativo;;13/04/2026;;;VG SHOP COMERCIO ON LINE LTDA;16857384000365;1149690505;RUA PROJETADA SN KM 15 NUCLEO AGUA COMPRIDA;0;KM 15;37600000;AGUA COMPRIDA;CAMBUI;MG;gilson@vgshop.com.br;YONGXING SPORTS LIMITED;Andadores Infantis;Portaria Inmetro nº 129 de 19/03/2021;;IN2982826;Modelo 5;;S;China, República Popular;MULTMAXX;Desig. Com. andador infantil com empurrador Cod. Ref. MTX150 / MTX151 Quant. (aplic. para mod. 1b) n/a Mat: poliéster, abs, pp e borracha Dim. 76x65x65cm Sis. Trav. dois dispositivos independentes sendo operador simultaneamente;Sis. de Mont. e Ferragem: manual (com ferramenta) acess: N/A Car.do mod: andador ccom empurrador e brinquedo musical Vers. MTX150 cinza MTX151 rosa;7898758400394|7898758400400;Incluido;13/04/2026
789447/2025;Ativo;;29/04/2024;;;TAPUZIM COMERCIAL LTDA;00513418000100;113856906;Av. Monte Celeste;230;250;02561000;Vila S. Maria;São Paulo;SP;sergio@babystylebrasil.com.br;SHEN ZHEN WEI MEI CHILDCARE PRODUCT LIMITED COMPANY;Andadores Infantis;Portaria Inmetro nº 129 de 19/03/2021;;IN2118124-2;;;S;China, República Popular;Baby Style;ANDADOR FOGUETE - FOGUETE CINZA E FOGUETE ROSA;MATERIAL:PP/DIM:62X53X78CM/SISTEMA DE TRAVAME:LIBERA EM 2 AÇÕES CONSECUTIVAS/MANUAL/ACESSÓRIOS:N/A/CARACT DO MODELO:ANDADOR C BRINQUEDO NA BANDEJA;4079337285219|4079337296543;Incluido;29/04/2024
941610/1958;Ativo;;09/12/2019;;;TAPUZIM COMERCIAL LTDA;00513418000100;1138569063;Av. Monte Celeste;230;250;02561000;Vila S. Maria;São Paulo;SP;ehs0770@hotmail.com;SHEN ZHEN WEI MEI CHILDCARE PRODUCT LIMITED COMPANY;Andadores Infantis;Portaria Inmetro nº 129 de 19/03/2021;;IN2062423;Modelo 5;;S;China, República Popular;Baby Style;MODELO: ANIMAIS VERSÕES: Andador cachorro vermelho - Ref. 33721 Andador cachorro azul - Ref. 33722 Andador abelha rosa - Ref. 33723 Andador abelha azul - Ref. 33724 Andador pianinho rosa Ref: 33725 Andador pianinho azul Ref: 33726;Material: Plástico, metal e tecido, Dimensões: 50 x 70 x 60 cm, Sistema de Travamento: Stoper, Sistema deMontagem e Ferragem: Tesoura, Acessórios: Bandeja musical;4079337218996|4079337228995|4079337238994|4079337248993|4079337251993|4079337261992;Excluido;29/01/2024
921500/1992;Ativo;;29/01/2025;;;MD COMERCIO DE FERRAGENS LTDA;55274701000100;92981285408;AVENIDA JOAQUIM NABUCO, ;1094;A;69020030;CENTRO;MANAUS;AM;monadowlani@gmail.com;Hebei Zhongtai Bicycle manufacturing Co,. Ltd;Andadores Infantis;Portaria Inmetro nº 129 de 19/03/2021;;IN2520425;;;S;China, República Popular;ULTRA BABY;ANDADOR INFANTIL MUSICAL PARA BEBÊ/REF.:UBW-1026/PINK/GREEN/BLUE;MAT:PU,PP,AÇO,POLIÉSTER,ABS/DIM:70X60X55CM/SIST.DE TRAV.:LIB.EM DUAS AÇÕ.CONS./SIS.DE MONT.E FER.:MAN.(S/FERR.)/ACESS.:BANDE.COM BRINQ./CARAC.DO MODE.:ANDAD.C/BRINQ;7890012365050|7890012366064|7890012367078;Incluido;29/01/2025
215504/2019;Ativo;;26/07/2024;;;DARDARA COMERCIO IMPORTACAO E EXPORTACAO LTDA;07774907000157;11964220291;R VALENTIM MAGALHAES;95;***;03184090;ALTO DA MOOCA;SÃO PAULO;SP;sac@dardara.com.br;FOSHAN BAOLIMEI BABY CARRIER CO., ;Andadores Infantis;Portaria Inmetro nº 129 de 19/03/2021;;IN2255924;;;S;China, República Popular;DARDARA;ANDADOR CARRO FD-2407 / VERSÕES: AZUL E ROSA;MAT:PP,METAL E POLIÉSTER/DIM:740X630X510MM/SIST DE TRAVA:LIB EM 2 AÇÕES CONSECUT/SIST DE MONT/FERRAG:MANUAL(C/FERRAMENTAS)/ACESSÓRIOS: BRINQ/CARACT DO MODELO:ANDADOR C/BRINQ INTEGRADO;7898572462738|7898572462755;Incluido;26/07/2024
509519/1945;Ativo;;19/06/2023;;;KCARVALHUS COMERCIO E SERVICOS EIRELI;24633386000137;1143798430;Rua Poeta João Cabral De Melo Neto,  Santa Maria - Osasco - SP;77;;06147020; Santa Maria ;Osasco ;SP;carlos.carvalho@kkbebe.com.br;PINGHU SHI XIAOTIANDI CHILDREN?S PRODUCTS FACTORY;Andadores Infantis;Portaria Inmetro nº 129 de 19/03/2021;;IN1823223;;;S;China, República Popular;KK bebê;ANDADOR INFANTIL PASSINHO FORTE / AZUL /ROSA , MATERIAL:PP,FERRO E POLIÉSTER/DIMENSÕES:63X57X53CM;SISTEMA DE TRAVAMENTO:LIBERAÇÃO EM DUAS AÇÕES CONSECUTIVAS/SISTEMA DE MONTAGEM E FERRAGEM: MANUAL (SEM FERRAMENTA)/ACESSÓRIOS:BRINQUEDOS/CARACTERISTICAS DO MODELO: ANDADOR COM BRINQUEDO FIXO ACOPLADO;7898711750108|7898711750115;Incluido;19/06/2023
557548/1947;Ativo;;27/08/2026;;;MADHULA COMERCIO DE ARTIGOS ELETROELETRONICOS LTDA;03838532000190;92994433107;Rua Marcilio Dias;166;;69005270;Centro;Manaus;AM;mayapunjwani@gmail.com;PINGHU XIAOTIANDI CHILDREN?S PRODUCTS FACTORY;Andadores Infantis;Portaria Inmetro nº 129 de 19/03/2021;;IN3141126-2;Modelo 5;;S;China, República Popular;BENMEK;ANDADOR MADHULA/ MA101/ Rosa - MA101R/ Azul - MA101A/ Verde - MA101V/ Laranja - MA101L;MAT.:PP, FERRO E POLIÉSTER/DIM.:63X57X53 CM/SIST. DE TRAV.:LIBERAÇÃO EM DUAS AÇÕES CONSECUTIVAS/SIST. MONT. E FERR.:MANUAL (SEM FERRAMENTA)/ACESS.:BRINQUEDO/CARACT. DO MOD.:ANDADOR COM BRINQUEDO;6901031000158;Incluido;27/08/2026
803523/1971;Cancelado;;28/02/2020;;14/07/2025;COMÉRCIO E IMPORTAÇÃO DENISE LTDA;29963642000178;2125843843;RUA DO MILHO;72;A;21011090;PENHA CIRCULAR;RIO DE JANEIRO;RJ;comerciomybaby@hotmail.com;PING HU BEST CHILDREN'S CARRIER CO.LTD;Andadores Infantis;Portaria Inmetro nº 42 de 19/01/2018;;OCAN-AND.329/20-1;;;S;China, República Popular;MY BABY;A-1;VERSÕES: ROSA, AZUL, AZUL COM VERDE, AZUL COM VERMELHO, ROSA COM LILÁS, ROSA COM ROSA ESCURO;;Incluido;28/02/2020
285497/1939;Inativo;;07/10/2019;;;Galzerano Indústria de Carrinhos e Berços Ltda;43594977000197;1934043030;Via Prefeito Jurandyr Paixão;700;;13481149;Jd. Campo Belo;Limeira;SP;luisfernando.camargo@galzerano.com.br;GUANGDONG ZHIHUI CHILDREN?S PRODUCTS CO.,LTD;Andadores Infantis;Portaria Inmetro nº 42 de 19/01/2018;;CE-AND/IQB 000006 53503/20-001;;;S;China, República Popular;GALZERANO;Andador de bebê Magic - Versão: Cinza (CZ), Preto (PT);Mat Tec poli Espum Resin plást Tint Ferrag 70Cx65Lx54A cm Travam trilho plást com botão de destrav e regul alt Mont/frenag manual Andador com pçs girat e cores diversas Acess Bandej Brinq não removív.;7898089221590|7898089222283;Incluido;07/10/2019
310288/1987;Ativo;;29/04/2024;;;TAPUZIM COMERCIAL LTDA;00513418000100;113856906;Av. Monte Celeste;230;250;02561000;Vila S. Maria;São Paulo;SP;sergio@babystylebrasil.com.br;SHEN ZHEN WEI MEI CHILDCARE PRODUCT LIMITED COMPANY;Andadores Infantis;Portaria Inmetro nº 129 de 19/03/2021;;IN2118124-2;;;S;China, República Popular;Baby Style;ANDADOR FOGUETE - FOGUETE CINZA E FOGUETE ROSA;MATERIAL:PP/DIM:62X53X78CM/SISTEMA DE TRAVAME:LIBERA EM 2 AÇÕES CONSECUTIVAS/MANUAL/ACESSÓRIOS:N/A/CARACT DO MODELO:ANDADOR C BRINQUEDO NA BANDEJA;4079337285219|4079337296543;Incluido;29/04/2024
966725/1965;Ativo;;12/11/2024;;;CACANDO OFERTAS LTDA;23230465000134;11976586700;Rua José Ferreira Crespo;752;Sala 1;08021480;Jardim São Vicente;São Paulo;SP;diegofrancisco22@bol.com.br;STYLL ADMINISTRACAO, INVESTIMENTOS, LOCACOES & SERVICOS LIMITADA;Andadores Infantis;Portaria Inmetro nº 129 de 19/03/2021;;IN2382924;;;N;Brasil;ClickBaby's;Andador Happy baby - Versões AZUL-HAPPY BABY ROSA-HAPPY BABY LARANJA-HAPPY BABY;Mat.Aço Polipropileno.Dim:640x570x470cm.Sist.Trav. Liberação duas ações consecutivas.Sist de Mont e Ferrag:Manual sem ferramenta.Acess: Bandeja c/Brinquedo.Caract/modelo:Andador c/brinquedo na bandeja;7898975097001|7898975097018|7898975097025;Incluido;12/11/2024
007503/2014;Inativo;;12/12/2022;;;COMPANHIA DOREL BRASIL PRODUTOS INFANTIS;10659948000883;2135547024;Av. Nilo Peçanha;1516 ;Galpão 3 ;28030035;Pq dos Rodoviários;Campos dos Goytacaze;RJ;standard@dorel.com.br;Dongguan Xinyeda Hardware Plastic Products Co., Ltd;Andadores Infantis;Portaria Inmetro nº 129 de 19/03/2021;;IN1715922;;;S;China, República Popular;Safety 1st;11389.  Melody Garden;ABS,PP.PVC.Pol.Esp, 64x55x66cm,Trav.Lib.2açoes cons, Mon.Manual. Aces: Brinquedos.;9312541727119;Incluido;12/12/2022
968926/1977;Inativo;;11/11/2022;;;COMPANHIA DOREL BRASIL PRODUTOS INFANTIS;10659948000883;2135547024;Av. Nilo Peçanha;1516 /1582;Galpão 3 ;28030035;Pq dos Rodoviários;Campos dos Goytacaze;RJ;standard@dorel.com.br;Jin Sun Gee Plastics Co., Ltd;Andadores Infantis;Portaria Inmetro nº 129 de 19/03/2021;;IN1701622-1;;;S;Formosa (Taiwan);Cosco;BG-2023. Nome comercial: Goal Walker 4 em 1. Versões: Rosa e Azul.;Ferro, PP, PU e Pol, 74x44x66,5cm.Trav.real.único acion.,Mont: Manual(c/chave phil,n/inclusa). Aces: Brinq.;7898509478375|7898509478665;Incluido;11/11/2022
171632/1984;Ativo;;31/08/2026;;;MADHULA COMERCIO DE ARTIGOS ELETROELETRONICOS LTDA;03838532000190;92994433107;Rua Marcilio Dias;166;;69005270;Centro;Manaus;AM;mayapunjwani@gmail.com;PINGHU XIAOTIANDI CHILDRENS PRODUCTS FACTORY;Andadores Infantis;Portaria Inmetro nº 129 de 19/03/2021;;IN3141126-1;Modelo 5;;S;China, República Popular;BENMEK;MADHULA/ MA100/ Verde e Azul - MA100VA/ Rosa e Roxo - MA100RR/ Branco e Azul Escuro - MA100BAE/ Amarelo e Vermelho - MA100AV;MAT.:PP, FERRO E POLIÉSTER/DIM.:63X57X53 CM/SIST. DE TRAV.: LIBERAÇÃO EM DUAS AÇÕES CONSECUTIVAS/SIST. MONT. E FERR.:MANUAL (SEM FERRAMENTA)/ACESS.:BRINQUEDO/CARACT. DO MOD.: ANDADOR COM BRINQUEDO;6901031000158;Incluido;31/08/2026
726995/2017;Ativo;;29/01/2025;;;MD COMERCIO DE FERRAGENS LTDA;55274701000100;92981285408;AVENIDA JOAQUIM NABUCO, ;1094;A;69020030;CENTRO;MANAUS;AM;monadowlani@gmail.com;Hebei Zhongtai Bicycle manufacturing Co,. Ltd;Andadores Infantis;Portaria Inmetro nº 129 de 19/03/2021;;IN2520425;;;S;China, República Popular;ULTRA BABY;ANDADOR INFANTIL MUSICAL PARA BEBÊ/REF.:UBW-1026/PINK/GREEN/BLUE;MAT:PU,PP,AÇO,POLIÉSTER,ABS/DIM:70X60X55CM/SIST.DE TRAV.:LIB.EM DUAS AÇÕ.CONS./SIS.DE MONT.E FER.:MAN.(S/FERR.)/ACESS.:BANDE.COM BRINQ./CARAC.DO MODE.:ANDAD.C/BRINQ;7890012365050|7890012366064|7890012367078;Incluido;29/01/2025
097527/1998;Ativo;;05/08/2021;;;GALZERANO INDUSTRIA DE CARRINHOS E BERCOS LTDA;43594977000197;19999947357;Via Prefeito Jurandyr Paixão;700;;13481149;Jd. Campo Belo;Limeira;SP;luisfernando.camargo@galzerano.com.br;GALZERANO INDUSTRIA DE CARRINHOS E BERCOS LTDA;Andadores Infantis;Portaria Inmetro nº 129 de 19/03/2021;;CE-AND/IQB 000006 54618/21-001;;;N;Brasil;GALZERANO;Ref.: 4050-Andador Torino. Versões: 4050EST (Estrela), 4050SPR (Spring);Tecido Pes, TNT, Espuma, PP, PA6, Master, Tinta, Tubo de aço. CxLxA(cm) 71x62,5x51,5 Travamento: Trilho plástico c/ botão de destrave e regulagem de altura. Montagem: Manual. Acess: Brinquedo acoplado;7908200102520|7908200102537;Incluido;17/01/2024
309975/1928;Ativo;;14/08/2019;;;BAMBOO COMERCIO, IMPORTAÇÃO E EXPORTAÇÃO EIRELI-EPP;27115224000103;8132419265;Rua. Alegre;154;Galpão A;52120125;Arruda;Recife;PE;bamboo@yescert.com.br;ZHEJIANG KINTEX INTERNATIONAL TRADING CO., LTD;Andadores Infantis;Portaria Inmetro nº 129 de 19/03/2021;;IN1632922;;;S;China, República Popular;BAMBOO;NOME FANTASIA: ANDAJAR GUGU MODELO: MD-18 CORES: VERDE;PLÁSTICO, METAL E FIBRA TÊXTIL,520 x 560 x 620 mm,MANUAL,MANUAL,BANDEJA, VOLANTE DO PUXADOR.;7909312341029;Excluido;22/07/2022
391531/2024;Ativo;;16/07/2025;;;KIDDO INDUSTRIA E COMERCIO LTDA;60688090000187;1147870744;Rodovia Regis Bittencourt ;3666;;06793000;Jardim Três Marias ;Taboão da Serra;SP;m.nascimento@kiddo.com.br;JIN SUN GEE PLASTIC CO., LTD;Andadores Infantis;Portaria Inmetro nº 129 de 19/03/2021;;IN2735125;Modelo 5;;S;China, República Popular;Whoop;ANDADOR PASSINHOS 2 EM 1 REF. 8701/CINZA/ROSA/AZUL;MATERIAL:PP. POLIES/DIMENSÕES:59,5X68X53CM/SIST.DE.TRAVAM.:LIBER.EM DUAS AÇÕES CONSECUTIVAS/SIST.DE.MONTAG.E.FERRAGEM:MANUAL (SEM AUX. DE FERRAM)/ACESSÓRIOS:BRINQ./CARACT. DO MODELO:ANDADOR C/ BRINQ.;7896517223871|7896517223888|7896517223895;Incluido;16/07/2025
369612/2007;Inativo;;14/01/2021;;;GALZERANO INDUSTRIA DE CARRINHOS E BERCOS LTDA;43594977000197;1934043030;Via Prefeito Jurandyr Paixão;700;;13481149;Jd. Campo Belo;Limeira;SP;luisfernando.camargo@galzerano.com.br;WEIMEI MEI CHILDCARE PRODUCT (HUIZHOU) LTD., CO;Andadores Infantis;Portaria Inmetro nº 42 de 19/01/2018;;CE-AND/IQB 000006 54025/20-001;;;S;China, República Popular;GALZERANO;Ref.: 4030-Andador 4 em 1 Funny. Versões: 4030CR (Color), 4030VDA (Verde Água);Mat Tec polié Espuma Resina plást Itens fixação Dimens 75x71x55(cm) Sist travament dobradiça plást c/ botão acionament Sist montagem/ferragem encaixe manual Acessórios manuais brinquedos removíveis;7898089221477|7898089221996;Incluido;14/01/2021
685546/1950;Ativo;;31/08/2026;;;TUTTI BABY INDUSTRIA E COMERCIO DE ARTIGOS INFANTIS LTDA;06981862000129;4733794000;Rod. Guilherme Jensen, SC413, km13;0;Galpão 01;89108000;Distrito Industrial;Massaranduba;SC;heloiza.souza@tuttibaby.com.br;TUTTI BABY INDUSTRIA E COMERCIO DE ARTIGOS INFANTIS LTDA;Andadores Infantis;Portaria Inmetro nº 129 de 19/03/2021;;CE-AND/IQB 000013 57036/26-002;Modelo 5;;N;Brasil;TUTTI BABY;ANDADOR COMFORT - 40005004,40005003,40005011,40005028,40005007,40005010,40005006,40005029;ESTRU.METALICA:ACO TUBULAR,BRINQ:PLAST.DE ENG.,REVEST. TEXTIL: ALGODAO/48X60,5X70 CM/DOIS DISP. DE TRAV. INDEP. SENDO OP. SIMULT./PARAFUSOS E MONT. DE PÇS PLAST./BRINQ. CERT. E ADESIVO-57036/26;7898431502063|7898431502070|7898431502087|7898431502094|7898431502100|7898431502117|7898431502124|7898431502131;Incluido;31/08/2026
287698/1951;Ativo;;12/11/2024;;;CACANDO OFERTAS LTDA;23230465000134;11976586700;Rua José Ferreira Crespo;752;Sala 1;08021480;Jardim São Vicente;São Paulo;SP;diegofrancisco22@bol.com.br;STYLL ADMINISTRACAO, INVESTIMENTOS, LOCACOES & SERVICOS LIMITADA;Andadores Infantis;Portaria Inmetro nº 129 de 19/03/2021;;IN2382924;;;N;Brasil;ClickBaby's;Andador Happy baby - Versões AZUL-HAPPY BABY ROSA-HAPPY BABY LARANJA-HAPPY BABY;Mat.Aço Polipropileno.Dim:640x570x470cm.Sist.Trav. Liberação duas ações consecutivas.Sist de Mont e Ferrag:Manual sem ferramenta.Acess: Bandeja c/Brinquedo.Caract/modelo:Andador c/brinquedo na bandeja;7898975097001|7898975097018|7898975097025;Incluido;12/11/2024
979550/1976;Ativo;;19/06/2023;;;KCARVALHUS COMERCIO E SERVICOS EIRELI;24633386000137;1143798430;Rua Poeta João Cabral De Melo Neto,  Santa Maria - Osasco - SP;77;;06147020; Santa Maria ;Osasco ;SP;carlos.carvalho@kkbebe.com.br;PINGHU SHI XIAOTIANDI CHILDREN?S PRODUCTS FACTORY;Andadores Infantis;Portaria Inmetro nº 129 de 19/03/2021;;IN1823223;;;S;China, República Popular;KK bebê;ANDADOR INFANTIL PASSINHO FORTE / AZUL /ROSA , MATERIAL:PP,FERRO E POLIÉSTER/DIMENSÕES:63X57X53CM;SISTEMA DE TRAVAMENTO:LIBERAÇÃO EM DUAS AÇÕES CONSECUTIVAS/SISTEMA DE MONTAGEM E FERRAGEM: MANUAL (SEM FERRAMENTA)/ACESSÓRIOS:BRINQUEDOS/CARACTERISTICAS DO MODELO: ANDADOR COM BRINQUEDO FIXO ACOPLADO;7898711750108|7898711750115;Incluido;19/06/2023
021926/2020;Cancelado;;24/08/2020;;14/07/2025;Dardara Comercio Importacao e Exportacao Ltda.;07774907000157;1147447248;R VALENTIM MAGALHAES;95;***;03184090;ALTO DA MOOCA;SÃO PAULO;SP;dardara@yescert.com.br;FOSHAN BAOLIMEI CHILD?S VEHICLE CO.LTD;Andadores Infantis;Portaria Inmetro nº 42 de 19/01/2018;;OCAN-AND.134/20-5;;;S;China, República Popular;DARDARA;ANDADOR CARRO (FD-2407);Material: Moldes e peças em plástico P.P.(polipropileno) Adesivos (papel colante) Painel - parte interna: sistema eletrônico (placa, fio colorido, alto falante). Estrutura em metal, Dimensões: 74 x 63;;Incluido;24/08/2020
186055/1990;Cancelado;;24/08/2020;;14/07/2025;Dardara Comercio Importacao e Exportacao Ltda.;07774907000157;1147447248;R VALENTIM MAGALHAES;95;***;03184090;ALTO DA MOOCA;SÃO PAULO;SP;dardara@yescert.com.br;FOSHAN BAOLIMEI CHILD?S VEHICLE CO.LTD;Andadores Infantis;Portaria Inmetro nº 42 de 19/01/2018;;OCAN-AND.134/20-5;;;S;China, República Popular;DARDARA;ANDADOR CARRO (FD-2407);Material: Moldes e peças em plástico P.P.(polipropileno) Adesivos (papel colante) Painel - parte interna: sistema eletrônico (placa, fio colorido, alto falante). Estrutura em metal, Dimensões: 74 x 63;;Incluido;24/08/2020
630334/1996;Ativo;;19/06/2023;;;KCARVALHUS COMERCIO E SERVICOS EIRELI;24633386000137;1143798430;Rua Poeta João Cabral De Melo Neto,  Santa Maria - Osasco - SP;77;;06147020; Santa Maria ;Osasco ;SP;carlos.carvalho@kkbebe.com.br;PINGHU SHI XIAOTIANDI CHILDREN?S PRODUCTS FACTORY;Andadores Infantis;Portaria Inmetro nº 129 de 19/03/2021;;IN1823223;;;S;China, República Popular;KK bebê;ANDADOR INFANTIL PASSINHO FORTE / AZUL /ROSA , MATERIAL:PP,FERRO E POLIÉSTER/DIMENSÕES:63X57X53CM;SISTEMA DE TRAVAMENTO:LIBERAÇÃO EM DUAS AÇÕES CONSECUTIVAS/SISTEMA DE MONTAGEM E FERRAGEM: MANUAL (SEM FERRAMENTA)/ACESSÓRIOS:BRINQUEDOS/CARACTERISTICAS DO MODELO: ANDADOR COM BRINQUEDO FIXO ACOPLADO;7898711750108|7898711750115;Incluido;19/06/2023
566955/2012;Ativo;;07/03/2024;;;COMPANHIA DOREL BRASIL PRODUTOS INFANTIS;10659948000107;2135547024;Av. Nilo Peçanha;1516;1582;28030035;Pq dos Rodoviários;Campos dos Goytacaze;RJ;standard@dorel.com.br;COMPANHIA DOREL BRASIL PRODUTOS INFANTIS;Andadores Infantis;Portaria Inmetro nº 129 de 19/03/2021;;IN2040823;Modelo 5;;N;Brasil;Infanti;APPIA - HE022 - AZUL/ROSA - MAT.:PP, POLIÉSTER,PTA, EG, POLIPROPILENO E POLIETILENO.DIMENSÕES:56,5X68X60,5CM/;SIST. DE TRAVAMENTO: LIBERAÇÃO EM 2 AÇÕES CONSECUTIVAS/SIST. DE MONTAGEM E FERRAGEM: MANUAL (S/ FERRAMENTAS)/ACES.: BANDEJA DE BRINQUEDOS/ANDADOR COM BRINQUEDO;7908238809774|7908238809781;Excluido;10/04/2026
287698/1951;Inativo;;11/01/2023;;;COMPANHIA DOREL BRASIL PRODUTOS INFANTIS;10659948000883;2135547024;Av. Nilo Peçanha;1516 ;Galpão 3 ;28030035;Pq dos Rodoviários;Campos dos Goytacaze;RJ;standard@dorel.com.br;Jin Sun Gee Plastics Co., Ltd;Andadores Infantis;Portaria Inmetro nº 129 de 19/03/2021;;IN1722522;;;S;Formosa (Taiwan);Cosco;BG-1518. Nome comercial: Follow. Versões: Azul e Laranja.;Ferro, plástico, PP,PET, PU e poliéster. 60 x 49 x 68 cm.Trav:Lib.2 ações cons., Encaixe,aces: Brinquedos.;7908238808043|7908238808050;Incluido;11/01/2023
989639/1960;Ativo;;07/08/2024;;;AMAZONAS IMPORTADOS LTDA;07269201000138;9691131654;Rua Independência;175;;68900090;Central;Macapa;AP;adriana.abreu@amazonasimportados.com.br;YIWU BALBIAN ELECTRONIC TECHNOLOGICAL CO., LTD;Andadores Infantis;Portaria Inmetro nº 129 de 19/03/2021;;IN2086424-3;;;S;China, República Popular;LÉ PETIT;MODE,BABY WALKER/REF:LP-9824/ CONT: ANDADOR COM BRINQUEDO ACOPLADO:/VERSÕES:AZUL,VERDE,ROSA.;MATL:PP E POLIÉSTER/DIM:66X54X52CM/SIST DE TRAV:LIBERAÇÃO EM DUAS AÇÕES CONSECUTIVAS/SIST DE MONT E FERR :MANUAL (SEM FERRAMENTA)/ACESSÓRIOS:N/A.CARACT DO MODELO:;7453116003640;Incluido;07/08/2024
273554/2003;Inativo;;14/08/2019;;;Companhia Dorel Brasil Produtos Infantis;10659948000107;2135633602;Av. Nilo Peçanha;1516 /1582;Térreo;28030035;Pq dos Rodoviários;Campos dos Goytacaze;RJ;mariana.magalhaes@dorel.com.br;JIN SUN GEE PLASTIC CO.,LTD;Andadores Infantis;Portaria Inmetro nº 42 de 19/01/2018;;OCAN-AND.145/19-1;;;S;Formosa (Taiwan);Voyage;BG-1518;Nome Fantasia: Baby Step. Cores: Rosa e Azul. Material: Ferro, Plástico e Polipropileno. 60x49x68cm. Sistema Travamento e Montagem:Manual. Acessórios: Bandeja.;7908238801280|7908238801297;Incluido;14/08/2019
567569/1929;Ativo;;07/08/2024;;;AMAZONAS IMPORTADOS LTDA;07269201000138;9691131654;Rua Independência;175;;68900090;Central;Macapa;AP;adriana.abreu@amazonasimportados.com.br;YIWU BALBIAN ELECTRONIC TECHNOLOGICAL CO., LTD;Andadores Infantis;Portaria Inmetro nº 129 de 19/03/2021;;IN2086424-3;;;S;China, República Popular;LÉ PETIT;MODE,BABY WALKER/REF:LP-9824/ CONT: ANDADOR COM BRINQUEDO ACOPLADO:/VERSÕES:AZUL,VERDE,ROSA.;MATL:PP E POLIÉSTER/DIM:66X54X52CM/SIST DE TRAV:LIBERAÇÃO EM DUAS AÇÕES CONSECUTIVAS/SIST DE MONT E FERR :MANUAL (SEM FERRAMENTA)/ACESSÓRIOS:N/A.CARACT DO MODELO:;7453116003640;Incluido;07/08/2024
033232/1938;Ativo;;09/09/2026;;;TUTTI BABY INDUSTRIA E COMERCIO DE ARTIGOS INFANTIS LTDA;06981862000129;4733794000;Rua Vicente Zanotti;177;Galpão 01;89381270;Industrial Zaferino ;Massaranduba;SC;heloiza.souza@tuttibaby.com.br;TUTTI BABY INDUSTRIA E COMERCIO DE ARTIGOS INFANTIS LTDA;Andadores Infantis;Portaria Inmetro nº 129 de 19/03/2021;;CE-AND/IQB 000013 57036/26-001;Modelo 5;;N;Brasil;TUTTI BABY;ANDADOR SAFARI - REF. 40002003,40002004,40002007,40003004,40004002,40004003;ESTRU.MET.:ACO TUBULAR,BRINQ:PLAST. DE ENG.,REVEST. TEXTIL:ALGODAO/51X61X70 CM/DOIS DISP. DE TRAV. INDEPENDENTES SENDO OPERADOS SIMULT./PARAFUSOS E MONT. DE PÇS PLAST./BRINQ. CERTIF.E ADESIVO-57036/26;7898431501615|7898431501622|7898431501639|7898431501684|7898431501691|7898431501707;Incluido;09/09/2026
116397/1929;Ativo;;12/04/2021;;;TUTTI BABY INDUSTRIA E COMERCIO DE ARTIGOS INFANT;06981862000129;4733794000;Rod. Guilherme Jensen;0;Galpão 01;89108000;Distrito Industrial;Massaranduba;SC;qualidade@tuttibaby.com.br;TUTTI BABY INDUSTRIA E COMERCIO DE ARTIGOS INFANT;Andadores Infantis;Portaria Inmetro nº 129 de 19/03/2021;;CE-AND/IQB 000005 54149/20-001;Modelo 5;;N;Brasil;Tutti Baby;Andador 40.001;ESTRUT.MET. DE AÇO TUB.PLÁST. DE ENG.ALGODÃO.48CM X60,5CMX70CM,COM DUAS AÇÕESCONSEC PARA LIB.REB.E PARAF.BRINQ. E ADES.BASE SUP.BASE INF.FREIO ANTI-QUEDA E CONJ.DE RODAS,PNEU DA RODA TRAS. E TRAVA ANT;7898431501219|7898431501226|7898431501233;Incluido;12/04/2021
973015/1942;Ativo;;29/01/2025;;;HCM INDUSTRIA E IMPORTACAO LTDA;12538691000160;3798753533;RUA SERGIPE ;1963;;35591096;SANTA ALEXANDRINA;LAGOA DA PRATA;MG;compras@hcmmalta.com.br;HCM INDUSTRIA E IMPORTACAO LTDA;Andadores Infantis;Portaria Inmetro nº 129 de 19/03/2021;;IN2431224-1;;;N;Brasil;JUMBO BABY;ANDADOR MUSICAL SUPERLUXO JUMBO BABY/Acessórios:Assento,Empurrador,Painel Musical/Caracteristicas do modelo:Andador com brinquedo na bandeja/Versões:AZUL,ROSA,VERMELHO,LARANJA;Mat:POLIPROPILENO (PP)/ACO CARBONO(FERRAGENS)/TECIDO(POLIÉSTER)/Dim:69,5X58,5X14,5/Sist de Trav:Liberação em duas ações consecutivas/Sist de Mont e Fer:Manual(sem ferramenta);7898947715025|7898947715032|7898947715049|7898947715056;Incluido;29/01/2025
564441/1941;Ativo;;30/09/2019;;;BURIGOTTO SA INDUSTRIA E COMERCIO;51460277000138;1934042000;Rua Martino Dragone;280;;13480308;Jardim Santa Barbara;Limeira;SP;carlos.riva@burigotto.com;JIN SUN GEE PLASTICS. CO., LTD.;Andadores Infantis;Portaria Inmetro nº 42 de 19/01/2018;;CE-AND/IQB 000004 53005/19-001;;;S;Formosa (Taiwan);Burigotto;Andador Baby Coupe (ref. com. IXAN3034PK10-Rosa, IXAN3034AZ19-Azul, IXAN3034CL-CL);Andador Infantil, Mat.: Polipropileno, Nylon, Aço, Tecido e Espuma, Dim: 760X650X640mm, Sist. Trav. Automático, Sistema Montagem/Ferragem Rebites, parafusos e Encaixe de peças plásticas, Acessorio: Ba;7896502916146|7896502916160|7896502935550;Incluido;30/09/2019
861573/1955;Ativo;;30/08/2021;;;TA TE TI INDUSTRIA E COMERCIO DE BRINQUEDOS EDUCATIVOS LTDA;30261120000103;4732422225;RUA TIRADENTES;230;;89107000;CENTRO;POMERODE;SC;qualidade3@grupocalesita.com.br;TA TE TI INDUSTRIA E COMERCIO DE BRINQUEDOS EDUCATIVOS LTDA;Andadores Infantis;Portaria Inmetro nº 129 de 19/03/2021;;CE-AND/IQB 000010 55962/23-001;Modelo 5;;N;Brasil;Tateti;Ref.914 - Move Baby;PP, METAL, TECIDO POLIESTER. DIMENSAO: 70,20X59,83X49,12CM. SIST. TRAVAMENTO:FREIO DIANTEIRO E TRASEIRO. SIST DE MONTAGEM: MANUAL/PARAFUSOS PP. ACESSORIOS:BANDEJA DE BRINQUEDOS;7898664632230;Incluido;02/03/2026
155577/1982;Ativo;;16/07/2025;;;KIDDO INDUSTRIA E COMERCIO LTDA;60688090000187;1147870744;Rodovia Regis Bittencourt ;3666;;06793000;Jardim Três Marias ;Taboão da Serra;SP;m.nascimento@kiddo.com.br;JIN SUN GEE PLASTIC CO., LTD;Andadores Infantis;Portaria Inmetro nº 129 de 19/03/2021;;IN2735125;Modelo 5;;S;China, República Popular;Whoop;ANDADOR PASSINHOS 2 EM 1 REF. 8701/CINZA/ROSA/AZUL;MATERIAL:PP. POLIES/DIMENSÕES:59,5X68X53CM/SIST.DE.TRAVAM.:LIBER.EM DUAS AÇÕES CONSECUTIVAS/SIST.DE.MONTAG.E.FERRAGEM:MANUAL (SEM AUX. DE FERRAM)/ACESSÓRIOS:BRINQ./CARACT. DO MODELO:ANDADOR C/ BRINQ.;7896517223871|7896517223888|7896517223895;Incluido;16/07/2025
891414/1945;Ativo;;09/09/2026;;;TUTTI BABY INDUSTRIA E COMERCIO DE ARTIGOS INFANTIS LTDA;06981862000129;4733794000;Rua Vicente Zanotti;177;Galpão 01;89381270;Industrial Zaferino ;Massaranduba;SC;heloiza.souza@tuttibaby.com.br;TUTTI BABY INDUSTRIA E COMERCIO DE ARTIGOS INFANTIS LTDA;Andadores Infantis;Portaria Inmetro nº 129 de 19/03/2021;;CE-AND/IQB 000013 57036/26-001;Modelo 5;;N;Brasil;TUTTI BABY;ANDADOR SAFARI - REF. 40002003,40002004,40002007,40003004,40004002,40004003;ESTRU.MET.:ACO TUBULAR,BRINQ:PLAST. DE ENG.,REVEST. TEXTIL:ALGODAO/51X61X70 CM/DOIS DISP. DE TRAV. INDEPENDENTES SENDO OPERADOS SIMULT./PARAFUSOS E MONT. DE PÇS PLAST./BRINQ. CERTIF.E ADESIVO-57036/26;7898431501615|7898431501622|7898431501639|7898431501684|7898431501691|7898431501707;Incluido;09/09/2026
938158/2011;Ativo;;05/08/2021;;;GALZERANO INDUSTRIA DE CARRINHOS E BERCOS LTDA;43594977000197;19999947357;Via Prefeito Jurandyr Paixão;700;;13481149;Jd. Campo Belo;Limeira;SP;luisfernando.camargo@galzerano.com.br;GALZERANO INDUSTRIA DE CARRINHOS E BERCOS LTDA;Andadores Infantis;Portaria Inmetro nº 129 de 19/03/2021;;CE-AND/IQB 000006 54618/21-001;;;N;Brasil;GALZERANO;Ref.: 4050-Andador Torino. Versões: 4050PTR (Preto Rosa), 4050PTT (Preto Terracota);Mat Tec poliest Espum PP PA6 Master Tint Tub aço Itens fix/aviam CxLxA(cm) 71x62,5x51,5 Trav Trilh plást c/ botão destrav e reg alt Acess Band brinq não remove retrov Caract Tec Pçs plást Tint Ferrage;7908200102193|7908200102209;Excluido;01/09/2021
964200/1994;Inativo;;14/08/2019;;;Companhia Dorel Brasil Produtos Infantis;10659948000107;2135633602;Av. Nilo Peçanha;1516 /1582;Térreo;28030035;Pq dos Rodoviários;Campos dos Goytacaze;RJ;mariana.magalhaes@dorel.com.br;JIN SUN GEE PLASTIC CO.,LTD;Andadores Infantis;Portaria Inmetro nº 42 de 19/01/2018;;OCAN-AND.145/19-4;;;S;Formosa (Taiwan);Voyage;BG1401;Nome Fantasia: Buggy. Cores: Rosa e Azul. Material: Ferro, plástico, PP e PU. 42 x 58.5 x 65 cm. Sistema de Travamento e Montagem: Manual. Acessórios: Bandeja;7898509475206|7898509475213;Incluido;14/08/2019
786296/1936;Ativo;;01/12/2021;;;FAST TRADING IMPORTACAO, EXPORTACAO E COMERCIO DE BEBIDAS EIRELI;34076058000130;8130191960;AV. GOVERNADOR AGAMENON MAGALHÃES,  EDF. EMPRESSARIAL RENATO DIAS - ANDAR 15º, SALA 1502 ;4318;SALA 1502;52010075;PAISSANDU; RECIFE;PE;ricardo.ferreira@fasttradingimport.com.br;China Zhejiang Techincal Co. Ltd;Andadores Infantis;Portaria Inmetro nº 42 de 19/01/2018;;OCAN-AND.514/21-1;;;S;China, República Popular;Fast;602;Material:	PP, Ferro e Poliester/ Dimensões:	63 x 57 x 53 cm/ Sistema de Travamento: Travamento automático com liberação em duas ações consecutivas/ Sistema de Montagem e Ferragem: Manual	/Acessórios: ;;Incluido;01/12/2021
369612/2007;Ativo;;22/11/2023;;;JASSUMAL LTDA;04214425000154;62811924131;AV SETE SETEMBRO;852;;69005140;CENTRO;MANAUS;AM;dgjohnny@gmail.com;PINGHU SHI XIAOTIANDI CHILDREN?S PRODUCTS FACTORY;Andadores Infantis;Portaria Inmetro nº 129 de 19/03/2021;;IN1984323;;;S;China, República Popular;BABY SPORTS;ANDADOR JASSUMAL /REF: BS103 /VERSÕES:Azul Claro e Escuro - BS103A/Rosa Claro e Escuro - BS103R/Roxo e Rosa Escuro - BS103RR;MATERIAL:PP, FERRO E POLIÉSTER|DIMENSÕES:63 X 57 X 53 CM|SISTEMA DE TRAVAMENTO:LIBERAÇÃO EM DUAS AÇÕES CONSECUTIVAS|SISTEMA DE MONTAGEM E FERRAGEM:MANUAL (SEM FERRAMENTA)|ACESSÓRIOS:N/A|CARACTERISTICA;6901041000155;Incluido;22/11/2023
388414/1936;Ativo;;17/06/2024;;;MEGA COMPRAS PRESENTES.COM LTDA;02561195000174;4191284769;RUA ELDORADO;511;511;09550720;PROSPERIDADE;SÃO CAETANO DO SUL;SP;contabilidade@grupogmac.com;HEBEI HAOKU CHILDREN TOYS CO., LTD;Andadores Infantis;Portaria Inmetro nº 129 de 19/03/2021;;IN2152424;;;S;China, República Popular;MEGA COMPRAS;ANDADOR PARA BEBÊS-PREMIUM-REF:MC923/MC923AZ/MC923RS/MC923CZ/MATERIAL:PP E POLIÉSTER/DIMENSÕES:65X 48X46 CM/ CONT: ANDADOR COM BRINQUEDO ACOPLADO;SISTEMA DE TRAVAMENTO:DOIS DISPOSITIVOS DE TRAVAMENTO INDEPENDENTES SENDO OPERADOS SIMULTÂNEAMENTE/SISTEMA DE MONTAGEM E FERRAGEM:MANUAL (SEM FERRAMENTA)/ACESSÓRIOS:BRINQUEDO/CARACTERISTICAS DO MODELO;7898692799028|7898692799578|7898692799585;Incluido;17/06/2024
530232/1928;Inativo;;14/08/2019;;;Companhia Dorel Brasil Produtos Infantis;10659948000107;2135633602;Av. Nilo Peçanha;1516 /1582;Térreo;28030035;Pq dos Rodoviários;Campos dos Goytacaze;RJ;mariana.magalhaes@dorel.com.br;JIN SUN GEE PLASTIC CO.,LTD;Andadores Infantis;Portaria Inmetro nº 42 de 19/01/2018;;OCAN-AND.145/19-4;;;S;Formosa (Taiwan);Voyage;BG1401;Nome Fantasia: Buggy. Cores: Rosa e Azul. Material: Ferro, plástico, PP e PU. 42 x 58.5 x 65 cm. Sistema de Travamento e Montagem: Manual. Acessórios: Bandeja;7898509475206|7898509475213;Incluido;14/08/2019
449581/2008;Inativo;;19/06/2023;;;VANMAX COMERCIO LTDA;84114198000124;9231337050;RUA CEL SERGIO PESSOA;91;;69005030;CENTRO;MANAUS;AM;GERENTEDEVENDAS@VANMAX.COM.BR;PINGHU SHI XIAOTIANDI CHILDREN´S PRODUCTS FACTORY;Andadores Infantis;Portaria Inmetro nº 129 de 19/03/2021;;IN1811123;;;S;China, República Popular;BRINKMAX;997A/ NOME COMERCIAL: ANDAJÁ/VERSÕES: AZUL - 582597/ROSA - 582596/VERMELHO - 582598/VERMELHO/BRANCO - 582599 - MAT.: FERRO,POLIPROPILENO E POLIÉSTER/DIM.:67X57X54CM;SIST.DE TRAVA.:LIBERAÇÃO EM DUAS AÇÕES CONSECUTIVAS/SIST.DE MONT.E FERR.MAN.(SEM FERRAMENTA)/ACESSÓRIOS: BRINQUEDO/CARACTERISTICAS DO MODELO: ANDADOR INFANTIL COM BRINQUEDO ACOPLADO;7890785825966|7890785825973|7890785825980|7890785825997;Incluido;19/06/2023
217750/1932;Ativo;;01/12/2021;;;HEMNANI COMERCIO DE VARIEDADES LTDA.;05469291000185;1124143633;Rua Marcílio Dias;304;N/A;69005270;Centro;Manaus;AM;papush@uol.com.br;China Zhejiang Techincal Co. Ltd;Andadores Infantis;Portaria Inmetro nº 42 de 19/01/2018;;OCAN-AND.189/21-1;;;S;China, República Popular;SITA;AKH602;Material: PP, Ferro e Poliester - Dimensões: 655 mm X 560mm X 500 mm - Sistema de Travamento: Travamento automatico com liberação em duas ações consecutivas - Sistema de Montagem e Ferragem: MANUAL;;Incluido;01/12/2021
259489/1957;Inativo;;24/09/2019;;;Galzerano Indústria de Carrinhos e Berços Ltda;43594977000197;1934043030;Via Prefeito Jurandyr Paixão;700;;13481149;Jd. Campo Belo;Limeira;SP;luisfernando.camargo@galzerano.com.br;SHEN ZHEN WEI MEI CHILDCARE PRODUCT LIMITED COMPANY;Andadores Infantis;Portaria Inmetro nº 42 de 19/01/2018;;CE-AND/IQB 000006 53504/20-001;;;S;China, República Popular;GALZERANO;Andador de bebê 4 em 1 Funny - Versões: Color (CR), Verde Água (VDA);Mat Tec poli Espum Resin plást Itens fix Dimens 75Cx71Lx55A(cm) Sist trav Dobradiç plást c/ botã acion Sist mont frenag Encaix manua Mod Andador c/ módul sonor Pçs girat Cores divers Acess Brinq remov;7898089221477|7898089221996;Incluido;24/09/2019
596762/2001;Ativo;;07/08/2024;;;AMAZONAS IMPORTADOS LTDA;07269201000138;9691131654;Rua Independência;175;;68900090;Central;Macapa;AP;adriana.abreu@amazonasimportados.com.br;YIWU BALBIAN ELECTRONIC TECHNOLOGICAL CO., LTD;Andadores Infantis;Portaria Inmetro nº 129 de 19/03/2021;;IN2086424-3;;;S;China, República Popular;LÉ PETIT;MODE,BABY WALKER/REF:LP-9824/ CONT: ANDADOR COM BRINQUEDO ACOPLADO:/VERSÕES:AZUL,VERDE,ROSA.;MATL:PP E POLIÉSTER/DIM:66X54X52CM/SIST DE TRAV:LIBERAÇÃO EM DUAS AÇÕES CONSECUTIVAS/SIST DE MONT E FERR :MANUAL (SEM FERRAMENTA)/ACESSÓRIOS:N/A.CARACT DO MODELO:;7453116003640;Incluido;07/08/2024
743596/1934;Ativo;;09/09/2026;;;TUTTI BABY INDUSTRIA E COMERCIO DE ARTIGOS INFANTIS LTDA;06981862000129;4733794000;Rua Vicente Zanotti;177;Galpão 01;89381270;Industrial Zaferino ;Massaranduba;SC;heloiza.souza@tuttibaby.com.br;TUTTI BABY INDUSTRIA E COMERCIO DE ARTIGOS INFANTIS LTDA;Andadores Infantis;Portaria Inmetro nº 129 de 19/03/2021;;CE-AND/IQB 000013 57036/26-001;Modelo 5;;N;Brasil;TUTTI BABY;ANDADOR SAFARI - REF. 40002003,40002004,40002007,40003004,40004002,40004003;ESTRU.MET.:ACO TUBULAR,BRINQ:PLAST. DE ENG.,REVEST. TEXTIL:ALGODAO/51X61X70 CM/DOIS DISP. DE TRAV. INDEPENDENTES SENDO OPERADOS SIMULT./PARAFUSOS E MONT. DE PÇS PLAST./BRINQ. CERTIF.E ADESIVO-57036/26;7898431501615|7898431501622|7898431501639|7898431501684|7898431501691|7898431501707;Incluido;09/09/2026
729810/1946;Ativo;;03/04/2023;;;PLANETA - IMPORTACAO E DISTRIBUICAO DE BRINQUEDOS LTDA;13434272000141;1138951572;AV VASCO MASSAFELI;1000;G1A M1-21;06703600;JARDIM MARIA TEREZA;COTIA;SP;admin@planetadobebe.com.br;HEBEI WANXIN CHILDREN TOYS CO.,LTD.;Andadores Infantis;Portaria Inmetro nº 129 de 19/03/2021;;IN1765923;Modelo 5;;S;China, República Popular;MAXI BABY;ANDADOR LA BAMBA - NW-01 - AZUL #21537/ROSA #21538/VERMELHO #75268;MAT: PP E PAR. ABS, AÇO DE ALT. CARB.-RODA ELAST. TERM.,PVC/DIM:580X680X550(LXCXH)/SIS_TRAV:LIBE.EMDUAS AÇÕES CONS./SIS_MONT E FER:MAN.(S/FER.)/ACES:BAND C BRINQ./CARAC.DO MOD:ANDADOR C BRI.(BAD. MUS.;7898975752689|7899403215370|7899403215387;Excluido;18/03/2026
037600/1961;Ativo;;05/08/2021;;;GALZERANO INDUSTRIA DE CARRINHOS E BERCOS LTDA;43594977000197;19999947357;Via Prefeito Jurandyr Paixão;700;;13481149;Jd. Campo Belo;Limeira;SP;luisfernando.camargo@galzerano.com.br;GALZERANO INDUSTRIA DE CARRINHOS E BERCOS LTDA;Andadores Infantis;Portaria Inmetro nº 129 de 19/03/2021;;CE-AND/IQB 000006 54618/21-001;;;N;Brasil;GALZERANO;Ref.: 4050-Andador Torino. Versões: 4050RO (Rosa), 4050TER (Terracota);Mat Tec poliest TNT Espum PP PA6 Master Tint Tub aço Item fix/aviam CxLxA(cm) 71x62,5x51,5 Trav Trilh plást c/ botão destrav e reg alt Acess Band brinq não remov retrov Carac Tec Pçs plást Tint Ferrag;7908200102247|7908200102254;Excluido;11/05/2022
331604/1987;Ativo;;01/12/2021;;;FAST TRADING IMPORTACAO, EXPORTACAO E COMERCIO DE BEBIDAS EIRELI;34076058000130;8130191960;AV. GOVERNADOR AGAMENON MAGALHÃES,  EDF. EMPRESSARIAL RENATO DIAS - ANDAR 15º, SALA 1502 ;4318;SALA 1502;52010075;PAISSANDU; RECIFE;PE;ricardo.ferreira@fasttradingimport.com.br;China Zhejiang Techincal Co. Ltd;Andadores Infantis;Portaria Inmetro nº 42 de 19/01/2018;;OCAN-AND.514/21-1;;;S;China, República Popular;Fast;602;Material:	PP, Ferro e Poliester/ Dimensões:	63 x 57 x 53 cm/ Sistema de Travamento: Travamento automático com liberação em duas ações consecutivas/ Sistema de Montagem e Ferragem: Manual	/Acessórios: ;;Incluido;01/12/2021
807288/1977;Inativo;;14/08/2019;;;Companhia Dorel Brasil Produtos Infantis;10659948000107;2135633602;Av. Nilo Peçanha;1516 /1582;Térreo;28030035;Pq dos Rodoviários;Campos dos Goytacaze;RJ;mariana.magalhaes@dorel.com.br;JIN SUN GEE PLASTIC CO.,LTD;Andadores Infantis;Portaria Inmetro nº 42 de 19/01/2018;;OCAN-AND.145/19-1;;;S;Formosa (Taiwan);Voyage;BG-1518;Nome Fantasia: Baby Step. Cores: Rosa e Azul. Material: Ferro, Plástico e Polipropileno. 60x49x68cm. Sistema Travamento e Montagem:Manual. Acessórios: Bandeja.;7908238801280|7908238801297;Incluido;14/08/2019
625608/2013;Ativo;;27/08/2026;;;MADHULA COMERCIO DE ARTIGOS ELETROELETRONICOS LTDA;03838532000190;92994433107;Rua Marcilio Dias;166;;69005270;Centro;Manaus;AM;mayapunjwani@gmail.com;PINGHU XIAOTIANDI CHILDREN?S PRODUCTS FACTORY;Andadores Infantis;Portaria Inmetro nº 129 de 19/03/2021;;IN3141126-2;Modelo 5;;S;China, República Popular;BENMEK;ANDADOR MADHULA/ MA101/ Rosa - MA101R/ Azul - MA101A/ Verde - MA101V/ Laranja - MA101L;MAT.:PP, FERRO E POLIÉSTER/DIM.:63X57X53 CM/SIST. DE TRAV.:LIBERAÇÃO EM DUAS AÇÕES CONSECUTIVAS/SIST. MONT. E FERR.:MANUAL (SEM FERRAMENTA)/ACESS.:BRINQUEDO/CARACT. DO MOD.:ANDADOR COM BRINQUEDO;6901031000158;Incluido;27/08/2026
919623/1939;Inativo;;14/08/2019;;;Companhia Dorel Brasil Produtos Infantis;10659948000107;2135633602;Av. Nilo Peçanha;1516 /1582;Térreo;28030035;Pq dos Rodoviários;Campos dos Goytacaze;RJ;mariana.magalhaes@dorel.com.br;JIN SUN GEE PLASTIC CO.,LTD;Andadores Infantis;Portaria Inmetro nº 42 de 19/01/2018;;OCAN-AND.145/19-2;;;S;Formosa (Taiwan);Cosco;BG-2023;Nome Fantasia: Goal Walker 4 em 1. Cores: Rosa e Azul. Material: Ferro, Plástico, PP e PU. 74 x 44x 66.5 cm. Sistema de Travamento e Montagem: Manual. Acessórios: Bandeja de Brinquedos.;7898509478375|7898509478665;Incluido;14/08/2019
213627/1966;Ativo;;01/12/2021;;;HEMNANI COMERCIO DE VARIEDADES LTDA.;05469291000185;1124143633;Rua Marcílio Dias;304;N/A;69005270;Centro;Manaus;AM;papush@uol.com.br;China Zhejiang Techincal Co. Ltd;Andadores Infantis;Portaria Inmetro nº 42 de 19/01/2018;;OCAN-AND.189/21-1;;;S;China, República Popular;SITA;AKH602;Material: PP, Ferro e Poliester - Dimensões: 655 mm X 560mm X 500 mm - Sistema de Travamento: Travamento automatico com liberação em duas ações consecutivas - Sistema de Montagem e Ferragem: MANUAL;;Incluido;01/12/2021
113582/2000;Inativo;;14/01/2021;;;GALZERANO INDUSTRIA DE CARRINHOS E BERCOS LTDA;43594977000197;1934043030;Via Prefeito Jurandyr Paixão;700;;13481149;Jd. Campo Belo;Limeira;SP;luisfernando.camargo@galzerano.com.br;HUNGSENG HARDWARE PLASTIC (DG) CORP., LTD;Andadores Infantis;Portaria Inmetro nº 42 de 19/01/2018;;CE-AND/IQB 000006 54018/20-001;;;S;China, República Popular;GALZERANO;Ref.: 4015-Andador 3 em 1 Fênix. Versões: 4015CR (Color);Mat Tec polié Espum Resin plást Itens fixação Dimens 103x103x72(cm) Sist travamento suporte plástico c/ encaixe Sist montagem/ferragem encaixes manuais Acessório: Bandeja de brinquedos não removíveis;7908200101936;Incluido;14/01/2021
441448/1979;Ativo;;17/06/2024;;;MEGA COMPRAS PRESENTES.COM LTDA;02561195000174;4191284769;RUA ELDORADO;511;511;09550720;PROSPERIDADE;SÃO CAETANO DO SUL;SP;contabilidade@grupogmac.com;HEBEI HAOKU CHILDREN TOYS CO., LTD;Andadores Infantis;Portaria Inmetro nº 129 de 19/03/2021;;IN2152424;;;S;China, República Popular;MEGA COMPRAS;ANDADOR PARA BEBÊS-PREMIUM-REF:MC923/MC923AZ/MC923RS/MC923CZ/MATERIAL:PP E POLIÉSTER/DIMENSÕES:65X 48X46 CM/ CONT: ANDADOR COM BRINQUEDO ACOPLADO;SISTEMA DE TRAVAMENTO:DOIS DISPOSITIVOS DE TRAVAMENTO INDEPENDENTES SENDO OPERADOS SIMULTÂNEAMENTE/SISTEMA DE MONTAGEM E FERRAGEM:MANUAL (SEM FERRAMENTA)/ACESSÓRIOS:BRINQUEDO/CARACTERISTICAS DO MODELO;7898692799028|7898692799578|7898692799585;Incluido;17/06/2024
412881/2025;Ativo;;27/03/2026;;;HEMNANI COMERCIO DE VARIEDADES LTDA.;05469291000185;9232330121;Rua Marcílio Dias;304;;69005270;Centro;Manaus;AM;hemnanibr@yahoo.com;PINGHU XIAOTIANDI CHILDREN?S PRODUCTS FACTORY;Andadores Infantis;Portaria Inmetro nº 129 de 19/03/2021;;IN2911926;Modelo 5;;S;China, República Popular;SITA;ANDADOR AKH602 - AKH602 - AVIÃO - AVIAO;MAT:PP,FERRO E POLIE./DIM:70 X62.5 X 51 CM/SISTEMA DE TRAVAMENTO:LIBERAÇÃO EM DUAS AÇÕES CONSECUTIVAS/SISTEMA DE MONTAGEM E FERRAGEM:MAN.(S/FERRAM.)/ACESS:BAND.MUSI./CARAC.DO MOD.:AND.COM BAND.MUSI.;0618231660148;Incluido;27/03/2026
567569/1929;Ativo;;30/06/2026;;;MARKETGOOL TRADING IMPORTACAO E EXPORTACAO LTDA;18787076000174;11947652325;ROD RODOLFO JAHN;326;ANEXO 92;89237680; VILA NOVA;JOINVILLE;SC;alexandre.morroni@hotmail.com;PINGHU XIAOTIANDI CHILDREN''S PRODUCTS FACTORY;Andadores Infantis;Portaria Inmetro nº 129 de 19/03/2021;;IN3048926;Modelo 5;;S;China, República Popular;MARKETGOOL;Designação Comercial: Andador Marketgool / Código de referência comercial / MKG-010 / ROSA;Mat: PP, FERRO E POLIÉSTER / Dim: 65X55X45 CM/ SIST DE TRAV: Liberação em duas ações consecutivas/ Acess: Brinquedo do andador/ Caract do mod: Andador com Brinquedo;0070341132777;Incluido;30/06/2026
166872/2000;Inativo;;19/04/2021;;;COMPANHIA DOREL BRASIL PRODUTOS INFANTIS;10659948000107;02135547024;Av. Nilo Peçanha;1516 /1582;Térreo;28030035;Pq dos Rodoviários;Campos dos Goytacaze;RJ;mariana.magalhaes@dorel.com.br;Jin Sun Gee Plastic Co.,Ltd;Andadores Infantis;Portaria Inmetro nº 42 de 19/01/2018;;OCAN-AND.145/21-5;;;S;Formosa (Taiwan);Safety 1st;HE001. Andador Spacewalker. Cores: Grey e Orange.;PP, Ferro, ABS. 58x65.5x71.5cm.Trav.Manual.Sist.Mont.Fren.Manual. Bandeja de Brinquedos.;7908238803932|7908283803949;Incluido;19/04/2021
507631/1992;Ativo;;07/02/2022;;;TUTTI BABY INDUSTRIA E COMERCIO DE ARTIGOS INFANTIS LTDA;06981862000129;4733794000;Rod. Guilherme Jensen, SC413, km13;0;;89108000;Distrito Industrial;Massaranduba;SC;certificacao@tuttibaby.com.br;TUTTI BABY INDUSTRIA E COMERCIO DE ARTIGOS INFANTIS LTDA;Andadores Infantis;Portaria Inmetro nº 129 de 19/03/2021;;IN2869325;Modelo 5;;N;Brasil;TUTTI BABY;DESIGNAÇÃO COMERC SAFARI II (AZUL/ROSA/VERMELHO),PRINCESA ROSA COROA,ACQUA,EXPLORADOR (CINZA/ ROXO) CÓD D REF COMERC:ANDAD 40.002/40002003/40002004/40002007/40003004/40004002/40004003 CARACT DO MODELO:ANDADOR C BRINQUEDO;MAT:ESTRUTURA METALICA - AÇO TUBULAR/DIM:48X60,5X70CM/SIST DE TRAVA:LIBERAÇ EM 2AÇÕES CONSECUT/SIST DE MONTAGEM E FERRAGEM:PARAFUSOS E REBITES/ACESSÓ:BRINQUEDOS E ADESIVOS;7898431501615|7898431501622|7898431501639|7898431501684|7898431501691|7898431501707;Excluido;10/12/2025
597689/1977;Ativo;;26/07/2024;;;DARDARA COMERCIO IMPORTACAO E EXPORTACAO LTDA;07774907000157;11964220291;R VALENTIM MAGALHAES;95;***;03184090;ALTO DA MOOCA;SÃO PAULO;SP;sac@dardara.com.br;FOSHAN BAOLIMEI BABY CARRIER CO., ;Andadores Infantis;Portaria Inmetro nº 129 de 19/03/2021;;IN2255924;;;S;China, República Popular;DARDARA;ANDADOR CARRO FD-2407 / VERSÕES: AZUL E ROSA;MAT:PP,METAL E POLIÉSTER/DIM:740X630X510MM/SIST DE TRAVA:LIB EM 2 AÇÕES CONSECUT/SIST DE MONT/FERRAG:MANUAL(C/FERRAMENTAS)/ACESSÓRIOS: BRINQ/CARACT DO MODELO:ANDADOR C/BRINQ INTEGRADO;7898572462738|7898572462755;Incluido;26/07/2024
801635/2018;Ativo;;01/12/2021;;;FAST TRADING IMPORTACAO, EXPORTACAO E COMERCIO DE BEBIDAS EIRELI;34076058000130;8130191960;AV. GOVERNADOR AGAMENON MAGALHÃES,  EDF. EMPRESSARIAL RENATO DIAS - ANDAR 15º, SALA 1502 ;4318;SALA 1502;52010075;PAISSANDU; RECIFE;PE;ricardo.ferreira@fasttradingimport.com.br;China Zhejiang Techincal Co. Ltd;Andadores Infantis;Portaria Inmetro nº 42 de 19/01/2018;;OCAN-AND.514/21-1;;;S;China, República Popular;Fast;602;Material:	PP, Ferro e Poliester/ Dimensões:	63 x 57 x 53 cm/ Sistema de Travamento: Travamento automático com liberação em duas ações consecutivas/ Sistema de Montagem e Ferragem: Manual	/Acessórios: ;;Incluido;01/12/2021
032908/1979;Ativo;;19/02/2026;;;RGM  COMERCIO E SERVICOS LTDA;18007664000148;11996294240;Avenida Angélica;511;Cj. 904;01227100;Santa Cecilia;São Paulo;SP;papush@uol.com.br;PINGHU XIAOTIANDI CHILDREN?S PRODUCTS FACTORY;Andadores Infantis;Portaria Inmetro nº 129 de 19/03/2021;;IN2911726;Modelo 5;;S;China, República Popular;RGM;ANDADOR DREUX - R602 - AVIÃO - AVIAO;MAT:PP,FERRO E POLIÉ./DIM:70X62.5X51 CM/SIST.DE TRAV.:LIB.EM DUAS AÇÕES CONSECU./SIST.DE MONT.E FERR.:MANUAL (SEM FERRAMENTA)/ACESS:BANDEJA MUSICAL/CARACT.DO MODELO:ANDADOR COM BANDEJA MUSICAL;7898926505616;Incluido;19/02/2026
518323/1993;Ativo;;01/12/2021;;;HEMNANI COMERCIO DE VARIEDADES LTDA.;05469291000185;1124143633;Rua Marcílio Dias;304;N/A;69005270;Centro;Manaus;AM;papush@uol.com.br;China Zhejiang Techincal Co. Ltd;Andadores Infantis;Portaria Inmetro nº 42 de 19/01/2018;;OCAN-AND.189/21-1;;;S;China, República Popular;SITA;AKH602;Material: PP, Ferro e Poliester - Dimensões: 655 mm X 560mm X 500 mm - Sistema de Travamento: Travamento automatico com liberação em duas ações consecutivas - Sistema de Montagem e Ferragem: MANUAL;;Incluido;01/12/2021
095650/1945;Inativo;;24/09/2019;;;Galzerano Indústria de Carrinhos e Berços Ltda;43594977000197;1934043030;Via Prefeito Jurandyr Paixão;700;;13481149;Jd. Campo Belo;Limeira;SP;luisfernando.camargo@galzerano.com.br;SHEN ZHEN WEI MEI CHILDCARE PRODUCT LIMITED COMPANY;Andadores Infantis;Portaria Inmetro nº 42 de 19/01/2018;;CE-AND/IQB 000006 53504/20-001;;;S;China, República Popular;GALZERANO;Andador de bebê 4 em 1 Funny - Versões: Color (CR), Verde Água (VDA);Mat Tec poli Espum Resin plást Itens fix Dimens 75Cx71Lx55A(cm) Sist trav Dobradiç plást c/ botã acion Sist mont frenag Encaix manua Mod Andador c/ módul sonor Pçs girat Cores divers Acess Brinq remov;7898089221477|7898089221996;Incluido;24/09/2019
389654/1971;Ativo;;19/02/2026;;;RGM  COMERCIO E SERVICOS LTDA;18007664000148;11996294240;Avenida Angélica;511;Cj. 904;01227100;Santa Cecilia;São Paulo;SP;papush@uol.com.br;PINGHU XIAOTIANDI CHILDREN?S PRODUCTS FACTORY;Andadores Infantis;Portaria Inmetro nº 129 de 19/03/2021;;IN2911726;Modelo 5;;S;China, República Popular;RGM;ANDADOR DREUX - R602 - AVIÃO - AVIAO;MAT:PP,FERRO E POLIÉ./DIM:70X62.5X51 CM/SIST.DE TRAV.:LIB.EM DUAS AÇÕES CONSECU./SIST.DE MONT.E FERR.:MANUAL (SEM FERRAMENTA)/ACESS:BANDEJA MUSICAL/CARACT.DO MODELO:ANDADOR COM BANDEJA MUSICAL;7898926505616;Incluido;19/02/2026
502973/2011;Ativo;;07/08/2024;;;AMAZONAS IMPORTADOS LTDA;07269201000138;9691131654;Rua Independência;175;;68900090;Central;Macapa;AP;adriana.abreu@amazonasimportados.com.br;YIWU BALBIAN ELECTRONIC TECHNOLOGICAL CO., LTD;Andadores Infantis;Portaria Inmetro nº 129 de 19/03/2021;;IN2086424-3;;;S;China, República Popular;LÉ PETIT;MODE,BABY WALKER/REF:LP-9824/ CONT: ANDADOR COM BRINQUEDO ACOPLADO:/VERSÕES:AZUL,VERDE,ROSA.;MATL:PP E POLIÉSTER/DIM:66X54X52CM/SIST DE TRAV:LIBERAÇÃO EM DUAS AÇÕES CONSECUTIVAS/SIST DE MONT E FERR :MANUAL (SEM FERRAMENTA)/ACESSÓRIOS:N/A.CARACT DO MODELO:;7453116003640;Incluido;07/08/2024
781917/2013;Inativo;;14/01/2021;;;GALZERANO INDUSTRIA DE CARRINHOS E BERCOS LTDA;43594977000197;1934043030;Via Prefeito Jurandyr Paixão;700;;13481149;Jd. Campo Belo;Limeira;SP;luisfernando.camargo@galzerano.com.br;HUNGSENG HARDWARE PLASTIC (DG) CORP., LTD;Andadores Infantis;Portaria Inmetro nº 42 de 19/01/2018;;CE-AND/IQB 000006 54018/20-001;;;S;China, República Popular;GALZERANO;Ref.: 4015-Andador 3 em 1 Fênix. Versões: 4015CR (Color);Mat Tec polié Espum Resin plást Itens fixação Dimens 103x103x72(cm) Sist travamento suporte plástico c/ encaixe Sist montagem/ferragem encaixes manuais Acessório: Bandeja de brinquedos não removíveis;7908200101936;Incluido;14/01/2021
683658/1997;Inativo;;07/10/2019;;;Galzerano Indústria de Carrinhos e Berços Ltda;43594977000197;1934043030;Via Prefeito Jurandyr Paixão;700;;13481149;Jd. Campo Belo;Limeira;SP;luisfernando.camargo@galzerano.com.br;GUANGDONG ZHIHUI CHILDREN?S PRODUCTS CO.,LTD;Andadores Infantis;Portaria Inmetro nº 42 de 19/01/2018;;CE-AND/IQB 000006 53503/20-001;;;S;China, República Popular;GALZERANO;Andador de bebê Magic - Versão: Cinza (CZ), Preto (PT);Mat Tec poli Espum Resin plást Tint Ferrag 70Cx65Lx54A cm Travam trilho plást com botão de destrav e regul alt Mont/frenag manual Andador com pçs girat e cores diversas Acess Bandej Brinq não removív.;7898089221590|7898089222283;Incluido;07/10/2019
977662/2023;Ativo;;07/02/2022;;;TUTTI BABY INDUSTRIA E COMERCIO DE ARTIGOS INFANTIS LTDA;06981862000129;4733794000;Rod. Guilherme Jensen, SC413, km13;0;;89108000;Distrito Industrial;Massaranduba;SC;certificacao@tuttibaby.com.br;TUTTI BABY INDUSTRIA E COMERCIO DE ARTIGOS INFANTIS LTDA;Andadores Infantis;Portaria Inmetro nº 129 de 19/03/2021;;IN2869325;Modelo 5;;N;Brasil;Tutti Baby;Andador Safari II Azul/Rosa/Vermelho/Andador Princesa Rosa Coroa/Andador Acqua Explorador Cinza/Roxo;ESTRUT. MET.AÇO.TUBULAR/48x60,5x70CM/SIST.DE TRAV. COM.DUAS.AÇÕES.CONSECUT.PARA.LIBER./PARAFUSOS.E. REBITES/BRINQUEDOS.E.ADESIVOS;7898431501615|7898431501622|7898431501639|7898431501684|7898431501691|7898431501707;Excluido;12/01/2024
271677/1950;Inativo;;02/04/2020;;;Galzerano Indústria de Carrinhos e Berços Ltda;43594977000197;1934043030;Via Prefeito Jurandyr Paixão;700;;13481149;Jd. Campo Belo;Limeira;SP;luisfernando.camargo@galzerano.com.br;FOSHAN SHUNDE QIJUN TOYS CO., LTD;Andadores Infantis;Portaria Inmetro nº 42 de 19/01/2018;;CE-AND/IQB 000006 53487/19-001;;;S;China, República Popular;GALZERANO;Ref.: 4090 - Liam. Versões: 4090CZ (Cinza), 4090PT (Preto);Mat: Tec poli Espum Resin plást Tinta Ferragens. Dim: 70x65x54(cm). Sist Trav: Trilho plást c/ botão destrav e reg de altura. Sist mont/ferragem: Manual. Acess: Bandej brinq não removív e retrovisores;7908200101431|7908200101448;Incluido;02/04/2020
668632/1974;Ativo;;12/11/2024;;;CACANDO OFERTAS LTDA;23230465000134;11976586700;Rua José Ferreira Crespo;752;Sala 1;08021480;Jardim São Vicente;São Paulo;SP;diegofrancisco22@bol.com.br;STYLL ADMINISTRACAO, INVESTIMENTOS, LOCACOES & SERVICOS LIMITADA;Andadores Infantis;Portaria Inmetro nº 129 de 19/03/2021;;IN2382924;;;N;Brasil;ClickBaby's;Andador Happy baby - Versões AZUL-HAPPY BABY ROSA-HAPPY BABY LARANJA-HAPPY BABY;Mat.Aço Polipropileno.Dim:640x570x470cm.Sist.Trav. Liberação duas ações consecutivas.Sist de Mont e Ferrag:Manual sem ferramenta.Acess: Bandeja c/Brinquedo.Caract/modelo:Andador c/brinquedo na bandeja;7898975097001|7898975097018|7898975097025;Incluido;12/11/2024
565681/1976;Ativo;;27/08/2026;;;MADHULA COMERCIO DE ARTIGOS ELETROELETRONICOS LTDA;03838532000190;92994433107;Rua Marcilio Dias;166;;69005270;Centro;Manaus;AM;mayapunjwani@gmail.com;PINGHU XIAOTIANDI CHILDREN?S PRODUCTS FACTORY;Andadores Infantis;Portaria Inmetro nº 129 de 19/03/2021;;IN3141126-2;Modelo 5;;S;China, República Popular;BENMEK;ANDADOR MADHULA/ MA101/ Rosa - MA101R/ Azul - MA101A/ Verde - MA101V/ Laranja - MA101L;MAT.:PP, FERRO E POLIÉSTER/DIM.:63X57X53 CM/SIST. DE TRAV.:LIBERAÇÃO EM DUAS AÇÕES CONSECUTIVAS/SIST. MONT. E FERR.:MANUAL (SEM FERRAMENTA)/ACESS.:BRINQUEDO/CARACT. DO MOD.:ANDADOR COM BRINQUEDO;6901031000158;Incluido;27/08/2026
859685/2002;Ativo;;07/08/2024;;;AMAZONAS IMPORTADOS LTDA;07269201000138;9691131654;Rua Independência;175;;68900090;Central;Macapa;AP;adriana.abreu@amazonasimportados.com.br;YIWU BALBIAN ELECTRONIC TECHNOLOGICAL CO., LTD;Andadores Infantis;Portaria Inmetro nº 129 de 19/03/2021;;IN2086424-4;;;S;China, República Popular;LÉ PETIT;MODE:BABY WALKER/REF:LP-9917/ CONT: ANDADOR COM BRINQUEDO ACOPLADO/VERSÕES:AZUL,VERMELHO,AMARELO,ROSA.;MAT:PP E POLIÉSTER/DIM:65X54X49CM/SIST DE TRAV:LIBERAÇÃO EM DUAS AÇÕES CONSECUTIVAS/SIST DE MONT E FERRA :MANUAL (SEM FERRAMENTA)/ACES:N/A.CARACTERISTICAS DO MODELO:;7453116024706;Incluido;07/08/2024
569446/1982;Ativo;;03/04/2023;;;PLANETA - IMPORTACAO E DISTRIBUICAO DE BRINQUEDOS LTDA;13434272000141;1138951572;AV VASCO MASSAFELI;1000;G1A M1-21;06703600;JARDIM MARIA TEREZA;COTIA;SP;admin@planetadobebe.com.br;HEBEI WANXIN CHILDREN TOYS CO.,LTD.;Andadores Infantis;Portaria Inmetro nº 129 de 19/03/2021;;IN1765923;Modelo 5;;S;China, República Popular;MAXI BABY;NW-01 - ANDADOR LA BAMBA  / (...) COM BRINQUEDOS/CAR MOD:AND COM BRINQUEDO(BANDEJA MUSICAL);MAT:PP E PARTES EM ABS, AÇO DE ALTO CARB RODA ELASTÔMERO TERMOPLÁSTICO, PVC/DIM:580X680X550(LXCXH)/SIS TRA:LIBERAÇÃO EM DUAS AÇÕES CONSECUTIVAS SIS DE MON E FER:MANUAL(S/ FERRAMENTA)/ACE:BANDEJA (...);7899403215370|7899403215387;Excluido;28/02/2025
153700/1929;Ativo;;20/12/2019;;;TAPUZIM COMERCIAL LTDA;00513418000100;1138569063;Av. Monte Celeste;230;250;02561000;Vila S. Maria;São Paulo;SP;ehs0770@hotmail.com;SHEN ZHEN WEI MEI CHILDCARE PRODUCT LIMITED COMPANY;Andadores Infantis;Portaria Inmetro nº 42 de 19/01/2018;;OCAN-AND.165/19-2;;;S;China, República Popular;baby style;SPACECAR - VERSÕES: Andador car - Ref. 21302 / Andador space - Ref. 33117;Material: Plástico, metal e tecido. Dimensões: 59 x 59 x 69 cm , Sistema de Travamento: Stoper, Sistema de Montagem e Ferragem: Tesoura, Acessórios: Bandeja musical;4532213022990|4532331172997;Incluido;20/12/2019
447704/1955;Ativo;;19/06/2026;;;LILI FLORES ARTESANAIS LTDA;50509301000113;2199999999;R SANTO SEPULCRO;00279;;21350220;MADUREIRA;RIO DE JANEIRO;RJ;xiaoweiliu663@gmail.com;PINGHU XIAOTIANDI CHILDREN''S PRODUCTS FACTORY ;Andadores Infantis;Portaria Inmetro nº 129 de 19/03/2021;;IN3051726;Modelo 5;;S;China, República Popular;LILI;MOD:ANDADOR LL-2931 / CÓD. DE REFERÊNCIA COMERCIAL: LL-2931 / AZUL,ROSA,VERDE;MAT.:PP, POLIÉSTER E POLIETILENO/DIM:56,5X68X60,5CM/ SIST.TRAV.:LIBERAÇÃO EM DUAS AÇÕES CONSECUTIVAS/SIST. MONT.:LIBERAÇÃO EM DUAS AÇÕES CONSECUTIVAS/SEM ACESSÓRIOS/ANDADOR COM BRINQUEDO INTERATIVO;;Incluido;19/06/2026
874756/1926;Ativo;;27/03/2026;;;HEMNANI COMERCIO DE VARIEDADES LTDA.;05469291000185;9232330121;Rua Marcílio Dias;304;;69005270;Centro;Manaus;AM;hemnanibr@yahoo.com;PINGHU XIAOTIANDI CHILDREN?S PRODUCTS FACTORY;Andadores Infantis;Portaria Inmetro nº 129 de 19/03/2021;;IN2911926;Modelo 5;;S;China, República Popular;SITA;ANDADOR AKH602 - AKH602 - AVIÃO - AVIAO;MAT:PP,FERRO E POLIE./DIM:70 X62.5 X 51 CM/SISTEMA DE TRAVAMENTO:LIBERAÇÃO EM DUAS AÇÕES CONSECUTIVAS/SISTEMA DE MONTAGEM E FERRAGEM:MAN.(S/FERRAM.)/ACESS:BAND.MUSI./CARAC.DO MOD.:AND.COM BAND.MUSI.;0618231660148;Incluido;27/03/2026
741708/1981;Ativo;;09/12/2019;;;TAPUZIM COMERCIAL LTDA;00513418000100;1138569063;Av. Monte Celeste;230;250;02561000;Vila S. Maria;São Paulo;SP;ehs0770@hotmail.com;SHEN ZHEN WEI MEI CHILDCARE PRODUCT LIMITED COMPANY;Andadores Infantis;Portaria Inmetro nº 129 de 19/03/2021;;IN2062423;Modelo 5;;S;China, República Popular;Baby Style;ANDADOR PIANINHO ROSA - 33725 / ANDADOR PIANINHO AZUL - 33726;ANDADOR PIANINHO RS E AZ, MATERIAL:PLÁSTICO/62 X 53 X 78 CM/LIBERAÇÃO EM DUAS AÇÕES CONSECUTIVAS/MANUAL (SEM FERRAMENTAS)/BRINQUEDO;4079337251993|4079337261992;Incluido;29/01/2024
056459/1992;Inativo;;11/11/2022;;;COMPANHIA DOREL BRASIL PRODUTOS INFANTIS;10659948000883;2135547024;Av. Nilo Peçanha;1516 /1582;Galpão 3 ;28030035;Pq dos Rodoviários;Campos dos Goytacaze;RJ;standard@dorel.com.br;Jin Sun Gee Plastics Co., Ltd;Andadores Infantis;Portaria Inmetro nº 129 de 19/03/2021;;IN1701622-1;;;S;Formosa (Taiwan);Cosco;BG-2023. Nome comercial: Goal Walker 4 em 1. Versões: Rosa e Azul.;Ferro, PP, PU e Pol, 74x44x66,5cm.Trav.real.único acion.,Mont: Manual(c/chave phil,n/inclusa). Aces: Brinq.;7898509478375|7898509478665;Incluido;11/11/2022
987080/1988;Ativo;;07/08/2024;;;AMAZONAS IMPORTADOS LTDA;07269201000138;9691131654;Rua Independência;175;;68900090;Central;Macapa;AP;adriana.abreu@amazonasimportados.com.br;YIWU BALBIAN ELECTRONIC TECHNOLOGICAL CO., LTD;Andadores Infantis;Portaria Inmetro nº 129 de 19/03/2021;;IN2086424-2;;;S;China, República Popular;LÉ PETIT;MODE:BABY WALKER/REF:LP-9618/ CONT: ANDADOR COM BRINQUEDO ACOPLADO/VERSÕES:AZUL,VERDE,ROSA,VERMELHO.;MAT:PP E POLIÉSTER/DIM:65X54X49CM/SIST DE TRAV:LIBERAÇÃO EM DUAS AÇÕES CONSECUTIVAS/SIST DE MONT E FERR:MANUAL (SEM FERRAMENTA)ACE:N/A.CARACTERISTICAS DO MODELO:;7453068240131;Incluido;07/08/2024
035712/2008;Inativo;;11/11/2022;;;COMPANHIA DOREL BRASIL PRODUTOS INFANTIS;10659948000883;2135547024;Av. Nilo Peçanha;1516 /1582;Galpão 3 ;28030035;Pq dos Rodoviários;Campos dos Goytacaze;RJ;standard@dorel.com.br;Jin Sun Gee Plastics Co., Ltd;Andadores Infantis;Portaria Inmetro nº 129 de 19/03/2021;;IN1701622-1;;;S;Formosa (Taiwan);Cosco;BG-2023. Nome comercial: Goal Walker 4 em 1. Versões: Rosa e Azul.;Ferro, PP, PU e Pol, 74x44x66,5cm.Trav.real.único acion.,Mont: Manual(c/chave phil,n/inclusa). Aces: Brinq.;7898509478375|7898509478665;Incluido;11/11/2022
508916/1928;Inativo;;24/09/2019;;;Galzerano Indústria de Carrinhos e Berços Ltda;43594977000197;1934043030;Via Prefeito Jurandyr Paixão;700;;13481149;Jd. Campo Belo;Limeira;SP;luisfernando.camargo@galzerano.com.br;SHEN ZHEN WEI MEI CHILDCARE PRODUCT LIMITED COMPANY;Andadores Infantis;Portaria Inmetro nº 42 de 19/01/2018;;CE-AND/IQB 000006 53504/20-001;;;S;China, República Popular;GALZERANO;Andador de bebê 4 em 1 Funny - Versões: Color (CR), Verde Água (VDA);Mat Tec poli Espum Resin plást Itens fix Dimens 75Cx71Lx55A(cm) Sist trav Dobradiç plást c/ botã acion Sist mont frenag Encaix manua Mod Andador c/ módul sonor Pçs girat Cores divers Acess Brinq remov;7898089221477|7898089221996;Incluido;24/09/2019
112945/1982;Ativo;;06/05/2025;;;KAVOD BRASIL COMERCIO E IMPORTACAO DE PRODUTOS DE USO DOMESTICO LTDA;12389993000114;1136612389;Avenida Marquês de São Vicente;2219;Conj 1001;05036040;Água Branca;São Paulo;SP;adm@kababy.com.br;Tengzhou Lebeir Baby Carriage Co., Ltd.;Andadores Infantis;Portaria Inmetro nº 129 de 19/03/2021;;IN2610825;;;S;China, República Popular;KaBaby;DESIGNAÇÃO COMERCIAL: ANDADOR DE EMPURRAR STEP-UP KABABY CINZA/CÓDIGO DE REFERÊNCIA COMERCIAL: ANDADOR/QUANTIDADE: -/;MAT:PP/DIM:799x660x715mm/SIS_TRAV:LIBERAÇÃO EM DUAS AÇÕES CONSECUTIVAS/SIS_MONTAGEM/FERRAGEM:MANUAL SEM AUXILIO DE FERRAMENTA/ACESSORIOS:N/A/CARACT_DO_MODELO:ANDADOR COM BRINQUEDO ACOPLADO;7898605218394;Incluido;06/05/2025
329727/1934;Ativo;;07/02/2022;;;TUTTI BABY INDUSTRIA E COMERCIO DE ARTIGOS INFANTIS LTDA;06981862000129;4733794000;Rod. Guilherme Jensen, SC413, km13;0;;89108000;Distrito Industrial;Massaranduba;SC;certificacao@tuttibaby.com.br;TUTTI BABY INDUSTRIA E COMERCIO DE ARTIGOS INFANTIS LTDA;Andadores Infantis;Portaria Inmetro nº 129 de 19/03/2021;;IN2869325;Modelo 5;;N;Brasil;Tutti Baby;Andador: VERSÕES: Safari II (Azul/Rosa/Vermelho), Princesa Rosa Coroa, Acqua Explorador (Cinza/Roxo);ESTRUTURA METÁLICA , AÇO TUBULAR / 48 x 60,5 x 70CM / SISTEMA DE TRAVAMENTO COM DUAS AÇÕES CONSECUTIVAS PARA LIBERAÇÃO /SISTEMA DE MONTAGEM/FERRAGEM: PARAFUSOS E REBITES ACESSÓRIOS: BRINQUEDOS E ADESI;7898431501615|7898431501622|7898431501639|7898431501684|7898431501691|7898431501707;Excluido;15/03/2024
447704/1955;Ativo;;05/08/2021;;;GALZERANO INDUSTRIA DE CARRINHOS E BERCOS LTDA;43594977000197;19999947357;Via Prefeito Jurandyr Paixão;700;;13481149;Jd. Campo Belo;Limeira;SP;luisfernando.camargo@galzerano.com.br;GALZERANO INDUSTRIA DE CARRINHOS E BERCOS LTDA;Andadores Infantis;Portaria Inmetro nº 129 de 19/03/2021;;CE-AND/IQB 000006 54618/21-001;;;N;Brasil;GALZERANO;Ref.: 4050-Andador Torino. Versões: 4050PTR (Preto Rosa), 4050PTT (Preto Terracota);Mat Tec poliest Espum PP PA6 Master Tint Tub aço Itens fix/aviam CxLxA(cm) 71x62,5x51,5 Trav Trilh plást c/ botão destrav e reg alt Acess Band brinq não remove retrov Caract Tec Pçs plást Tint Ferrage;7908200102193|7908200102209;Excluido;01/09/2021
538433/1959;Ativo;;06/03/2023;;;BURIGOTTO S A INDUSTRIA E COMERCIO;51460277000138;1934464813;Rua Martino Dragone;280;;13480308;Jardim Santa Barbara;Liemira;SP;alison.smanioto@burigotto.com;JIN SUN GEE PLASTICS CO., LTD;Andadores Infantis;Portaria Inmetro nº 129 de 19/03/2021;;CE-AND/IQB 000004 55573/23-001;Modelo 5;;S;Formosa (Taiwan);BURIGOTTO;ANDADOR OLÉ CL (REF.COM.  IXAN5143CL);PP, AÇO, TECIDO / 590 X 690 X 550 MM / TRILHO PLÁSTICO COM BOTÃO DE TRAVA/DESTRAVA E REGULAGEM DE ALTURA / REBITES, PARAFUSOS E ENCAIXE DE PEÇAS PLÁSTICAS / BANDEJA COM 2 BRINQUEDOS DE PP E NYLON;7896502944248;Excluido;29/04/2026
623731/1960;Inativo;;30/09/2019;;;Tutti Baby Indústria e Comércio de Artigos Infantis Ltda;06981862000129;4733794000;Rod. Guilherme Jensen;s/n;Galpão 01;89108000;Distrito Industrial;Massaranduba;SC;qualidade@tuttibaby.com.br;;Andadores Infantis;Portaria Inmetro nº 42 de 19/01/2018;;CE-AND/IQB 000005 53137/19-001;;;N; ;Tutti Baby;Andador 02003;Material: Estrut. metálica de aço tub, plást. de engenharia, algodão. Dim: 52cmx60cmx70,5cm, sist.de trav: com duas ações consecutivas para liber, sist. de mont.ferrag: rebites e parafusos, aces: brin;17898431495966|17898431495980|17898431496000|17898431496024|17898431500660|17898431500677|17898431500684|7898431495952|7898431495969|7898431495976|7898431495983|7898431495990|7898431496006|7898431496010|7898431496027|7898431500601|7898431500618|7898431500625|7898431500632|7898431500649|7898431500656;Incluido;30/09/2019
153700/1929;Ativo;;19/06/2023;;;KCARVALHUS COMERCIO E SERVICOS EIRELI;24633386000137;1143798430;Rua Poeta João Cabral De Melo Neto,  Santa Maria - Osasco - SP;77;;06147020; Santa Maria ;Osasco ;SP;carlos.carvalho@kkbebe.com.br;PINGHU SHI XIAOTIANDI CHILDREN?S PRODUCTS FACTORY;Andadores Infantis;Portaria Inmetro nº 129 de 19/03/2021;;IN1823223;;;S;China, República Popular;KK bebê;ANDADOR INFANTIL PASSINHO FORTE / AZUL /ROSA , MATERIAL:PP,FERRO E POLIÉSTER/DIMENSÕES:63X57X53CM;SISTEMA DE TRAVAMENTO:LIBERAÇÃO EM DUAS AÇÕES CONSECUTIVAS/SISTEMA DE MONTAGEM E FERRAGEM: MANUAL (SEM FERRAMENTA)/ACESSÓRIOS:BRINQUEDOS/CARACTERISTICAS DO MODELO: ANDADOR COM BRINQUEDO FIXO ACOPLADO;7898711750108|7898711750115;Incluido;19/06/2023
917735/1986;Inativo;;23/05/2025;;;MD COMERCIO DE FERRAGENS LTDA;55274701000100;92981285408;AVENIDA JOAQUIM NABUCO;1094;A;69020030;Centro;Manaus;AM;mdcomerciodeferragensltda@gmail.com;Xingtai Pandelo Technology Co.,Ltd;Andadores Infantis;Portaria Inmetro nº 129 de 19/03/2021;;IN2611025;Modelo 5;;S;China, República Popular;ULTRA BABY;REF: UBW-801H - ANDADOR INFANTIL MUSICAL PARA BEBÊ - BABY PINK / BARBIE PINK, RED / WHITE, ROYAL BLUE / ORANGE / WHITE, GREEN / WHITE;MAT:PP,FERRO E POLIÉSTER/DIM:68X59X52CM/SIS_TRAV:LIBERAÇÃO EM 2 AÇÕES CONSECUTIVAS/SIS_MONTAGEM_E_FERRAGEM:MANUAL(SEM FERRAMENTA)/ACESSÓRIOS: N/A/CARACTERISTICAS_MODELO:ANDADOR COM BRINQUEDO ACOPLADO;7890012361007|7890012361113|7890012368082|7890012369096;Incluido;23/05/2025
211460/1955;Ativo;;07/08/2024;;;AMAZONAS IMPORTADOS LTDA;07269201000138;9691131654;Rua Independência;175;;68900090;Central;Macapa;AP;adriana.abreu@amazonasimportados.com.br;YIWU BALBIAN ELECTRONIC TECHNOLOGICAL CO., LTD;Andadores Infantis;Portaria Inmetro nº 129 de 19/03/2021;;IN2086424-2;;;S;China, República Popular;LÉ PETIT;MODE:BABY WALKER/REF:LP-9618/ CONT: ANDADOR COM BRINQUEDO ACOPLADO/VERSÕES:AZUL,VERDE,ROSA,VERMELHO.;MAT:PP E POLIÉSTER/DIM:65X54X49CM/SIST DE TRAV:LIBERAÇÃO EM DUAS AÇÕES CONSECUTIVAS/SIST DE MONT E FERR:MANUAL (SEM FERRAMENTA)ACE:N/A.CARACTERISTICAS DO MODELO:;7453068240131;Incluido;07/08/2024
721632/2016;Inativo;;11/11/2022;;;COMPANHIA DOREL BRASIL PRODUTOS INFANTIS;10659948000883;2135547024;Av. Nilo Peçanha;1516 /1582;Galpão 3 ;28030035;Pq dos Rodoviários;Campos dos Goytacaze;RJ;standard@dorel.com.br;Jin Sun Gee Plastics Co., Ltd;Andadores Infantis;Portaria Inmetro nº 129 de 19/03/2021;;IN1701622-1;;;S;Formosa (Taiwan);Cosco;BG-2023. Nome comercial: Goal Walker 4 em 1. Versões: Rosa e Azul.;Ferro, PP, PU e Pol, 74x44x66,5cm.Trav.real.único acion.,Mont: Manual(c/chave phil,n/inclusa). Aces: Brinq.;7898509478375|7898509478665;Incluido;11/11/2022
706259/1933;Ativo;;07/02/2022;;;TUTTI BABY INDUSTRIA E COMERCIO DE ARTIGOS INFANTIS LTDA;06981862000129;4733794000;Rod. Guilherme Jensen, SC413, km13;0;;89108000;Distrito Industrial;Massaranduba;SC;certificacao@tuttibaby.com.br;TUTTI BABY INDUSTRIA E COMERCIO DE ARTIGOS INFANTIS LTDA;Andadores Infantis;Portaria Inmetro nº 129 de 19/03/2021;;IN2869325;Modelo 5;;N;Brasil;Tutti Baby;Andador Safari II Azul/Rosa/Vermelho/Andador Princesa Rosa Coroa/Andador Acqua Explorador Cinza/Roxo;ESTRUT. MET.AÇO.TUBULAR/48x60,5x70CM/SIST.DE TRAV. COM.DUAS.AÇÕES.CONSECUT.PARA.LIBER./PARAFUSOS.E. REBITES/BRINQUEDOS.E.ADESIVOS;7898431501615|7898431501622|7898431501639|7898431501684|7898431501691|7898431501707;Excluido;12/01/2024
508592/1969;Ativo;;12/04/2021;;;TUTTI BABY INDUSTRIA E COMERCIO DE ARTIGOS INFANT;06981862000129;4733794000;Rod. Guilherme Jensen;0;Galpão 01;89108000;Distrito Industrial;Massaranduba;SC;qualidade@tuttibaby.com.br;TUTTI BABY INDUSTRIA E COMERCIO DE ARTIGOS INFANT;Andadores Infantis;Portaria Inmetro nº 129 de 19/03/2021;;CE-AND/IQB 000005 54149/20-001;Modelo 5;;N;Brasil;Tutti Baby;Andador 40.001;ESTRUT.MET. DE AÇO TUB.PLÁST. DE ENG.ALGODÃO.48CM X60,5CMX70CM,COM DUAS AÇÕESCONSEC PARA LIB.REB.E PARAF.BRINQ. E ADES.BASE SUP.BASE INF.FREIO ANTI-QUEDA E CONJ.DE RODAS,PNEU DA RODA TRAS. E TRAVA ANT;7898431501219|7898431501226|7898431501233;Incluido;12/04/2021
120128/1934;Ativo;;13/04/2026;;;VG SHOP COMERCIO ON LINE LTDA;16857384000365;1149690505;RUA PROJETADA SN KM 15 NUCLEO AGUA COMPRIDA;0;KM 15;37600000;AGUA COMPRIDA;CAMBUI;MG;gilson@vgshop.com.br;YONGXING SPORTS LIMITED;Andadores Infantis;Portaria Inmetro nº 129 de 19/03/2021;;IN2982826;Modelo 5;;S;China, República Popular;MULTMAXX;Desig. Com. andador infantil com empurrador Cod. Ref. MTX150 / MTX151 Quant. (aplic. para mod. 1b) n/a Mat: poliéster, abs, pp e borracha Dim. 76x65x65cm Sis. Trav. dois dispositivos independentes sendo operador simultaneamente;Sis. de Mont. e Ferragem: manual (com ferramenta) acess: N/A Car.do mod: andador ccom empurrador e brinquedo musical Vers. MTX150 cinza MTX151 rosa;7898758400394|7898758400400;Incluido;13/04/2026
211739/2013;Ativo;;09/09/2026;;;TUTTI BABY INDUSTRIA E COMERCIO DE ARTIGOS INFANTIS LTDA;06981862000129;4733794000;Rua Vicente Zanotti;177;Galpão 01;89381270;Industrial Zaferino ;Massaranduba;SC;heloiza.souza@tuttibaby.com.br;TUTTI BABY INDUSTRIA E COMERCIO DE ARTIGOS INFANTIS LTDA;Andadores Infantis;Portaria Inmetro nº 129 de 19/03/2021;;CE-AND/IQB 000013 57036/26-001;Modelo 5;;N;Brasil;TUTTI BABY;ANDADOR SAFARI - REF. 40002003,40002004,40002007,40003004,40004002,40004003;ESTRU.MET.:ACO TUBULAR,BRINQ:PLAST. DE ENG.,REVEST. TEXTIL:ALGODAO/51X61X70 CM/DOIS DISP. DE TRAV. INDEPENDENTES SENDO OPERADOS SIMULT./PARAFUSOS E MONT. DE PÇS PLAST./BRINQ. CERTIF.E ADESIVO-57036/26;7898431501615|7898431501622|7898431501639|7898431501684|7898431501691|7898431501707;Incluido;09/09/2026
505754/1939;Ativo;;01/12/2021;;;HEMNANI COMERCIO DE VARIEDADES LTDA.;05469291000185;1124143633;Rua Marcílio Dias;304;N/A;69005270;Centro;Manaus;AM;papush@uol.com.br;China Zhejiang Techincal Co. Ltd;Andadores Infantis;Portaria Inmetro nº 42 de 19/01/2018;;OCAN-AND.189/21-1;;;S;China, República Popular;SITA;AKH602;Material: PP, Ferro e Poliester - Dimensões: 655 mm X 560mm X 500 mm - Sistema de Travamento: Travamento automatico com liberação em duas ações consecutivas - Sistema de Montagem e Ferragem: MANUAL;;Incluido;01/12/2021
259131/1997;Ativo;;15/11/2024;;;HCM INDUSTRIA E IMPORTACAO LTDA;12538691000160;37998767200;RUA SERGIPE ;1963;;35591096;SANTA ALEXANDRINA;LAGOA DA PRATA;MG;compras.hcmmalta@gmail.com;HCM INDUSTRIA E IMPORTACAO LTDA;Andadores Infantis;Portaria Inmetro nº 129 de 19/03/2021;;IN2431224-2;;;N;Brasil;JUMBO BABY;ANDADOR MUSICAL MEGALUXO JUMBO BABY/AZUL/ROSA/VERMELHO/LARANJA, CARAC.D/MODEL:ANDADOR COM BRINQUEDO NA BANDEJA;MAT.:POLIPROPILENO(PP)/ACO CARBONO(FERRAGENS)/TECIDO(POLIÉSTER)/DIM:69,5X58,5X14,5/SIS.D/TRAV.:LIB.EM 2AS.CON./SIS.D/MONT.E FERR.:MAN.(S/FERR.)/ACESS.:ASSE/FORR.P/OS PÉS/EMP./PAI.MUS;7898947715063|7898947715070|7898947715087|7898947715094;Incluido;15/11/2024
799758/1965;Ativo;;09/12/2019;;;TAPUZIM COMERCIAL LTDA;00513418000100;1138569063;Av. Monte Celeste;230;250;02561000;Vila S. Maria;São Paulo;SP;ehs0770@hotmail.com;SHEN ZHEN WEI MEI CHILDCARE PRODUCT LIMITED COMPANY;Andadores Infantis;Portaria Inmetro nº 129 de 19/03/2021;;IN2062423;Modelo 5;;S;China, República Popular;Baby Style;ANDADOR PIANINHO ROSA - 33725 / ANDADOR PIANINHO AZUL - 33726;ANDADOR PIANINHO RS E AZ, MATERIAL:PLÁSTICO/62 X 53 X 78 CM/LIBERAÇÃO EM DUAS AÇÕES CONSECUTIVAS/MANUAL (SEM FERRAMENTAS)/BRINQUEDO;4079337251993|4079337261992;Incluido;29/01/2024
716337/2017;Ativo;;27/03/2026;;;HEMNANI COMERCIO DE VARIEDADES LTDA.;05469291000185;9232330121;Rua Marcílio Dias;304;;69005270;Centro;Manaus;AM;hemnanibr@yahoo.com;PINGHU XIAOTIANDI CHILDREN?S PRODUCTS FACTORY;Andadores Infantis;Portaria Inmetro nº 129 de 19/03/2021;;IN2911926;Modelo 5;;S;China, República Popular;SITA;ANDADOR AKH602 - AKH602 - AVIÃO - AVIAO;MAT:PP,FERRO E POLIE./DIM:70 X62.5 X 51 CM/SISTEMA DE TRAVAMENTO:LIBERAÇÃO EM DUAS AÇÕES CONSECUTIVAS/SISTEMA DE MONTAGEM E FERRAGEM:MAN.(S/FERRAM.)/ACESS:BAND.MUSI./CARAC.DO MOD.:AND.COM BAND.MUSI.;0618231660148;Incluido;27/03/2026
094399/2010;Ativo;;19/06/2026;;;LILI FLORES ARTESANAIS LTDA;50509301000113;2199999999;R SANTO SEPULCRO;00279;;21350220;MADUREIRA;RIO DE JANEIRO;RJ;xiaoweiliu663@gmail.com;PINGHU XIAOTIANDI CHILDREN''S PRODUCTS FACTORY ;Andadores Infantis;Portaria Inmetro nº 129 de 19/03/2021;;IN3051726;Modelo 5;;S;China, República Popular;LILI;MOD:ANDADOR LL-2931 / CÓD. DE REFERÊNCIA COMERCIAL: LL-2931 / AZUL,ROSA,VERDE;MAT.:PP, POLIÉSTER E POLIETILENO/DIM:56,5X68X60,5CM/ SIST.TRAV.:LIBERAÇÃO EM DUAS AÇÕES CONSECUTIVAS/SIST. MONT.:LIBERAÇÃO EM DUAS AÇÕES CONSECUTIVAS/SEM ACESSÓRIOS/ANDADOR COM BRINQUEDO INTERATIVO;;Incluido;19/06/2026
093762/1992;Ativo;;07/03/2024;;;COMPANHIA DOREL BRASIL PRODUTOS INFANTIS;10659948000107;2135547024;Av. Nilo Peçanha;1516;1582;28030035;Pq dos Rodoviários;Campos dos Goytacaze;RJ;standard@dorel.com.br;COMPANHIA DOREL BRASIL PRODUTOS INFANTIS;Andadores Infantis;Portaria Inmetro nº 129 de 19/03/2021;;IN2040823;Modelo 5;;N;Brasil;INFANTI/ COSCO;APPIA/ ZIGGY - HE022 - N/A - AZUL / ROSA / AZUL / ROSA;MAT:PP,PES,PTA,EG,POLIPROPILENO E POLIETILENO/DIM:56,5 X 68 X 60,5 CM/SIST D TRAVAMENTO:LIB EM DUAS AÇÕES CONSEC/SIST DE MNTGM E FERRG:MAN (SEM FER)/ACESS:BAND D BRINQ./CARACT D MODELO:ANDADOR C BRINQ;7908238809774|7908238809781|7908238815812|7908238815829;Incluido;10/04/2026
186982/1966;Ativo;;19/02/2026;;;RGM  COMERCIO E SERVICOS LTDA;18007664000148;11996294240;Avenida Angélica;511;Cj. 904;01227100;Santa Cecilia;São Paulo;SP;papush@uol.com.br;PINGHU XIAOTIANDI CHILDREN?S PRODUCTS FACTORY;Andadores Infantis;Portaria Inmetro nº 129 de 19/03/2021;;IN2911726;Modelo 5;;S;China, República Popular;RGM;ANDADOR DREUX - R602 - AVIÃO - AVIAO;MAT:PP,FERRO E POLIÉ./DIM:70X62.5X51 CM/SIST.DE TRAV.:LIB.EM DUAS AÇÕES CONSECU./SIST.DE MONT.E FERR.:MANUAL (SEM FERRAMENTA)/ACESS:BANDEJA MUSICAL/CARACT.DO MODELO:ANDADOR COM BANDEJA MUSICAL;7898926505616;Incluido;19/02/2026
949743/1987;Ativo;;07/02/2022;;;TUTTI BABY INDUSTRIA E COMERCIO DE ARTIGOS INFANTIS LTDA;06981862000129;4733794000;Rod. Guilherme Jensen, SC413, km13;0;;89108000;Distrito Industrial;Massaranduba;SC;certificacao@tuttibaby.com.br;TUTTI BABY INDUSTRIA E COMERCIO DE ARTIGOS INFANTIS LTDA;Andadores Infantis;Portaria Inmetro nº 129 de 19/03/2021;;IN2869325;Modelo 5;;N;Brasil;Tutti Baby;Andador: VERSÕES: Safari II (Azul/Rosa/Vermelho), Princesa Rosa Coroa, Acqua Explorador (Cinza/Roxo);ESTRUTURA METÁLICA , AÇO TUBULAR / 48 x 60,5 x 70CM / SISTEMA DE TRAVAMENTO COM DUAS AÇÕES CONSECUTIVAS PARA LIBERAÇÃO /SISTEMA DE MONTAGEM/FERRAGEM: PARAFUSOS E REBITES ACESSÓRIOS: BRINQUEDOS E ADESI;7898431501615|7898431501622|7898431501639|7898431501684|7898431501691|7898431501707;Excluido;15/03/2024
368662/1930;Ativo;;05/08/2021;;;GALZERANO INDUSTRIA DE CARRINHOS E BERCOS LTDA;43594977000197;19999947357;Via Prefeito Jurandyr Paixão;700;;13481149;Jd. Campo Belo;Limeira;SP;luisfernando.camargo@galzerano.com.br;GALZERANO INDUSTRIA DE CARRINHOS E BERCOS LTDA;Andadores Infantis;Portaria Inmetro nº 129 de 19/03/2021;;CE-AND/IQB 000006 54618/21-001;;;N;Brasil;GALZERANO;Ref.: 4050-Andador Torino. Versões: 4050RO (Rosa), 4050TER (Terracota);Mat Tec poliest TNT Espum PP PA6 Master Tint Tub aço Item fix/aviam CxLxA(cm) 71x62,5x51,5 Trav Trilh plást c/ botão destrav e reg alt Acess Band brinq não remov retrov Carac Tec Pçs plást Tint Ferrag;7908200102247|7908200102254;Excluido;11/05/2022
387766/2018;Inativo;;14/08/2019;;;Companhia Dorel Brasil Produtos Infantis;10659948000107;2135633602;Av. Nilo Peçanha;1516 /1582;Térreo;28030035;Pq dos Rodoviários;Campos dos Goytacaze;RJ;mariana.magalhaes@dorel.com.br;JIN SUN GEE PLASTIC CO.,LTD;Andadores Infantis;Portaria Inmetro nº 42 de 19/01/2018;;OCAN-AND.145/19-4;;;S;Formosa (Taiwan);Voyage;BG1401;Nome Fantasia: Buggy. Cores: Rosa e Azul. Material: Ferro, plástico, PP e PU. 42 x 58.5 x 65 cm. Sistema de Travamento e Montagem: Manual. Acessórios: Bandeja;7898509475206|7898509475213;Incluido;14/08/2019
245669/1968;Ativo;;14/08/2019;;;BAMBOO COMERCIO, IMPORTAÇÃO E EXPORTAÇÃO EIRELI-EPP;27115224000103;8132419265;Rua. Alegre;154;Galpão A;52120125;Arruda;Recife;PE;bamboo@yescert.com.br;ZHEJIANG KINTEX INTERNATIONAL TRADING CO., LTD;Andadores Infantis;Portaria Inmetro nº 129 de 19/03/2021;;IN1632922;;;S;China, República Popular;BAMBOO;MODELO:MD-18NOME COMERCIAL:ANDAJAR GUGUVERSÕES: Azul (Ref.: MD18.1)Rosa (Ref.: MD18.2)Verde (Ref.: MD18.3)Vermelho (Ref.: MD18.4);Mat: PLAST / MET/FIB TEXTIL,DIM:ABRT:62X56X52CM,FECH:62X56X16,SIST TRAV:LIBER EM 2 ACOES CONSEC,SIST MONT FERRAG: MANUAL(S/FERRAMENTA),ACESS:BANDEJ C/BRINQ E HAST C/PUXADOR;7909312341029;Incluido;22/07/2022
681781/1944;Ativo;;07/02/2022;;;TUTTI BABY INDUSTRIA E COMERCIO DE ARTIGOS INFANTIS LTDA;06981862000129;4733794000;Rod. Guilherme Jensen, SC413, km13;0;;89108000;Distrito Industrial;Massaranduba;SC;certificacao@tuttibaby.com.br;TUTTI BABY INDUSTRIA E COMERCIO DE ARTIGOS INFANTIS LTDA;Andadores Infantis;Portaria Inmetro nº 129 de 19/03/2021;;IN2869325;Modelo 5;;N;Brasil;Tutti Baby;Andador: VERSÕES: Safari II (Azul/Rosa/Vermelho), Princesa Rosa Coroa, Acqua Explorador (Cinza/Roxo);ESTRUTURA METÁLICA , AÇO TUBULAR / 48 x 60,5 x 70CM / SISTEMA DE TRAVAMENTO COM DUAS AÇÕES CONSECUTIVAS PARA LIBERAÇÃO /SISTEMA DE MONTAGEM/FERRAGEM: PARAFUSOS E REBITES ACESSÓRIOS: BRINQUEDOS E ADESI;7898431501615|7898431501622|7898431501639|7898431501684|7898431501691|7898431501707;Excluido;15/03/2024
753327/1958;Ativo;;07/08/2024;;;AMAZONAS IMPORTADOS LTDA;07269201000138;9691131654;Rua Independência;175;;68900090;Central;Macapa;AP;adriana.abreu@amazonasimportados.com.br;YIWU BALBIAN ELECTRONIC TECHNOLOGICAL CO., LTD;Andadores Infantis;Portaria Inmetro nº 129 de 19/03/2021;;IN2086424-4;;;S;China, República Popular;LÉ PETIT;MODE:BABY WALKER/REF:LP-9917/ CONT: ANDADOR COM BRINQUEDO ACOPLADO/VERSÕES:AZUL,VERMELHO,AMARELO,ROSA.;MAT:PP E POLIÉSTER/DIM:65X54X49CM/SIST DE TRAV:LIBERAÇÃO EM DUAS AÇÕES CONSECUTIVAS/SIST DE MONT E FERRA :MANUAL (SEM FERRAMENTA)/ACES:N/A.CARACTERISTICAS DO MODELO:;7453116024706;Incluido;07/08/2024
076848/2016;Ativo;;15/11/2024;;;HCM INDUSTRIA E IMPORTACAO LTDA;12538691000160;37998767200;RUA SERGIPE ;1963;;35591096;SANTA ALEXANDRINA;LAGOA DA PRATA;MG;compras.hcmmalta@gmail.com;HCM INDUSTRIA E IMPORTACAO LTDA;Andadores Infantis;Portaria Inmetro nº 129 de 19/03/2021;;IN2431224-2;;;N;Brasil;JUMBO BABY;ANDADOR MUSICAL MEGALUXO JUMBO BABY/AZUL/ROSA/VERMELHO/LARANJA, CARAC.D/MODEL:ANDADOR COM BRINQUEDO NA BANDEJA;MAT.:POLIPROPILENO(PP)/ACO CARBONO(FERRAGENS)/TECIDO(POLIÉSTER)/DIM:69,5X58,5X14,5/SIS.D/TRAV.:LIB.EM 2AS.CON./SIS.D/MONT.E FERR.:MAN.(S/FERR.)/ACESS.:ASSE/FORR.P/OS PÉS/EMP./PAI.MUS;7898947715063|7898947715070|7898947715087|7898947715094;Incluido;15/11/2024
629373/2019;Ativo;;05/08/2021;;;GALZERANO INDUSTRIA DE CARRINHOS E BERCOS LTDA;43594977000197;19999947357;Via Prefeito Jurandyr Paixão;700;;13481149;Jd. Campo Belo;Limeira;SP;luisfernando.camargo@galzerano.com.br;GALZERANO INDUSTRIA DE CARRINHOS E BERCOS LTDA;Andadores Infantis;Portaria Inmetro nº 129 de 19/03/2021;;CE-AND/IQB 000006 54618/21-001;;;N;Brasil;GALZERANO;Ref.: 4050-Andador Torino. Versões: 4050RO (Rosa), 4050TER (Terracota);Mat Tec poliest TNT Espum PP PA6 Master Tint Tub aço Item fix/aviam CxLxA(cm) 71x62,5x51,5 Trav Trilh plást c/ botão destrav e reg alt Acess Band brinq não remov retrov Carac Tec Pçs plást Tint Ferrag;7908200102247|7908200102254;Excluido;11/05/2022
917735/1986;Ativo;;03/04/2023;;;PLANETA - IMPORTACAO E DISTRIBUICAO DE BRINQUEDOS LTDA;13434272000141;1138951572;AV VASCO MASSAFELI;1000;G1A M1-21;06703600;JARDIM MARIA TEREZA;COTIA;SP;admin@planetadobebe.com.br;HEBEI WANXIN CHILDREN TOYS CO.,LTD.;Andadores Infantis;Portaria Inmetro nº 129 de 19/03/2021;;IN1765923;Modelo 5;;S;China, República Popular;MAXI BABY;ANDADOR LA BAMBA - NW-01 - AZUL #21537/ROSA #21538/VERMELHO #75268;MAT:PP E PART.ABS,AÇOD.ALTOCARB.RODAELASTÔM.TERMOP.,PVC/DIM:580X680X550(LXCXH)/SIS_TRAV:LIBER.EM 2 AÇÕES CONS./SIS_MONT E FERRG:MAN.(S/FERM)/ACES:BANDJ C BRI./CARAC.D.M.:ANDAD.C BRINQ.REG.002149/2023 ;7898975752689|7899403215370|7899403215387;Incluido;18/03/2026
975785/1970;Ativo;;05/08/2021;;;GALZERANO INDUSTRIA DE CARRINHOS E BERCOS LTDA;43594977000197;19999947357;Via Prefeito Jurandyr Paixão;700;;13481149;Jd. Campo Belo;Limeira;SP;luisfernando.camargo@galzerano.com.br;GALZERANO INDUSTRIA DE CARRINHOS E BERCOS LTDA;Andadores Infantis;Portaria Inmetro nº 129 de 19/03/2021;;CE-AND/IQB 000006 54618/21-001;;;N;Brasil;GALZERANO;Ref.: 4050-Andador Torino. Versões: 4050RO (Rosa), 4050TER (Terracota), 4050EST (Estrela), 4050SPR (Spring) - Material: Tecido poliéster, TNT, Espuma, PP, PA6, Master, Tinta, Tubo de aço, Itens de fixação e aviamentos. Dimensões: CxLxA (cm) 71x62,5x51,5. Sistema de travamento: Trilho plástico com botão de destrave e regulagem de altura;Sistema de montagem/ferragem: Manual. Acessórios que venham com o produto: Bandeja de brinquedos não removível, Características do modelo: Tecidos, Peças plásticas, Tinta, Ferragens;7908200102247|7908200102254|7908200102520|7908200102537;Excluido;17/01/2024
269789/1997;Inativo;;07/10/2019;;;Galzerano Indústria de Carrinhos e Berços Ltda;43594977000197;1934043030;Via Prefeito Jurandyr Paixão;700;;13481149;Jd. Campo Belo;Limeira;SP;luisfernando.camargo@galzerano.com.br;GUANGDONG ZHIHUI CHILDREN?S PRODUCTS CO.,LTD;Andadores Infantis;Portaria Inmetro nº 42 de 19/01/2018;;CE-AND/IQB 000006 53503/20-001;;;S;China, República Popular;GALZERANO;Andador de bebê Magic - Versão: Cinza (CZ), Preto (PT);Mat Tec poli Espum Resin plást Tint Ferrag 70Cx65Lx54A cm Travam trilho plást com botão de destrav e regul alt Mont/frenag manual Andador com pçs girat e cores diversas Acess Bandej Brinq não removív.;7898089221590|7898089222283;Incluido;07/10/2019
563793/2023;Inativo;;14/08/2019;;;Companhia Dorel Brasil Produtos Infantis;10659948000107;2135633602;Av. Nilo Peçanha;1516 /1582;Térreo;28030035;Pq dos Rodoviários;Campos dos Goytacaze;RJ;mariana.magalhaes@dorel.com.br;JIN SUN GEE PLASTIC CO.,LTD;Andadores Infantis;Portaria Inmetro nº 42 de 19/01/2018;;OCAN-AND.145/19-1;;;S;Formosa (Taiwan);Voyage;BG-1518;Nome Fantasia: Baby Step. Cores: Rosa e Azul. Material: Ferro, Plástico e Polipropileno. 60x49x68cm. Sistema Travamento e Montagem:Manual. Acessórios: Bandeja.;7908238801280|7908238801297;Incluido;14/08/2019
249758/1933;Inativo;;19/04/2021;;;COMPANHIA DOREL BRASIL PRODUTOS INFANTIS;10659948000107;02135547024;Av. Nilo Peçanha;1516 /1582;Térreo;28030035;Pq dos Rodoviários;Campos dos Goytacaze;RJ;mariana.magalhaes@dorel.com.br;Jin Sun Gee Plastic Co.,Ltd;Andadores Infantis;Portaria Inmetro nº 42 de 19/01/2018;;OCAN-AND.145/21-5;;;S;Formosa (Taiwan);Safety 1st;HE001. Andador Spacewalker. Cores: Grey e Orange.;PP, Ferro, ABS. 58x65.5x71.5cm.Trav.Manual.Sist.Mont.Fren.Manual. Bandeja de Brinquedos.;7908238803932|7908283803949;Incluido;19/04/2021
023524/2015;Ativo;;05/08/2021;;;GALZERANO INDUSTRIA DE CARRINHOS E BERCOS LTDA;43594977000197;19999947357;Via Prefeito Jurandyr Paixão;700;;13481149;Jd. Campo Belo;Limeira;SP;luisfernando.camargo@galzerano.com.br;GALZERANO INDUSTRIA DE CARRINHOS E BERCOS LTDA;Andadores Infantis;Portaria Inmetro nº 129 de 19/03/2021;;CE-AND/IQB 000006 54618/21-001;;;N;Brasil;GALZERANO;Ref.: 4050-Andador Torino. Versões: 4050RO (Rosa), 4050TER (Terracota), 4050EST (Estrela), 4050SPR (Spring) - Material: Tecido poliéster, TNT, Espuma, PP, PA6, Master, Tinta, Tubo de aço, Itens de fixação e aviamentos. Dimensões: CxLxA (cm) 71x62,5x51,5. Sistema de travamento: Trilho plástico com botão de destrave e regulagem de altura;Sistema de montagem/ferragem: Manual. Acessórios que venham com o produto: Bandeja de brinquedos não removível, Características do modelo: Tecidos, Peças plásticas, Tinta, Ferragens;7908200102247|7908200102254|7908200102520|7908200102537;Excluido;17/01/2024
540310/2012;Ativo;;05/08/2021;;;GALZERANO INDUSTRIA DE CARRINHOS E BERCOS LTDA;43594977000197;19999947357;Via Prefeito Jurandyr Paixão;700;;13481149;Jd. Campo Belo;Limeira;SP;luisfernando.camargo@galzerano.com.br;GALZERANO INDUSTRIA DE CARRINHOS E BERCOS LTDA;Andadores Infantis;Portaria Inmetro nº 129 de 19/03/2021;;CE-AND/IQB 000006 54618/21-001;;;N;Brasil;GALZERANO;Ref.: 4050-Andador Torino. Versões: 4050PTR (Preto Rosa), 4050PTT (Preto Terracota);Mat Tec poliest Espum PP PA6 Master Tint Tub aço Itens fix/aviam CxLxA(cm) 71x62,5x51,5 Trav Trilh plást c/ botão destrav e reg alt Acess Band brinq não remove retrov Caract Tec Pçs plást Tint Ferrage;7908200102193|7908200102209;Excluido;01/09/2021
146483/1976;Ativo;;15/11/2024;;;HCM INDUSTRIA E IMPORTACAO LTDA;12538691000160;37998767200;RUA SERGIPE ;1963;;35591096;SANTA ALEXANDRINA;LAGOA DA PRATA;MG;compras.hcmmalta@gmail.com;HCM INDUSTRIA E IMPORTACAO LTDA;Andadores Infantis;Portaria Inmetro nº 129 de 19/03/2021;;IN2431224-2;;;N;Brasil;JUMBO BABY;ANDADOR MUSICAL MEGALUXO JUMBO BABY/AZUL/ROSA/VERMELHO/LARANJA, CARAC.D/MODEL:ANDADOR COM BRINQUEDO NA BANDEJA;MAT.:POLIPROPILENO(PP)/ACO CARBONO(FERRAGENS)/TECIDO(POLIÉSTER)/DIM:69,5X58,5X14,5/SIS.D/TRAV.:LIB.EM 2AS.CON./SIS.D/MONT.E FERR.:MAN.(S/FERR.)/ACESS.:ASSE/FORR.P/OS PÉS/EMP./PAI.MUS;7898947715063|7898947715070|7898947715087|7898947715094;Incluido;15/11/2024
857808/1949;Inativo;;11/11/2022;;;COMPANHIA DOREL BRASIL PRODUTOS INFANTIS;10659948000883;2135547024;Av. Nilo Peçanha;1516 /1582;Galpão 3 ;28030035;Pq dos Rodoviários;Campos dos Goytacaze;RJ;standard@dorel.com.br;Jin Sun Gee Plastics Co., Ltd;Andadores Infantis;Portaria Inmetro nº 129 de 19/03/2021;;IN1701622-1;;;S;Formosa (Taiwan);Cosco;BG-2023. Nome comercial: Goal Walker 4 em 1. Versões: Rosa e Azul.;Ferro, PP, PU e Pol, 74x44x66,5cm.Trav.real.único acion.,Mont: Manual(c/chave phil,n/inclusa). Aces: Brinq.;7898509478375|7898509478665;Incluido;11/11/2022
151812/1976;Ativo;;19/02/2026;;;RGM  COMERCIO E SERVICOS LTDA;18007664000148;11996294240;Avenida Angélica;511;Cj. 904;01227100;Santa Cecilia;São Paulo;SP;papush@uol.com.br;PINGHU XIAOTIANDI CHILDREN?S PRODUCTS FACTORY;Andadores Infantis;Portaria Inmetro nº 129 de 19/03/2021;;IN2911726;Modelo 5;;S;China, República Popular;RGM;ANDADOR DREUX - R602 - AVIÃO - AVIAO;MAT:PP,FERRO E POLIÉ./DIM:70X62.5X51 CM/SIST.DE TRAV.:LIB.EM DUAS AÇÕES CONSECU./SIST.DE MONT.E FERR.:MANUAL (SEM FERRAMENTA)/ACESS:BANDEJA MUSICAL/CARACT.DO MODELO:ANDADOR COM BANDEJA MUSICAL;7898926505616;Incluido;19/02/2026
423539/2025;Ativo;;26/07/2024;;;DARDARA COMERCIO IMPORTACAO E EXPORTACAO LTDA;07774907000157;11964220291;R VALENTIM MAGALHAES;95;***;03184090;ALTO DA MOOCA;SÃO PAULO;SP;sac@dardara.com.br;FOSHAN BAOLIMEI BABY CARRIER CO., ;Andadores Infantis;Portaria Inmetro nº 129 de 19/03/2021;;IN2255924;;;S;China, República Popular;DARDARA;ANDADOR CARRO FD-2407 / VERSÕES: AZUL E ROSA;MAT:PP,METAL E POLIÉSTER/DIM:740X630X510MM/SIST DE TRAVA:LIB EM 2 AÇÕES CONSECUT/SIST DE MONT/FERRAG:MANUAL(C/FERRAMENTAS)/ACESSÓRIOS: BRINQ/CARACT DO MODELO:ANDADOR C/BRINQ INTEGRADO;7898572462738|7898572462755;Incluido;26/07/2024
445816/2002;Inativo;;11/11/2022;;;COMPANHIA DOREL BRASIL PRODUTOS INFANTIS;10659948000883;2135547024;Av. Nilo Peçanha;1516 /1582;Galpão 3 ;28030035;Pq dos Rodoviários;Campos dos Goytacaze;RJ;standard@dorel.com.br;Jin Sun Gee Plastics Co., Ltd;Andadores Infantis;Portaria Inmetro nº 129 de 19/03/2021;;IN1701622-1;;;S;Formosa (Taiwan);Cosco;BG-2023. Nome comercial: Goal Walker 4 em 1. Versões: Rosa e Azul.;Ferro, PP, PU e Pol, 74x44x66,5cm.Trav.real.único acion.,Mont: Manual(c/chave phil,n/inclusa). Aces: Brinq.;7898509478375|7898509478665;Incluido;11/11/2022
739831/1928;Ativo;;06/09/2024;;;TUTTI BABY INDUSTRIA E COMERCIO DE ARTIGOS INFANTIS LTDA;06981862000129;4733794000;Rod. Guilherme Jensen, SC413, km13;0;Galpão 01;89108000;Distrito Industrial;Massaranduba;SC;certificacao@tuttibaby.com.br;TUTTI BABY INDUSTRIA E COMERCIO DE ARTIGOS INFANTIS LTDA;Andadores Infantis;Portaria Inmetro nº 129 de 19/03/2021;;IN2321524;;;N;Brasil;TUTTI BABY;ANDADOR COMFORT/REF.ANDADOR COMFORT 40.005/40005004/40005003/40005011/40005028/40005007/40005010/40005006/40005029;MAT:PLAST.ENG/ALGODÃO/DIMEN:48X60,5X70CM/SIST.DE TRAV:DOIS DISP.DE TRAV.INDEP.SENDO OP.SIMUL/SIST.DE MONT.FERR:OUTROS:PARAF,MONT.PEÇAS PLAST./ACESS:BANDEIJA C/ BRINQ/CARAC.DO MOD:ANDADOR C/BRINQUEDO;7898431502063|7898431502070|7898431502087|7898431502094|7898431502100|7898431502117|7898431502124|7898431502131;Incluido;06/09/2024
033835/1955;Ativo;;16/09/2024;;;AMAZONAS IMPORTADOS LTDA;07269201000138;9691131654;Rua Independência;175;;68900090;Central;Macapa;AP;adriana.abreu@amazonasimportados.com.br;YIWU BALBIAN ELECTRONIC TECHNOLOGICAL CO., LTD;Andadores Infantis;Portaria Inmetro nº 129 de 19/03/2021;;IN2086424-1;;;S;China, República Popular;LÉ PETIT;MODE:BABY WALKER/REF:LP-9517/ CONT: ANDADOR COM BRINQUEDO ACOPLADO/VERSÕES:AZUL,ROSA,VERDE,;MAT:PP E POLIÉSTER/DIM:62X55,5X50CM/SIST DE TRAV:LIBERAÇÃO EM DUAS AÇÕES CONSECUTIVAS/SIST DE MONT E FERRAGEM:MANUAL (SEM FERRAMENTA)/ACESSÓRIOS:N/A.CARACTERISTICAS DO MODELO:;453068745717;Incluido;16/09/2024
327839/1981;Inativo;;14/01/2021;;;GALZERANO INDUSTRIA DE CARRINHOS E BERCOS LTDA;43594977000197;1934043030;Via Prefeito Jurandyr Paixão;700;;13481149;Jd. Campo Belo;Limeira;SP;luisfernando.camargo@galzerano.com.br;HUNGSENG HARDWARE PLASTIC (DG) CORP., LTD;Andadores Infantis;Portaria Inmetro nº 42 de 19/01/2018;;CE-AND/IQB 000006 54018/20-001;;;S;China, República Popular;GALZERANO;Ref.: 4015-Andador 3 em 1 Fênix. Versões: 4015CR (Color);Mat Tec polié Espum Resin plást Itens fixação Dimens 103x103x72(cm) Sist travamento suporte plástico c/ encaixe Sist montagem/ferragem encaixes manuais Acessório: Bandeja de brinquedos não removíveis;7908200101936;Incluido;14/01/2021
621843/2007;Inativo;;30/09/2019;;;Tutti Baby Indústria e Comércio de Artigos Infantis Ltda;06981862000129;4733794000;Rod. Guilherme Jensen;s/n;Galpão 01;89108000;Distrito Industrial;Massaranduba;SC;qualidade@tuttibaby.com.br;;Andadores Infantis;Portaria Inmetro nº 42 de 19/01/2018;;CE-AND/IQB 000005 53137/19-001;;;N; ;Tutti Baby;Andador 02003;Material: Estrut. metálica de aço tub, plást. de engenharia, algodão. Dim: 52cmx60cmx70,5cm, sist.de trav: com duas ações consecutivas para liber, sist. de mont.ferrag: rebites e parafusos, aces: brin;17898431495966|17898431495980|17898431496000|17898431496024|17898431500660|17898431500677|17898431500684|7898431495952|7898431495969|7898431495976|7898431495983|7898431495990|7898431496006|7898431496010|7898431496027|7898431500601|7898431500618|7898431500625|7898431500632|7898431500649|7898431500656;Incluido;30/09/2019
915858/1933;Ativo;;14/08/2019;;;BAMBOO COMERCIO, IMPORTAÇÃO E EXPORTAÇÃO EIRELI-EPP;27115224000103;8132419265;Rua. Alegre;154;Galpão A;52120125;Arruda;Recife;PE;bamboo@yescert.com.br;ZHEJIANG KINTEX INTERNATIONAL TRADING CO., LTD;Andadores Infantis;Portaria Inmetro nº 129 de 19/03/2021;;IN1632922;;;S;China, República Popular;BAMBOO;NOME FANTASIA: ANDAJAR GUGU MODELO: MD-18 CORES: VERDE;PLÁSTICO, METAL E FIBRA TÊXTIL,520 x 560 x 620 mm,MANUAL,MANUAL,BANDEJA, VOLANTE DO PUXADOR.;7909312341029;Excluido;22/07/2022
209862/1960;Ativo;;05/08/2021;;;GALZERANO INDUSTRIA DE CARRINHOS E BERCOS LTDA;43594977000197;19999947357;Via Prefeito Jurandyr Paixão;700;;13481149;Jd. Campo Belo;Limeira;SP;luisfernando.camargo@galzerano.com.br;GALZERANO INDUSTRIA DE CARRINHOS E BERCOS LTDA;Andadores Infantis;Portaria Inmetro nº 129 de 19/03/2021;;CE-AND/IQB 000006 54618/21-001;;;N;Brasil;GALZERANO;Ref.: 4050-Andador Torino. Versões: 4050PTR (Preto Rosa), 4050PTT (Preto Terracota);Mat Tec poliest Espum PP PA6 Master Tint Tub aço Itens fix/aviam CxLxA(cm) 71x62,5x51,5 Trav Trilh plást c/ botão destrav e reg alt Acess Band brinq não remove retrov Caract Tec Pçs plást Tint Ferrage;7908200102193|7908200102209;Excluido;01/09/2021
503866/1986;Ativo;;31/10/2025;;;MD COMERCIO DE FERRAGENS LTDA;55274701000100;92985975259;Avenida Joaquim Nabuco;1094;A;69020030;Centro;Manaus;AM;mdcomerciodeferragensltda@gmail.com;Xingtai Pandelo Technology Co.,Ltd;Andadores Infantis;Portaria Inmetro nº 129 de 19/03/2021;;IN2824825;Modelo 5;;S;China, República Popular;ULTRA BABY;ANDADOR INFANTIL MUSICAL PARA BEBÊ - UBW -305 - N/A - BABY PINK / BARBIE PINK/RED / WHITE/ROYAL BLUE /ORANGE / WHITE/LIGHT BLUE / WHITE;MAT:PP,FERRO E POLIÉ./DIM.:68X59X52 CM/SIST.DE TRAV.:LIB.EM DUAS AÇÕES CONS./SIST.DE MONT. E FERR.:MAN.(S/FERRAM.)/ACESS.:N/A/CARACTERISTICAS DO MODELO:ANDADOR COM BRINQUEDO ACOPLADO;7890012361007|7890012361113|7890012368082|7890012369096;Incluido;31/10/2025
797870/2012;Ativo;;30/08/2021;;;TA TE TI INDUSTRIA E COMERCIO DE BRINQUEDOS EDUCATIVOS LTDA;30261120000103;4732422225;RUA TIRADENTES;230;;89107000;CENTRO;POMERODE;SC;qualidade3@grupocalesita.com.br;TA TE TI INDUSTRIA E COMERCIO DE BRINQUEDOS EDUCATIVOS LTDA;Andadores Infantis;Portaria Inmetro nº 129 de 19/03/2021;;CE-AND/IQB 000010 55962/23-001;Modelo 5;;N;Brasil;Tateti;Ref.915 - Move Baby Rosa;PP, METAL, TECIDO POLIESTER. DIMENSAO: 70,20X59,83X49,12CM. SIST. TRAVAMENTO:FREIO DIANTEIRO E TRASEIRO. SIST DE MONTAGEM: MANUAL/PARAFUSOS PP. ACESSORIOS:BANDEJA DE BRINQUEDOS;7898664632247;Incluido;02/03/2026
091885/1939;Ativo;;30/08/2021;;;TA TE TI INDUSTRIA E COMERCIO DE BRINQUEDOS EDUCATIVOS LTDA;30261120000103;4732422225;RUA TIRADENTES;230;;89107000;CENTRO;POMERODE;SC;qualidade3@grupocalesita.com.br;TA TE TI INDUSTRIA E COMERCIO DE BRINQUEDOS EDUCATIVOS LTDA;Andadores Infantis;Portaria Inmetro nº 129 de 19/03/2021;;CE-AND/IQB 000010 55962/23-001;Modelo 5;;N;Brasil;Tateti;Ref.915 - Move Baby Rosa;PP, METAL, TECIDO POLIESTER. DIMENSAO: 70,20X59,83X49,12CM. SIST. TRAVAMENTO:FREIO DIANTEIRO E TRASEIRO. SIST DE MONTAGEM: MANUAL/PARAFUSOS PP. ACESSORIOS:BANDEJA DE BRINQUEDOS;7898664632247;Incluido;02/03/2026
385889/1965;Ativo;;06/03/2023;;;BURIGOTTO S A INDUSTRIA E COMERCIO;51460277000138;1934464813;Rua Martino Dragone;280;;13480308;Jardim Santa Barbara;Liemira;SP;alison.smanioto@burigotto.com;JIN SUN GEE PLASTICS CO., LTD;Andadores Infantis;Portaria Inmetro nº 129 de 19/03/2021;;CE-AND/IQB 000004 55573/23-001;Modelo 5;;S;Formosa (Taiwan);BURIGOTTO;ANDADOR OLÉ CL - REF. IXAN5143CL;PP, AÇO, TECIDO / 590 X 690 X 550 MM / TRILHO PLÁSTICO COM BOTÃO DE TRAVA/DESTRAVA E REGULAGEM DE ALTURA / REBITES, PARAFUSOS E ENCAIXE DE PEÇAS PLÁSTICAS / BANDEJA COM 2 BRINQUEDOS DE PP E NYLON;7896502944248;Incluido;29/04/2026
947252/2017;Inativo;;12/12/2022;;;COMPANHIA DOREL BRASIL PRODUTOS INFANTIS;10659948000883;2135547024;Av. Nilo Peçanha;1516 ;Galpão 3 ;28030035;Pq dos Rodoviários;Campos dos Goytacaze;RJ;standard@dorel.com.br;Dongguan Xinyeda Hardware Plastic Products Co., Ltd;Andadores Infantis;Portaria Inmetro nº 129 de 19/03/2021;;IN1715922;;;S;China, República Popular;Safety 1st;11389.  Melody Garden;ABS,PP.PVC.Pol.Esp, 64x55x66cm,Trav.Lib.2açoes cons, Mon.Manual. Aces: Brinquedos.;9312541727119;Incluido;12/12/2022
679893/1991;Ativo;;05/08/2021;;;GALZERANO INDUSTRIA DE CARRINHOS E BERCOS LTDA;43594977000197;19999947357;Via Prefeito Jurandyr Paixão;700;;13481149;Jd. Campo Belo;Limeira;SP;luisfernando.camargo@galzerano.com.br;GALZERANO INDUSTRIA DE CARRINHOS E BERCOS LTDA;Andadores Infantis;Portaria Inmetro nº 129 de 19/03/2021;;CE-AND/IQB 000006 54618/21-001;;;N;Brasil;GALZERANO;Ref.: 4050-Andador Torino. Versões: 4050PTR (Preto Rosa), 4050PTT (Preto Terracota);Mat Tec poliest Espum PP PA6 Master Tint Tub aço Itens fix/aviam CxLxA(cm) 71x62,5x51,5 Trav Trilh plást c/ botão destrav e reg alt Acess Band brinq não remove retrov Caract Tec Pçs plást Tint Ferrage;7908200102193|7908200102209;Excluido;01/09/2021
697836/1946;Ativo;;29/01/2025;;;HCM INDUSTRIA E IMPORTACAO LTDA;12538691000160;3798753533;RUA SERGIPE ;1963;;35591096;SANTA ALEXANDRINA;LAGOA DA PRATA;MG;compras@hcmmalta.com.br;HCM INDUSTRIA E IMPORTACAO LTDA;Andadores Infantis;Portaria Inmetro nº 129 de 19/03/2021;;IN2431224-1;;;N;Brasil;JUMBO BABY;ANDADOR MUSICAL SUPERLUXO JUMBO BABY/Acessórios:Assento,Empurrador,Painel Musical/Caracteristicas do modelo:Andador com brinquedo na bandeja/Versões:AZUL,ROSA,VERMELHO,LARANJA;Mat:POLIPROPILENO (PP)/ACO CARBONO(FERRAGENS)/TECIDO(POLIÉSTER)/Dim:69,5X58,5X14,5/Sist de Trav:Liberação em duas ações consecutivas/Sist de Mont e Fer:Manual(sem ferramenta);7898947715025|7898947715032|7898947715049|7898947715056;Incluido;29/01/2025
831163/1949;Ativo;;16/07/2025;;;KIDDO INDUSTRIA E COMERCIO LTDA;60688090000187;1147870744;Rodovia Regis Bittencourt ;3666;;06793000;Jardim Três Marias ;Taboão da Serra;SP;m.nascimento@kiddo.com.br;JIN SUN GEE PLASTIC CO., LTD;Andadores Infantis;Portaria Inmetro nº 129 de 19/03/2021;;IN2735125;Modelo 5;;S;China, República Popular;Whoop;ANDADOR PASSINHOS 2 EM 1 REF. 8701/CINZA/ROSA/AZUL;MATERIAL:PP. POLIES/DIMENSÕES:59,5X68X53CM/SIST.DE.TRAVAM.:LIBER.EM DUAS AÇÕES CONSECUTIVAS/SIST.DE.MONTAG.E.FERRAGEM:MANUAL (SEM AUX. DE FERRAM)/ACESSÓRIOS:BRINQ./CARACT. DO MODELO:ANDADOR C/ BRINQ.;7896517223871|7896517223888|7896517223895;Incluido;16/07/2025
674598/1992;Ativo;;07/03/2024;;;MADHULA COMERCIO DE ARTIGOS ELETROELETRONICOS LTDA;03838532000190;63881924131;Rua Marcilio Dias;166;;69005270;Centro;Manaus;AM;ltdamcg@gmail.com;PINGHU SHI XIAOTIANDI CHILDREN''S PRODUCTS FACTORY;Andadores Infantis;Portaria Inmetro nº 129 de 19/03/2021;;IN2088024;;;S;China, República Popular;BENMEK;ANDADOR MADHULA - MA101 - ROSA-MA101R/AZUL-MA101A/VERDE-MA101V/LARANJA-MA101L;MAT.:PP,FERRO E POLIÉSTER/DIM.:63X57X53CM/SIST.TRAVA.:LIBERAÇÃO EM DUAS AÇÕES CONSECUTIVAS/SIST.MONT.FERRA.:MANUAL(SEM FERRAMENTA)/ACESSÓRIOS:N/A/CARACTERISTICAS DO MODELO: ANDADOR COM BRINQUEDO;6901031000158;Incluido;07/03/2024
973897/2017;Ativo;;20/12/2019;;;TAPUZIM COMERCIAL LTDA;00513418000100;1138569063;Av. Monte Celeste;230;250;02561000;Vila S. Maria;São Paulo;SP;ehs0770@hotmail.com;SHEN ZHEN WEI MEI CHILDCARE PRODUCT LIMITED COMPANY;Andadores Infantis;Portaria Inmetro nº 42 de 19/01/2018;;OCAN-AND.165/19-2;;;S;China, República Popular;baby style;SPACECAR - VERSÕES: Andador car - Ref. 21302 / Andador space - Ref. 33117;Material: Plástico, metal e tecido. Dimensões: 59 x 59 x 69 cm , Sistema de Travamento: Stoper, Sistema de Montagem e Ferragem: Tesoura, Acessórios: Bandeja musical;4532213022990|4532331172997;Incluido;20/12/2019
267912/1944;Ativo;;07/08/2024;;;AMAZONAS IMPORTADOS LTDA;07269201000138;9691131654;Rua Independência;175;;68900090;Central;Macapa;AP;adriana.abreu@amazonasimportados.com.br;YIWU BALBIAN ELECTRONIC TECHNOLOGICAL CO., LTD;Andadores Infantis;Portaria Inmetro nº 129 de 19/03/2021;;IN2086424-2;;;S;China, República Popular;LÉ PETIT;MODE:BABY WALKER/REF:LP-9618/ CONT: ANDADOR COM BRINQUEDO ACOPLADO/VERSÕES:AZUL,VERDE,ROSA,VERMELHO.;MAT:PP E POLIÉSTER/DIM:65X54X49CM/SIST DE TRAV:LIBERAÇÃO EM DUAS AÇÕES CONSECUTIVAS/SIST DE MONT E FERR:MANUAL (SEM FERRAMENTA)ACE:N/A.CARACTERISTICAS DO MODELO:;7453068240131;Incluido;07/08/2024
059297/2022;Ativo;;24/01/2025;;;PLANETA - IMPORTACAO E DISTRIBUICAO DE BRINQUEDOS LTDA;13434272000141;1138951572;AV VASCO MASSAFELI - GALPAO1 RUA A LADO IMPAR ANEXO;1000;MODULO1/21;06703600;JARDIM MARIA TEREZA;COTIA;SP;admin@planetadobebe.com.br;PLANETA - IMPORTACAO E DISTRIBUICAO DE BRINQUEDOS LTDA;Andadores Infantis;Portaria Inmetro nº 129 de 19/03/2021;;IN2476224;;;N;Brasil;REPLAY KIDS;ANDADOR QUICK/21680 / BELLA/21681 / PUPPY/21682 / ZOO/21683 / SPACE/21684 / RACING;M:POLIPROPILENO, ABS, AÇO,ELASTÔMERO TERMOPLÁSTICO E PVC/D:58X68X55CM/S.D/TRV:MANUAL (SEM FERRAMENTA)/ACS:N/A/CARACTERISTICAS DO MODELO:BANDEJA COM BRINQUEDO/ PLACA MUSICAL/PLACA ANTIDERRAPANTE;7899403216803|7899403216810|7899403216827|7899403216834|7899403216841;Incluido;24/01/2025
561916/1970;Ativo;;15/11/2024;;;HCM INDUSTRIA E IMPORTACAO LTDA;12538691000160;37998767200;RUA SERGIPE ;1963;;35591096;SANTA ALEXANDRINA;LAGOA DA PRATA;MG;compras.hcmmalta@gmail.com;HCM INDUSTRIA E IMPORTACAO LTDA;Andadores Infantis;Portaria Inmetro nº 129 de 19/03/2021;;IN2431224-2;;;N;Brasil;JUMBO BABY;ANDADOR MUSICAL MEGALUXO JUMBO BABY/AZUL/ROSA/VERMELHO/LARANJA, CARAC.D/MODEL:ANDADOR COM BRINQUEDO NA BANDEJA;MAT.:POLIPROPILENO(PP)/ACO CARBONO(FERRAGENS)/TECIDO(POLIÉSTER)/DIM:69,5X58,5X14,5/SIS.D/TRAV.:LIB.EM 2AS.CON./SIS.D/MONT.E FERR.:MAN.(S/FERR.)/ACESS.:ASSE/FORR.P/OS PÉS/EMP./PAI.MUS;7898947715063|7898947715070|7898947715087|7898947715094;Incluido;15/11/2024
808283/1955;Ativo;;03/04/2023;;;PLANETA - IMPORTACAO E DISTRIBUICAO DE BRINQUEDOS LTDA;13434272000141;1138951572;AV VASCO MASSAFELI;1000;G1A M1-21;06703600;JARDIM MARIA TEREZA;COTIA;SP;admin@planetadobebe.com.br;HEBEI WANXIN CHILDREN TOYS CO.,LTD.;Andadores Infantis;Portaria Inmetro nº 129 de 19/03/2021;;IN1765923;Modelo 5;;S;China, República Popular;MAXI BABY;NW-01 - ANDADOR LA BAMBA;MAT:PP PARTES EM ABS, AÇO DE ALTO CARB RODA ELAST.TERMO., PVC/DIM:580X680X550/SIS TRA:LIBERA.EM 2 AÇÕES CONSEC. SIS DE MON E FER:MAN.(S/ FER)/ACE:BANDEJA COM BRINQ/CAR MOD:AND COM BRINQ(BAND.A MUS.);7899403215370|7899403215387;Excluido;22/12/2025
855920/1996;Cancelado;;24/08/2020;;14/07/2025;Dardara Comercio Importacao e Exportacao Ltda.;07774907000157;1147447248;R VALENTIM MAGALHAES;95;***;03184090;ALTO DA MOOCA;SÃO PAULO;SP;dardara@yescert.com.br;FOSHAN BAOLIMEI CHILD?S VEHICLE CO.LTD;Andadores Infantis;Portaria Inmetro nº 42 de 19/01/2018;;OCAN-AND.134/20-5;;;S;China, República Popular;DARDARA;ANDADOR CARRO (FD-2407);Material: Moldes e peças em plástico P.P.(polipropileno) Adesivos (papel colante) Painel - parte interna: sistema eletrônico (placa, fio colorido, alto falante). Estrutura em metal, Dimensões: 74 x 63;;Incluido;24/08/2020
149924/2023;Ativo;;07/02/2022;;;TUTTI BABY INDUSTRIA E COMERCIO DE ARTIGOS INFANTIS LTDA;06981862000129;4733794000;Rod. Guilherme Jensen, SC413, km13;0;;89108000;Distrito Industrial;Massaranduba;SC;certificacao@tuttibaby.com.br;TUTTI BABY INDUSTRIA E COMERCIO DE ARTIGOS INFANTIS LTDA;Andadores Infantis;Portaria Inmetro nº 129 de 19/03/2021;;IN2869325;Modelo 5;;N;Brasil;TUTTI BABY;ANDADOR SAFARI II-ANDADOR 40.002-40002003/40002004/40002007/40003004/40004002/40004003;MAT:PP E ALGODAO/DIM:51X61X70CM/SIS_TRAV:DOIS DISPOS TRAV INDEPEND SENDO OPER SIMULTÂNEAM./SIS_MONT/FERRG:REBITES,PARAFUSOS E ENCAIXE DE PÇS PLAST/ACESS:BAND. COM BRINQ/CARAC. DO MOD.:AND. C/ BRINQ NA;7898431501615|7898431501622|7898431501639|7898431501684|7898431501691|7898431501707;Excluido;27/02/2026
252875/2021;Ativo;;01/08/2023;;;COMPANHIA DOREL BRASIL PRODUTOS INFANTIS;10659948000883;2135547024;Av. DR  Nilo Peçanha;1516;Galpão 3 ;28030035;Pq dos Rodoviários;Campos dos Goytacaze;RJ;standard@dorel.com.br;ZHONG SHAN SUN LUEN CHONG COMMODITY COMPANY LIMITED;Andadores Infantis;Portaria Inmetro nº 129 de 19/03/2021;;CE-AND/IQB 000011 55435/22-001;Modelo 5;;S;China, República Popular;TINY LOVE;4-in-1 Here I Grow Mobile Activity Center. Ref. 1806501211. ABS, Alumínio, Aço, Poliéster, PP. 70x57x44cm.Sist. de mont.:Manual (s/ ferragem).;Sist. de Trav.:2 disp. de travamento independentes, devem ser operados simultaneamente. Aces.: Brinq. acoplado.;7290108862973;Incluido;01/08/2023
062425/2010;Ativo;;07/02/2022;;;TUTTI BABY INDUSTRIA E COMERCIO DE ARTIGOS INFANTIS LTDA;06981862000129;4733794000;Rod. Guilherme Jensen, SC413, km13;0;;89108000;Distrito Industrial;Massaranduba;SC;certificacao@tuttibaby.com.br;TUTTI BABY INDUSTRIA E COMERCIO DE ARTIGOS INFANTIS LTDA;Andadores Infantis;Portaria Inmetro nº 129 de 19/03/2021;;IN2869325;Modelo 5;;N;Brasil;TUTTI BABY;DESIGNAÇÃO COMERC SAFARI II (AZUL/ROSA/VERMELHO),PRINCESA ROSA COROA,ACQUA,EXPLORADOR (CINZA/ ROXO) CÓD D REF COMERC:ANDAD 40.002/40002003/40002004/40002007/40003004/40004002/40004003;MAT:ESTRUTURA METALICA - AÇO TUBULAR/DIM:48X60,5X70CM/SIST DE TRAVA:LIBERAÇ EM 2AÇÕES CONSECUT/SIST DE MONTAGEM E FERRAGEM:PARAFUSOS E REBITES/ACESSÓ:BRINQUEDOS E ADESIVOS/CARACT DO MODELO:ANDADOR C B;7898431501615|7898431501622|7898431501639|7898431501684|7898431501691|7898431501707;Excluido;26/04/2024
968926/1977;Ativo;;29/04/2024;;;TAPUZIM COMERCIAL LTDA;00513418000100;113856906;Av. Monte Celeste;230;250;02561000;Vila S. Maria;São Paulo;SP;sergio@babystylebrasil.com.br;SHEN ZHEN WEI MEI CHILDCARE PRODUCT LIMITED COMPANY;Andadores Infantis;Portaria Inmetro nº 129 de 19/03/2021;;IN2118124-2;;;S;China, República Popular;Baby Style;ANDADOR FOGUETE - FOGUETE CINZA E FOGUETE ROSA;MATERIAL:PP/DIM:62X53X78CM/SISTEMA DE TRAVAME:LIBERA EM 2 AÇÕES CONSECUTIVAS/MANUAL/ACESSÓRIOS:N/A/CARACT DO MODELO:ANDADOR C BRINQUEDO NA BANDEJA;4079337285219|4079337296543;Incluido;29/04/2024
851228/2014;Ativo;;30/06/2026;;;MARKETGOOL TRADING IMPORTACAO E EXPORTACAO LTDA;18787076000174;11947652325;ROD RODOLFO JAHN;326;ANEXO 92;89237680; VILA NOVA;JOINVILLE;SC;alexandre.morroni@hotmail.com;PINGHU XIAOTIANDI CHILDREN''S PRODUCTS FACTORY;Andadores Infantis;Portaria Inmetro nº 129 de 19/03/2021;;IN3048926;Modelo 5;;S;China, República Popular;MARKETGOOL;Designação Comercial: Andador Marketgool / Código de referência comercial / MKG-010 / ROSA;Mat: PP, FERRO E POLIÉSTER / Dim: 65X55X45 CM/ SIST DE TRAV: Liberação em duas ações consecutivas/ Acess: Brinquedo do andador/ Caract do mod: Andador com Brinquedo;0070341132777;Incluido;30/06/2026
151812/1976;Ativo;;07/08/2024;;;AMAZONAS IMPORTADOS LTDA;07269201000138;9691131654;Rua Independência;175;;68900090;Central;Macapa;AP;adriana.abreu@amazonasimportados.com.br;YIWU BALBIAN ELECTRONIC TECHNOLOGICAL CO., LTD;Andadores Infantis;Portaria Inmetro nº 129 de 19/03/2021;;IN2086424-4;;;S;China, República Popular;LÉ PETIT;MODE:BABY WALKER/REF:LP-9917/ CONT: ANDADOR COM BRINQUEDO ACOPLADO/VERSÕES:AZUL,VERMELHO,AMARELO,ROSA.;MAT:PP E POLIÉSTER/DIM:65X54X49CM/SIST DE TRAV:LIBERAÇÃO EM DUAS AÇÕES CONSECUTIVAS/SIST DE MONT E FERRA :MANUAL (SEM FERRAMENTA)/ACES:N/A.CARACTERISTICAS DO MODELO:;7453116024706;Incluido;07/08/2024
094723/1969;Ativo;;09/12/2019;;;TAPUZIM COMERCIAL LTDA;00513418000100;1138569063;Av. Monte Celeste;230;250;02561000;Vila S. Maria;São Paulo;SP;ehs0770@hotmail.com;SHEN ZHEN WEI MEI CHILDCARE PRODUCT LIMITED COMPANY;Andadores Infantis;Portaria Inmetro nº 129 de 19/03/2021;;IN2062423;Modelo 5;;S;China, República Popular;baby style;ANDADOR ANIMAIS;ANIMAISVERSÕES: Andador cachorro vermelho - Ref. 33721 Andador cachorro azul - Ref. 33722 Andador abelha rosa - Ref. 33723 Andador abelha azul - Ref. 33724 . Material: Plástico, metal e tecido. Dimen;4079337218996|4079337228995|4079337238994|4079337248993;Excluido;21/12/2020
443939/1949;Ativo;;20/12/2019;;;TAPUZIM COMERCIAL LTDA;00513418000100;1138569063;Av. Monte Celeste;230;250;02561000;Vila S. Maria;São Paulo;SP;ehs0770@hotmail.com;SHEN ZHEN WEI MEI CHILDCARE PRODUCT LIMITED COMPANY;Andadores Infantis;Portaria Inmetro nº 42 de 19/01/2018;;OCAN-AND.165/19-2;;;S;China, República Popular;baby style;SPACECAR - VERSÕES: Andador car - Ref. 21302 / Andador space - Ref. 33117;Material: Plástico, metal e tecido. Dimensões: 59 x 59 x 69 cm , Sistema de Travamento: Stoper, Sistema de Montagem e Ferragem: Tesoura, Acessórios: Bandeja musical;4532213022990|4532331172997;Incluido;20/12/2019
737943/1975;Inativo;;24/09/2019;;;Galzerano Indústria de Carrinhos e Berços Ltda;43594977000197;1934043030;Via Prefeito Jurandyr Paixão;700;;13481149;Jd. Campo Belo;Limeira;SP;luisfernando.camargo@galzerano.com.br;SHEN ZHEN WEI MEI CHILDCARE PRODUCT LIMITED COMPANY;Andadores Infantis;Portaria Inmetro nº 42 de 19/01/2018;;CE-AND/IQB 000006 53504/20-001;;;S;China, República Popular;GALZERANO;Andador de bebê 4 em 1 Funny - Versões: Color (CR), Verde Água (VDA);Mat Tec poli Espum Resin plást Itens fix Dimens 75Cx71Lx55A(cm) Sist trav Dobradiç plást c/ botã acion Sist mont frenag Encaix manua Mod Andador c/ módul sonor Pçs girat Cores divers Acess Brinq remov;7898089221477|7898089221996;Incluido;24/09/2019
029467/1932;Ativo;;30/06/2026;;;MARKETGOOL TRADING IMPORTACAO E EXPORTACAO LTDA;18787076000174;11947652325;ROD RODOLFO JAHN;326;ANEXO 92;89237680; VILA NOVA;JOINVILLE;SC;alexandre.morroni@hotmail.com;PINGHU XIAOTIANDI CHILDREN''S PRODUCTS FACTORY;Andadores Infantis;Portaria Inmetro nº 129 de 19/03/2021;;IN3048926;Modelo 5;;S;China, República Popular;MARKETGOOL;Designação Comercial: Andador Marketgool / Código de referência comercial / MKG-010 / ROSA;Mat: PP, FERRO E POLIÉSTER / Dim: 65X55X45 CM/ SIST DE TRAV: Liberação em duas ações consecutivas/ Acess: Brinquedo do andador/ Caract do mod: Andador com Brinquedo;0070341132777;Incluido;30/06/2026
031947/2002;Ativo;;09/12/2019;;;TAPUZIM COMERCIAL LTDA;00513418000100;1138569063;Av. Monte Celeste;230;250;02561000;Vila S. Maria;São Paulo;SP;ehs0770@hotmail.com;SHEN ZHEN WEI MEI CHILDCARE PRODUCT LIMITED COMPANY;Andadores Infantis;Portaria Inmetro nº 129 de 19/03/2021;;IN2062423;Modelo 5;;S;China, República Popular;Baby Style;MODELO: ANIMAIS VERSÕES: Andador cachorro vermelho - Ref. 33721 Andador cachorro azul - Ref. 33722 Andador abelha rosa - Ref. 33723 Andador abelha azul - Ref. 33724 Andador pianinho rosa Ref: 33725 Andador pianinho azul Ref: 33726;Material: Plástico, metal e tecido, Dimensões: 50 x 70 x 60 cm, Sistema de Travamento: Stoper, Sistema deMontagem e Ferragem: Tesoura, Acessórios: Bandeja musical;4079337218996|4079337228995|4079337238994|4079337248993|4079337251993|4079337261992;Excluido;29/01/2024
607107/1942;Ativo;;07/08/2024;;;COMERCIO E IMPORTACAO DENISE LTDA;29963642000178;21997976531;RUA DO MILHO;72;A;21011090;PENHA CIRCULAR;RIO DE JANEIRO;RJ;comerciomybaby@hotmail.com;PING HU BEST CHILDREN?S CARRIER CO.LTD;Andadores Infantis;Portaria Inmetro nº 129 de 19/03/2021;;IN2189524;;;S;China, República Popular;MY BABY;PATO A1 - ROSA LISO, AZUL LISO, ROSA COLORIDO, AZUL COLORIDO - Acessórios: Brinquedos Caracteristicas do modelo: Andador infantil com brinquedo elétrico;Material: Ferro, PP e Poliéster Dimensões: 71 x 62 x 55 cm Sistema de Travamento: Liberação em duas ações consecutivas Sistema de Montagem e Ferragem: Manual (com auxílio de ferramenta);6294013738218|6294013738225|6294013738287|6294013738294;Incluido;07/08/2024
917735/1986;Ativo;;14/05/2026;;;UNI-ART IMPORT LTDA.;68168368000105;11952844300;AV DAS INDUSTRIAS ;755;;13288163;DIST.INDL B. STORANI;VINHEDO;SP; www.unitoys.com.br;QINGYUAN XINGLONG BALL PRODUCING CO., LTD.;Andadores Infantis;Portaria Inmetro nº 129 de 19/03/2021;;IN2985326;Modelo 5;;S;China, República Popular;UNITOYS;ANDADOR COM EMPURRADOR - N/A - 3726 AZUL/3726 ROSA;MAT:PP, POLIÉSTER E AÇO/DIM:50X60X102 CM/SIS_TRAV:LIBERAÇÃO EM DUAS AÇÕES CONSECUTIVAS/SIS_MONT E FERRG:MANUAL (SEM FERRAMENTA)/ACESS:N/A/CARACTERISTICAS DO MODELO:ANDADOR COM BANDEJA MUSICAL;7908901504395|7908901504401;Incluido;14/05/2026
325962/1928;Ativo;;09/12/2019;;;TAPUZIM COMERCIAL LTDA;00513418000100;1138569063;Av. Monte Celeste;230;250;02561000;Vila S. Maria;São Paulo;SP;ehs0770@hotmail.com;SHEN ZHEN WEI MEI CHILDCARE PRODUCT LIMITED COMPANY;Andadores Infantis;Portaria Inmetro nº 129 de 19/03/2021;;IN2062423;Modelo 5;;S;China, República Popular;Baby Style;ANDADOR PIANINHO ROSA - 33725 / ANDADOR PIANINHO AZUL - 33726;ANDADOR PIANINHO RS E AZ, MATERIAL:PLÁSTICO/62 X 53 X 78 CM/LIBERAÇÃO EM DUAS AÇÕES CONSECUTIVAS/MANUAL (SEM FERRAMENTAS)/BRINQUEDO;4079337251993|4079337261992;Incluido;29/01/2024
637261/1991;Ativo;;19/06/2023;;;KCARVALHUS COMERCIO E SERVICOS EIRELI;24633386000137;1143798430;Rua Poeta João Cabral De Melo Neto,  Santa Maria - Osasco - SP;77;;06147020; Santa Maria ;Osasco ;SP;carlos.carvalho@kkbebe.com.br;PINGHU SHI XIAOTIANDI CHILDREN?S PRODUCTS FACTORY;Andadores Infantis;Portaria Inmetro nº 129 de 19/03/2021;;IN1823223;;;S;China, República Popular;KK bebê;ANDADOR INFANTIL PASSINHO FORTE / AZUL /ROSA , MATERIAL:PP,FERRO E POLIÉSTER/DIMENSÕES:63X57X53CM;SISTEMA DE TRAVAMENTO:LIBERAÇÃO EM DUAS AÇÕES CONSECUTIVAS/SISTEMA DE MONTAGEM E FERRAGEM: MANUAL (SEM FERRAMENTA)/ACESSÓRIOS:BRINQUEDOS/CARACTERISTICAS DO MODELO: ANDADOR COM BRINQUEDO FIXO ACOPLADO;7898711750108|7898711750115;Incluido;19/06/2023
619966/1954;Ativo;;07/08/2024;;;AMAZONAS IMPORTADOS LTDA;07269201000138;9691131654;Rua Independência;175;;68900090;Central;Macapa;AP;adriana.abreu@amazonasimportados.com.br;YIWU BALBIAN ELECTRONIC TECHNOLOGICAL CO., LTD;Andadores Infantis;Portaria Inmetro nº 129 de 19/03/2021;;IN2086424-4;;;S;China, República Popular;LÉ PETIT;MODE:BABY WALKER/REF:LP-9917/ CONT: ANDADOR COM BRINQUEDO ACOPLADO/VERSÕES:AZUL,VERMELHO,AMARELO,ROSA.;MAT:PP E POLIÉSTER/DIM:65X54X49CM/SIST DE TRAV:LIBERAÇÃO EM DUAS AÇÕES CONSECUTIVAS/SIST DE MONT E FERRA :MANUAL (SEM FERRAMENTA)/ACES:N/A.CARACTERISTICAS DO MODELO:;7453116024706;Incluido;07/08/2024
152136/1935;Ativo;;19/06/2026;;;LILI FLORES ARTESANAIS LTDA;50509301000113;2199999999;R SANTO SEPULCRO;00279;;21350220;MADUREIRA;RIO DE JANEIRO;RJ;xiaoweiliu663@gmail.com;PINGHU XIAOTIANDI CHILDREN''S PRODUCTS FACTORY ;Andadores Infantis;Portaria Inmetro nº 129 de 19/03/2021;;IN3051726;Modelo 5;;S;China, República Popular;LILI;MOD:ANDADOR LL-2931 / CÓD. DE REFERÊNCIA COMERCIAL: LL-2931 / AZUL,ROSA,VERDE;MAT.:PP, POLIÉSTER E POLIETILENO/DIM:56,5X68X60,5CM/ SIST.TRAV.:LIBERAÇÃO EM DUAS AÇÕES CONSECUTIVAS/SIST. MONT.:LIBERAÇÃO EM DUAS AÇÕES CONSECUTIVAS/SEM ACESSÓRIOS/ANDADOR COM BRINQUEDO INTERATIVO;;Incluido;19/06/2026
913970/1980;Ativo;;27/08/2026;;;MADHULA COMERCIO DE ARTIGOS ELETROELETRONICOS LTDA;03838532000190;92994433107;Rua Marcilio Dias;166;;69005270;Centro;Manaus;AM;mayapunjwani@gmail.com;PINGHU XIAOTIANDI CHILDREN?S PRODUCTS FACTORY;Andadores Infantis;Portaria Inmetro nº 129 de 19/03/2021;;IN3141126-2;Modelo 5;;S;China, República Popular;BENMEK;ANDADOR MADHULA/ MA101/ Rosa - MA101R/ Azul - MA101A/ Verde - MA101V/ Laranja - MA101L;MAT.:PP, FERRO E POLIÉSTER/DIM.:63X57X53 CM/SIST. DE TRAV.:LIBERAÇÃO EM DUAS AÇÕES CONSECUTIVAS/SIST. MONT. E FERR.:MANUAL (SEM FERRAMENTA)/ACESS.:BRINQUEDO/CARACT. DO MOD.:ANDADOR COM BRINQUEDO;6901031000158;Incluido;27/08/2026
166872/2000;Ativo;;07/08/2024;;;AMAZONAS IMPORTADOS LTDA;07269201000138;9691131654;Rua Independência;175;;68900090;Central;Macapa;AP;adriana.abreu@amazonasimportados.com.br;YIWU BALBIAN ELECTRONIC TECHNOLOGICAL CO., LTD;Andadores Infantis;Portaria Inmetro nº 129 de 19/03/2021;;IN2086424-3;;;S;China, República Popular;LÉ PETIT;MODE,BABY WALKER/REF:LP-9824/ CONT: ANDADOR COM BRINQUEDO ACOPLADO:/VERSÕES:AZUL,VERDE,ROSA.;MATL:PP E POLIÉSTER/DIM:66X54X52CM/SIST DE TRAV:LIBERAÇÃO EM DUAS AÇÕES CONSECUTIVAS/SIST DE MONT E FERR :MANUAL (SEM FERRAMENTA)/ACESSÓRIOS:N/A.CARACT DO MODELO:;7453116003640;Incluido;07/08/2024
477545/1945;Inativo;;14/08/2019;;;Companhia Dorel Brasil Produtos Infantis;10659948000107;2135633602;Av. Nilo Peçanha;1516 /1582;Térreo;28030035;Pq dos Rodoviários;Campos dos Goytacaze;RJ;mariana.magalhaes@dorel.com.br;JIN SUN GEE PLASTIC CO.,LTD;Andadores Infantis;Portaria Inmetro nº 42 de 19/01/2018;;OCAN-AND.145/19-4;;;S;Formosa (Taiwan);Voyage;BG1401;Nome Fantasia: Buggy. Cores: Rosa e Azul. Material: Ferro, plástico, PP e PU. 42 x 58.5 x 65 cm. Sistema de Travamento e Montagem: Manual. Acessórios: Bandeja;7898509475206|7898509475213;Incluido;14/08/2019
207974/2007;Ativo;;09/12/2019;;;TAPUZIM COMERCIAL LTDA;00513418000100;1138569063;Av. Monte Celeste;230;250;02561000;Vila S. Maria;São Paulo;SP;ehs0770@hotmail.com;SHEN ZHEN WEI MEI CHILDCARE PRODUCT LIMITED COMPANY;Andadores Infantis;Portaria Inmetro nº 129 de 19/03/2021;;IN2062423;Modelo 5;;S;China, República Popular;baby style;ANDADOR ANIMAIS;ANIMAISVERSÕES: Andador cachorro vermelho - Ref. 33721 Andador cachorro azul - Ref. 33722 Andador abelha rosa - Ref. 33723 Andador abelha azul - Ref. 33724 . Material: Plástico, metal e tecido. Dimen;4079337218996|4079337228995|4079337238994|4079337248993;Excluido;21/12/2020
501989/1933;Inativo;;11/01/2023;;;COMPANHIA DOREL BRASIL PRODUTOS INFANTIS;10659948000883;2135547024;Av. Nilo Peçanha;1516 ;Galpão 3 ;28030035;Pq dos Rodoviários;Campos dos Goytacaze;RJ;standard@dorel.com.br;Jin Sun Gee Plastics Co., Ltd;Andadores Infantis;Portaria Inmetro nº 129 de 19/03/2021;;IN1701622-4;;;S;Formosa (Taiwan);Voyage;BG1401. Nome comercial: Buggy. Versões: Azul, Rosa.;PP,PVC,Ferro,POM,PU,Pol, 42x58.5x65cm. Trav:Lib.2 ações cons,Mont:Manual, Aces. Brinq.;7898509475206|7898509475213;Incluido;11/01/2023
890163/2010;Ativo;;07/03/2024;;;JASSUMAL LTDA;04214425000154;63881924131;AV SETE SETEMBRO;852;;69005140;CENTRO;MANAUS;AM;dgjohnny@gmail.com;PINGHU SHI XIAOTIANDI CHILDREN''S PRODUCTS FACTORY;Andadores Infantis;Portaria Inmetro nº 129 de 19/03/2021;;IN2087524;;;S;China, República Popular;BABY SPORTS;ANDADOR JASSUMAL - BS104 - AZUL CLARO E ESCURO-BS104A/ROSA CLARO E ESCURO-BS104R/VERMELHO E PRETO-BS104VP/ROXO E ROSA ESCURO-BS104RR;MAT.:PP,FERRO E POLIÉSTER/DIM.:63X57X53CM/SIST.TRAVA.:LIBERAÇÃO EM DUAS AÇÕES CONSECUTIVAS/SIST.MONT.FERRA.:MANUAL(SEM FERRAMENTA)/ACESSÓRIOS:N/A/CARACTERISTICAS DO MODELO: ANDADOR COM BRINQUEDO;6901041000155;Incluido;07/03/2024
233447/1974;Ativo;;07/02/2022;;;TUTTI BABY INDUSTRIA E COMERCIO DE ARTIGOS INFANTIS LTDA;06981862000129;4733794000;Rod. Guilherme Jensen, SC413, km13;0;;89108000;Distrito Industrial;Massaranduba;SC;certificacao@tuttibaby.com.br;TUTTI BABY INDUSTRIA E COMERCIO DE ARTIGOS INFANTIS LTDA;Andadores Infantis;Portaria Inmetro nº 129 de 19/03/2021;;IN2869325;Modelo 5;;N;Brasil;Tutti Baby;Andador: VERSÕES: Safari II (Azul/Rosa/Vermelho), Princesa Rosa Coroa, Acqua Explorador (Cinza/Roxo);ESTRUTURA METÁLICA , AÇO TUBULAR / 48 x 60,5 x 70CM / SISTEMA DE TRAVAMENTO COM DUAS AÇÕES CONSECUTIVAS PARA LIBERAÇÃO /SISTEMA DE MONTAGEM/FERRAGEM: PARAFUSOS E REBITES ACESSÓRIOS: BRINQUEDOS E ADESI;7898431501615|7898431501622|7898431501639|7898431501684|7898431501691|7898431501707;Excluido;15/03/2024
795993/1959;Inativo;;24/09/2019;;;Galzerano Indústria de Carrinhos e Berços Ltda;43594977000197;1934043030;Via Prefeito Jurandyr Paixão;700;;13481149;Jd. Campo Belo;Limeira;SP;luisfernando.camargo@galzerano.com.br;SHEN ZHEN WEI MEI CHILDCARE PRODUCT LIMITED COMPANY;Andadores Infantis;Portaria Inmetro nº 42 de 19/01/2018;;CE-AND/IQB 000006 53504/20-001;;;S;China, República Popular;GALZERANO;Andador de bebê 4 em 1 Funny - Versões: Color (CR), Verde Água (VDA);Mat Tec poli Espum Resin plást Itens fix Dimens 75Cx71Lx55A(cm) Sist trav Dobradiç plást c/ botã acion Sist mont frenag Encaix manua Mod Andador c/ módul sonor Pçs girat Cores divers Acess Brinq remov;7898089221477|7898089221996;Incluido;24/09/2019
084702/1987;Ativo;;02/09/2026;;;BAGATOLI COMERCIO DE REFRIGERACAO LTDA;00897750000108;47984556257;BR-470;8105;;89058020;FORTALEZA ALTA;BLUMENAU;SC;digitalpriceconsultoria@gmail.com;PINGHU XIAOTIANDI CHILDREN?S PRODUCTS FACTORY;Andadores Infantis;Portaria Inmetro nº 129 de 19/03/2021;;IN3155526;Modelo 5;;S;China, República Popular;BAGATOLI KIDS;MOD: ANDADOR INFANTIL PULSE/ N.COM: PULSE/ V.: ROSA, AZUL, CINZA;MAT.:PP,POLIÉSTER,AÇO/DIM.:51X61X69CM/SIST.TRAV.:LIB.2 AÇÕES CONSEC./SIST.MONT.FERR.:REBITES,PARAF.E ENCAIXE PEÇAS PLÁST./ACESS.:BRINQ.NA BANDEJA/CARACT.MOD.:ANDADOR C/BRINQ.;7901030400859|7901030400866|7901030400873;Incluido;02/09/2026
926226/1975;Ativo;;14/05/2026;;;UNI-ART IMPORT LTDA.;68168368000105;11952844300;AV DAS INDUSTRIAS ;755;;13288163;DIST.INDL B. STORANI;VINHEDO;SP; www.unitoys.com.br;QINGYUAN XINGLONG BALL PRODUCING CO., LTD.;Andadores Infantis;Portaria Inmetro nº 129 de 19/03/2021;;IN2985326;Modelo 5;;S;China, República Popular;UNITOYS;ANDADOR COM EMPURRADOR - N/A - 3726 AZUL/3726 ROSA;MAT:PP, POLIÉSTER E AÇO/DIM:50X60X102 CM/SIS_TRAV:LIBERAÇÃO EM DUAS AÇÕES CONSECUTIVAS/SIS_MONT E FERRG:MANUAL (SEM FERRAMENTA)/ACESS:N/A/CARACTERISTICAS DO MODELO:ANDADOR COM BANDEJA MUSICAL;7908901504395|7908901504401;Incluido;14/05/2026
167196/1959;Inativo;;14/01/2021;;;GALZERANO INDUSTRIA DE CARRINHOS E BERCOS LTDA;43594977000197;1934043030;Via Prefeito Jurandyr Paixão;700;;13481149;Jd. Campo Belo;Limeira;SP;luisfernando.camargo@galzerano.com.br;WEIMEI MEI CHILDCARE PRODUCT (HUIZHOU) LTD., CO;Andadores Infantis;Portaria Inmetro nº 42 de 19/01/2018;;CE-AND/IQB 000006 54025/20-001;;;S;China, República Popular;GALZERANO;Ref.: 4030-Andador 4 em 1 Funny. Versões: 4030CR (Color), 4030VDA (Verde Água);Mat Tec polié Espuma Resina plást Itens fixação Dimens 75x71x55(cm) Sist travament dobradiça plást c/ botão acionament Sist montagem/ferragem encaixe manual Acessórios manuais brinquedos removíveis;7898089221477|7898089221996;Incluido;14/01/2021
089997/1986;Ativo;;07/03/2024;;;JASSUMAL LTDA;04214425000154;63881924131;AV SETE SETEMBRO;852;;69005140;CENTRO;MANAUS;AM;dgjohnny@gmail.com;PINGHU SHI XIAOTIANDI CHILDREN''S PRODUCTS FACTORY;Andadores Infantis;Portaria Inmetro nº 129 de 19/03/2021;;IN2087524;;;S;China, República Popular;BABY SPORTS;ANDADOR JASSUMAL - BS104 - AZUL CLARO E ESCURO-BS104A/ROSA CLARO E ESCURO-BS104R/VERMELHO E PRETO-BS104VP/ROXO E ROSA ESCURO-BS104RR;MAT.:PP,FERRO E POLIÉSTER/DIM.:63X57X53CM/SIST.TRAVA.:LIBERAÇÃO EM DUAS AÇÕES CONSECUTIVAS/SIST.MONT.FERRA.:MANUAL(SEM FERRAMENTA)/ACESSÓRIOS:N/A/CARACTERISTICAS DO MODELO: ANDADOR COM BRINQUEDO;6901041000155;Incluido;07/03/2024
432354/1973;Ativo;;03/04/2023;;;PLANETA - IMPORTACAO E DISTRIBUICAO DE BRINQUEDOS LTDA;13434272000141;1138951572;AV VASCO MASSAFELI;1000;G1A M1-21;06703600;JARDIM MARIA TEREZA;COTIA;SP;admin@planetadobebe.com.br;HEBEI WANXIN CHILDREN TOYS CO.,LTD.;Andadores Infantis;Portaria Inmetro nº 129 de 19/03/2021;;IN1765923;Modelo 5;;S;China, República Popular;MAXI BABY;ANDADOR LA BAMBA - NW-01 - AZUL #21537/ROSA #21538/VERMELHO #75268;MAT: PP E PAR. ABS, AÇO DE ALT. CARB.-RODA ELAST. TERM.,PVC/DIM:580X680X550(LXCXH)/SIS_TRAV:LIBE.EMDUAS AÇÕES CONS./SIS_MONT E FER:MAN.(S/FER.)/ACES:BAND C BRINQ./CARAC.DO MOD:ANDADOR C BRI.(BAD. MUS.;7898975752689|7899403215370|7899403215387;Excluido;18/03/2026
250361/1950;Ativo;;07/03/2024;;;COMPANHIA DOREL BRASIL PRODUTOS INFANTIS;10659948000107;2135547024;Av. Nilo Peçanha;1516;1582;28030035;Pq dos Rodoviários;Campos dos Goytacaze;RJ;standard@dorel.com.br;COMPANHIA DOREL BRASIL PRODUTOS INFANTIS;Andadores Infantis;Portaria Inmetro nº 129 de 19/03/2021;;IN2040823;Modelo 5;;N;Brasil;INFANTI/ COSCO;APPIA/ ZIGGY - HE022 - N/A - AZUL / ROSA / AZUL / ROSA;MAT:PP,PES,PTA,EG,POLIPROPILENO E POLIETILENO/DIM:56,5 X 68 X 60,5 CM/SIST D TRAVAMENTO:LIB EM DUAS AÇÕES CONSEC/SIST DE MNTGM E FERRG:MAN (SEM FER)/ACESS:BAND D BRINQ./CARACT D MODELO:ANDADOR C BRINQ;7908238809774|7908238809781|7908238815812|7908238815829;Incluido;10/04/2026
384001/2012;Ativo;;02/09/2026;;;BAGATOLI COMERCIO DE REFRIGERACAO LTDA;00897750000108;47984556257;BR-470;8105;;89058020;FORTALEZA ALTA;BLUMENAU;SC;digitalpriceconsultoria@gmail.com;PINGHU XIAOTIANDI CHILDREN?S PRODUCTS FACTORY;Andadores Infantis;Portaria Inmetro nº 129 de 19/03/2021;;IN3155526;Modelo 5;;S;China, República Popular;BAGATOLI KIDS;MOD: ANDADOR INFANTIL PULSE/ N.COM: PULSE/ V.: ROSA, AZUL, CINZA;MAT.:PP,POLIÉSTER,AÇO/DIM.:51X61X69CM/SIST.TRAV.:LIB.2 AÇÕES CONSEC./SIST.MONT.FERR.:REBITES,PARAF.E ENCAIXE PEÇAS PLÁST./ACESS.:BRINQ.NA BANDEJA/CARACT.MOD.:ANDADOR C/BRINQ.;7901030400859|7901030400866|7901030400873;Incluido;02/09/2026
678016/1938;Ativo;;07/08/2024;;;AMAZONAS IMPORTADOS LTDA;07269201000138;9691131654;Rua Independência;175;;68900090;Central;Macapa;AP;adriana.abreu@amazonasimportados.com.br;YIWU BALBIAN ELECTRONIC TECHNOLOGICAL CO., LTD;Andadores Infantis;Portaria Inmetro nº 129 de 19/03/2021;;IN2086424-3;;;S;China, República Popular;LÉ PETIT;MODE,BABY WALKER/REF:LP-9824/ CONT: ANDADOR COM BRINQUEDO ACOPLADO:/VERSÕES:AZUL,VERDE,ROSA.;MATL:PP E POLIÉSTER/DIM:66X54X52CM/SIST DE TRAV:LIBERAÇÃO EM DUAS AÇÕES CONSECUTIVAS/SIST DE MONT E FERR :MANUAL (SEM FERRAMENTA)/ACESSÓRIOS:N/A.CARACT DO MODELO:;7453116003640;Incluido;07/08/2024
972020/1964;Ativo;;01/07/2026;;;APS IMPORTACAO EXPORTACAO DISTRIBUICAO LTDA;44540981000135;11974642778;EST GERAL DE MEDEIROS;20;SALA 05;88390000;MEDEIROS;BARRA VELHA;SC;orquestra@yescert.com.br;Tengzhou Lebeir Baby Carriage Co., Ltd.;Andadores Infantis;Portaria Inmetro nº 129 de 19/03/2021;;IN3076626;Modelo 5;;S;China, República Popular;TOYS&TOYS;MOD:ANDADOR MUSICAL PARA BEBES/INFANTIL/CÓD DE REFERÊNCIA COMERCIAL: ANDADOR MUSICAL V:CINZA - 310552,MARROM - 310569,AZUL - 310576,ROSA 310583;Mat:PP/Dim:799x660x715mm/Sist de Travam: Dois dispositivos de travam independentes sendo operados simult/Sist de Mont e Ferr:Manual (sem ferram)/Acess:N/A/Caract do modelo:ANDADOR COM BRINQ.MUSICAL AC;7908888310552|7908888310569|7908888310576|7908888310583;Incluido;01/07/2026
629094/1961;Ativo;;07/02/2022;;;TUTTI BABY INDUSTRIA E COMERCIO DE ARTIGOS INFANTIS LTDA;06981862000129;4733794000;Rod. Guilherme Jensen, SC413, km13;0;;89108000;Distrito Industrial;Massaranduba;SC;certificacao@tuttibaby.com.br;TUTTI BABY INDUSTRIA E COMERCIO DE ARTIGOS INFANTIS LTDA;Andadores Infantis;Portaria Inmetro nº 129 de 19/03/2021;;IN2869325;Modelo 5;;N;Brasil;TUTTI BABY;ANDADOR SAFARI II-ANDADOR 40.002-40002003/40002004/40002007/40003004/40004002/40004003;MAT:PP/ALGODAO/DIM:51X61X70CM/SIS_TRAV:DOIS DISPOS DE TRAV IND. OPER. SIMULTÂNEAMENTE/SIS_MONT/FERRG:REBITES,PARAF,ENCAIXE DE PÇS PLAST/ACESS:BAND. C/ BRINQ/CARAC. DO MOD.:ANDADOR C/ BRINQ NA BAND;7898431501615|7898431501622|7898431501639|7898431501684|7898431501691|7898431501707;Incluido;27/02/2026
648880/1968;Ativo;;01/08/2023;;;COMPANHIA DOREL BRASIL PRODUTOS INFANTIS;10659948000883;2135547024;Av. DR  Nilo Peçanha;1516;Galpão 3 ;28030035;Pq dos Rodoviários;Campos dos Goytacaze;RJ;standard@dorel.com.br;ZHONG SHAN SUN LUEN CHONG COMMODITY COMPANY LIMITED;Andadores Infantis;Portaria Inmetro nº 129 de 19/03/2021;;CE-AND/IQB 000011 55435/22-001;Modelo 5;;S;China, República Popular;TINY LOVE;4-in-1 Here I Grow Mobile Activity Center. Ref. 1806501211. ABS, Alumínio, Aço, Poliéster, PP. 70x57x44cm.Sist. de mont.:Manual (s/ ferragem).;Sist. de Trav.:2 disp. de travamento independentes, devem ser operados simultaneamente. Aces.: Brinq. acoplado.;7290108862973;Incluido;01/08/2023
545605/2011;Ativo;;14/05/2026;;;UNI-ART IMPORT LTDA.;68168368000105;11952844300;AV DAS INDUSTRIAS ;755;;13288163;DIST.INDL B. STORANI;VINHEDO;SP; www.unitoys.com.br;QINGYUAN XINGLONG BALL PRODUCING CO., LTD.;Andadores Infantis;Portaria Inmetro nº 129 de 19/03/2021;;IN2985326;Modelo 5;;S;China, República Popular;UNITOYS;ANDADOR COM EMPURRADOR - N/A - 3726 AZUL/3726 ROSA;MAT:PP, POLIÉSTER E AÇO/DIM:50X60X102 CM/SIS_TRAV:LIBERAÇÃO EM DUAS AÇÕES CONSECUTIVAS/SIS_MONT E FERRG:MANUAL (SEM FERRAMENTA)/ACESS:N/A/CARACTERISTICAS DO MODELO:ANDADOR COM BANDEJA MUSICAL;7908901504395|7908901504401;Incluido;14/05/2026
236251/2003;Inativo;;14/08/2019;;;Companhia Dorel Brasil Produtos Infantis;10659948000107;2135633602;Av. Nilo Peçanha;1516 /1582;Térreo;28030035;Pq dos Rodoviários;Campos dos Goytacaze;RJ;mariana.magalhaes@dorel.com.br;JIN SUN GEE PLASTIC CO.,LTD;Andadores Infantis;Portaria Inmetro nº 42 de 19/01/2018;;OCAN-AND.145/19-2;;;S;Formosa (Taiwan);Cosco;BG-2023;Nome Fantasia: Goal Walker 4 em 1. Cores: Rosa e Azul. Material: Ferro, Plástico, PP e PU. 74 x 44x 66.5 cm. Sistema de Travamento e Montagem: Manual. Acessórios: Bandeja de Brinquedos.;7898509478375|7898509478665;Incluido;14/08/2019
266024/1991;Inativo;;02/04/2020;;;Galzerano Indústria de Carrinhos e Berços Ltda;43594977000197;1934043030;Via Prefeito Jurandyr Paixão;700;;13481149;Jd. Campo Belo;Limeira;SP;luisfernando.camargo@galzerano.com.br;FOSHAN SHUNDE QIJUN TOYS CO., LTD;Andadores Infantis;Portaria Inmetro nº 42 de 19/01/2018;;CE-AND/IQB 000006 53487/19-001;;;S;China, República Popular;GALZERANO;Ref.: 4090 - Liam. Versões: 4090CZ (Cinza), 4090PT (Preto);Mat: Tec poli Espum Resin plást Tinta Ferragens. Dim: 70x65x54(cm). Sist Trav: Trilho plást c/ botão destrav e reg de altura. Sist mont/ferragem: Manual. Acess: Bandej brinq não removív e retrovisores;7908200101431|7908200101448;Incluido;02/04/2020
805758/1984;Ativo;;07/08/2024;;;AMAZONAS IMPORTADOS LTDA;07269201000138;9691131654;Rua Independência;175;;68900090;Central;Macapa;AP;adriana.abreu@amazonasimportados.com.br;YIWU BALBIAN ELECTRONIC TECHNOLOGICAL CO., LTD;Andadores Infantis;Portaria Inmetro nº 129 de 19/03/2021;;IN2086424-4;;;S;China, República Popular;LÉ PETIT;MODE:BABY WALKER/REF:LP-9917/ CONT: ANDADOR COM BRINQUEDO ACOPLADO/VERSÕES:AZUL,VERMELHO,AMARELO,ROSA.;MAT:PP E POLIÉSTER/DIM:65X54X49CM/SIST DE TRAV:LIBERAÇÃO EM DUAS AÇÕES CONSECUTIVAS/SIST DE MONT E FERRA :MANUAL (SEM FERRAMENTA)/ACES:N/A.CARACTERISTICAS DO MODELO:;7453116024706;Incluido;07/08/2024
560028/2017;Inativo;;19/04/2021;;;COMPANHIA DOREL BRASIL PRODUTOS INFANTIS;10659948000107;02135547024;Av. Nilo Peçanha;1516 /1582;Térreo;28030035;Pq dos Rodoviários;Campos dos Goytacaze;RJ;mariana.magalhaes@dorel.com.br;Jin Sun Gee Plastic Co.,Ltd;Andadores Infantis;Portaria Inmetro nº 42 de 19/01/2018;;OCAN-AND.145/21-5;;;S;Formosa (Taiwan);Safety 1st;HE001. Andador Spacewalker. Cores: Grey e Orange.;PP, Ferro, ABS. 58x65.5x71.5cm.Trav.Manual.Sist.Mont.Fren.Manual. Bandeja de Brinquedos.;7908238803932|7908283803949;Incluido;19/04/2021
439884/1985;Inativo;;07/10/2019;;;Galzerano Indústria de Carrinhos e Berços Ltda;43594977000197;1934043030;Via Prefeito Jurandyr Paixão;700;;13481149;Jd. Campo Belo;Limeira;SP;luisfernando.camargo@galzerano.com.br;GUANGDONG ZHIHUI CHILDREN?S PRODUCTS CO.,LTD;Andadores Infantis;Portaria Inmetro nº 42 de 19/01/2018;;CE-AND/IQB 000006 53503/20-001;;;S;China, República Popular;GALZERANO;Andador de bebê Magic - Versão: Cinza (CZ), Preto (PT);Mat Tec poli Espum Resin plást Tint Ferrag 70Cx65Lx54A cm Travam trilho plást com botão de destrav e regul alt Mont/frenag manual Andador com pçs girat e cores diversas Acess Bandej Brinq não removív.;7898089221590|7898089222283;Incluido;07/10/2019
854043/1943;Inativo;;11/01/2023;;;COMPANHIA DOREL BRASIL PRODUTOS INFANTIS;10659948000883;2135547024;Av. Nilo Peçanha;1516 ;Galpão 3 ;28030035;Pq dos Rodoviários;Campos dos Goytacaze;RJ;standard@dorel.com.br;Jin Sun Gee Plastics Co., Ltd;Andadores Infantis;Portaria Inmetro nº 129 de 19/03/2021;;IN1701622-4;;;S;Formosa (Taiwan);Voyage;BG1401. Nome comercial: Buggy. Versões: Azul, Rosa.;PP,PVC,Ferro,POM,PU,Pol, 42x58.5x65cm. Trav:Lib.2 ações cons,Mont:Manual, Aces. Brinq.;7898509475206|7898509475213;Incluido;11/01/2023
148047/1970;Ativo;;09/12/2019;;;TAPUZIM COMERCIAL LTDA;00513418000100;1138569063;Av. Monte Celeste;230;250;02561000;Vila S. Maria;São Paulo;SP;ehs0770@hotmail.com;SHEN ZHEN WEI MEI CHILDCARE PRODUCT LIMITED COMPANY;Andadores Infantis;Portaria Inmetro nº 129 de 19/03/2021;;IN2062423;Modelo 5;;S;China, República Popular;baby style;ANDADOR ANIMAIS;ANIMAISVERSÕES: Andador cachorro vermelho - Ref. 33721 Andador cachorro azul - Ref. 33722 Andador abelha rosa - Ref. 33723 Andador abelha azul - Ref. 33724 . Material: Plástico, metal e tecido. Dimen;4079337218996|4079337228995|4079337238994|4079337248993;Excluido;21/12/2020
442051/1996;Cancelado;;28/02/2020;;14/07/2025;COMÉRCIO E IMPORTAÇÃO DENISE LTDA;29963642000178;2125843843;RUA DO MILHO;72;A;21011090;PENHA CIRCULAR;RIO DE JANEIRO;RJ;comerciomybaby@hotmail.com;PING HU BEST CHILDREN'S CARRIER CO.LTD;Andadores Infantis;Portaria Inmetro nº 42 de 19/01/2018;;OCAN-AND.329/20-1;;;S;China, República Popular;MY BABY;A-1;VERSÕES: ROSA, AZUL, AZUL COM VERDE, AZUL COM VERMELHO, ROSA COM LILÁS, ROSA COM ROSA ESCURO;;Incluido;28/02/2020
750233/1971;Ativo;;05/08/2021;;;GALZERANO INDUSTRIA DE CARRINHOS E BERCOS LTDA;43594977000197;19999947357;Via Prefeito Jurandyr Paixão;700;;13481149;Jd. Campo Belo;Limeira;SP;luisfernando.camargo@galzerano.com.br;GALZERANO INDUSTRIA DE CARRINHOS E BERCOS LTDA;Andadores Infantis;Portaria Inmetro nº 129 de 19/03/2021;;CE-AND/IQB 000006 54618/21-001;;;N;Brasil;GALZERANO;Ref.: 4050-Andador Torino. Versões: 4050RO (Rosa), 4050TER (Terracota);Mat Tec poliest TNT Espum PP PA6 Master Tint Tub aço Item fix/aviam CxLxA(cm) 71x62,5x51,5 Trav Trilh plást c/ botão destrav e reg alt Acess Band brinq não remov retrov Carac Tec Pçs plást Tint Ferrag;7908200102247|7908200102254;Excluido;11/05/2022
566352/1995;Ativo;;15/12/2023;;;MADHULA COMERCIO DE ARTIGOS ELETROELETRONICOS LTDA;03838532000190;62811924131;Rua Marcilio Dias;166;;69005270;Centro;Manaus;AM;dgjohnny@gmail.com;PINGHU SHI XIAOTIANDI CHILDREN''S PRODUCTS FACTORY;Andadores Infantis;Portaria Inmetro nº 129 de 19/03/2021;;IN1983523;;;S;China, República Popular;BENMEK;ANDADOR MADHULA/REF.: MA100/VERSÕES:Verde e Azul - MA100VA,Rosa e Roxo - MA100RR,Branco e Azul Escuro - MA100BAE,Amarelo e Vermelho - MA100AV;MAT:PP, FERRO E POLIÉSTER/DIMEN.:63 X 57 X 53 CM/SIST. TRAVAMENTO:Liberação em duas ações consecutivas/SIST. MONTAGEM E FERRAGEM:MANUAL(SEM FERRAMENTA)/ACESS.:n/a/CARACTERÍSTICAS: ANDADOR COM BRINQUED;6901031000158;Incluido;15/12/2023
736055/2022;Ativo;;12/11/2024;;;CACANDO OFERTAS LTDA;23230465000134;11976586700;Rua José Ferreira Crespo;752;Sala 1;08021480;Jardim São Vicente;São Paulo;SP;diegofrancisco22@bol.com.br;STYLL ADMINISTRACAO, INVESTIMENTOS, LOCACOES & SERVICOS LIMITADA;Andadores Infantis;Portaria Inmetro nº 129 de 19/03/2021;;IN2382924;;;N;Brasil;ClickBaby's;Andador Happy baby - Versões AZUL-HAPPY BABY ROSA-HAPPY BABY LARANJA-HAPPY BABY;Mat.Aço Polipropileno.Dim:640x570x470cm.Sist.Trav. Liberação duas ações consecutivas.Sist de Mont e Ferrag:Manual sem ferramenta.Acess: Bandeja c/Brinquedo.Caract/modelo:Andador c/brinquedo na bandeja;7898975097001|7898975097018|7898975097025;Incluido;12/11/2024
191674/1948;Ativo;;09/12/2019;;;TAPUZIM COMERCIAL LTDA;00513418000100;1138569063;Av. Monte Celeste;230;250;02561000;Vila S. Maria;São Paulo;SP;ehs0770@hotmail.com;SHEN ZHEN WEI MEI CHILDCARE PRODUCT LIMITED COMPANY;Andadores Infantis;Portaria Inmetro nº 129 de 19/03/2021;;IN2062423;Modelo 5;;S;China, República Popular;Baby Style;ANDADOR PIANINHO ROSA - 33725 / ANDADOR PIANINHO AZUL - 33726;ANDADOR PIANINHO RS E AZ, MATERIAL:PLÁSTICO/62 X 53 X 78 CM/LIBERAÇÃO EM DUAS AÇÕES CONSECUTIVAS/MANUAL (SEM FERRAMENTAS)/BRINQUEDO;4079337251993|4079337261992;Incluido;29/01/2024
249758/1933;Ativo;;07/02/2022;;;TUTTI BABY INDUSTRIA E COMERCIO DE ARTIGOS INFANTIS LTDA;06981862000129;4733794000;Rod. Guilherme Jensen, SC413, km13;0;;89108000;Distrito Industrial;Massaranduba;SC;certificacao@tuttibaby.com.br;TUTTI BABY INDUSTRIA E COMERCIO DE ARTIGOS INFANTIS LTDA;Andadores Infantis;Portaria Inmetro nº 129 de 19/03/2021;;IN2869325;Modelo 5;;N;Brasil;Tutti Baby;Andador Safari Plus II (Azul / Rosa / Vermelho);ESTRUT. MET.AÇO.TUBULAR/48x60,5x70CM/SIST.DE TRAV. COM.DUAS.AÇÕES.CONSECUT.PARA.LIBER./PARAFUSOS.E. REBITES/BRINQUEDOS.E.ADESIVOS;7898431501615|7898431501622|7898431501639;Excluido;08/04/2022
426701/2014;Ativo;;29/01/2025;;;HCM INDUSTRIA E IMPORTACAO LTDA;12538691000160;3798753533;RUA SERGIPE ;1963;;35591096;SANTA ALEXANDRINA;LAGOA DA PRATA;MG;compras@hcmmalta.com.br;HCM INDUSTRIA E IMPORTACAO LTDA;Andadores Infantis;Portaria Inmetro nº 129 de 19/03/2021;;IN2431224-1;;;N;Brasil;JUMBO BABY;ANDADOR MUSICAL SUPERLUXO JUMBO BABY/Acessórios:Assento,Empurrador,Painel Musical/Caracteristicas do modelo:Andador com brinquedo na bandeja/Versões:AZUL,ROSA,VERMELHO,LARANJA;Mat:POLIPROPILENO (PP)/ACO CARBONO(FERRAGENS)/TECIDO(POLIÉSTER)/Dim:69,5X58,5X14,5/Sist de Trav:Liberação em duas ações consecutivas/Sist de Mont e Fer:Manual(sem ferramenta);7898947715025|7898947715032|7898947715049|7898947715056;Incluido;29/01/2025
687747/1962;Ativo;;03/04/2023;;;PLANETA - IMPORTACAO E DISTRIBUICAO DE BRINQUEDOS LTDA;13434272000141;1138951572;AV VASCO MASSAFELI;1000;G1A M1-21;06703600;JARDIM MARIA TEREZA;COTIA;SP;admin@planetadobebe.com.br;HEBEI WANXIN CHILDREN TOYS CO.,LTD.;Andadores Infantis;Portaria Inmetro nº 129 de 19/03/2021;;IN1765923;Modelo 5;;S;China, República Popular;MAXI BABY;NW-01 - ANDADOR LA BAMBA  / (...) COM BRINQUEDOS/CAR MOD:AND COM BRINQUEDO(BANDEJA MUSICAL);MAT:PP E PARTES EM ABS, AÇO DE ALTO CARB RODA ELASTÔMERO TERMOPLÁSTICO, PVC/DIM:580X680X550(LXCXH)/SIS TRA:LIBERAÇÃO EM DUAS AÇÕES CONSECUTIVAS SIS DE MON E FER:MANUAL(S/ FERRAMENTA)/ACE:BANDEJA (...);7899403215370|7899403215387;Excluido;28/02/2025
030070/1949;Ativo;;15/11/2024;;;HCM INDUSTRIA E IMPORTACAO LTDA;12538691000160;37998767200;RUA SERGIPE ;1963;;35591096;SANTA ALEXANDRINA;LAGOA DA PRATA;MG;compras.hcmmalta@gmail.com;HCM INDUSTRIA E IMPORTACAO LTDA;Andadores Infantis;Portaria Inmetro nº 129 de 19/03/2021;;IN2431224-2;;;N;Brasil;JUMBO BABY;ANDADOR MUSICAL MEGALUXO JUMBO BABY/AZUL/ROSA/VERMELHO/LARANJA, CARAC.D/MODEL:ANDADOR COM BRINQUEDO NA BANDEJA;MAT.:POLIPROPILENO(PP)/ACO CARBONO(FERRAGENS)/TECIDO(POLIÉSTER)/DIM:69,5X58,5X14,5/SIS.D/TRAV.:LIB.EM 2AS.CON./SIS.D/MONT.E FERR.:MAN.(S/FERR.)/ACESS.:ASSE/FORR.P/OS PÉS/EMP./PAI.MUS;7898947715063|7898947715070|7898947715087|7898947715094;Incluido;15/11/2024
324074/1975;Inativo;;14/08/2019;;;Companhia Dorel Brasil Produtos Infantis;10659948000107;2135633602;Av. Nilo Peçanha;1516 /1582;Térreo;28030035;Pq dos Rodoviários;Campos dos Goytacaze;RJ;mariana.magalhaes@dorel.com.br;JIN SUN GEE PLASTIC CO.,LTD;Andadores Infantis;Portaria Inmetro nº 42 de 19/01/2018;;OCAN-AND.145/19-2;;;S;Formosa (Taiwan);Cosco;BG-2023;Nome Fantasia: Goal Walker 4 em 1. Cores: Rosa e Azul. Material: Ferro, Plástico, PP e PU. 74 x 44x 66.5 cm. Sistema de Travamento e Montagem: Manual. Acessórios: Bandeja de Brinquedos.;7898509478375|7898509478665;Incluido;14/08/2019
695948/1993;Inativo;;14/08/2019;;;Companhia Dorel Brasil Produtos Infantis;10659948000107;2135633602;Av. Nilo Peçanha;1516 /1582;Térreo;28030035;Pq dos Rodoviários;Campos dos Goytacaze;RJ;mariana.magalhaes@dorel.com.br;JIN SUN GEE PLASTIC CO.,LTD;Andadores Infantis;Portaria Inmetro nº 42 de 19/01/2018;;OCAN-AND.145/19-1;;;S;Formosa (Taiwan);Voyage;BG-1518;Nome Fantasia: Baby Step. Cores: Rosa e Azul. Material: Ferro, Plástico e Polipropileno. 60x49x68cm. Sistema Travamento e Montagem:Manual. Acessórios: Bandeja.;7908238801280|7908238801297;Incluido;14/08/2019
668956/1933;Ativo;;05/08/2021;;;GALZERANO INDUSTRIA DE CARRINHOS E BERCOS LTDA;43594977000197;19999947357;Via Prefeito Jurandyr Paixão;700;;13481149;Jd. Campo Belo;Limeira;SP;luisfernando.camargo@galzerano.com.br;GALZERANO INDUSTRIA DE CARRINHOS E BERCOS LTDA;Andadores Infantis;Portaria Inmetro nº 129 de 19/03/2021;;CE-AND/IQB 000006 54618/21-001;;;N;Brasil;GALZERANO;Ref.: 4050-Andador Torino. Versões: 4050PTR (Preto Rosa), 4050PTT (Preto Terracota);Mat Tec poliest Espum PP PA6 Master Tint Tub aço Itens fix/aviam CxLxA(cm) 71x62,5x51,5 Trav Trilh plást c/ botão destrav e reg alt Acess Band brinq não remove retrov Caract Tec Pçs plást Tint Ferrage;7908200102193|7908200102209;Excluido;01/09/2021
618078/2001;Inativo;;14/08/2019;;;Companhia Dorel Brasil Produtos Infantis;10659948000107;2135633602;Av. Nilo Peçanha;1516 /1582;Térreo;28030035;Pq dos Rodoviários;Campos dos Goytacaze;RJ;mariana.magalhaes@dorel.com.br;JIN SUN GEE PLASTIC CO.,LTD;Andadores Infantis;Portaria Inmetro nº 42 de 19/01/2018;;OCAN-AND.145/19-4;;;S;Formosa (Taiwan);Voyage;BG1401;Nome Fantasia: Buggy. Cores: Rosa e Azul. Material: Ferro, plástico, PP e PU. 42 x 58.5 x 65 cm. Sistema de Travamento e Montagem: Manual. Acessórios: Bandeja;7898509475206|7898509475213;Incluido;14/08/2019
951017/2023;Ativo;;17/06/2024;;;MEGA COMPRAS PRESENTES.COM LTDA;02561195000174;4191284769;RUA ELDORADO;511;511;09550720;PROSPERIDADE;SÃO CAETANO DO SUL;SP;contabilidade@grupogmac.com;HEBEI HAOKU CHILDREN TOYS CO., LTD;Andadores Infantis;Portaria Inmetro nº 129 de 19/03/2021;;IN2152424;;;S;China, República Popular;MEGA COMPRAS;ANDADOR PARA BEBÊS-PREMIUM-REF:MC923/MC923AZ/MC923RS/MC923CZ/MATERIAL:PP E POLIÉSTER/DIMENSÕES:65X 48X46 CM/ CONT: ANDADOR COM BRINQUEDO ACOPLADO;SISTEMA DE TRAVAMENTO:DOIS DISPOSITIVOS DE TRAVAMENTO INDEPENDENTES SENDO OPERADOS SIMULTÂNEAMENTE/SISTEMA DE MONTAGEM E FERRAGEM:MANUAL (SEM FERRAMENTA)/ACESSÓRIOS:BRINQUEDO/CARACTERISTICAS DO MODELO;7898692799028|7898692799578|7898692799585;Incluido;17/06/2024
912093/1927;Ativo;;07/02/2022;;;TUTTI BABY INDUSTRIA E COMERCIO DE ARTIGOS INFANTIS LTDA;06981862000129;4733794000;Rod. Guilherme Jensen, SC413, km13;0;;89108000;Distrito Industrial;Massaranduba;SC;certificacao@tuttibaby.com.br;TUTTI BABY INDUSTRIA E COMERCIO DE ARTIGOS INFANTIS LTDA;Andadores Infantis;Portaria Inmetro nº 129 de 19/03/2021;;IN2869325;Modelo 5;;N;Brasil;TUTTI BABY;DESIGNAÇÃO COMERC SAFARI II (AZUL/ROSA/VERMELHO),PRINCESA ROSA COROA,ACQUA,EXPLORADOR (CINZA/ ROXO) CÓD D REF COMERC:ANDAD 40.002/40002003/40002004/40002007/40003004/40004002/40004003 CARACT DO MODELO:ANDADOR C BRINQUEDO;MAT:ESTRUTURA METALICA - AÇO TUBULAR/DIM:48X60,5X70CM/SIST DE TRAVA:LIBERAÇ EM 2AÇÕES CONSECUT/SIST DE MONTAGEM E FERRAGEM:PARAFUSOS E REBITES/ACESSÓ:BRINQUEDOS E ADESIVOS;7898431501615|7898431501622|7898431501639|7898431501684|7898431501691|7898431501707;Excluido;10/12/2025
201115/2014;Inativo;;24/09/2019;;;Galzerano Indústria de Carrinhos e Berços Ltda;43594977000197;1934043030;Via Prefeito Jurandyr Paixão;700;;13481149;Jd. Campo Belo;Limeira;SP;luisfernando.camargo@galzerano.com.br;SHEN ZHEN WEI MEI CHILDCARE PRODUCT LIMITED COMPANY;Andadores Infantis;Portaria Inmetro nº 42 de 19/01/2018;;CE-AND/IQB 000006 53504/20-001;;;S;China, República Popular;GALZERANO;Andador de bebê 4 em 1 Funny - Versões: Color (CR), Verde Água (VDA);Mat Tec poli Espum Resin plást Itens fix Dimens 75Cx71Lx55A(cm) Sist trav Dobradiç plást c/ botã acion Sist mont frenag Encaix manua Mod Andador c/ módul sonor Pçs girat Cores divers Acess Brinq remov;7898089221477|7898089221996;Incluido;24/09/2019
702494/1927;Ativo;;09/09/2026;;;TUTTI BABY INDUSTRIA E COMERCIO DE ARTIGOS INFANTIS LTDA;06981862000129;4733794000;Rua Vicente Zanotti;177;Galpão 01;89381270;Industrial Zaferino ;Massaranduba;SC;heloiza.souza@tuttibaby.com.br;TUTTI BABY INDUSTRIA E COMERCIO DE ARTIGOS INFANTIS LTDA;Andadores Infantis;Portaria Inmetro nº 129 de 19/03/2021;;CE-AND/IQB 000013 57036/26-001;Modelo 5;;N;Brasil;TUTTI BABY;ANDADOR SAFARI - REF. 40002003,40002004,40002007,40003004,40004002,40004003;ESTRU.MET.:ACO TUBULAR,BRINQ:PLAST. DE ENG.,REVEST. TEXTIL:ALGODAO/51X61X70 CM/DOIS DISP. DE TRAV. INDEPENDENTES SENDO OPERADOS SIMULT./PARAFUSOS E MONT. DE PÇS PLAST./BRINQ. CERTIF.E ADESIVO-57036/26;7898431501615|7898431501622|7898431501639|7898431501684|7898431501691|7898431501707;Incluido;09/09/2026
219593/1984;Ativo;;07/02/2022;;;TUTTI BABY INDUSTRIA E COMERCIO DE ARTIGOS INFANTIS LTDA;06981862000129;4733794000;Rod. Guilherme Jensen, SC413, km13;0;;89108000;Distrito Industrial;Massaranduba;SC;certificacao@tuttibaby.com.br;TUTTI BABY INDUSTRIA E COMERCIO DE ARTIGOS INFANTIS LTDA;Andadores Infantis;Portaria Inmetro nº 129 de 19/03/2021;;IN2869325;Modelo 5;;N;Brasil;Tutti Baby;Andador: VERSÕES: Safari II (Azul/Rosa/Vermelho), Princesa Rosa Coroa, Acqua Explorador (Cinza/Roxo);ESTRUTURA METÁLICA , AÇO TUBULAR / 48 x 60,5 x 70CM / SISTEMA DE TRAVAMENTO COM DUAS AÇÕES CONSECUTIVAS PARA LIBERAÇÃO /SISTEMA DE MONTAGEM/FERRAGEM: PARAFUSOS E REBITES ACESSÓRIOS: BRINQUEDOS E ADESI;7898431501615|7898431501622|7898431501639|7898431501684|7898431501691|7898431501707;Excluido;15/03/2024
547527/1965;Inativo;;14/08/2019;;;Companhia Dorel Brasil Produtos Infantis;10659948000107;2135633602;Av. Nilo Peçanha;1516 /1582;Térreo;28030035;Pq dos Rodoviários;Campos dos Goytacaze;RJ;mariana.magalhaes@dorel.com.br;JIN SUN GEE PLASTIC CO.,LTD;Andadores Infantis;Portaria Inmetro nº 42 de 19/01/2018;;OCAN-AND.145/19-1;;;S;Formosa (Taiwan);Voyage;BG-1518;Nome Fantasia: Baby Step. Cores: Rosa e Azul. Material: Ferro, Plástico e Polipropileno. 60x49x68cm. Sistema Travamento e Montagem:Manual. Acessórios: Bandeja.;7908238801280|7908238801297;Incluido;14/08/2019
611543/1967;Ativo;;05/08/2021;;;GALZERANO INDUSTRIA DE CARRINHOS E BERCOS LTDA;43594977000197;19999947357;Via Prefeito Jurandyr Paixão;700;;13481149;Jd. Campo Belo;Limeira;SP;luisfernando.camargo@galzerano.com.br;GALZERANO INDUSTRIA DE CARRINHOS E BERCOS LTDA;Andadores Infantis;Portaria Inmetro nº 129 de 19/03/2021;;CE-AND/IQB 000006 54618/21-001;;;N;Brasil;GALZERANO;Ref.: 4050-Andador Torino. Versões: 4050PTR (Preto Rosa), 4050PTT (Preto Terracota);Mat Tec poliest Espum PP PA6 Master Tint Tub aço Itens fix/aviam CxLxA(cm) 71x62,5x51,5 Trav Trilh plást c/ botão destrav e reg alt Acess Band brinq não remove retrov Caract Tec Pçs plást Tint Ferrage;7908200102193|7908200102209;Excluido;01/09/2021
808249/1954;Inativo;;11/01/2023;;;COMPANHIA DOREL BRASIL PRODUTOS INFANTIS;10659948000883;2135547024;Av. Nilo Peçanha;1516 ;Galpão 3 ;28030035;Pq dos Rodoviários;Campos dos Goytacaze;RJ;standard@dorel.com.br;Jin Sun Gee Plastics Co., Ltd;Andadores Infantis;Portaria Inmetro nº 129 de 19/03/2021;;IN1722522;;;S;Formosa (Taiwan);Cosco;BG-1518. Nome comercial: Follow. Versões: Azul e Laranja.;Ferro, plástico, PP,PET, PU e poliéster. 60 x 49 x 68 cm.Trav:Lib.2 ações cons., Encaixe,aces: Brinquedos.;7908238808043|7908238808050;Incluido;11/01/2023
751797/1965;Ativo;;09/09/2026;;;TUTTI BABY INDUSTRIA E COMERCIO DE ARTIGOS INFANTIS LTDA;06981862000129;4733794000;Rua Vicente Zanotti;177;Galpão 01;89381270;Industrial Zaferino ;Massaranduba;SC;heloiza.souza@tuttibaby.com.br;TUTTI BABY INDUSTRIA E COMERCIO DE ARTIGOS INFANTIS LTDA;Andadores Infantis;Portaria Inmetro nº 129 de 19/03/2021;;CE-AND/IQB 000013 57036/26-001;Modelo 5;;N;Brasil;TUTTI BABY;ANDADOR SAFARI - REF. 40002003,40002004,40002007,40003004,40004002,40004003;ESTRU.MET.:ACO TUBULAR,BRINQ:PLAST. DE ENG.,REVEST. TEXTIL:ALGODAO/51X61X70 CM/DOIS DISP. DE TRAV. INDEPENDENTES SENDO OPERADOS SIMULT./PARAFUSOS E MONT. DE PÇS PLAST./BRINQ. CERTIF.E ADESIVO-57036/26;7898431501615|7898431501622|7898431501639|7898431501684|7898431501691|7898431501707;Incluido;09/09/2026
826471/1967;Ativo;;29/04/2024;;;TAPUZIM COMERCIAL LTDA;00513418000100;113856906;Av. Monte Celeste;230;250;02561000;Vila S. Maria;São Paulo;SP;sergio@babystylebrasil.com.br;SHEN ZHEN WEI MEI CHILDCARE PRODUCT LIMITED COMPANY;Andadores Infantis;Portaria Inmetro nº 129 de 19/03/2021;;IN2118124-2;;;S;China, República Popular;Baby Style;ANDADOR FOGUETE - FOGUETE CINZA E FOGUETE ROSA;MATERIAL:PP/DIM:62X53X78CM/SISTEMA DE TRAVAME:LIBERA EM 2 AÇÕES CONSECUTIVAS/MANUAL/ACESSÓRIOS:N/A/CARACT DO MODELO:ANDADOR C BRINQUEDO NA BANDEJA;4079337285219|4079337296543;Incluido;29/04/2024
166872/2000;Inativo;;12/12/2022;;;COMPANHIA DOREL BRASIL PRODUTOS INFANTIS;10659948000883;2135547024;Av. Nilo Peçanha;1516 ;Galpão 3 ;28030035;Pq dos Rodoviários;Campos dos Goytacaze;RJ;standard@dorel.com.br;Dongguan Xinyeda Hardware Plastic Products Co., Ltd;Andadores Infantis;Portaria Inmetro nº 129 de 19/03/2021;;IN1715922;;;S;China, República Popular;Safety 1st;11389.  Melody Garden;ABS,PP.PVC.Pol.Esp, 64x55x66cm,Trav.Lib.2açoes cons, Mon.Manual. Aces: Brinquedos.;9312541727119;Incluido;12/12/2022
206097/1954;Ativo;;06/03/2023;;;BURIGOTTO S A INDUSTRIA E COMERCIO;51460277000138;1934464813;Rua Martino Dragone;280;;13480308;Jardim Santa Barbara;Liemira;SP;alison.smanioto@burigotto.com;JIN SUN GEE PLASTICS CO., LTD;Andadores Infantis;Portaria Inmetro nº 129 de 19/03/2021;;CE-AND/IQB 000004 55573/23-001;Modelo 5;;S;Formosa (Taiwan);BURIGOTTO;ANDADOR OLÉ CL - REF. IXAN5143CL;PP, AÇO, TECIDO / 590 X 690 X 550 MM / TRILHO PLÁSTICO COM BOTÃO DE TRAVA/DESTRAVA E REGULAGEM DE ALTURA / REBITES, PARAFUSOS E ENCAIXE DE PEÇAS PLÁSTICAS / BANDEJA COM 2 BRINQUEDOS DE PP E NYLON;7896502944248;Incluido;29/04/2026
500101/1980;Ativo;;20/12/2019;;;TAPUZIM COMERCIAL LTDA;00513418000100;1138569063;Av. Monte Celeste;230;250;02561000;Vila S. Maria;São Paulo;SP;ehs0770@hotmail.com;SHEN ZHEN WEI MEI CHILDCARE PRODUCT LIMITED COMPANY;Andadores Infantis;Portaria Inmetro nº 42 de 19/01/2018;;OCAN-AND.165/19-2;;;S;China, República Popular;baby style;SPACECAR - VERSÕES: Andador car - Ref. 21302 / Andador space - Ref. 33117;Material: Plástico, metal e tecido. Dimensões: 59 x 59 x 69 cm , Sistema de Travamento: Stoper, Sistema de Montagem e Ferragem: Tesoura, Acessórios: Bandeja musical;4532213022990|4532331172997;Incluido;20/12/2019
322220/2023;Ativo;;07/03/2024;;;JASSUMAL LTDA;04214425000154;63881924131;AV SETE SETEMBRO;852;;69005140;CENTRO;MANAUS;AM;dgjohnny@gmail.com;PINGHU SHI XIAOTIANDI CHILDREN''S PRODUCTS FACTORY;Andadores Infantis;Portaria Inmetro nº 129 de 19/03/2021;;IN2087524;;;S;China, República Popular;BABY SPORTS;ANDADOR JASSUMAL - BS104 - AZUL CLARO E ESCURO-BS104A/ROSA CLARO E ESCURO-BS104R/VERMELHO E PRETO-BS104VP/ROXO E ROSA ESCURO-BS104RR;MAT.:PP,FERRO E POLIÉSTER/DIM.:63X57X53CM/SIST.TRAVA.:LIBERAÇÃO EM DUAS AÇÕES CONSECUTIVAS/SIST.MONT.FERRA.:MANUAL(SEM FERRAMENTA)/ACESSÓRIOS:N/A/CARACTERISTICAS DO MODELO: ANDADOR COM BRINQUEDO;6901041000155;Incluido;07/03/2024
794105/2006;Ativo;;06/09/2024;;;TUTTI BABY INDUSTRIA E COMERCIO DE ARTIGOS INFANTIS LTDA;06981862000129;4733794000;Rod. Guilherme Jensen, SC413, km13;0;Galpão 01;89108000;Distrito Industrial;Massaranduba;SC;certificacao@tuttibaby.com.br;TUTTI BABY INDUSTRIA E COMERCIO DE ARTIGOS INFANTIS LTDA;Andadores Infantis;Portaria Inmetro nº 129 de 19/03/2021;;IN2321524;;;N;Brasil;TUTTI BABY;ANDADOR COMFORT/REF.ANDADOR COMFORT 40.005/40005004/40005003/40005011/40005028/40005007/40005010/40005006/40005029;MAT:PLAST.ENG/ALGODÃO/DIMEN:48X60,5X70CM/SIST.DE TRAV:DOIS DISP.DE TRAV.INDEP.SENDO OP.SIMUL/SIST.DE MONT.FERR:OUTROS:PARAF,MONT.PEÇAS PLAST./ACESS:BANDEIJA C/ BRINQ/CARAC.DO MOD:ANDADOR C/BRINQUEDO;7898431502063|7898431502070|7898431502087|7898431502094|7898431502100|7898431502117|7898431502124|7898431502131;Incluido;06/09/2024
887001/2021;Ativo;;31/08/2026;;;MADHULA COMERCIO DE ARTIGOS ELETROELETRONICOS LTDA;03838532000190;92994433107;Rua Marcilio Dias;166;;69005270;Centro;Manaus;AM;mayapunjwani@gmail.com;PINGHU XIAOTIANDI CHILDRENS PRODUCTS FACTORY;Andadores Infantis;Portaria Inmetro nº 129 de 19/03/2021;;IN3141126-1;Modelo 5;;S;China, República Popular;BENMEK;MADHULA/ MA100/ Verde e Azul - MA100VA/ Rosa e Roxo - MA100RR/ Branco e Azul Escuro - MA100BAE/ Amarelo e Vermelho - MA100AV;MAT.:PP, FERRO E POLIÉSTER/DIM.:63X57X53 CM/SIST. DE TRAV.: LIBERAÇÃO EM DUAS AÇÕES CONSECUTIVAS/SIST. MONT. E FERR.:MANUAL (SEM FERRAMENTA)/ACESS.:BRINQUEDO/CARACT. DO MOD.: ANDADOR COM BRINQUEDO;6901031000158;Incluido;31/08/2026
088120/1933;Ativo;;16/07/2025;;;KIDDO INDUSTRIA E COMERCIO LTDA;60688090000187;1147870744;Rodovia Regis Bittencourt ;3666;;06793000;Jardim Três Marias ;Taboão da Serra;SP;m.nascimento@kiddo.com.br;JIN SUN GEE PLASTIC CO., LTD;Andadores Infantis;Portaria Inmetro nº 129 de 19/03/2021;;IN2735125;Modelo 5;;S;China, República Popular;Whoop;ANDADOR PASSINHOS 2 EM 1 REF. 8701/CINZA/ROSA/AZUL;MATERIAL:PP. POLIES/DIMENSÕES:59,5X68X53CM/SIST.DE.TRAVAM.:LIBER.EM DUAS AÇÕES CONSECUTIVAS/SIST.DE.MONTAG.E.FERRAGEM:MANUAL (SEM AUX. DE FERRAM)/ACESSÓRIOS:BRINQ./CARACT. DO MODELO:ANDADOR C/ BRINQ.;7896517223871|7896517223888|7896517223895;Incluido;16/07/2025
425461/1979;Ativo;;13/04/2026;;;VG SHOP COMERCIO ON LINE LTDA;16857384000365;1149690505;RUA PROJETADA SN KM 15 NUCLEO AGUA COMPRIDA;0;KM 15;37600000;AGUA COMPRIDA;CAMBUI;MG;gilson@vgshop.com.br;YONGXING SPORTS LIMITED;Andadores Infantis;Portaria Inmetro nº 129 de 19/03/2021;;IN2982826;Modelo 5;;S;China, República Popular;MULTMAXX;Desig. Com. andador infantil com empurrador Cod. Ref. MTX150 / MTX151 Quant. (aplic. para mod. 1b) n/a Mat: poliéster, abs, pp e borracha Dim. 76x65x65cm Sis. Trav. dois dispositivos independentes sendo operador simultaneamente;Sis. de Mont. e Ferragem: manual (com ferramenta) acess: N/A Car.do mod: andador ccom empurrador e brinquedo musical Vers. MTX150 cinza MTX151 rosa;7898758400394|7898758400400;Incluido;13/04/2026
382124/1959;Ativo;;14/05/2026;;;UNI-ART IMPORT LTDA.;68168368000105;11952844300;AV DAS INDUSTRIAS ;755;;13288163;DIST.INDL B. STORANI;VINHEDO;SP; www.unitoys.com.br;QINGYUAN XINGLONG BALL PRODUCING CO., LTD.;Andadores Infantis;Portaria Inmetro nº 129 de 19/03/2021;;IN2985326;Modelo 5;;S;China, República Popular;UNITOYS;ANDADOR COM EMPURRADOR - N/A - 3726 AZUL/3726 ROSA;MAT:PP, POLIÉSTER E AÇO/DIM:50X60X102 CM/SIS_TRAV:LIBERAÇÃO EM DUAS AÇÕES CONSECUTIVAS/SIS_MONT E FERRG:MANUAL (SEM FERRAMENTA)/ACESS:N/A/CARACTERISTICAS DO MODELO:ANDADOR COM BANDEJA MUSICAL;7908901504395|7908901504401;Incluido;14/05/2026
676128/1985;Ativo;;07/02/2022;;;TUTTI BABY INDUSTRIA E COMERCIO DE ARTIGOS INFANTIS LTDA;06981862000129;4733794000;Rod. Guilherme Jensen, SC413, km13;0;;89108000;Distrito Industrial;Massaranduba;SC;certificacao@tuttibaby.com.br;TUTTI BABY INDUSTRIA E COMERCIO DE ARTIGOS INFANTIS LTDA;Andadores Infantis;Portaria Inmetro nº 129 de 19/03/2021;;IN2869325;Modelo 5;;N;Brasil;TUTTI BABY;DESIGNAÇÃO COMERC SAFARI II (AZUL/ROSA/VERMELHO),PRINCESA ROSA COROA,ACQUA,EXPLORADOR (CINZA/ ROXO) CÓD D REF COMERC:ANDAD 40.002/40002003/40002004/40002007/40003004/40004002/40004003 CARACT DO MODELO:ANDADOR C BRINQUEDO;MAT:ESTRUTURA METALICA - AÇO TUBULAR/DIM:48X60,5X70CM/SIST DE TRAVA:LIBERAÇ EM 2AÇÕES CONSECUT/SIST DE MONTAGEM E FERRAGEM:PARAFUSOS E REBITES/ACESSÓ:BRINQUEDOS E ADESIVOS;7898431501615|7898431501622|7898431501639|7898431501684|7898431501691|7898431501707;Excluido;10/12/2025
070882/1998;Inativo;;14/08/2019;;;Companhia Dorel Brasil Produtos Infantis;10659948000107;2135633602;Av. Nilo Peçanha;1516 /1582;Térreo;28030035;Pq dos Rodoviários;Campos dos Goytacaze;RJ;mariana.magalhaes@dorel.com.br;Hua Song Plastic Products Co Ltd;Andadores Infantis;Portaria Inmetro nº 42 de 19/01/2018;;OCAN-AND.145/19-3;;;S;China, República Popular;Safety 1st;11389;Nome Fantasia: Melody Garden. Cor única. Material: Ferro, plástico e PP. 64x55x66 cm. Sistema de Travamento e Montagem: Manual. Acessórios: Bandeja.;9312541727119;Incluido;14/08/2019
970132/2011;Inativo;;11/01/2023;;;COMPANHIA DOREL BRASIL PRODUTOS INFANTIS;10659948000883;2135547024;Av. Nilo Peçanha;1516 ;Galpão 3 ;28030035;Pq dos Rodoviários;Campos dos Goytacaze;RJ;standard@dorel.com.br;Jin Sun Gee Plastics Co., Ltd;Andadores Infantis;Portaria Inmetro nº 129 de 19/03/2021;;IN1701622-4;;;S;Formosa (Taiwan);Voyage;BG1401. Nome comercial: Buggy. Versões: Azul, Rosa.;PP,PVC,Ferro,POM,PU,Pol, 42x58.5x65cm. Trav:Lib.2 ações cons,Mont:Manual, Aces. Brinq.;7898509475206|7898509475213;Incluido;11/01/2023
264147/1938;Inativo;;14/08/2019;;;Companhia Dorel Brasil Produtos Infantis;10659948000107;2135633602;Av. Nilo Peçanha;1516 /1582;Térreo;28030035;Pq dos Rodoviários;Campos dos Goytacaze;RJ;mariana.magalhaes@dorel.com.br;JIN SUN GEE PLASTIC CO.,LTD;Andadores Infantis;Portaria Inmetro nº 42 de 19/01/2018;;OCAN-AND.145/19-2;;;S;Formosa (Taiwan);Cosco;BG-2023;Nome Fantasia: Goal Walker 4 em 1. Cores: Rosa e Azul. Material: Ferro, Plástico, PP e PU. 74 x 44x 66.5 cm. Sistema de Travamento e Montagem: Manual. Acessórios: Bandeja de Brinquedos.;7898509478375|7898509478665;Incluido;14/08/2019
610872/1948;Cancelado;;28/02/2020;;14/07/2025;COMÉRCIO E IMPORTAÇÃO DENISE LTDA;29963642000178;2125843843;RUA DO MILHO;72;A;21011090;PENHA CIRCULAR;RIO DE JANEIRO;RJ;comerciomybaby@hotmail.com;PING HU BEST CHILDREN'S CARRIER CO.LTD;Andadores Infantis;Portaria Inmetro nº 42 de 19/01/2018;;OCAN-AND.329/20-1;;;S;China, República Popular;MY BABY;A-1;VERSÕES: ROSA, AZUL, AZUL COM VERDE, AZUL COM VERMELHO, ROSA COM LILÁS, ROSA COM ROSA ESCURO;;Incluido;28/02/2020
558151/1964;Ativo;;15/12/2023;;;MADHULA COMERCIO DE ARTIGOS ELETROELETRONICOS LTDA;03838532000190;62811924131;Rua Marcilio Dias;166;;69005270;Centro;Manaus;AM;dgjohnny@gmail.com;PINGHU SHI XIAOTIANDI CHILDREN''S PRODUCTS FACTORY;Andadores Infantis;Portaria Inmetro nº 129 de 19/03/2021;;IN1983523;;;S;China, República Popular;BENMEK;ANDADOR MADHULA/REF.: MA100/VERSÕES:Verde e Azul - MA100VA,Rosa e Roxo - MA100RR,Branco e Azul Escuro - MA100BAE,Amarelo e Vermelho - MA100AV;MAT:PP, FERRO E POLIÉSTER/DIMEN.:63 X 57 X 53 CM/SIST. TRAVAMENTO:Liberação em duas ações consecutivas/SIST. MONTAGEM E FERRAGEM:MANUAL(SEM FERRAMENTA)/ACESS.:n/a/CARACTERÍSTICAS: ANDADOR COM BRINQUED;6901031000158;Incluido;15/12/2023
287408/1993;Ativo;;07/08/2024;;;AMAZONAS IMPORTADOS LTDA;07269201000138;9691131654;Rua Independência;175;;68900090;Central;Macapa;AP;adriana.abreu@amazonasimportados.com.br;YIWU BALBIAN ELECTRONIC TECHNOLOGICAL CO., LTD;Andadores Infantis;Portaria Inmetro nº 129 de 19/03/2021;;IN2086424-4;;;S;China, República Popular;LÉ PETIT;MODE:BABY WALKER/REF:LP-9917/ CONT: ANDADOR COM BRINQUEDO ACOPLADO/VERSÕES:AZUL,VERMELHO,AMARELO,ROSA.;MAT:PP E POLIÉSTER/DIM:65X54X49CM/SIST DE TRAV:LIBERAÇÃO EM DUAS AÇÕES CONSECUTIVAS/SIST DE MONT E FERRA :MANUAL (SEM FERRAMENTA)/ACES:N/A.CARACTERISTICAS DO MODELO:;7453116024706;Incluido;07/08/2024
852155/1990;Ativo;;16/07/2025;;;KIDDO INDUSTRIA E COMERCIO LTDA;60688090000187;1147870744;Rodovia Regis Bittencourt ;3666;;06793000;Jardim Três Marias ;Taboão da Serra;SP;m.nascimento@kiddo.com.br;JIN SUN GEE PLASTIC CO., LTD;Andadores Infantis;Portaria Inmetro nº 129 de 19/03/2021;;IN2735125;Modelo 5;;S;China, República Popular;Whoop;ANDADOR PASSINHOS 2 EM 1 REF. 8701/CINZA/ROSA/AZUL;MATERIAL:PP. POLIES/DIMENSÕES:59,5X68X53CM/SIST.DE.TRAVAM.:LIBER.EM DUAS AÇÕES CONSECUTIVAS/SIST.DE.MONTAG.E.FERRAGEM:MANUAL (SEM AUX. DE FERRAM)/ACESSÓRIOS:BRINQ./CARACT. DO MODELO:ANDADOR C/ BRINQ.;7896517223871|7896517223888|7896517223895;Incluido;16/07/2025
064592/2021;Ativo;;12/04/2021;;;TUTTI BABY INDUSTRIA E COMERCIO DE ARTIGOS INFANT;06981862000129;4733794000;Rod. Guilherme Jensen;0;Galpão 01;89108000;Distrito Industrial;Massaranduba;SC;qualidade@tuttibaby.com.br;TUTTI BABY INDUSTRIA E COMERCIO DE ARTIGOS INFANT;Andadores Infantis;Portaria Inmetro nº 129 de 19/03/2021;;CE-AND/IQB 000005 54149/20-001;Modelo 5;;N;Brasil;Tutti Baby;Andador 40.001;ESTRUT.MET. DE AÇO TUB.PLÁST. DE ENG.ALGODÃO.48CM X60,5CMX70CM,COM DUAS AÇÕESCONSEC PARA LIB.REB.E PARAF.BRINQ. E ADES.BASE SUP.BASE INF.FREIO ANTI-QUEDA E CONJ.DE RODAS,PNEU DA RODA TRAS. E TRAVA ANT;7898431501219|7898431501226|7898431501233;Incluido;12/04/2021
882320/1939;Inativo;;11/11/2022;;;COMPANHIA DOREL BRASIL PRODUTOS INFANTIS;10659948000883;2135547024;Av. Nilo Peçanha;1516 ;Galpão 3 ;28030035;Pq dos Rodoviários;Campos dos Goytacaze;RJ;standard@dorel.com.br;Jin Sun Gee Plastics Co., Ltd;Andadores Infantis;Portaria Inmetro nº 129 de 19/03/2021;;IN1701622-2;;;S;Formosa (Taiwan);Voyage;BG-1518. Nome comercial: Baby Step. Versões: Rosa e Azul.;Ferro,PP e poliéster. 60x49x68cm.Trav:Lib.2 ações consec.,Mont:Encaixe. Aces:Brinquedos;7908238801280|7908238801297;Incluido;11/11/2022
094723/1969;Ativo;;07/02/2022;;;TUTTI BABY INDUSTRIA E COMERCIO DE ARTIGOS INFANTIS LTDA;06981862000129;4733794000;Rod. Guilherme Jensen, SC413, km13;0;;89108000;Distrito Industrial;Massaranduba;SC;certificacao@tuttibaby.com.br;TUTTI BABY INDUSTRIA E COMERCIO DE ARTIGOS INFANTIS LTDA;Andadores Infantis;Portaria Inmetro nº 129 de 19/03/2021;;IN2869325;Modelo 5;;N;Brasil;TUTTI BABY;ANDADOR SAFARI II-ANDADOR 40.002-40002003/40002004/40002007/40003004/40004002/40004003;MAT:PP/ALGODAO/DIM:51X61X70CM/SIS_TRAV:DOIS DISPOS DE TRAV IND. OPER. SIMULTÂNEAMENTE/SIS_MONT/FERRG:REBITES,PARAF,ENCAIXE DE PÇS PLAST/ACESS:BAND. C/ BRINQ/CARAC. DO MOD.:ANDADOR C/ BRINQ NA BAND;7898431501615|7898431501622|7898431501639|7898431501684|7898431501691|7898431501707;Incluido;27/02/2026
409764/1937;Inativo;;12/12/2022;;;COMPANHIA DOREL BRASIL PRODUTOS INFANTIS;10659948000883;2135547024;Av. Nilo Peçanha;1516 ;Galpão 3 ;28030035;Pq dos Rodoviários;Campos dos Goytacaze;RJ;standard@dorel.com.br;Dongguan Xinyeda Hardware Plastic Products Co., Ltd;Andadores Infantis;Portaria Inmetro nº 129 de 19/03/2021;;IN1715922;;;S;China, República Popular;Safety 1st;11389.  Melody Garden;ABS,PP.PVC.Pol.Esp, 64x55x66cm,Trav.Lib.2açoes cons, Mon.Manual. Aces: Brinquedos.;9312541727119;Incluido;12/12/2022
146159/2017;Ativo;;07/02/2022;;;TUTTI BABY INDUSTRIA E COMERCIO DE ARTIGOS INFANTIS LTDA;06981862000129;4733794000;Rod. Guilherme Jensen, SC413, km13;0;;89108000;Distrito Industrial;Massaranduba;SC;certificacao@tuttibaby.com.br;TUTTI BABY INDUSTRIA E COMERCIO DE ARTIGOS INFANTIS LTDA;Andadores Infantis;Portaria Inmetro nº 129 de 19/03/2021;;IN2869325;Modelo 5;;N;Brasil;TUTTI BABY;ANDADOR SAFARI II-ANDADOR 40.002-40002003/40002004/40002007/40003004/40004002/40004003;MAT:PP/ALGODAO/DIM:51X61X70CM/SIS_TRAV:DOIS DISPOS DE TRAV IND. OPER. SIMULTÂNEAMENTE/SIS_MONT/FERRG:REBITES,PARAF,ENCAIXE DE PÇS PLAST/ACESS:BAND. C/ BRINQ/CARAC. DO MOD.:ANDADOR C/ BRINQ NA BAND;7898431501615|7898431501622|7898431501639|7898431501684|7898431501691|7898431501707;Incluido;27/02/2026
440174/1943;Inativo;;24/09/2019;;;Galzerano Indústria de Carrinhos e Berços Ltda;43594977000197;1934043030;Via Prefeito Jurandyr Paixão;700;;13481149;Jd. Campo Belo;Limeira;SP;luisfernando.camargo@galzerano.com.br;SHEN ZHEN WEI MEI CHILDCARE PRODUCT LIMITED COMPANY;Andadores Infantis;Portaria Inmetro nº 42 de 19/01/2018;;CE-AND/IQB 000006 53504/20-001;;;S;China, República Popular;GALZERANO;Andador de bebê 4 em 1 Funny - Versões: Color (CR), Verde Água (VDA);Mat Tec poli Espum Resin plást Itens fix Dimens 75Cx71Lx55A(cm) Sist trav Dobradiç plást c/ botã acion Sist mont frenag Encaix manua Mod Andador c/ módul sonor Pçs girat Cores divers Acess Brinq remov;7898089221477|7898089221996;Incluido;24/09/2019
734178/1969;Ativo;;07/02/2022;;;TUTTI BABY INDUSTRIA E COMERCIO DE ARTIGOS INFANTIS LTDA;06981862000129;4733794000;Rod. Guilherme Jensen, SC413, km13;0;;89108000;Distrito Industrial;Massaranduba;SC;certificacao@tuttibaby.com.br;TUTTI BABY INDUSTRIA E COMERCIO DE ARTIGOS INFANTIS LTDA;Andadores Infantis;Portaria Inmetro nº 129 de 19/03/2021;;IN2869325;Modelo 5;;N;Brasil;Tutti Baby;Andador: VERSÕES: Safari II (Azul/Rosa/Vermelho), Princesa Rosa Coroa, Acqua Explorador (Cinza/Roxo);ESTRUTURA METÁLICA , AÇO TUBULAR / 48 x 60,5 x 70CM / SISTEMA DE TRAVAMENTO COM DUAS AÇÕES CONSECUTIVAS PARA LIBERAÇÃO /SISTEMA DE MONTAGEM/FERRAGEM: PARAFUSOS E REBITES ACESSÓRIOS: BRINQUEDOS E ADESI;7898431501615|7898431501622|7898431501639|7898431501684|7898431501691|7898431501707;Excluido;15/03/2024
238139/1956;Ativo;;30/08/2021;;;TA TE TI INDUSTRIA E COMERCIO DE BRINQUEDOS EDUCATIVOS LTDA;30261120000103;4732422225;RUA TIRADENTES;230;;89107000;CENTRO;POMERODE;SC;qualidade3@grupocalesita.com.br;TA TE TI INDUSTRIA E COMERCIO DE BRINQUEDOS EDUCATIVOS LTDA;Andadores Infantis;Portaria Inmetro nº 129 de 19/03/2021;;CE-AND/IQB 000010 55962/23-001;Modelo 5;;N;Brasil;Tateti;Ref.914 - Move Baby;PP, METAL, TECIDO POLIESTER. DIMENSAO: 70,20X59,83X49,12CM. SIST. TRAVAMENTO:FREIO DIANTEIRO E TRASEIRO. SIST DE MONTAGEM: MANUAL/PARAFUSOS PP. ACESSORIOS:BANDEJA DE BRINQUEDOS;7898664632230;Incluido;02/03/2026
677726/1980;Ativo;;07/03/2024;;;COMPANHIA DOREL BRASIL PRODUTOS INFANTIS;10659948000107;2135547024;Av. Nilo Peçanha;1516;1582;28030035;Pq dos Rodoviários;Campos dos Goytacaze;RJ;standard@dorel.com.br;COMPANHIA DOREL BRASIL PRODUTOS INFANTIS;Andadores Infantis;Portaria Inmetro nº 129 de 19/03/2021;;IN2040823;Modelo 5;;N;Brasil;Infanti;APPIA - HE022 - AZUL/ROSA - MAT.:PP, POLIÉSTER,PTA, EG, POLIPROPILENO E POLIETILENO.DIMENSÕES:56,5X68X60,5CM/;SIST. DE TRAVAMENTO: LIBERAÇÃO EM 2 AÇÕES CONSECUTIVAS/SIST. DE MONTAGEM E FERRAGEM: MANUAL (S/ FERRAMENTAS)/ACES.: BANDEJA DE BRINQUEDOS/ANDADOR COM BRINQUEDO;7908238809774|7908238809781;Excluido;10/04/2026
028182/1996;Ativo;;01/12/2021;;;FAST TRADING IMPORTACAO, EXPORTACAO E COMERCIO DE BEBIDAS EIRELI;34076058000130;8130191960;AV. GOVERNADOR AGAMENON MAGALHÃES,  EDF. EMPRESSARIAL RENATO DIAS - ANDAR 15º, SALA 1502 ;4318;SALA 1502;52010075;PAISSANDU; RECIFE;PE;ricardo.ferreira@fasttradingimport.com.br;China Zhejiang Techincal Co. Ltd;Andadores Infantis;Portaria Inmetro nº 42 de 19/01/2018;;OCAN-AND.514/21-1;;;S;China, República Popular;Fast;602;Material:	PP, Ferro e Poliester/ Dimensões:	63 x 57 x 53 cm/ Sistema de Travamento: Travamento automático com liberação em duas ações consecutivas/ Sistema de Montagem e Ferragem: Manual	/Acessórios: ;;Incluido;01/12/2021
712259/1952;Ativo;;07/02/2022;;;TUTTI BABY INDUSTRIA E COMERCIO DE ARTIGOS INFANTIS LTDA;06981862000129;4733794000;Rod. Guilherme Jensen, SC413, km13;0;;89108000;Distrito Industrial;Massaranduba;SC;certificacao@tuttibaby.com.br;TUTTI BABY INDUSTRIA E COMERCIO DE ARTIGOS INFANTIS LTDA;Andadores Infantis;Portaria Inmetro nº 129 de 19/03/2021;;IN2869325;Modelo 5;;N;Brasil;TUTTI BABY;ANDADOR SAFARI II-ANDADOR 40.002-40002003/40002004/40002007/40003004/40004002/40004003;MAT:PP/ALGODAO/DIM:51X61X70CM/SIS_TRAV:DOIS DISPOS DE TRAV IND. OPER. SIMULTÂNEAMENTE/SIS_MONT/FERRG:REBITES,PARAF,ENCAIXE DE PÇS PLAST/ACESS:BAND. C/ BRINQ/CARAC. DO MOD.:ANDADOR C/ BRINQ NA BAND;7898431501615|7898431501622|7898431501639|7898431501684|7898431501691|7898431501707;Incluido;27/02/2026
279520/2021;Ativo;;09/12/2019;;;TAPUZIM COMERCIAL LTDA;00513418000100;1138569063;Av. Monte Celeste;230;250;02561000;Vila S. Maria;São Paulo;SP;ehs0770@hotmail.com;SHEN ZHEN WEI MEI CHILDCARE PRODUCT LIMITED COMPANY;Andadores Infantis;Portaria Inmetro nº 129 de 19/03/2021;;IN2062423;Modelo 5;;S;China, República Popular;Baby Style;MODELO: ANIMAIS VERSÕES: Andador cachorro vermelho - Ref. 33721 Andador cachorro azul - Ref. 33722 Andador abelha rosa - Ref. 33723 Andador abelha azul - Ref. 33724 Andador pianinho rosa Ref: 33725 Andador pianinho azul Ref: 33726;Material: Plástico, metal e tecido, Dimensões: 50 x 70 x 60 cm, Sistema de Travamento: Stoper, Sistema deMontagem e Ferragem: Tesoura, Acessórios: Bandeja musical;4079337218996|4079337228995|4079337238994|4079337248993|4079337251993|4079337261992;Excluido;29/01/2024
622804/1984;Ativo;;07/02/2022;;;TUTTI BABY INDUSTRIA E COMERCIO DE ARTIGOS INFANTIS LTDA;06981862000129;4733794000;Rod. Guilherme Jensen, SC413, km13;0;;89108000;Distrito Industrial;Massaranduba;SC;certificacao@tuttibaby.com.br;TUTTI BABY INDUSTRIA E COMERCIO DE ARTIGOS INFANTIS LTDA;Andadores Infantis;Portaria Inmetro nº 129 de 19/03/2021;;IN2869325;Modelo 5;;N;Brasil;Tutti Baby;Andador Safari Plus II (Azul / Rosa / Vermelho);ESTRUT. MET.AÇO.TUBULAR/48x60,5x70CM/SIST.DE TRAV. COM.DUAS.AÇÕES.CONSECUT.PARA.LIBER./PARAFUSOS.E. REBITES/BRINQUEDOS.E.ADESIVOS;7898431501615|7898431501622|7898431501639;Excluido;08/04/2022
972691/1983;Ativo;;05/08/2021;;;GALZERANO INDUSTRIA DE CARRINHOS E BERCOS LTDA;43594977000197;19999947357;Via Prefeito Jurandyr Paixão;700;;13481149;Jd. Campo Belo;Limeira;SP;luisfernando.camargo@galzerano.com.br;GALZERANO INDUSTRIA DE CARRINHOS E BERCOS LTDA;Andadores Infantis;Portaria Inmetro nº 129 de 19/03/2021;;CE-AND/IQB 000006 54618/21-001;;;N;Brasil;GALZERANO;Ref.: 4050-Andador Torino. Versões: 4050PTR (Preto Rosa), 4050PTT (Preto Terracota);Mat Tec poliest Espum PP PA6 Master Tint Tub aço Itens fix/aviam CxLxA(cm) 71x62,5x51,5 Trav Trilh plást c/ botão destrav e reg alt Acess Band brinq não remove retrov Caract Tec Pçs plást Tint Ferrage;7908200102193|7908200102209;Excluido;01/09/2021
364886/2024;Ativo;;07/03/2024;;;MADHULA COMERCIO DE ARTIGOS ELETROELETRONICOS LTDA;03838532000190;63881924131;Rua Marcilio Dias;166;;69005270;Centro;Manaus;AM;ltdamcg@gmail.com;PINGHU SHI XIAOTIANDI CHILDREN''S PRODUCTS FACTORY;Andadores Infantis;Portaria Inmetro nº 129 de 19/03/2021;;IN2088024;;;S;China, República Popular;BENMEK;ANDADOR MADHULA - MA101 - ROSA-MA101R/AZUL-MA101A/VERDE-MA101V/LARANJA-MA101L;MAT.:PP,FERRO E POLIÉSTER/DIM.:63X57X53CM/SIST.TRAVA.:LIBERAÇÃO EM DUAS AÇÕES CONSECUTIVAS/SIST.MONT.FERRA.:MANUAL(SEM FERRAMENTA)/ACESSÓRIOS:N/A/CARACTERISTICAS DO MODELO: ANDADOR COM BRINQUEDO;6901031000158;Incluido;07/03/2024
322186/2022;Ativo;;07/08/2024;;;AMAZONAS IMPORTADOS LTDA;07269201000138;9691131654;Rua Independência;175;;68900090;Central;Macapa;AP;adriana.abreu@amazonasimportados.com.br;YIWU BALBIAN ELECTRONIC TECHNOLOGICAL CO., LTD;Andadores Infantis;Portaria Inmetro nº 129 de 19/03/2021;;IN2086424-2;;;S;China, República Popular;LÉ PETIT;MODE:BABY WALKER/REF:LP-9618/ CONT: ANDADOR COM BRINQUEDO ACOPLADO/VERSÕES:AZUL,VERDE,ROSA,VERMELHO.;MAT:PP E POLIÉSTER/DIM:65X54X49CM/SIST DE TRAV:LIBERAÇÃO EM DUAS AÇÕES CONSECUTIVAS/SIST DE MONT E FERR:MANUAL (SEM FERRAMENTA)ACE:N/A.CARACTERISTICAS DO MODELO:;7453068240131;Incluido;07/08/2024
556911/1929;Inativo;;14/01/2021;;;GALZERANO INDUSTRIA DE CARRINHOS E BERCOS LTDA;43594977000197;1934043030;Via Prefeito Jurandyr Paixão;700;;13481149;Jd. Campo Belo;Limeira;SP;luisfernando.camargo@galzerano.com.br;WEIMEI MEI CHILDCARE PRODUCT (HUIZHOU) LTD., CO;Andadores Infantis;Portaria Inmetro nº 42 de 19/01/2018;;CE-AND/IQB 000006 54025/20-001;;;S;China, República Popular;GALZERANO;Ref.: 4030-Andador 4 em 1 Funny. Versões: 4030CR (Color), 4030VDA (Verde Água);Mat Tec polié Espuma Resina plást Itens fixação Dimens 75x71x55(cm) Sist travament dobradiça plást c/ botão acionament Sist montagem/ferragem encaixe manual Acessórios manuais brinquedos removíveis;7898089221477|7898089221996;Incluido;14/01/2021
616201/1948;Inativo;;02/04/2020;;;Galzerano Indústria de Carrinhos e Berços Ltda;43594977000197;1934043030;Via Prefeito Jurandyr Paixão;700;;13481149;Jd. Campo Belo;Limeira;SP;luisfernando.camargo@galzerano.com.br;FOSHAN SHUNDE QIJUN TOYS CO., LTD;Andadores Infantis;Portaria Inmetro nº 42 de 19/01/2018;;CE-AND/IQB 000006 53487/19-001;;;S;China, República Popular;GALZERANO;Ref.: 4090 - Liam. Versões: 4090CZ (Cinza), 4090PT (Preto);Mat: Tec poli Espum Resin plást Tinta Ferragens. Dim: 70x65x54(cm). Sist Trav: Trilho plást c/ botão destrav e reg de altura. Sist mont/ferragem: Manual. Acess: Bandej brinq não removív e retrovisores;7908200101431|7908200101448;Incluido;02/04/2020
910205/1974;Ativo;;14/08/2019;;;BAMBOO COMERCIO, IMPORTAÇÃO E EXPORTAÇÃO EIRELI-EPP;27115224000103;8132419265;Rua. Alegre;154;Galpão A;52120125;Arruda;Recife;PE;bamboo@yescert.com.br;ZHEJIANG KINTEX INTERNATIONAL TRADING CO., LTD;Andadores Infantis;Portaria Inmetro nº 129 de 19/03/2021;;IN1632922;;;S;China, República Popular;BAMBOO;NOME FANTASIA: ANDAJAR GUGU MODELO: MD-18 CORES: VERDE;PLÁSTICO, METAL E FIBRA TÊXTIL,520 x 560 x 620 mm,MANUAL,MANUAL,BANDEJA, VOLANTE DO PUXADOR.;7909312341029;Excluido;22/07/2022
213940/2025;Ativo;;14/08/2019;;;BAMBOO COMERCIO, IMPORTAÇÃO E EXPORTAÇÃO EIRELI-EPP;27115224000103;8132419265;Rua. Alegre;154;Galpão A;52120125;Arruda;Recife;PE;bamboo@yescert.com.br;ZHEJIANG KINTEX INTERNATIONAL TRADING CO., LTD;Andadores Infantis;Portaria Inmetro nº 129 de 19/03/2021;;IN1632922;;;S;China, República Popular;BAMBOO;NOME FANTASIA: ANDAJAR GUGU MODELO: MD-18 CORES: VERDE;PLÁSTICO, METAL E FIBRA TÊXTIL,520 x 560 x 620 mm,MANUAL,MANUAL,BANDEJA, VOLANTE DO PUXADOR.;7909312341029;Excluido;22/07/2022
204209/2001;Ativo;;06/05/2025;;;KAVOD BRASIL COMERCIO E IMPORTACAO DE PRODUTOS DE USO DOMESTICO LTDA;12389993000114;1136612389;Avenida Marquês de São Vicente;2219;Conj 1001;05036040;Água Branca;São Paulo;SP;adm@kababy.com.br;Tengzhou Lebeir Baby Carriage Co., Ltd.;Andadores Infantis;Portaria Inmetro nº 129 de 19/03/2021;;IN2610825;;;S;China, República Popular;KaBaby;DESIGNAÇÃO COMERCIAL: ANDADOR DE EMPURRAR STEP-UP KABABY CINZA/CÓDIGO DE REFERÊNCIA COMERCIAL: ANDADOR/QUANTIDADE: -/;MAT:PP/DIM:799x660x715mm/SIS_TRAV:LIBERAÇÃO EM DUAS AÇÕES CONSECUTIVAS/SIS_MONTAGEM/FERRAGEM:MANUAL SEM AUXILIO DE FERRAMENTA/ACESSORIOS:N/A/CARACT_DO_MODELO:ANDADOR COM BRINQUEDO ACOPLADO;7898605218394;Incluido;06/05/2025
498224/1927;Ativo;;03/04/2023;;;PLANETA - IMPORTACAO E DISTRIBUICAO DE BRINQUEDOS LTDA;13434272000141;1138951572;AV VASCO MASSAFELI;1000;G1A M1-21;06703600;JARDIM MARIA TEREZA;COTIA;SP;admin@planetadobebe.com.br;HEBEI WANXIN CHILDREN TOYS CO.,LTD.;Andadores Infantis;Portaria Inmetro nº 129 de 19/03/2021;;IN1765923;Modelo 5;;S;China, República Popular;MAXI BABY;NW-01 - ANDADOR LA BAMBA  / (...) COM BRINQUEDOS/CAR MOD:AND COM BRINQUEDO(BANDEJA MUSICAL);MAT:PP E PARTES EM ABS, AÇO DE ALTO CARB RODA ELASTÔMERO TERMOPLÁSTICO, PVC/DIM:580X680X550(LXCXH)/SIS TRA:LIBERAÇÃO EM DUAS AÇÕES CONSECUTIVAS SIS DE MON E FER:MANUAL(S/ FERRAMENTA)/ACE:BANDEJA (...);7899403215370|7899403215387;Excluido;28/02/2025
792228/1953;Ativo;;12/04/2021;;;TUTTI BABY INDUSTRIA E COMERCIO DE ARTIGOS INFANT;06981862000129;4733794000;Rod. Guilherme Jensen;0;Galpão 01;89108000;Distrito Industrial;Massaranduba;SC;qualidade@tuttibaby.com.br;TUTTI BABY INDUSTRIA E COMERCIO DE ARTIGOS INFANT;Andadores Infantis;Portaria Inmetro nº 129 de 19/03/2021;;CE-AND/IQB 000005 54149/20-001;Modelo 5;;N;Brasil;Tutti Baby;Andador 40.001;ESTRUT.MET. DE AÇO TUB.PLÁST. DE ENG.ALGODÃO.48CM X60,5CMX70CM,COM DUAS AÇÕESCONSEC PARA LIB.REB.E PARAF.BRINQ. E ADES.BASE SUP.BASE INF.FREIO ANTI-QUEDA E CONJ.DE RODAS,PNEU DA RODA TRAS. E TRAVA ANT;7898431501219|7898431501226|7898431501233;Incluido;12/04/2021
804484/1948;Inativo;;14/08/2019;;;Companhia Dorel Brasil Produtos Infantis;10659948000107;2135633602;Av. Nilo Peçanha;1516 /1582;Térreo;28030035;Pq dos Rodoviários;Campos dos Goytacaze;RJ;mariana.magalhaes@dorel.com.br;JIN SUN GEE PLASTIC CO.,LTD;Andadores Infantis;Portaria Inmetro nº 42 de 19/01/2018;;OCAN-AND.145/19-1;;;S;Formosa (Taiwan);Voyage;BG-1518;Nome Fantasia: Baby Step. Cores: Rosa e Azul. Material: Ferro, Plástico e Polipropileno. 60x49x68cm. Sistema Travamento e Montagem:Manual. Acessórios: Bandeja.;7908238801280|7908238801297;Incluido;14/08/2019
610906/1949;Ativo;;07/03/2024;;;JASSUMAL LTDA;04214425000154;63881924131;AV SETE SETEMBRO;852;;69005140;CENTRO;MANAUS;AM;dgjohnny@gmail.com;PINGHU SHI XIAOTIANDI CHILDREN''S PRODUCTS FACTORY;Andadores Infantis;Portaria Inmetro nº 129 de 19/03/2021;;IN2087524;;;S;China, República Popular;BABY SPORTS;ANDADOR JASSUMAL - BS104 - AZUL CLARO E ESCURO-BS104A/ROSA CLARO E ESCURO-BS104R/VERMELHO E PRETO-BS104VP/ROXO E ROSA ESCURO-BS104RR;MAT.:PP,FERRO E POLIÉSTER/DIM.:63X57X53CM/SIST.TRAVA.:LIBERAÇÃO EM DUAS AÇÕES CONSECUTIVAS/SIST.MONT.FERRA.:MANUAL(SEM FERRAMENTA)/ACESSÓRIOS:N/A/CARACTERISTICAS DO MODELO: ANDADOR COM BRINQUEDO;6901041000155;Incluido;07/03/2024
629094/1961;Inativo;;14/01/2021;;;GALZERANO INDUSTRIA DE CARRINHOS E BERCOS LTDA;43594977000197;1934043030;Via Prefeito Jurandyr Paixão;700;;13481149;Jd. Campo Belo;Limeira;SP;luisfernando.camargo@galzerano.com.br;HUNGSENG HARDWARE PLASTIC (DG) CORP., LTD;Andadores Infantis;Portaria Inmetro nº 42 de 19/01/2018;;CE-AND/IQB 000006 54018/20-001;;;S;China, República Popular;GALZERANO;Ref.: 4015-Andador 3 em 1 Fênix. Versões: 4015CR (Color);Mat Tec polié Espum Resin plást Itens fixação Dimens 103x103x72(cm) Sist travamento suporte plástico c/ encaixe Sist montagem/ferragem encaixes manuais Acessório: Bandeja de brinquedos não removíveis;7908200101936;Incluido;14/01/2021
836492/1949;Ativo;;19/06/2026;;;LILI FLORES ARTESANAIS LTDA;50509301000113;2199999999;R SANTO SEPULCRO;00279;;21350220;MADUREIRA;RIO DE JANEIRO;RJ;xiaoweiliu663@gmail.com;PINGHU XIAOTIANDI CHILDREN''S PRODUCTS FACTORY ;Andadores Infantis;Portaria Inmetro nº 129 de 19/03/2021;;IN3051726;Modelo 5;;S;China, República Popular;LILI;MOD:ANDADOR LL-2931 / CÓD. DE REFERÊNCIA COMERCIAL: LL-2931 / AZUL,ROSA,VERDE;MAT.:PP, POLIÉSTER E POLIETILENO/DIM:56,5X68X60,5CM/ SIST.TRAV.:LIBERAÇÃO EM DUAS AÇÕES CONSECUTIVAS/SIST. MONT.:LIBERAÇÃO EM DUAS AÇÕES CONSECUTIVAS/SEM ACESSÓRIOS/ANDADOR COM BRINQUEDO INTERATIVO;;Incluido;19/06/2026
865975/1979;Ativo;;19/06/2023;;;KCARVALHUS COMERCIO E SERVICOS EIRELI;24633386000137;1143798430;Rua Poeta João Cabral De Melo Neto,  Santa Maria - Osasco - SP;77;;06147020; Santa Maria ;Osasco ;SP;carlos.carvalho@kkbebe.com.br;PINGHU SHI XIAOTIANDI CHILDREN?S PRODUCTS FACTORY;Andadores Infantis;Portaria Inmetro nº 129 de 19/03/2021;;IN1823223;;;S;China, República Popular;KK bebê;ANDADOR INFANTIL PASSINHO FORTE / AZUL /ROSA , MATERIAL:PP,FERRO E POLIÉSTER/DIMENSÕES:63X57X53CM;SISTEMA DE TRAVAMENTO:LIBERAÇÃO EM DUAS AÇÕES CONSECUTIVAS/SISTEMA DE MONTAGEM E FERRAGEM: MANUAL (SEM FERRAMENTA)/ACESSÓRIOS:BRINQUEDOS/CARACTERISTICAS DO MODELO: ANDADOR COM BRINQUEDO FIXO ACOPLADO;7898711750108|7898711750115;Incluido;19/06/2023
086232/1980;Ativo;;29/01/2025;;;MD COMERCIO DE FERRAGENS LTDA;55274701000100;92981285408;AVENIDA JOAQUIM NABUCO, ;1094;A;69020030;CENTRO;MANAUS;AM;monadowlani@gmail.com;Hebei Zhongtai Bicycle manufacturing Co,. Ltd;Andadores Infantis;Portaria Inmetro nº 129 de 19/03/2021;;IN2520425;;;S;China, República Popular;ULTRA BABY;ANDADOR INFANTIL MUSICAL PARA BEBÊ/REF.:UBW-1026/PINK/GREEN/BLUE;MAT:PU,PP,AÇO,POLIÉSTER,ABS/DIM:70X60X55CM/SIST.DE TRAV.:LIB.EM DUAS AÇÕ.CONS./SIS.DE MONT.E FER.:MAN.(S/FERR.)/ACESS.:BANDE.COM BRINQ./CARAC.DO MODE.:ANDAD.C/BRINQ;7890012365050|7890012366064|7890012367078;Incluido;29/01/2025
700003/1957;Ativo;;29/01/2025;;;MD COMERCIO DE FERRAGENS LTDA;55274701000100;92981285408;AVENIDA JOAQUIM NABUCO, ;1094;A;69020030;CENTRO;MANAUS;AM;monadowlani@gmail.com;Hebei Zhongtai Bicycle manufacturing Co,. Ltd;Andadores Infantis;Portaria Inmetro nº 129 de 19/03/2021;;IN2520425;;;S;China, República Popular;ULTRA BABY;ANDADOR INFANTIL MUSICAL PARA BEBÊ/REF.:UBW-1026/PINK/GREEN/BLUE;MAT:PU,PP,AÇO,POLIÉSTER,ABS/DIM:70X60X55CM/SIST.DE TRAV.:LIB.EM DUAS AÇÕ.CONS./SIS.DE MONT.E FER.:MAN.(S/FERR.)/ACESS.:BANDE.COM BRINQ./CARAC.DO MODE.:ANDAD.C/BRINQ;7890012365050|7890012366064|7890012367078;Incluido;29/01/2025
790698/1960;Ativo;;07/02/2022;;;TUTTI BABY INDUSTRIA E COMERCIO DE ARTIGOS INFANTIS LTDA;06981862000129;4733794000;Rod. Guilherme Jensen, SC413, km13;0;;89108000;Distrito Industrial;Massaranduba;SC;certificacao@tuttibaby.com.br;TUTTI BABY INDUSTRIA E COMERCIO DE ARTIGOS INFANTIS LTDA;Andadores Infantis;Portaria Inmetro nº 129 de 19/03/2021;;IN2869325;Modelo 5;;N;Brasil;TUTTI BABY;DESIGNAÇÃO COMERC SAFARI II (AZUL/ROSA/VERMELHO),PRINCESA ROSA COROA,ACQUA,EXPLORADOR (CINZA/ ROXO) CÓD D REF COMERC:ANDAD 40.002/40002003/40002004/40002007/40003004/40004002/40004003 CARACT DO MODELO:ANDADOR C BRINQUEDO;MAT:ESTRUTURA METALICA - AÇO TUBULAR/DIM:48X60,5X70CM/SIST DE TRAVA:LIBERAÇ EM 2AÇÕES CONSECUT/SIST DE MONTAGEM E FERRAGEM:PARAFUSOS E REBITES/ACESSÓ:BRINQUEDOS E ADESIVOS;7898431501615|7898431501622|7898431501639|7898431501684|7898431501691|7898431501707;Excluido;10/12/2025
666431/1962;Ativo;;19/02/2026;;;RGM  COMERCIO E SERVICOS LTDA;18007664000148;11996294240;Avenida Angélica;511;Cj. 904;01227100;Santa Cecilia;São Paulo;SP;papush@uol.com.br;PINGHU XIAOTIANDI CHILDREN?S PRODUCTS FACTORY;Andadores Infantis;Portaria Inmetro nº 129 de 19/03/2021;;IN2911726;Modelo 5;;S;China, República Popular;RGM;ANDADOR DREUX - R602 - AVIÃO - AVIAO;MAT:PP,FERRO E POLIÉ./DIM:70X62.5X51 CM/SIST.DE TRAV.:LIB.EM DUAS AÇÕES CONSECU./SIST.DE MONT.E FERR.:MANUAL (SEM FERRAMENTA)/ACESS:BANDEJA MUSICAL/CARACT.DO MODELO:ANDADOR COM BANDEJA MUSICAL;7898926505616;Incluido;19/02/2026
867539/1973;Ativo;;04/08/2025;;;BAMBINO COMERCIAL LTDA;06006481000129;81987347022;R. 23;175;;53090190;RIO DOCE;OLINDA;PE;bambino.souza@terra.com.br;PINGHU XIAOTIANDI CHILDREN?S PRODUCTS FACTORY;Andadores Infantis;Portaria Inmetro nº 129 de 19/03/2021;;IN2750125;Modelo 5;;S;China, República Popular;BAMBINO;ANDADOR - BA01 - ROSA/AZUL;MAT:PP,FERRO E POLIÉSTER/DIM:70X62.5X51CM/SIS_TRAV:LIBERAÇÃO EM DUAS AÇÕES CONSECUTIVAS/SIS_MONT E FERRG:MANUAL(S/FERRAM.)/ACESS.:BRINQ.CEN.DE ATIVI./CARACT.DO MODELO:ANDADOR COM BANDEJA MUSICAL;7898576907150|7898576907167;Incluido;04/08/2025
380236/2006;Inativo;;12/01/2023;;;COMPANHIA DOREL BRASIL PRODUTOS INFANTIS;10659948000883;2135547024;Av. Nilo Peçanha;1516 ;Galpão 3 ;28030035;Pq dos Rodoviários;Campos dos Goytacaze;RJ;standard@dorel.com.br;Jin Sun Gee Plastics Co., Ltd;Andadores Infantis;Portaria Inmetro nº 129 de 19/03/2021;;IN1701622-3;;;S;Formosa (Taiwan);Safety 1st;HE001. Nome comercial: Spacewalker 3 em 1. Versões: Grey, Orange.;PP,Ferro,Aço,ABS,PVC,POM,TPR,MB475,Pol,65.5x50x71.5cm.Trav:Lib.2ações cons.,Mont:Manual.Aces.Brinq.;7908238803932|7908238803949;Incluido;12/01/2023
121726/1929;Ativo;;20/12/2019;;;TAPUZIM COMERCIAL LTDA;00513418000100;1138569063;Av. Monte Celeste;230;250;02561000;Vila S. Maria;São Paulo;SP;ehs0770@hotmail.com;SHEN ZHEN WEI MEI CHILDCARE PRODUCT LIMITED COMPANY;Andadores Infantis;Portaria Inmetro nº 42 de 19/01/2018;;OCAN-AND.165/19-2;;;S;China, República Popular;baby style;SPACECAR - VERSÕES: Andador car - Ref. 21302 / Andador space - Ref. 33117;Material: Plástico, metal e tecido. Dimensões: 59 x 59 x 69 cm , Sistema de Travamento: Stoper, Sistema de Montagem e Ferragem: Tesoura, Acessórios: Bandeja musical;4532213022990|4532331172997;Incluido;20/12/2019
571368/1936;Ativo;;07/02/2022;;;TUTTI BABY INDUSTRIA E COMERCIO DE ARTIGOS INFANTIS LTDA;06981862000129;4733794000;Rod. Guilherme Jensen, SC413, km13;0;;89108000;Distrito Industrial;Massaranduba;SC;certificacao@tuttibaby.com.br;TUTTI BABY INDUSTRIA E COMERCIO DE ARTIGOS INFANTIS LTDA;Andadores Infantis;Portaria Inmetro nº 129 de 19/03/2021;;IN2869325;Modelo 5;;N;Brasil;Tutti Baby;Andador Safari Plus II (Azul / Rosa / Vermelho);ESTRUT. MET.AÇO.TUBULAR/48x60,5x70CM/SIST.DE TRAV. COM.DUAS.AÇÕES.CONSECUT.PARA.LIBER./PARAFUSOS.E. REBITES/BRINQUEDOS.E.ADESIVOS;7898431501615|7898431501622|7898431501639;Excluido;08/04/2022
674251/1932;Ativo;;07/03/2024;;;COMPANHIA DOREL BRASIL PRODUTOS INFANTIS;10659948000107;2135547024;Av. Nilo Peçanha;1516;1582;28030035;Pq dos Rodoviários;Campos dos Goytacaze;RJ;standard@dorel.com.br;COMPANHIA DOREL BRASIL PRODUTOS INFANTIS;Andadores Infantis;Portaria Inmetro nº 129 de 19/03/2021;;IN2040823;Modelo 5;;N;Brasil;INFANTI/ COSCO;APPIA/ ZIGGY - HE022 - N/A - AZUL / ROSA / AZUL / ROSA;MAT:PP,PES,PTA,EG,POLIPROPILENO E POLIETILENO/DIM:56,5 X 68 X 60,5 CM/SIST D TRAVAMENTO:LIB EM DUAS AÇÕES CONSEC/SIST DE MNTGM E FERRG:MAN (SEM FER)/ACESS:BAND D BRINQ./CARACT D MODELO:ANDADOR C BRINQ;7908238809774|7908238809781|7908238815812|7908238815829;Incluido;10/04/2026
222118/1955;Ativo;;09/12/2019;;;TAPUZIM COMERCIAL LTDA;00513418000100;1138569063;Av. Monte Celeste;230;250;02561000;Vila S. Maria;São Paulo;SP;ehs0770@hotmail.com;SHEN ZHEN WEI MEI CHILDCARE PRODUCT LIMITED COMPANY;Andadores Infantis;Portaria Inmetro nº 42 de 19/01/2018;;OCAN-AND.165/19-3;;;S;China, República Popular;baby style;CENTRO DE ATIVIDADES;VERSÕES: Andador play - Ref.5821 Andador meninos - Ref. 515211 Andador meninas - Ref. 51522. Material: Plástico, metal e tecido. Dimensões: 74 x 75 x 18 cm Sistema de Travamento: Stoper Sistema de Mon;4079515211993|4079515222999|4532582122994;Incluido;09/12/2019
968255/1958;Ativo;;06/05/2025;;;KAVOD BRASIL COMERCIO E IMPORTACAO DE PRODUTOS DE USO DOMESTICO LTDA;12389993000114;1136612389;Avenida Marquês de São Vicente;2219;Conj 1001;05036040;Água Branca;São Paulo;SP;adm@kababy.com.br;Tengzhou Lebeir Baby Carriage Co., Ltd.;Andadores Infantis;Portaria Inmetro nº 129 de 19/03/2021;;IN2610825;;;S;China, República Popular;KaBaby;DESIGNAÇÃO COMERCIAL: ANDADOR DE EMPURRAR STEP-UP KABABY CINZA/CÓDIGO DE REFERÊNCIA COMERCIAL: ANDADOR/QUANTIDADE: -/;MAT:PP/DIM:799x660x715mm/SIS_TRAV:LIBERAÇÃO EM DUAS AÇÕES CONSECUTIVAS/SIS_MONTAGEM/FERRAGEM:MANUAL SEM AUXILIO DE FERRAMENTA/ACESSORIOS:N/A/CARACT_DO_MODELO:ANDADOR COM BRINQUEDO ACOPLADO;7898605218394;Incluido;06/05/2025
262259/1985;Ativo;;29/04/2025;;;MD COMERCIO DE FERRAGENS LTDA;55274701000100;92981285408;AVENIDA JOAQUIM NABUCO;1094;A;69020030;Centro;Manaus;AM;mdcomerciodeferragensltda@gmail.com;PINGHU XIAOTIANDI CHILDREN''S PRODUCTS FACTORY;Andadores Infantis;Portaria Inmetro nº 129 de 19/03/2021;;IN2610925;Modelo 5;;S;China, República Popular;ULTRA BABY;REF: UBW-601 - ANDADOR INFANTIL MUSICAL PARA BEBÊ - NAVY BLUE / RED, GREEN / BLUE, ROYAL BLUE / TEAL, LIGHT PINK / LAVANDER, DARK PURPLE / PINK;MAT:PP,FERRO E POLIÉSTER/DIM:70X62,5X55CM/SIS_TRAV:LIBERAÇÃO EM 2 AÇÕES CONSECUTIVAS/SIS_MONT.E_FERRAGEM:MANUAL(SEM FERRAMENTA)/ACESSÓRIOS: N/A/CARACTERISTICAS_MODELO:ANDADOR COM BRINQUEDO ACOPLADO;7890012361120|7890012361137|7890012361144|7890012361151|7890012361168;Incluido;29/04/2025
721632/2016;Ativo;;01/12/2021;;;HEMNANI COMERCIO DE VARIEDADES LTDA.;05469291000185;1124143633;Rua Marcílio Dias;304;N/A;69005270;Centro;Manaus;AM;papush@uol.com.br;China Zhejiang Techincal Co. Ltd;Andadores Infantis;Portaria Inmetro nº 42 de 19/01/2018;;OCAN-AND.189/21-1;;;S;China, República Popular;SITA;AKH602;Material: PP, Ferro e Poliester - Dimensões: 655 mm X 560mm X 500 mm - Sistema de Travamento: Travamento automatico com liberação em duas ações consecutivas - Sistema de Montagem e Ferragem: MANUAL;;Incluido;01/12/2021
833967/1978;Ativo;;30/06/2026;;;MARKETGOOL TRADING IMPORTACAO E EXPORTACAO LTDA;18787076000174;11947652325;ROD RODOLFO JAHN;326;ANEXO 92;89237680; VILA NOVA;JOINVILLE;SC;alexandre.morroni@hotmail.com;PINGHU XIAOTIANDI CHILDREN''S PRODUCTS FACTORY;Andadores Infantis;Portaria Inmetro nº 129 de 19/03/2021;;IN3048926;Modelo 5;;S;China, República Popular;MARKETGOOL;Designação Comercial: Andador Marketgool / Código de referência comercial / MKG-010 / ROSA;Mat: PP, FERRO E POLIÉSTER / Dim: 65X55X45 CM/ SIST DE TRAV: Liberação em duas ações consecutivas/ Acess: Brinquedo do andador/ Caract do mod: Andador com Brinquedo;0070341132777;Incluido;30/06/2026
556263/2011;Ativo;;05/08/2021;;;GALZERANO INDUSTRIA DE CARRINHOS E BERCOS LTDA;43594977000197;19999947357;Via Prefeito Jurandyr Paixão;700;;13481149;Jd. Campo Belo;Limeira;SP;luisfernando.camargo@galzerano.com.br;GALZERANO INDUSTRIA DE CARRINHOS E BERCOS LTDA;Andadores Infantis;Portaria Inmetro nº 129 de 19/03/2021;;CE-AND/IQB 000006 54618/21-001;;;N;Brasil;GALZERANO;Ref.: 4050-Andador Torino. Versões: 4050PTR (Preto Rosa), 4050PTT (Preto Terracota);Mat Tec poliest Espum PP PA6 Master Tint Tub aço Itens fix/aviam CxLxA(cm) 71x62,5x51,5 Trav Trilh plást c/ botão destrav e reg alt Acess Band brinq não remove retrov Caract Tec Pçs plást Tint Ferrage;7908200102193|7908200102209;Excluido;01/09/2021
369299/1948;Cancelado;;28/02/2020;;14/07/2025;COMÉRCIO E IMPORTAÇÃO DENISE LTDA;29963642000178;2125843843;RUA DO MILHO;72;A;21011090;PENHA CIRCULAR;RIO DE JANEIRO;RJ;comerciomybaby@hotmail.com;PING HU BEST CHILDREN'S CARRIER CO.LTD;Andadores Infantis;Portaria Inmetro nº 42 de 19/01/2018;;OCAN-AND.329/20-1;;;S;China, República Popular;MY BABY;A-1;VERSÕES: ROSA, AZUL, AZUL COM VERDE, AZUL COM VERMELHO, ROSA COM LILÁS, ROSA COM ROSA ESCURO;;Incluido;28/02/2020
850278/1937;Ativo;;07/02/2022;;;TUTTI BABY INDUSTRIA E COMERCIO DE ARTIGOS INFANTIS LTDA;06981862000129;4733794000;Rod. Guilherme Jensen, SC413, km13;0;;89108000;Distrito Industrial;Massaranduba;SC;certificacao@tuttibaby.com.br;TUTTI BABY INDUSTRIA E COMERCIO DE ARTIGOS INFANTIS LTDA;Andadores Infantis;Portaria Inmetro nº 129 de 19/03/2021;;IN2869325;Modelo 5;;N;Brasil;TUTTI BABY;ANDADOR SAFARI II-ANDADOR 40.002-40002003/40002004/40002007/40003004/40004002/40004003;MAT:PP E ALGODAO/DIM:51X61X70CM/SIS_TRAV:DOIS DISPOS TRAV INDEPEND SENDO OPER SIMULTÂNEAM./SIS_MONT/FERRG:REBITES,PARAFUSOS E ENCAIXE DE PÇS PLAST/ACESS:BAND. COM BRINQ/CARAC. DO MOD.:AND. C/ BRINQ NA;7898431501615|7898431501622|7898431501639|7898431501684|7898431501691|7898431501707;Excluido;27/02/2026
979908/1936;Inativo;;19/06/2023;;;VANMAX COMERCIO LTDA;84114198000124;9231337050;RUA CEL SERGIO PESSOA;91;;69005030;CENTRO;MANAUS;AM;GERENTEDEVENDAS@VANMAX.COM.BR;PINGHU SHI XIAOTIANDI CHILDREN´S PRODUCTS FACTORY;Andadores Infantis;Portaria Inmetro nº 129 de 19/03/2021;;IN1811123;;;S;China, República Popular;BRINKMAX;997A/ NOME COMERCIAL: ANDAJÁ/VERSÕES: AZUL - 582597/ROSA - 582596/VERMELHO - 582598/VERMELHO/BRANCO - 582599 - MAT.: FERRO,POLIPROPILENO E POLIÉSTER/DIM.:67X57X54CM;SIST.DE TRAVA.:LIBERAÇÃO EM DUAS AÇÕES CONSECUTIVAS/SIST.DE MONT.E FERR.MAN.(SEM FERRAMENTA)/ACESSÓRIOS: BRINQUEDO/CARACTERISTICAS DO MODELO: ANDADOR INFANTIL COM BRINQUEDO ACOPLADO;7890785825966|7890785825973|7890785825980|7890785825997;Incluido;19/06/2023
277677/1969;Ativo;;07/02/2022;;;TUTTI BABY INDUSTRIA E COMERCIO DE ARTIGOS INFANTIS LTDA;06981862000129;4733794000;Rod. Guilherme Jensen, SC413, km13;0;;89108000;Distrito Industrial;Massaranduba;SC;certificacao@tuttibaby.com.br;TUTTI BABY INDUSTRIA E COMERCIO DE ARTIGOS INFANTIS LTDA;Andadores Infantis;Portaria Inmetro nº 129 de 19/03/2021;;IN2869325;Modelo 5;;N;Brasil;Tutti Baby;Andador: VERSÕES: Safari II (Azul/Rosa/Vermelho), Princesa Rosa Coroa, Acqua Explorador (Cinza/Roxo);ESTRUTURA METÁLICA , AÇO TUBULAR / 48 x 60,5 x 70CM / SISTEMA DE TRAVAMENTO COM DUAS AÇÕES CONSECUTIVAS PARA LIBERAÇÃO /SISTEMA DE MONTAGEM/FERRAGEM: PARAFUSOS E REBITES ACESSÓRIOS: BRINQUEDOS E ADESI;7898431501615|7898431501622|7898431501639|7898431501684|7898431501691|7898431501707;Excluido;15/03/2024
205494/1937;Ativo;;04/08/2025;;;BAMBINO COMERCIAL LTDA;06006481000129;81987347022;R. 23;175;;53090190;RIO DOCE;OLINDA;PE;bambino.souza@terra.com.br;PINGHU XIAOTIANDI CHILDREN?S PRODUCTS FACTORY;Andadores Infantis;Portaria Inmetro nº 129 de 19/03/2021;;IN2750125;Modelo 5;;S;China, República Popular;BAMBINO;ANDADOR - BA01 - ROSA/AZUL;MAT:PP,FERRO E POLIÉSTER/DIM:70X62.5X51CM/SIS_TRAV:LIBERAÇÃO EM DUAS AÇÕES CONSECUTIVAS/SIS_MONT E FERRG:MANUAL(S/FERRAM.)/ACESS.:BRINQ.CEN.DE ATIVI./CARACT.DO MODELO:ANDADOR COM BANDEJA MUSICAL;7898576907150|7898576907167;Incluido;04/08/2025
606180/1966;Inativo;;02/04/2020;;;Galzerano Indústria de Carrinhos e Berços Ltda;43594977000197;1934043030;Via Prefeito Jurandyr Paixão;700;;13481149;Jd. Campo Belo;Limeira;SP;luisfernando.camargo@galzerano.com.br;FOSHAN SHUNDE QIJUN TOYS CO., LTD;Andadores Infantis;Portaria Inmetro nº 42 de 19/01/2018;;CE-AND/IQB 000006 53487/19-001;;;S;China, República Popular;GALZERANO;Ref.: 4090 - Liam. Versões: 4090CZ (Cinza), 4090PT (Preto);Mat: Tec poli Espum Resin plást Tinta Ferragens. Dim: 70x65x54(cm). Sist Trav: Trilho plást c/ botão destrav e reg de altura. Sist mont/ferragem: Manual. Acess: Bandej brinq não removív e retrovisores;7908200101431|7908200101448;Incluido;02/04/2020
144282/1964;Ativo;;22/11/2023;;;JASSUMAL LTDA;04214425000154;62811924131;AV SETE SETEMBRO;852;;69005140;CENTRO;MANAUS;AM;dgjohnny@gmail.com;PINGHU SHI XIAOTIANDI CHILDREN?S PRODUCTS FACTORY;Andadores Infantis;Portaria Inmetro nº 129 de 19/03/2021;;IN1984323;;;S;China, República Popular;BABY SPORTS;ANDADOR JASSUMAL /REF: BS103 /VERSÕES:Azul Claro e Escuro - BS103A/Rosa Claro e Escuro - BS103R/Roxo e Rosa Escuro - BS103RR;MATERIAL:PP, FERRO E POLIÉSTER|DIMENSÕES:63 X 57 X 53 CM|SISTEMA DE TRAVAMENTO:LIBERAÇÃO EM DUAS AÇÕES CONSECUTIVAS|SISTEMA DE MONTAGEM E FERRAGEM:MANUAL (SEM FERRAMENTA)|ACESSÓRIOS:N/A|CARACTERISTICA;6901041000155;Incluido;22/11/2023
026015/1985;Ativo;;07/08/2024;;;COMERCIO E IMPORTACAO DENISE LTDA;29963642000178;21997976531;RUA DO MILHO;72;A;21011090;PENHA CIRCULAR;RIO DE JANEIRO;RJ;comerciomybaby@hotmail.com;PING HU BEST CHILDREN?S CARRIER CO.LTD;Andadores Infantis;Portaria Inmetro nº 129 de 19/03/2021;;IN2189524;;;S;China, República Popular;MY BABY;PATO A1 - ROSA LISO, AZUL LISO, ROSA COLORIDO, AZUL COLORIDO - Acessórios: Brinquedos Caracteristicas do modelo: Andador infantil com brinquedo elétrico;Material: Ferro, PP e Poliéster Dimensões: 71 x 62 x 55 cm Sistema de Travamento: Liberação em duas ações consecutivas Sistema de Montagem e Ferragem: Manual (com auxílio de ferramenta);6294013738218|6294013738225|6294013738287|6294013738294;Incluido;07/08/2024
502336/1993;Ativo;;07/02/2022;;;TUTTI BABY INDUSTRIA E COMERCIO DE ARTIGOS INFANTIS LTDA;06981862000129;4733794000;Rod. Guilherme Jensen, SC413, km13;0;;89108000;Distrito Industrial;Massaranduba;SC;certificacao@tuttibaby.com.br;TUTTI BABY INDUSTRIA E COMERCIO DE ARTIGOS INFANTIS LTDA;Andadores Infantis;Portaria Inmetro nº 129 de 19/03/2021;;IN2869325;Modelo 5;;N;Brasil;Tutti Baby;Andador Safari Plus II (Azul / Rosa / Vermelho);ESTRUT. MET.AÇO.TUBULAR/48x60,5x70CM/SIST.DE TRAV. COM.DUAS.AÇÕES.CONSECUT.PARA.LIBER./PARAFUSOS.E. REBITES/BRINQUEDOS.E.ADESIVOS;7898431501615|7898431501622|7898431501639;Excluido;08/04/2022
409150/2020;Ativo;;31/10/2025;;;MD COMERCIO DE FERRAGENS LTDA;55274701000100;92985975259;Avenida Joaquim Nabuco;1094;A;69020030;Centro;Manaus;AM;mdcomerciodeferragensltda@gmail.com;Xingtai Pandelo Technology Co.,Ltd;Andadores Infantis;Portaria Inmetro nº 129 de 19/03/2021;;IN2824825;Modelo 5;;S;China, República Popular;ULTRA BABY;ANDADOR INFANTIL MUSICAL PARA BEBÊ - UBW -305 - N/A - BABY PINK / BARBIE PINK/RED / WHITE/ROYAL BLUE /ORANGE / WHITE/LIGHT BLUE / WHITE;MAT:PP,FERRO E POLIÉ./DIM.:68X59X52 CM/SIST.DE TRAV.:LIB.EM DUAS AÇÕES CONS./SIST.DE MONT. E FERR.:MAN.(S/FERRAM.)/ACESS.:N/A/CARACTERISTICAS DO MODELO:ANDADOR COM BRINQUEDO ACOPLADO;7890012361007|7890012361113|7890012368082|7890012369096;Incluido;31/10/2025
787536/1971;Ativo;;05/08/2021;;;GALZERANO INDUSTRIA DE CARRINHOS E BERCOS LTDA;43594977000197;19999947357;Via Prefeito Jurandyr Paixão;700;;13481149;Jd. Campo Belo;Limeira;SP;luisfernando.camargo@galzerano.com.br;GALZERANO INDUSTRIA DE CARRINHOS E BERCOS LTDA;Andadores Infantis;Portaria Inmetro nº 129 de 19/03/2021;;CE-AND/IQB 000006 54618/21-001;;;N;Brasil;GALZERANO;Ref.: 4050-Andador Torino. Versões: 4050RO (Rosa), 4050TER (Terracota), 4050EST (Estrela), 4050SPR (Spring) - Material: Tecido poliéster, TNT, Espuma, PP, PA6, Master, Tinta, Tubo de aço, Itens de fixação e aviamentos. Dimensões: CxLxA (cm) 71x62,5x51,5. Sistema de travamento: Trilho plástico com botão de destrave e regulagem de altura;Sistema de montagem/ferragem: Manual. Acessórios que venham com o produto: Bandeja de brinquedos não removível, Características do modelo: Tecidos, Peças plásticas, Tinta, Ferragens;7908200102247|7908200102254|7908200102520|7908200102537;Excluido;17/01/2024
438286/1990;Ativo;;07/08/2024;;;AMAZONAS IMPORTADOS LTDA;07269201000138;9691131654;Rua Independência;175;;68900090;Central;Macapa;AP;adriana.abreu@amazonasimportados.com.br;YIWU BALBIAN ELECTRONIC TECHNOLOGICAL CO., LTD;Andadores Infantis;Portaria Inmetro nº 129 de 19/03/2021;;IN2086424-3;;;S;China, República Popular;LÉ PETIT;MODE,BABY WALKER/REF:LP-9824/ CONT: ANDADOR COM BRINQUEDO ACOPLADO:/VERSÕES:AZUL,VERDE,ROSA.;MATL:PP E POLIÉSTER/DIM:66X54X52CM/SIST DE TRAV:LIBERAÇÃO EM DUAS AÇÕES CONSECUTIVAS/SIST DE MONT E FERR :MANUAL (SEM FERRAMENTA)/ACESSÓRIOS:N/A.CARACT DO MODELO:;7453116003640;Incluido;07/08/2024
732290/2016;Ativo;;01/12/2021;;;HEMNANI COMERCIO DE VARIEDADES LTDA.;05469291000185;1124143633;Rua Marcílio Dias;304;N/A;69005270;Centro;Manaus;AM;papush@uol.com.br;China Zhejiang Techincal Co. Ltd;Andadores Infantis;Portaria Inmetro nº 42 de 19/01/2018;;OCAN-AND.189/21-1;;;S;China, República Popular;SITA;AKH602;Material: PP, Ferro e Poliester - Dimensões: 655 mm X 560mm X 500 mm - Sistema de Travamento: Travamento automatico com liberação em duas ações consecutivas - Sistema de Montagem e Ferragem: MANUAL;;Incluido;01/12/2021
543438/2000;Inativo;;14/08/2019;;;Companhia Dorel Brasil Produtos Infantis;10659948000107;2135633602;Av. Nilo Peçanha;1516 /1582;Térreo;28030035;Pq dos Rodoviários;Campos dos Goytacaze;RJ;mariana.magalhaes@dorel.com.br;JIN SUN GEE PLASTIC CO.,LTD;Andadores Infantis;Portaria Inmetro nº 42 de 19/01/2018;;OCAN-AND.145/19-4;;;S;Formosa (Taiwan);Voyage;BG1401;Nome Fantasia: Buggy. Cores: Rosa e Azul. Material: Ferro, plástico, PP e PU. 42 x 58.5 x 65 cm. Sistema de Travamento e Montagem: Manual. Acessórios: Bandeja;7898509475206|7898509475213;Incluido;14/08/2019
554733/2018;Inativo;;14/08/2019;;;Companhia Dorel Brasil Produtos Infantis;10659948000107;2135633602;Av. Nilo Peçanha;1516 /1582;Térreo;28030035;Pq dos Rodoviários;Campos dos Goytacaze;RJ;mariana.magalhaes@dorel.com.br;Hua Song Plastic Products Co Ltd;Andadores Infantis;Portaria Inmetro nº 42 de 19/01/2018;;OCAN-AND.145/19-3;;;S;China, República Popular;Safety 1st;11389;Nome Fantasia: Melody Garden. Cor única. Material: Ferro, plástico e PP. 64x55x66 cm. Sistema de Travamento e Montagem: Manual. Acessórios: Bandeja.;9312541727119;Incluido;14/08/2019
151812/1976;Ativo;;19/02/2026;;;RGM  COMERCIO E SERVICOS LTDA;18007664000148;11996294240;Avenida Angélica;511;Cj. 904;01227100;Santa Cecilia;São Paulo;SP;papush@uol.com.br;PINGHU XIAOTIANDI CHILDREN?S PRODUCTS FACTORY;Andadores Infantis;Portaria Inmetro nº 129 de 19/03/2021;;IN2911726;Modelo 5;;S;China, República Popular;RGM;ANDADOR DREUX - R602 - AVIÃO - AVIAO;MAT:PP,FERRO E POLIÉ./DIM:70X62.5X51 CM/SIST.DE TRAV.:LIB.EM DUAS AÇÕES CONSECU./SIST.DE MONT.E FERR.:MANUAL (SEM FERRAMENTA)/ACESS:BANDEJA MUSICAL/CARACT.DO MODELO:ANDADOR COM BANDEJA MUSICAL;7898926505616;Incluido;19/02/2026
900821/2010;Ativo;;14/05/2026;;;UNI-ART IMPORT LTDA.;68168368000105;11952844300;AV DAS INDUSTRIAS ;755;;13288163;DIST.INDL B. STORANI;VINHEDO;SP; www.unitoys.com.br;QINGYUAN XINGLONG BALL PRODUCING CO., LTD.;Andadores Infantis;Portaria Inmetro nº 129 de 19/03/2021;;IN2985326;Modelo 5;;S;China, República Popular;UNITOYS;ANDADOR COM EMPURRADOR - N/A - 3726 AZUL/3726 ROSA;MAT:PP, POLIÉSTER E AÇO/DIM:50X60X102 CM/SIS_TRAV:LIBERAÇÃO EM DUAS AÇÕES CONSECUTIVAS/SIS_MONT E FERRG:MANUAL (SEM FERRAMENTA)/ACESS:N/A/CARACTERISTICAS DO MODELO:ANDADOR COM BANDEJA MUSICAL;7908901504395|7908901504401;Incluido;14/05/2026
229972/1926;Ativo;;07/08/2024;;;COMERCIO E IMPORTACAO DENISE LTDA;29963642000178;21997976531;RUA DO MILHO;72;A;21011090;PENHA CIRCULAR;RIO DE JANEIRO;RJ;comerciomybaby@hotmail.com;PING HU BEST CHILDREN?S CARRIER CO.LTD;Andadores Infantis;Portaria Inmetro nº 129 de 19/03/2021;;IN2189524;;;S;China, República Popular;MY BABY;PATO A1 - ROSA LISO, AZUL LISO, ROSA COLORIDO, AZUL COLORIDO - Acessórios: Brinquedos Caracteristicas do modelo: Andador infantil com brinquedo elétrico;Material: Ferro, PP e Poliéster Dimensões: 71 x 62 x 55 cm Sistema de Travamento: Liberação em duas ações consecutivas Sistema de Montagem e Ferragem: Manual (com auxílio de ferramenta);6294013738218|6294013738225|6294013738287|6294013738294;Incluido;07/08/2024
026305/1943;Inativo;;14/01/2021;;;GALZERANO INDUSTRIA DE CARRINHOS E BERCOS LTDA;43594977000197;1934043030;Via Prefeito Jurandyr Paixão;700;;13481149;Jd. Campo Belo;Limeira;SP;luisfernando.camargo@galzerano.com.br;HUNGSENG HARDWARE PLASTIC (DG) CORP., LTD;Andadores Infantis;Portaria Inmetro nº 42 de 19/01/2018;;CE-AND/IQB 000006 54018/20-001;;;S;China, República Popular;GALZERANO;Ref.: 4015-Andador 3 em 1 Fênix. Versões: 4015CR (Color);Mat Tec polié Espum Resin plást Itens fixação Dimens 103x103x72(cm) Sist travamento suporte plástico c/ encaixe Sist montagem/ferragem encaixes manuais Acessório: Bandeja de brinquedos não removíveis;7908200101936;Incluido;14/01/2021
320309/1969;Ativo;;16/09/2024;;;AMAZONAS IMPORTADOS LTDA;07269201000138;9691131654;Rua Independência;175;;68900090;Central;Macapa;AP;adriana.abreu@amazonasimportados.com.br;YIWU BALBIAN ELECTRONIC TECHNOLOGICAL CO., LTD;Andadores Infantis;Portaria Inmetro nº 129 de 19/03/2021;;IN2086424-1;;;S;China, República Popular;LÉ PETIT;MODE:BABY WALKER/REF:LP-9517/ CONT: ANDADOR COM BRINQUEDO ACOPLADO/VERSÕES:AZUL,ROSA,VERDE,;MAT:PP E POLIÉSTER/DIM:62X55,5X50CM/SIST DE TRAV:LIBERAÇÃO EM DUAS AÇÕES CONSECUTIVAS/SIST DE MONT E FERRAGEM:MANUAL (SEM FERRAMENTA)/ACESSÓRIOS:N/A.CARACTERISTICAS DO MODELO:;453068745717;Incluido;16/09/2024
614313/1995;Inativo;;24/09/2019;;;Galzerano Indústria de Carrinhos e Berços Ltda;43594977000197;1934043030;Via Prefeito Jurandyr Paixão;700;;13481149;Jd. Campo Belo;Limeira;SP;luisfernando.camargo@galzerano.com.br;SHEN ZHEN WEI MEI CHILDCARE PRODUCT LIMITED COMPANY;Andadores Infantis;Portaria Inmetro nº 42 de 19/01/2018;;CE-AND/IQB 000006 53504/20-001;;;S;China, República Popular;GALZERANO;Andador de bebê 4 em 1 Funny - Versões: Color (CR), Verde Água (VDA);Mat Tec poli Espum Resin plást Itens fix Dimens 75Cx71Lx55A(cm) Sist trav Dobradiç plást c/ botã acion Sist mont frenag Encaix manua Mod Andador c/ módul sonor Pçs girat Cores divers Acess Brinq remov;7898089221477|7898089221996;Incluido;24/09/2019
809489/1989;Ativo;;09/12/2019;;;TAPUZIM COMERCIAL LTDA;00513418000100;1138569063;Av. Monte Celeste;230;250;02561000;Vila S. Maria;São Paulo;SP;ehs0770@hotmail.com;SHEN ZHEN WEI MEI CHILDCARE PRODUCT LIMITED COMPANY;Andadores Infantis;Portaria Inmetro nº 129 de 19/03/2021;;IN2062423;Modelo 5;;S;China, República Popular;baby style;ANDADOR ANIMAIS;ANIMAISVERSÕES: Andador cachorro vermelho - Ref. 33721 Andador cachorro azul - Ref. 33722 Andador abelha rosa - Ref. 33723 Andador abelha azul - Ref. 33724 . Material: Plástico, metal e tecido. Dimen;4079337218996|4079337228995|4079337238994|4079337248993;Excluido;21/12/2020
687144/1945;Ativo;;07/02/2022;;;TUTTI BABY INDUSTRIA E COMERCIO DE ARTIGOS INFANTIS LTDA;06981862000129;4733794000;Rod. Guilherme Jensen, SC413, km13;0;;89108000;Distrito Industrial;Massaranduba;SC;certificacao@tuttibaby.com.br;TUTTI BABY INDUSTRIA E COMERCIO DE ARTIGOS INFANTIS LTDA;Andadores Infantis;Portaria Inmetro nº 129 de 19/03/2021;;IN2869325;Modelo 5;;N;Brasil;TUTTI BABY;DESIGNAÇÃO COMERC SAFARI II (AZUL/ROSA/VERMELHO),PRINCESA ROSA COROA,ACQUA,EXPLORADOR (CINZA/ ROXO) CÓD D REF COMERC:ANDAD 40.002/40002003/40002004/40002007/40003004/40004002/40004003 CARACT DO MODELO:ANDADOR C BRINQUEDO;MAT:ESTRUTURA METALICA - AÇO TUBULAR/DIM:48X60,5X70CM/SIST DE TRAVA:LIBERAÇ EM 2AÇÕES CONSECUT/SIST DE MONTAGEM E FERRAGEM:PARAFUSOS E REBITES/ACESSÓ:BRINQUEDOS E ADESIVOS;7898431501615|7898431501622|7898431501639|7898431501684|7898431501691|7898431501707;Excluido;10/12/2025
908317/2021;Ativo;;04/08/2025;;;BAMBINO COMERCIAL LTDA;06006481000129;81987347022;R. 23;175;;53090190;RIO DOCE;OLINDA;PE;bambino.souza@terra.com.br;PINGHU XIAOTIANDI CHILDREN?S PRODUCTS FACTORY;Andadores Infantis;Portaria Inmetro nº 129 de 19/03/2021;;IN2750125;Modelo 5;;S;China, República Popular;BAMBINO;ANDADOR - BA01 - ROSA/AZUL;MAT:PP,FERRO E POLIÉSTER/DIM:70X62.5X51CM/SIS_TRAV:LIBERAÇÃO EM DUAS AÇÕES CONSECUTIVAS/SIS_MONT E FERRG:MANUAL(S/FERRAM.)/ACESS.:BRINQ.CEN.DE ATIVI./CARACT.DO MODELO:ANDADOR COM BANDEJA MUSICAL;7898576907150|7898576907167;Incluido;04/08/2025
189820/1996;Ativo;;07/03/2024;;;COMPANHIA DOREL BRASIL PRODUTOS INFANTIS;10659948000107;2135547024;Av. Nilo Peçanha;1516;1582;28030035;Pq dos Rodoviários;Campos dos Goytacaze;RJ;standard@dorel.com.br;COMPANHIA DOREL BRASIL PRODUTOS INFANTIS;Andadores Infantis;Portaria Inmetro nº 129 de 19/03/2021;;IN2040823;Modelo 5;;N;Brasil;INFANTI/ COSCO;APPIA/ ZIGGY - HE022 - N/A - AZUL / ROSA / AZUL / ROSA;MAT:PP,PES,PTA,EG,POLIPROPILENO E POLIETILENO/DIM:56,5 X 68 X 60,5 CM/SIST D TRAVAMENTO:LIB EM DUAS AÇÕES CONSEC/SIST DE MNTGM E FERRG:MAN (SEM FER)/ACESS:BAND D BRINQ./CARACT D MODELO:ANDADOR C BRINQ;7908238809774|7908238809781|7908238815812|7908238815829;Incluido;10/04/2026
202332/1948;Inativo;;14/08/2019;;;Companhia Dorel Brasil Produtos Infantis;10659948000107;2135633602;Av. Nilo Peçanha;1516 /1582;Térreo;28030035;Pq dos Rodoviários;Campos dos Goytacaze;RJ;mariana.magalhaes@dorel.com.br;JIN SUN GEE PLASTIC CO.,LTD;Andadores Infantis;Portaria Inmetro nº 42 de 19/01/2018;;OCAN-AND.145/19-1;;;S;Formosa (Taiwan);Voyage;BG-1518;Nome Fantasia: Baby Step. Cores: Rosa e Azul. Material: Ferro, Plástico e Polipropileno. 60x49x68cm. Sistema Travamento e Montagem:Manual. Acessórios: Bandeja.;7908238801280|7908238801297;Incluido;14/08/2019
496336/1974;Ativo;;01/12/2021;;;HEMNANI COMERCIO DE VARIEDADES LTDA.;05469291000185;1124143633;Rua Marcílio Dias;304;N/A;69005270;Centro;Manaus;AM;papush@uol.com.br;China Zhejiang Techincal Co. Ltd;Andadores Infantis;Portaria Inmetro nº 42 de 19/01/2018;;OCAN-AND.189/21-1;;;S;China, República Popular;SITA;AKH602;Material: PP, Ferro e Poliester - Dimensões: 655 mm X 560mm X 500 mm - Sistema de Travamento: Travamento automatico com liberação em duas ações consecutivas - Sistema de Montagem e Ferragem: MANUAL;;Incluido;01/12/2021
561626/2012;Ativo;;07/08/2024;;;AMAZONAS IMPORTADOS LTDA;07269201000138;9691131654;Rua Independência;175;;68900090;Central;Macapa;AP;adriana.abreu@amazonasimportados.com.br;YIWU BALBIAN ELECTRONIC TECHNOLOGICAL CO., LTD;Andadores Infantis;Portaria Inmetro nº 129 de 19/03/2021;;IN2086424-3;;;S;China, República Popular;LÉ PETIT;MODE,BABY WALKER/REF:LP-9824/ CONT: ANDADOR COM BRINQUEDO ACOPLADO:/VERSÕES:AZUL,VERDE,ROSA.;MATL:PP E POLIÉSTER/DIM:66X54X52CM/SIST DE TRAV:LIBERAÇÃO EM DUAS AÇÕES CONSECUTIVAS/SIST DE MONT E FERR :MANUAL (SEM FERRAMENTA)/ACESSÓRIOS:N/A.CARACT DO MODELO:;7453116003640;Incluido;07/08/2024
790340/2000;Ativo;;27/03/2026;;;HEMNANI COMERCIO DE VARIEDADES LTDA.;05469291000185;9232330121;Rua Marcílio Dias;304;;69005270;Centro;Manaus;AM;hemnanibr@yahoo.com;PINGHU XIAOTIANDI CHILDREN?S PRODUCTS FACTORY;Andadores Infantis;Portaria Inmetro nº 129 de 19/03/2021;;IN2911926;Modelo 5;;S;China, República Popular;SITA;ANDADOR AKH602 - AKH602 - AVIÃO - AVIAO;MAT:PP,FERRO E POLIE./DIM:70 X62.5 X 51 CM/SISTEMA DE TRAVAMENTO:LIBERAÇÃO EM DUAS AÇÕES CONSECUTIVAS/SISTEMA DE MONTAGEM E FERRAGEM:MAN.(S/FERRAM.)/ACESS:BAND.MUSI./CARAC.DO MOD.:AND.COM BAND.MUSI.;0618231660148;Incluido;27/03/2026
084355/1927;Ativo;;31/10/2025;;;MD COMERCIO DE FERRAGENS LTDA;55274701000100;92985975259;Avenida Joaquim Nabuco;1094;A;69020030;Centro;Manaus;AM;mdcomerciodeferragensltda@gmail.com;Xingtai Pandelo Technology Co.,Ltd;Andadores Infantis;Portaria Inmetro nº 129 de 19/03/2021;;IN2824825;Modelo 5;;S;China, República Popular;ULTRA BABY;ANDADOR INFANTIL MUSICAL PARA BEBÊ - UBW -305 - N/A - BABY PINK / BARBIE PINK/RED / WHITE/ROYAL BLUE /ORANGE / WHITE/LIGHT BLUE / WHITE;MAT:PP,FERRO E POLIÉ./DIM.:68X59X52 CM/SIST.DE TRAV.:LIB.EM DUAS AÇÕES CONS./SIST.DE MONT. E FERR.:MAN.(S/FERRAM.)/ACESS.:N/A/CARACTERISTICAS DO MODELO:ANDADOR COM BRINQUEDO ACOPLADO;7890012361007|7890012361113|7890012368082|7890012369096;Incluido;31/10/2025
673358/1957;Ativo;;05/08/2021;;;GALZERANO INDUSTRIA DE CARRINHOS E BERCOS LTDA;43594977000197;19999947357;Via Prefeito Jurandyr Paixão;700;;13481149;Jd. Campo Belo;Limeira;SP;luisfernando.camargo@galzerano.com.br;GALZERANO INDUSTRIA DE CARRINHOS E BERCOS LTDA;Andadores Infantis;Portaria Inmetro nº 129 de 19/03/2021;;CE-AND/IQB 000006 54618/21-001;;;N;Brasil;GALZERANO;Ref.: 4050-Andador Torino. Versões: 4050EST (Estrela), 4050SPR (Spring);Tecido Pes, TNT, Espuma, PP, PA6, Master, Tinta, Tubo de aço. CxLxA(cm) 71x62,5x51,5 Travamento: Trilho plástico c/ botão de destrave e regulagem de altura. Montagem: Manual. Acess: Brinquedo acoplado;7908200102520|7908200102537;Incluido;17/01/2024
378359/1953;Ativo;;09/12/2019;;;TAPUZIM COMERCIAL LTDA;00513418000100;1138569063;Av. Monte Celeste;230;250;02561000;Vila S. Maria;São Paulo;SP;ehs0770@hotmail.com;SHEN ZHEN WEI MEI CHILDCARE PRODUCT LIMITED COMPANY;Andadores Infantis;Portaria Inmetro nº 129 de 19/03/2021;;IN2062423;Modelo 5;;S;China, República Popular;Baby Style;MODELO: ANIMAIS VERSÕES: Andador cachorro vermelho - Ref. 33721 Andador cachorro azul - Ref. 33722 Andador abelha rosa - Ref. 33723 Andador abelha azul - Ref. 33724 Andador pianinho rosa Ref: 33725 Andador pianinho azul Ref: 33726;Material: Plástico, metal e tecido, Dimensões: 50 x 70 x 60 cm, Sistema de Travamento: Stoper, Sistema deMontagem e Ferragem: Tesoura, Acessórios: Bandeja musical;4079337218996|4079337228995|4079337238994|4079337248993|4079337251993|4079337261992;Excluido;29/01/2024
672363/1979;Ativo;;15/12/2023;;;MADHULA COMERCIO DE ARTIGOS ELETROELETRONICOS LTDA;03838532000190;62811924131;Rua Marcilio Dias;166;;69005270;Centro;Manaus;AM;dgjohnny@gmail.com;PINGHU SHI XIAOTIANDI CHILDREN''S PRODUCTS FACTORY;Andadores Infantis;Portaria Inmetro nº 129 de 19/03/2021;;IN1983523;;;S;China, República Popular;BENMEK;ANDADOR MADHULA/REF.: MA100/VERSÕES:Verde e Azul - MA100VA,Rosa e Roxo - MA100RR,Branco e Azul Escuro - MA100BAE,Amarelo e Vermelho - MA100AV;MAT:PP, FERRO E POLIÉSTER/DIMEN.:63 X 57 X 53 CM/SIST. TRAVAMENTO:Liberação em duas ações consecutivas/SIST. MONTAGEM E FERRAGEM:MANUAL(SEM FERRAMENTA)/ACESS.:n/a/CARACTERÍSTICAS: ANDADOR COM BRINQUED;6901031000158;Incluido;15/12/2023
129893/1959;Ativo;;30/06/2026;;;MARKETGOOL TRADING IMPORTACAO E EXPORTACAO LTDA;18787076000174;11947652325;ROD RODOLFO JAHN;326;ANEXO 92;89237680; VILA NOVA;JOINVILLE;SC;alexandre.morroni@hotmail.com;PINGHU XIAOTIANDI CHILDREN''S PRODUCTS FACTORY;Andadores Infantis;Portaria Inmetro nº 129 de 19/03/2021;;IN3048926;Modelo 5;;S;China, República Popular;MARKETGOOL;Designação Comercial: Andador Marketgool / Código de referência comercial / MKG-010 / ROSA;Mat: PP, FERRO E POLIÉSTER / Dim: 65X55X45 CM/ SIST DE TRAV: Liberação em duas ações consecutivas/ Acess: Brinquedo do andador/ Caract do mod: Andador com Brinquedo;0070341132777;Incluido;30/06/2026
273878/1962;Ativo;;31/10/2025;;;MD COMERCIO DE FERRAGENS LTDA;55274701000100;92985975259;Avenida Joaquim Nabuco;1094;A;69020030;Centro;Manaus;AM;mdcomerciodeferragensltda@gmail.com;Xingtai Pandelo Technology Co.,Ltd;Andadores Infantis;Portaria Inmetro nº 129 de 19/03/2021;;IN2824825;Modelo 5;;S;China, República Popular;ULTRA BABY;ANDADOR INFANTIL MUSICAL PARA BEBÊ - UBW -305 - N/A - BABY PINK / BARBIE PINK/RED / WHITE/ROYAL BLUE /ORANGE / WHITE/LIGHT BLUE / WHITE;MAT:PP,FERRO E POLIÉ./DIM.:68X59X52 CM/SIST.DE TRAV.:LIB.EM DUAS AÇÕES CONS./SIST.DE MONT. E FERR.:MAN.(S/FERRAM.)/ACESS.:N/A/CARACTERISTICAS DO MODELO:ANDADOR COM BRINQUEDO ACOPLADO;7890012361007|7890012361113|7890012368082|7890012369096;Incluido;31/10/2025
803523/1971;Inativo;;14/08/2019;;;Companhia Dorel Brasil Produtos Infantis;10659948000107;2135633602;Av. Nilo Peçanha;1516 /1582;Térreo;28030035;Pq dos Rodoviários;Campos dos Goytacaze;RJ;mariana.magalhaes@dorel.com.br;JIN SUN GEE PLASTIC CO.,LTD;Andadores Infantis;Portaria Inmetro nº 42 de 19/01/2018;;OCAN-AND.145/19-4;;;S;Formosa (Taiwan);Voyage;BG1401;Nome Fantasia: Buggy. Cores: Rosa e Azul. Material: Ferro, plástico, PP e PU. 42 x 58.5 x 65 cm. Sistema de Travamento e Montagem: Manual. Acessórios: Bandeja;7898509475206|7898509475213;Incluido;14/08/2019
966367/2005;Ativo;;24/01/2025;;;PLANETA - IMPORTACAO E DISTRIBUICAO DE BRINQUEDOS LTDA;13434272000141;1138951572;AV VASCO MASSAFELI - GALPAO1 RUA A LADO IMPAR ANEXO;1000;MODULO1/21;06703600;JARDIM MARIA TEREZA;COTIA;SP;admin@planetadobebe.com.br;PLANETA - IMPORTACAO E DISTRIBUICAO DE BRINQUEDOS LTDA;Andadores Infantis;Portaria Inmetro nº 129 de 19/03/2021;;IN2476224;;;N;Brasil;REPLAY KIDS;ANDADOR QUICK/21680 / BELLA/21681 / PUPPY/21682 / ZOO/21683 / SPACE/21684 / RACING;M:POLIPROPILENO, ABS, AÇO,ELASTÔMERO TERMOPLÁSTICO E PVC/D:58X68X55CM/S.D/TRV:MANUAL (SEM FERRAMENTA)/ACS:N/A/CARACTERISTICAS DO MODELO:BANDEJA COM BRINQUEDO/ PLACA MUSICAL/PLACA ANTIDERRAPANTE;7899403216803|7899403216810|7899403216827|7899403216834|7899403216841;Incluido;24/01/2025
714739/2022;Ativo;;06/05/2025;;;KAVOD BRASIL COMERCIO E IMPORTACAO DE PRODUTOS DE USO DOMESTICO LTDA;12389993000114;1136612389;Avenida Marquês de São Vicente;2219;Conj 1001;05036040;Água Branca;São Paulo;SP;adm@kababy.com.br;Tengzhou Lebeir Baby Carriage Co., Ltd.;Andadores Infantis;Portaria Inmetro nº 129 de 19/03/2021;;IN2610825;;;S;China, República Popular;KaBaby;DESIGNAÇÃO COMERCIAL: ANDADOR DE EMPURRAR STEP-UP KABABY CINZA/CÓDIGO DE REFERÊNCIA COMERCIAL: ANDADOR/QUANTIDADE: -/;MAT:PP/DIM:799x660x715mm/SIS_TRAV:LIBERAÇÃO EM DUAS AÇÕES CONSECUTIVAS/SIS_MONTAGEM/FERRAGEM:MANUAL SEM AUXILIO DE FERRAMENTA/ACESSORIOS:N/A/CARACT_DO_MODELO:ANDADOR COM BRINQUEDO ACOPLADO;7898605218394;Incluido;06/05/2025
712259/1952;Ativo;;07/02/2022;;;TUTTI BABY INDUSTRIA E COMERCIO DE ARTIGOS INFANTIS LTDA;06981862000129;4733794000;Rod. Guilherme Jensen, SC413, km13;0;;89108000;Distrito Industrial;Massaranduba;SC;certificacao@tuttibaby.com.br;TUTTI BABY INDUSTRIA E COMERCIO DE ARTIGOS INFANTIS LTDA;Andadores Infantis;Portaria Inmetro nº 129 de 19/03/2021;;IN2869325;Modelo 5;;N;Brasil;TUTTI BABY;ANDADOR SAFARI II-ANDADOR 40.002-40002003/40002004/40002007/40003004/40004002/40004003;MAT:PP/ALGODAO/DIM:51X61X70CM/SIS_TRAV:DOIS DISPOS DE TRAV IND. OPER. SIMULTÂNEAMENTE/SIS_MONT/FERRG:REBITES,PARAF,ENCAIXE DE PÇS PLAST/ACESS:BAND. C/ BRINQ/CARAC. DO MOD.:ANDADOR C/ BRINQ NA BAND;7898431501615|7898431501622|7898431501639|7898431501684|7898431501691|7898431501707;Incluido;27/02/2026
867897/1933;Ativo;;27/08/2026;;;MADHULA COMERCIO DE ARTIGOS ELETROELETRONICOS LTDA;03838532000190;92994433107;Rua Marcilio Dias;166;;69005270;Centro;Manaus;AM;mayapunjwani@gmail.com;PINGHU XIAOTIANDI CHILDREN?S PRODUCTS FACTORY;Andadores Infantis;Portaria Inmetro nº 129 de 19/03/2021;;IN3141126-2;Modelo 5;;S;China, República Popular;BENMEK;ANDADOR MADHULA/ MA101/ Rosa - MA101R/ Azul - MA101A/ Verde - MA101V/ Laranja - MA101L;MAT.:PP, FERRO E POLIÉSTER/DIM.:63X57X53 CM/SIST. DE TRAV.:LIBERAÇÃO EM DUAS AÇÕES CONSECUTIVAS/SIST. MONT. E FERR.:MANUAL (SEM FERRAMENTA)/ACESS.:BRINQUEDO/CARACT. DO MOD.:ANDADOR COM BRINQUEDO;6901031000158;Incluido;27/08/2026
255724/1951;Ativo;;31/08/2026;;;MADHULA COMERCIO DE ARTIGOS ELETROELETRONICOS LTDA;03838532000190;92994433107;Rua Marcilio Dias;166;;69005270;Centro;Manaus;AM;mayapunjwani@gmail.com;PINGHU XIAOTIANDI CHILDRENS PRODUCTS FACTORY;Andadores Infantis;Portaria Inmetro nº 129 de 19/03/2021;;IN3141126-1;Modelo 5;;S;China, República Popular;BENMEK;MADHULA/ MA100/ Verde e Azul - MA100VA/ Rosa e Roxo - MA100RR/ Branco e Azul Escuro - MA100BAE/ Amarelo e Vermelho - MA100AV;MAT.:PP, FERRO E POLIÉSTER/DIM.:63X57X53 CM/SIST. DE TRAV.: LIBERAÇÃO EM DUAS AÇÕES CONSECUTIVAS/SIST. MONT. E FERR.:MANUAL (SEM FERRAMENTA)/ACESS.:BRINQUEDO/CARACT. DO MOD.: ANDADOR COM BRINQUEDO;6901031000158;Incluido;31/08/2026
260382/1932;Ativo;;06/03/2023;;;BURIGOTTO S A INDUSTRIA E COMERCIO;51460277000138;1934464813;Rua Martino Dragone;280;;13480308;Jardim Santa Barbara;Liemira;SP;alison.smanioto@burigotto.com;JIN SUN GEE PLASTICS CO., LTD;Andadores Infantis;Portaria Inmetro nº 129 de 19/03/2021;;CE-AND/IQB 000004 55573/23-001;Modelo 5;;S;Formosa (Taiwan);BURIGOTTO;ANDADOR OLÉ CL - REF. IXAN5143CL;PP, AÇO, TECIDO / 590 X 690 X 550 MM / TRILHO PLÁSTICO COM BOTÃO DE TRAVA/DESTRAVA E REGULAGEM DE ALTURA / REBITES, PARAFUSOS E ENCAIXE DE PEÇAS PLÁSTICAS / BANDEJA COM 2 BRINQUEDOS DE PP E NYLON;7896502944248;Incluido;29/04/2026
554386/1958;Ativo;;19/02/2026;;;RGM  COMERCIO E SERVICOS LTDA;18007664000148;11996294240;Avenida Angélica;511;Cj. 904;01227100;Santa Cecilia;São Paulo;SP;papush@uol.com.br;PINGHU XIAOTIANDI CHILDREN?S PRODUCTS FACTORY;Andadores Infantis;Portaria Inmetro nº 129 de 19/03/2021;;IN2911726;Modelo 5;;S;China, República Popular;RGM;ANDADOR DREUX - R602 - AVIÃO - AVIAO;MAT:PP,FERRO E POLIÉ./DIM:70X62.5X51 CM/SIST.DE TRAV.:LIB.EM DUAS AÇÕES CONSECU./SIST.DE MONT.E FERR.:MANUAL (SEM FERRAMENTA)/ACESS:BANDEJA MUSICAL/CARACT.DO MODELO:ANDADOR COM BANDEJA MUSICAL;7898926505616;Incluido;19/02/2026
848390/1984;Ativo;;31/08/2026;;;TUTTI BABY INDUSTRIA E COMERCIO DE ARTIGOS INFANTIS LTDA;06981862000129;4733794000;Rod. Guilherme Jensen, SC413, km13;0;Galpão 01;89108000;Distrito Industrial;Massaranduba;SC;heloiza.souza@tuttibaby.com.br;TUTTI BABY INDUSTRIA E COMERCIO DE ARTIGOS INFANTIS LTDA;Andadores Infantis;Portaria Inmetro nº 129 de 19/03/2021;;CE-AND/IQB 000013 57036/26-002;Modelo 5;;N;Brasil;TUTTI BABY;ANDADOR COMFORT - 40005004,40005003,40005011,40005028,40005007,40005010,40005006,40005029;ESTRU.METALICA:ACO TUBULAR,BRINQ:PLAST.DE ENG.,REVEST. TEXTIL: ALGODAO/48X60,5X70 CM/DOIS DISP. DE TRAV. INDEP. SENDO OP. SIMULT./PARAFUSOS E MONT. DE PÇS PLAST./BRINQ. CERT. E ADESIVO-57036/26;7898431502063|7898431502070|7898431502087|7898431502094|7898431502100|7898431502117|7898431502124|7898431502131;Incluido;31/08/2026
488516/2004;Ativo;;29/04/2024;;;TAPUZIM COMERCIAL LTDA;00513418000100;1138569063;Av. Monte Celeste;230;250;02561000;Vila S. Maria;São Paulo;SP;sergio@babystylebrasil.com.br;SHEN ZHEN WEI MEI CHILDCARE PRODUCT LIMITED COMPANY;Andadores Infantis;Portaria Inmetro nº 129 de 19/03/2021;;IN2118124-1;;;S;China, República Popular;Baby Style;ANDADOR SMART - SMART AZUL E SMART ROSA;PP,62 X 53 X 78CM,LIBERAÇÃO EM DUAS AÇÕES CONSECUTIVAS,MANUAL (SEM FERRAMENTA),ACESSÓRIOS:N/A/CARAC MODELO:ANDADOR C BRINQUEDO NA BANDEJA;4079337307416|4079337313325;Incluido;29/04/2024
142394/2011;Ativo;;09/12/2019;;;TAPUZIM COMERCIAL LTDA;00513418000100;1138569063;Av. Monte Celeste;230;250;02561000;Vila S. Maria;São Paulo;SP;ehs0770@hotmail.com;SHEN ZHEN WEI MEI CHILDCARE PRODUCT LIMITED COMPANY;Andadores Infantis;Portaria Inmetro nº 129 de 19/03/2021;;IN2062423;Modelo 5;;S;China, República Popular;baby style;ANDADOR ANIMAIS;ANIMAISVERSÕES: Andador cachorro vermelho - Ref. 33721 Andador cachorro azul - Ref. 33722 Andador abelha rosa - Ref. 33723 Andador abelha azul - Ref. 33724 . Material: Plástico, metal e tecido. Dimen;4079337218996|4079337228995|4079337238994|4079337248993;Excluido;21/12/2020
436409/1937;Ativo;;20/10/2022;;;STYLL ADMINISTRACAO, INVESTIMENTOS, LOCACOES & SERVICOS LIMITADA;22475905000231;11994300960;Rua Marcio Carlim;401;;13849226;Parque Industrial;Mogi Guaçu;SP;alexandre@styll.com.br;STYLL ADMINISTRACAO, INVESTIMENTOS, LOCACOES & SERVICOS LIMITADA;Andadores Infantis;Portaria Inmetro nº 129 de 19/03/2021;;IN1679022;Modelo 5;;N;Brasil;STYLL BABY;ANDADOR SOFT WAY / V:V:AZ.SON.(AND-98.001-05)/RO.SON.(AND-98.002-05)/LAR.SON.(AND-98.003-05)/GUARÁ AZ.(AND-50.022-01)/GUARÁ RO.(AND-50.022-02)/GUARÁ LAR.(AND-50.022-03)/VE.SON.(AND-99.009-68)/AZ.CLÁS.(AND-98.001-04)/RO.CLÁS.(AND-98.002-04))/...;MAT:AÇO,POLIPR. E POLIÉ./DIM:640X570X470MM/SIS.DE TRAV:CATRA.EM BAI.DA BAN.(LIBER. EM DU.AÇÕ.CONS.)/SIST.DE MON.E FERR.:MANUAL(COM CHA.PHI.NÃO INCL.)/ACES:BAND.COM BRIN./ CONT.VERSÔES;7898488590037|7898488590440|7898488590457|7898488590464|7898488590624|7898488599849|7898488599856|7898488599863|7898488599870|7898488599887|789848859994;Incluido;20/10/2022
971093/1988;Ativo;;07/08/2024;;;COMERCIO E IMPORTACAO DENISE LTDA;29963642000178;21997976531;RUA DO MILHO;72;A;21011090;PENHA CIRCULAR;RIO DE JANEIRO;RJ;comerciomybaby@hotmail.com;PING HU BEST CHILDREN?S CARRIER CO.LTD;Andadores Infantis;Portaria Inmetro nº 129 de 19/03/2021;;IN2189524;;;S;China, República Popular;MY BABY;PATO A1 - ROSA LISO, AZUL LISO, ROSA COLORIDO, AZUL COLORIDO - Acessórios: Brinquedos Caracteristicas do modelo: Andador infantil com brinquedo elétrico;Material: Ferro, PP e Poliéster Dimensões: 71 x 62 x 55 cm Sistema de Travamento: Liberação em duas ações consecutivas Sistema de Montagem e Ferragem: Manual (com auxílio de ferramenta);6294013738218|6294013738225|6294013738287|6294013738294;Incluido;07/08/2024
695311/1975;Ativo;;14/08/2019;;;BAMBOO COMERCIO, IMPORTAÇÃO E EXPORTAÇÃO EIRELI-EPP;27115224000103;8132419265;Rua. Alegre;154;Galpão A;52120125;Arruda;Recife;PE;bamboo@yescert.com.br;ZHEJIANG KINTEX INTERNATIONAL TRADING CO., LTD;Andadores Infantis;Portaria Inmetro nº 129 de 19/03/2021;;IN1632922;;;S;China, República Popular;BAMBOO;NOME FANTASIA: ANDAJAR GUGU MODELO: MD-18 CORES: VERDE;PLÁSTICO, METAL E FIBRA TÊXTIL,520 x 560 x 620 mm,MANUAL,MANUAL,BANDEJA, VOLANTE DO PUXADOR.;7909312341029;Excluido;22/07/2022
730413/1963;Ativo;;16/07/2025;;;KIDDO INDUSTRIA E COMERCIO LTDA;60688090000187;1147870744;Rodovia Regis Bittencourt ;3666;;06793000;Jardim Três Marias ;Taboão da Serra;SP;m.nascimento@kiddo.com.br;JIN SUN GEE PLASTIC CO., LTD;Andadores Infantis;Portaria Inmetro nº 129 de 19/03/2021;;IN2735125;Modelo 5;;S;China, República Popular;Whoop;ANDADOR PASSINHOS 2 EM 1 REF. 8701/CINZA/ROSA/AZUL;MATERIAL:PP. POLIES/DIMENSÕES:59,5X68X53CM/SIST.DE.TRAVAM.:LIBER.EM DUAS AÇÕES CONSECUTIVAS/SIST.DE.MONTAG.E.FERRAGEM:MANUAL (SEM AUX. DE FERRAM)/ACESSÓRIOS:BRINQ./CARACT. DO MODELO:ANDADOR C/ BRINQ.;7896517223871|7896517223888|7896517223895;Incluido;16/07/2025
091595/1981;Ativo;;06/03/2023;;;BURIGOTTO S A INDUSTRIA E COMERCIO;51460277000138;1934464813;Rua Martino Dragone;280;;13480308;Jardim Santa Barbara;Liemira;SP;alison.smanioto@burigotto.com;JIN SUN GEE PLASTICS CO., LTD;Andadores Infantis;Portaria Inmetro nº 129 de 19/03/2021;;CE-AND/IQB 000004 55573/23-001;Modelo 5;;S;Formosa (Taiwan);BURIGOTTO;ANDADOR OLÉ CL - REF. IXAN5143CL;PP, AÇO, TECIDO / 590 X 690 X 550 MM / TRILHO PLÁSTICO COM BOTÃO DE TRAVA/DESTRAVA E REGULAGEM DE ALTURA / REBITES, PARAFUSOS E ENCAIXE DE PEÇAS PLÁSTICAS / BANDEJA COM 2 BRINQUEDOS DE PP E NYLON;7896502944248;Incluido;29/04/2026
024417/1990;Ativo;;03/04/2023;;;PLANETA - IMPORTACAO E DISTRIBUICAO DE BRINQUEDOS LTDA;13434272000141;1138951572;AV VASCO MASSAFELI;1000;G1A M1-21;06703600;JARDIM MARIA TEREZA;COTIA;SP;admin@planetadobebe.com.br;HEBEI WANXIN CHILDREN TOYS CO.,LTD.;Andadores Infantis;Portaria Inmetro nº 129 de 19/03/2021;;IN1765923;Modelo 5;;S;China, República Popular;MAXI BABY;NW-01 - ANDADOR LA BAMBA  / (...) COM BRINQUEDOS/CAR MOD:AND COM BRINQUEDO(BANDEJA MUSICAL);MAT:PP E PARTES EM ABS, AÇO DE ALTO CARB RODA ELASTÔMERO TERMOPLÁSTICO, PVC/DIM:580X680X550(LXCXH)/SIS TRA:LIBERAÇÃO EM DUAS AÇÕES CONSECUTIVAS SIS DE MON E FER:MANUAL(S/ FERRAMENTA)/ACE:BANDEJA (...);7899403215370|7899403215387;Excluido;28/02/2025
318421/2016;Ativo;;05/08/2021;;;GALZERANO INDUSTRIA DE CARRINHOS E BERCOS LTDA;43594977000197;19999947357;Via Prefeito Jurandyr Paixão;700;;13481149;Jd. Campo Belo;Limeira;SP;luisfernando.camargo@galzerano.com.br;GALZERANO INDUSTRIA DE CARRINHOS E BERCOS LTDA;Andadores Infantis;Portaria Inmetro nº 129 de 19/03/2021;;CE-AND/IQB 000006 54618/21-001;;;N;Brasil;GALZERANO;Ref.: 4050-Andador Torino. Versões: 4050EST (Estrela), 4050SPR (Spring);Tecido Pes, TNT, Espuma, PP, PA6, Master, Tinta, Tubo de aço. CxLxA(cm) 71x62,5x51,5 Travamento: Trilho plástico c/ botão de destrave e regulagem de altura. Montagem: Manual. Acess: Brinquedo acoplado;7908200102520|7908200102537;Incluido;17/01/2024
612436/1942;Ativo;;22/11/2023;;;JASSUMAL LTDA;04214425000154;62811924131;AV SETE SETEMBRO;852;;69005140;CENTRO;MANAUS;AM;dgjohnny@gmail.com;PINGHU SHI XIAOTIANDI CHILDREN?S PRODUCTS FACTORY;Andadores Infantis;Portaria Inmetro nº 129 de 19/03/2021;;IN1984323;;;S;China, República Popular;BABY SPORTS;ANDADOR JASSUMAL /REF: BS103 /VERSÕES:Azul Claro e Escuro - BS103A/Rosa Claro e Escuro - BS103R/Roxo e Rosa Escuro - BS103RR;MATERIAL:PP, FERRO E POLIÉSTER|DIMENSÕES:63 X 57 X 53 CM|SISTEMA DE TRAVAMENTO:LIBERAÇÃO EM DUAS AÇÕES CONSECUTIVAS|SISTEMA DE MONTAGEM E FERRAGEM:MANUAL (SEM FERRAMENTA)|ACESSÓRIOS:N/A|CARACTERISTICA;6901041000155;Incluido;22/11/2023
335403/1994;Ativo;;01/12/2021;;;FAST TRADING IMPORTACAO, EXPORTACAO E COMERCIO DE BEBIDAS EIRELI;34076058000130;8130191960;AV. GOVERNADOR AGAMENON MAGALHÃES,  EDF. EMPRESSARIAL RENATO DIAS - ANDAR 15º, SALA 1502 ;4318;SALA 1502;52010075;PAISSANDU; RECIFE;PE;ricardo.ferreira@fasttradingimport.com.br;China Zhejiang Techincal Co. Ltd;Andadores Infantis;Portaria Inmetro nº 42 de 19/01/2018;;OCAN-AND.514/21-1;;;S;China, República Popular;Fast;602;Material:	PP, Ferro e Poliester/ Dimensões:	63 x 57 x 53 cm/ Sistema de Travamento: Travamento automático com liberação em duas ações consecutivas/ Sistema de Montagem e Ferragem: Manual	/Acessórios: ;;Incluido;01/12/2021
550655/1953;Ativo;;03/04/2023;;;PLANETA - IMPORTACAO E DISTRIBUICAO DE BRINQUEDOS LTDA;13434272000141;1138951572;AV VASCO MASSAFELI;1000;G1A M1-21;06703600;JARDIM MARIA TEREZA;COTIA;SP;admin@planetadobebe.com.br;HEBEI WANXIN CHILDREN TOYS CO.,LTD.;Andadores Infantis;Portaria Inmetro nº 129 de 19/03/2021;;IN1765923;Modelo 5;;S;China, República Popular;MAXI BABY;NW-01 - ANDADOR LA BAMBA;MAT:PP PARTES EM ABS, AÇO DE ALTO CARB RODA ELAST.TERMO., PVC/DIM:580X680X550/SIS TRA:LIBERA.EM 2 AÇÕES CONSEC. SIS DE MON E FER:MAN.(S/ FER)/ACE:BANDEJA COM BRINQ/CAR MOD:AND COM BRINQ(BAND.A MUS.);7899403215370|7899403215387;Excluido;22/12/2025
794463/1966;Ativo;;16/09/2024;;;AMAZONAS IMPORTADOS LTDA;07269201000138;9691131654;Rua Independência;175;;68900090;Central;Macapa;AP;adriana.abreu@amazonasimportados.com.br;YIWU BALBIAN ELECTRONIC TECHNOLOGICAL CO., LTD;Andadores Infantis;Portaria Inmetro nº 129 de 19/03/2021;;IN2086424-1;;;S;China, República Popular;LÉ PETIT;MODE:BABY WALKER/REF:LP-9517/ CONT: ANDADOR COM BRINQUEDO ACOPLADO/VERSÕES:AZUL,ROSA,VERDE,;MAT:PP E POLIÉSTER/DIM:62X55,5X50CM/SIST DE TRAV:LIBERAÇÃO EM DUAS AÇÕES CONSECUTIVAS/SIST DE MONT E FERRAGEM:MANUAL (SEM FERRAMENTA)/ACESSÓRIOS:N/A.CARACTERISTICAS DO MODELO:;453068745717;Incluido;16/09/2024
480059/2016;Ativo;;31/10/2025;;;MD COMERCIO DE FERRAGENS LTDA;55274701000100;92985975259;Avenida Joaquim Nabuco;1094;A;69020030;Centro;Manaus;AM;mdcomerciodeferragensltda@gmail.com;Xingtai Pandelo Technology Co.,Ltd;Andadores Infantis;Portaria Inmetro nº 129 de 19/03/2021;;IN2824825;Modelo 5;;S;China, República Popular;ULTRA BABY;ANDADOR INFANTIL MUSICAL PARA BEBÊ - UBW -305 - N/A - BABY PINK / BARBIE PINK/RED / WHITE/ROYAL BLUE /ORANGE / WHITE/LIGHT BLUE / WHITE;MAT:PP,FERRO E POLIÉ./DIM.:68X59X52 CM/SIST.DE TRAV.:LIB.EM DUAS AÇÕES CONS./SIST.DE MONT. E FERR.:MAN.(S/FERRAM.)/ACESS.:N/A/CARACTERISTICAS DO MODELO:ANDADOR COM BRINQUEDO ACOPLADO;7890012361007|7890012361113|7890012368082|7890012369096;Incluido;31/10/2025
906440/1968;Ativo;;01/12/2021;;;HEMNANI COMERCIO DE VARIEDADES LTDA.;05469291000185;1124143633;Rua Marcílio Dias;304;N/A;69005270;Centro;Manaus;AM;papush@uol.com.br;China Zhejiang Techincal Co. Ltd;Andadores Infantis;Portaria Inmetro nº 42 de 19/01/2018;;OCAN-AND.189/21-1;;;S;China, República Popular;SITA;AKH602;Material: PP, Ferro e Poliester - Dimensões: 655 mm X 560mm X 500 mm - Sistema de Travamento: Travamento automatico com liberação em duas ações consecutivas - Sistema de Montagem e Ferragem: MANUAL;;Incluido;01/12/2021
832727/1943;Cancelado;;28/02/2020;;14/07/2025;COMÉRCIO E IMPORTAÇÃO DENISE LTDA;29963642000178;2125843843;RUA DO MILHO;72;A;21011090;PENHA CIRCULAR;RIO DE JANEIRO;RJ;comerciomybaby@hotmail.com;PING HU BEST CHILDREN'S CARRIER CO.LTD;Andadores Infantis;Portaria Inmetro nº 42 de 19/01/2018;;OCAN-AND.329/20-1;;;S;China, República Popular;MY BABY;A-1;VERSÕES: ROSA, AZUL, AZUL COM VERDE, AZUL COM VERMELHO, ROSA COM LILÁS, ROSA COM ROSA ESCURO;;Incluido;28/02/2020
200444/1995;Ativo;;03/04/2023;;;PLANETA - IMPORTACAO E DISTRIBUICAO DE BRINQUEDOS LTDA;13434272000141;1138951572;AV VASCO MASSAFELI;1000;G1A M1-21;06703600;JARDIM MARIA TEREZA;COTIA;SP;admin@planetadobebe.com.br;HEBEI WANXIN CHILDREN TOYS CO.,LTD.;Andadores Infantis;Portaria Inmetro nº 129 de 19/03/2021;;IN1765923;Modelo 5;;S;China, República Popular;MAXI BABY;NW-01 - ANDADOR LA BAMBA  / (...) COM BRINQUEDOS/CAR MOD:AND COM BRINQUEDO(BANDEJA MUSICAL);MAT:PP E PARTES EM ABS, AÇO DE ALTO CARB RODA ELASTÔMERO TERMOPLÁSTICO, PVC/DIM:580X680X550(LXCXH)/SIS TRA:LIBERAÇÃO EM DUAS AÇÕES CONSECUTIVAS SIS DE MON E FER:MANUAL(S/ FERRAMENTA)/ACE:BANDEJA (...);7899403215370|7899403215387;Excluido;28/02/2025
494448/2021;Ativo;;15/11/2024;;;HCM INDUSTRIA E IMPORTACAO LTDA;12538691000160;37998767200;RUA SERGIPE ;1963;;35591096;SANTA ALEXANDRINA;LAGOA DA PRATA;MG;compras.hcmmalta@gmail.com;HCM INDUSTRIA E IMPORTACAO LTDA;Andadores Infantis;Portaria Inmetro nº 129 de 19/03/2021;;IN2431224-2;;;N;Brasil;JUMBO BABY;ANDADOR MUSICAL MEGALUXO JUMBO BABY/AZUL/ROSA/VERMELHO/LARANJA, CARAC.D/MODEL:ANDADOR COM BRINQUEDO NA BANDEJA;MAT.:POLIPROPILENO(PP)/ACO CARBONO(FERRAGENS)/TECIDO(POLIÉSTER)/DIM:69,5X58,5X14,5/SIS.D/TRAV.:LIB.EM 2AS.CON./SIS.D/MONT.E FERR.:MAN.(S/FERR.)/ACESS.:ASSE/FORR.P/OS PÉS/EMP./PAI.MUS;7898947715063|7898947715070|7898947715087|7898947715094;Incluido;15/11/2024
788463/1947;Cancelado;;28/02/2020;;14/07/2025;COMÉRCIO E IMPORTAÇÃO DENISE LTDA;29963642000178;2125843843;RUA DO MILHO;72;A;21011090;PENHA CIRCULAR;RIO DE JANEIRO;RJ;comerciomybaby@hotmail.com;PING HU BEST CHILDREN'S CARRIER CO.LTD;Andadores Infantis;Portaria Inmetro nº 42 de 19/01/2018;;OCAN-AND.329/20-1;;;S;China, República Popular;MY BABY;A-1;VERSÕES: ROSA, AZUL, AZUL COM VERDE, AZUL COM VERMELHO, ROSA COM LILÁS, ROSA COM ROSA ESCURO;;Incluido;28/02/2020
919623/1939;Inativo;;23/05/2025;;;MD COMERCIO DE FERRAGENS LTDA;55274701000100;92981285408;AVENIDA JOAQUIM NABUCO;1094;A;69020030;Centro;Manaus;AM;mdcomerciodeferragensltda@gmail.com;Xingtai Pandelo Technology Co.,Ltd;Andadores Infantis;Portaria Inmetro nº 129 de 19/03/2021;;IN2611025;Modelo 5;;S;China, República Popular;ULTRA BABY;REF: UBW-801H - ANDADOR INFANTIL MUSICAL PARA BEBÊ - BABY PINK / BARBIE PINK, RED / WHITE, ROYAL BLUE / ORANGE / WHITE, GREEN / WHITE;MAT:PP,FERRO E POLIÉSTER/DIM:68X59X52CM/SIS_TRAV:LIBERAÇÃO EM 2 AÇÕES CONSECUTIVAS/SIS_MONTAGEM_E_FERRAGEM:MANUAL(SEM FERRAMENTA)/ACESSÓRIOS: N/A/CARACTERISTICAS_MODELO:ANDADOR COM BRINQUEDO ACOPLADO;7890012361007|7890012361113|7890012368082|7890012369096;Incluido;23/05/2025
279520/2021;Ativo;;19/02/2026;;;RGM  COMERCIO E SERVICOS LTDA;18007664000148;11996294240;Avenida Angélica;511;Cj. 904;01227100;Santa Cecilia;São Paulo;SP;papush@uol.com.br;PINGHU XIAOTIANDI CHILDREN?S PRODUCTS FACTORY;Andadores Infantis;Portaria Inmetro nº 129 de 19/03/2021;;IN2911726;Modelo 5;;S;China, República Popular;RGM;ANDADOR DREUX - R602 - AVIÃO - AVIAO;MAT:PP,FERRO E POLIÉ./DIM:70X62.5X51 CM/SIST.DE TRAV.:LIB.EM DUAS AÇÕES CONSECU./SIST.DE MONT.E FERR.:MANUAL (SEM FERRAMENTA)/ACESS:BANDEJA MUSICAL/CARACT.DO MODELO:ANDADOR COM BANDEJA MUSICAL;7898926505616;Incluido;19/02/2026
224643/1926;Ativo;;07/03/2024;;;COMPANHIA DOREL BRASIL PRODUTOS INFANTIS;10659948000107;2135547024;Av. Nilo Peçanha;1516;1582;28030035;Pq dos Rodoviários;Campos dos Goytacaze;RJ;standard@dorel.com.br;COMPANHIA DOREL BRASIL PRODUTOS INFANTIS;Andadores Infantis;Portaria Inmetro nº 129 de 19/03/2021;;IN2040823;Modelo 5;;N;Brasil;Infanti;APPIA - HE022 - AZUL/ROSA - MAT.:PP, POLIÉSTER,PTA, EG, POLIPROPILENO E POLIETILENO.DIMENSÕES:56,5X68X60,5CM/;SIST. DE TRAVAMENTO: LIBERAÇÃO EM 2 AÇÕES CONSECUTIVAS/SIST. DE MONTAGEM E FERRAGEM: MANUAL (S/ FERRAMENTAS)/ACES.: BANDEJA DE BRINQUEDOS/ANDADOR COM BRINQUEDO;7908238809774|7908238809781;Excluido;10/04/2026
306523/1981;Ativo;;12/11/2024;;;CACANDO OFERTAS LTDA;23230465000134;11976586700;Rua José Ferreira Crespo;752;Sala 1;08021480;Jardim São Vicente;São Paulo;SP;diegofrancisco22@bol.com.br;STYLL ADMINISTRACAO, INVESTIMENTOS, LOCACOES & SERVICOS LIMITADA;Andadores Infantis;Portaria Inmetro nº 129 de 19/03/2021;;IN2382924;;;N;Brasil;ClickBaby's;Andador Happy baby - Versões AZUL-HAPPY BABY ROSA-HAPPY BABY LARANJA-HAPPY BABY;Mat.Aço Polipropileno.Dim:640x570x470cm.Sist.Trav. Liberação duas ações consecutivas.Sist de Mont e Ferrag:Manual sem ferramenta.Acess: Bandeja c/Brinquedo.Caract/modelo:Andador c/brinquedo na bandeja;7898975097001|7898975097018|7898975097025;Incluido;12/11/2024
082467/1974;Inativo;;07/10/2019;;;Galzerano Indústria de Carrinhos e Berços Ltda;43594977000197;1934043030;Via Prefeito Jurandyr Paixão;700;;13481149;Jd. Campo Belo;Limeira;SP;luisfernando.camargo@galzerano.com.br;GUANGDONG ZHIHUI CHILDREN?S PRODUCTS CO.,LTD;Andadores Infantis;Portaria Inmetro nº 42 de 19/01/2018;;CE-AND/IQB 000006 53503/20-001;;;S;China, República Popular;GALZERANO;Andador de bebê Magic - Versão: Cinza (CZ), Preto (PT);Mat Tec poli Espum Resin plást Tint Ferrag 70Cx65Lx54A cm Travam trilho plást com botão de destrav e regul alt Mont/frenag manual Andador com pçs girat e cores diversas Acess Bandej Brinq não removív.;7898089221590|7898089222283;Incluido;07/10/2019
376471/2000;Ativo;;09/12/2019;;;TAPUZIM COMERCIAL LTDA;00513418000100;1138569063;Av. Monte Celeste;230;250;02561000;Vila S. Maria;São Paulo;SP;ehs0770@hotmail.com;SHEN ZHEN WEI MEI CHILDCARE PRODUCT LIMITED COMPANY;Andadores Infantis;Portaria Inmetro nº 42 de 19/01/2018;;OCAN-AND.165/19-3;;;S;China, República Popular;baby style;CENTRO DE ATIVIDADES;VERSÕES: Andador play - Ref.5821 Andador meninos - Ref. 515211 Andador meninas - Ref. 51522. Material: Plástico, metal e tecido. Dimensões: 74 x 75 x 18 cm Sistema de Travamento: Stoper Sistema de Mon;4079515211993|4079515222999|4532582122994;Incluido;09/12/2019
670486/1926;Ativo;;27/08/2026;;;MADHULA COMERCIO DE ARTIGOS ELETROELETRONICOS LTDA;03838532000190;92994433107;Rua Marcilio Dias;166;;69005270;Centro;Manaus;AM;mayapunjwani@gmail.com;PINGHU XIAOTIANDI CHILDREN?S PRODUCTS FACTORY;Andadores Infantis;Portaria Inmetro nº 129 de 19/03/2021;;IN3141126-2;Modelo 5;;S;China, República Popular;BENMEK;ANDADOR MADHULA/ MA101/ Rosa - MA101R/ Azul - MA101A/ Verde - MA101V/ Laranja - MA101L;MAT.:PP, FERRO E POLIÉSTER/DIM.:63X57X53 CM/SIST. DE TRAV.:LIBERAÇÃO EM DUAS AÇÕES CONSECUTIVAS/SIST. MONT. E FERR.:MANUAL (SEM FERRAMENTA)/ACESS.:BRINQUEDO/CARACT. DO MOD.:ANDADOR COM BRINQUEDO;6901031000158;Incluido;27/08/2026
477824/2003;Ativo;;06/05/2025;;;KAVOD BRASIL COMERCIO E IMPORTACAO DE PRODUTOS DE USO DOMESTICO LTDA;12389993000114;1136612389;Avenida Marquês de São Vicente;2219;Conj 1001;05036040;Água Branca;São Paulo;SP;adm@kababy.com.br;Tengzhou Lebeir Baby Carriage Co., Ltd.;Andadores Infantis;Portaria Inmetro nº 129 de 19/03/2021;;IN2610825;;;S;China, República Popular;KaBaby;DESIGNAÇÃO COMERCIAL: ANDADOR DE EMPURRAR STEP-UP KABABY CINZA/CÓDIGO DE REFERÊNCIA COMERCIAL: ANDADOR/QUANTIDADE: -/;MAT:PP/DIM:799x660x715mm/SIS_TRAV:LIBERAÇÃO EM DUAS AÇÕES CONSECUTIVAS/SIS_MONTAGEM/FERRAGEM:MANUAL SEM AUXILIO DE FERRAMENTA/ACESSORIOS:N/A/CARACT_DO_MODELO:ANDADOR COM BRINQUEDO ACOPLADO;7898605218394;Incluido;06/05/2025
407239/1966;Inativo;;30/09/2019;;;Tutti Baby Indústria e Comércio de Artigos Infantis Ltda;06981862000129;4733794000;Rod. Guilherme Jensen;s/n;Galpão 01;89108000;Distrito Industrial;Massaranduba;SC;qualidade@tuttibaby.com.br;;Andadores Infantis;Portaria Inmetro nº 42 de 19/01/2018;;CE-AND/IQB 000005 53137/19-001;;;N; ;Tutti Baby;Andador 02003;Material: Estrut. metálica de aço tub, plást. de engenharia, algodão. Dim: 52cmx60cmx70,5cm, sist.de trav: com duas ações consecutivas para liber, sist. de mont.ferrag: rebites e parafusos, aces: brin;17898431495966|17898431495980|17898431496000|17898431496024|17898431500660|17898431500677|17898431500684|7898431495952|7898431495969|7898431495976|7898431495983|7898431495990|7898431496006|7898431496010|7898431496027|7898431500601|7898431500618|7898431500625|7898431500632|7898431500649|7898431500656;Incluido;30/09/2019
413529/1943;Ativo;;04/08/2025;;;BAMBINO COMERCIAL LTDA;06006481000129;81987347022;R. 23;175;;53090190;RIO DOCE;OLINDA;PE;bambino.souza@terra.com.br;PINGHU XIAOTIANDI CHILDREN?S PRODUCTS FACTORY;Andadores Infantis;Portaria Inmetro nº 129 de 19/03/2021;;IN2750125;Modelo 5;;S;China, República Popular;BAMBINO;ANDADOR - BA01 - ROSA/AZUL;MAT:PP,FERRO E POLIÉSTER/DIM:70X62.5X51CM/SIS_TRAV:LIBERAÇÃO EM DUAS AÇÕES CONSECUTIVAS/SIS_MONT E FERRG:MANUAL(S/FERRAM.)/ACESS.:BRINQ.CEN.DE ATIVI./CARACT.DO MODELO:ANDADOR COM BANDEJA MUSICAL;7898576907150|7898576907167;Incluido;04/08/2025
621843/2007;Ativo;;09/09/2026;;;TUTTI BABY INDUSTRIA E COMERCIO DE ARTIGOS INFANTIS LTDA;06981862000129;4733794000;Rua Vicente Zanotti;177;Galpão 01;89381270;Industrial Zaferino ;Massaranduba;SC;heloiza.souza@tuttibaby.com.br;TUTTI BABY INDUSTRIA E COMERCIO DE ARTIGOS INFANTIS LTDA;Andadores Infantis;Portaria Inmetro nº 129 de 19/03/2021;;CE-AND/IQB 000013 57036/26-001;Modelo 5;;N;Brasil;TUTTI BABY;ANDADOR SAFARI - REF. 40002003,40002004,40002007,40003004,40004002,40004003;ESTRU.MET.:ACO TUBULAR,BRINQ:PLAST. DE ENG.,REVEST. TEXTIL:ALGODAO/51X61X70 CM/DOIS DISP. DE TRAV. INDEPENDENTES SENDO OPERADOS SIMULT./PARAFUSOS E MONT. DE PÇS PLAST./BRINQ. CERTIF.E ADESIVO-57036/26;7898431501615|7898431501622|7898431501639|7898431501684|7898431501691|7898431501707;Incluido;09/09/2026
603979/1954;Ativo;;06/03/2023;;;BURIGOTTO S A INDUSTRIA E COMERCIO;51460277000138;1934464813;Rua Martino Dragone;280;;13480308;Jardim Santa Barbara;Liemira;SP;alison.smanioto@burigotto.com;JIN SUN GEE PLASTICS CO., LTD;Andadores Infantis;Portaria Inmetro nº 129 de 19/03/2021;;CE-AND/IQB 000004 55573/23-001;Modelo 5;;S;Formosa (Taiwan);BURIGOTTO;ANDADOR OLÉ CL (REF.COM.  IXAN5143CL);PP, AÇO, TECIDO / 590 X 690 X 550 MM / TRILHO PLÁSTICO COM BOTÃO DE TRAVA/DESTRAVA E REGULAGEM DE ALTURA / REBITES, PARAFUSOS E ENCAIXE DE PEÇAS PLÁSTICAS / BANDEJA COM 2 BRINQUEDOS DE PP E NYLON;7896502944248;Excluido;29/04/2026
362406/1954;Inativo;;14/08/2019;;;Companhia Dorel Brasil Produtos Infantis;10659948000107;2135633602;Av. Nilo Peçanha;1516 /1582;Térreo;28030035;Pq dos Rodoviários;Campos dos Goytacaze;RJ;mariana.magalhaes@dorel.com.br;Hua Song Plastic Products Co Ltd;Andadores Infantis;Portaria Inmetro nº 42 de 19/01/2018;;OCAN-AND.145/19-3;;;S;China, República Popular;Safety 1st;11389;Nome Fantasia: Melody Garden. Cor única. Material: Ferro, plástico e PP. 64x55x66 cm. Sistema de Travamento e Montagem: Manual. Acessórios: Bandeja.;9312541727119;Incluido;14/08/2019
964490/1952;Ativo;;26/07/2024;;;DARDARA COMERCIO IMPORTACAO E EXPORTACAO LTDA;07774907000157;11964220291;R VALENTIM MAGALHAES;95;***;03184090;ALTO DA MOOCA;SÃO PAULO;SP;sac@dardara.com.br;FOSHAN BAOLIMEI BABY CARRIER CO., ;Andadores Infantis;Portaria Inmetro nº 129 de 19/03/2021;;IN2255924;;;S;China, República Popular;DARDARA;ANDADOR CARRO FD-2407 / VERSÕES: AZUL E ROSA;MAT:PP,METAL E POLIÉSTER/DIM:740X630X510MM/SIST DE TRAVA:LIB EM 2 AÇÕES CONSECUT/SIST DE MONT/FERRAG:MANUAL(C/FERRAMENTAS)/ACESSÓRIOS: BRINQ/CARACT DO MODELO:ANDADOR C/BRINQ INTEGRADO;7898572462738|7898572462755;Incluido;26/07/2024
258494/1979;Ativo;;09/09/2026;;;TUTTI BABY INDUSTRIA E COMERCIO DE ARTIGOS INFANTIS LTDA;06981862000129;4733794000;Rua Vicente Zanotti;177;Galpão 01;89381270;Industrial Zaferino ;Massaranduba;SC;heloiza.souza@tuttibaby.com.br;TUTTI BABY INDUSTRIA E COMERCIO DE ARTIGOS INFANTIS LTDA;Andadores Infantis;Portaria Inmetro nº 129 de 19/03/2021;;CE-AND/IQB 000013 57036/26-001;Modelo 5;;N;Brasil;TUTTI BABY;ANDADOR SAFARI - REF. 40002003,40002004,40002007,40003004,40004002,40004003;ESTRU.MET.:ACO TUBULAR,BRINQ:PLAST. DE ENG.,REVEST. TEXTIL:ALGODAO/51X61X70 CM/DOIS DISP. DE TRAV. INDEPENDENTES SENDO OPERADOS SIMULT./PARAFUSOS E MONT. DE PÇS PLAST./BRINQ. CERTIF.E ADESIVO-57036/26;7898431501615|7898431501622|7898431501639|7898431501684|7898431501691|7898431501707;Incluido;09/09/2026
552498/2005;Ativo;;07/02/2022;;;TUTTI BABY INDUSTRIA E COMERCIO DE ARTIGOS INFANTIS LTDA;06981862000129;4733794000;Rod. Guilherme Jensen, SC413, km13;0;;89108000;Distrito Industrial;Massaranduba;SC;certificacao@tuttibaby.com.br;TUTTI BABY INDUSTRIA E COMERCIO DE ARTIGOS INFANTIS LTDA;Andadores Infantis;Portaria Inmetro nº 129 de 19/03/2021;;IN2869325;Modelo 5;;N;Brasil;Tutti Baby;Andador Safari II Azul/Rosa/Vermelho/Andador Princesa Rosa Coroa/Andador Acqua Explorador Cinza/Roxo;ESTRUT. MET.AÇO.TUBULAR/48x60,5x70CM/SIST.DE TRAV. COM.DUAS.AÇÕES.CONSECUT.PARA.LIBER./PARAFUSOS.E. REBITES/BRINQUEDOS.E.ADESIVOS;7898431501615|7898431501622|7898431501639|7898431501684|7898431501691|7898431501707;Excluido;12/01/2024
846513/1931;Ativo;;20/10/2022;;;STYLL ADMINISTRACAO, INVESTIMENTOS, LOCACOES & SERVICOS LIMITADA;22475905000231;11994300960;Rua Marcio Carlim;401;;13849226;Parque Industrial;Mogi Guaçu;SP;alexandre@styll.com.br;STYLL ADMINISTRACAO, INVESTIMENTOS, LOCACOES & SERVICOS LIMITADA;Andadores Infantis;Portaria Inmetro nº 129 de 19/03/2021;;IN1679022;Modelo 5;;N;Brasil;STYLL BABY;ANDADOR SOFT WAY / V:V:AZ.SON.(AND-98.001-05)/RO.SON.(AND-98.002-05)/LAR.SON.(AND-98.003-05)/GUARÁ AZ.(AND-50.022-01)/GUARÁ RO.(AND-50.022-02)/GUARÁ LAR.(AND-50.022-03)/VE.SON.(AND-99.009-68)/AZ.CLÁS.(AND-98.001-04)/RO.CLÁS.(AND-98.002-04))/...;MAT:AÇO,POLIPR. E POLIÉ./DIM:640X570X470MM/SIS.DE TRAV:CATRA.EM BAI.DA BAN.(LIBER. EM DU.AÇÕ.CONS.)/SIST.DE MON.E FERR.:MANUAL(COM CHA.PHI.NÃO INCL.)/ACES:BAND.COM BRIN./ CONT.VERSÔES;7898488590037|7898488590440|7898488590457|7898488590464|7898488590624|7898488599849|7898488599856|7898488599863|7898488599870|7898488599887|789848859994;Incluido;20/10/2022
954469/1970;Inativo;;12/12/2022;;;COMPANHIA DOREL BRASIL PRODUTOS INFANTIS;10659948000883;2135547024;Av. Nilo Peçanha;1516 ;Galpão 3 ;28030035;Pq dos Rodoviários;Campos dos Goytacaze;RJ;standard@dorel.com.br;Dongguan Xinyeda Hardware Plastic Products Co., Ltd;Andadores Infantis;Portaria Inmetro nº 129 de 19/03/2021;;IN1715922;;;S;China, República Popular;Safety 1st;11389.  Melody Garden;ABS,PP.PVC.Pol.Esp, 64x55x66cm,Trav.Lib.2açoes cons, Mon.Manual. Aces: Brinquedos.;9312541727119;Incluido;12/12/2022
769024/2000;Ativo;;19/02/2026;;;RGM  COMERCIO E SERVICOS LTDA;18007664000148;11996294240;Avenida Angélica;511;Cj. 904;01227100;Santa Cecilia;São Paulo;SP;papush@uol.com.br;PINGHU XIAOTIANDI CHILDREN?S PRODUCTS FACTORY;Andadores Infantis;Portaria Inmetro nº 129 de 19/03/2021;;IN2911726;Modelo 5;;S;China, República Popular;RGM;ANDADOR DREUX - R602 - AVIÃO - AVIAO;MAT:PP,FERRO E POLIÉ./DIM:70X62.5X51 CM/SIST.DE TRAV.:LIB.EM DUAS AÇÕES CONSECU./SIST.DE MONT.E FERR.:MANUAL (SEM FERRAMENTA)/ACESS:BANDEJA MUSICAL/CARACT.DO MODELO:ANDADOR COM BANDEJA MUSICAL;7898926505616;Incluido;19/02/2026
805400/2024;Inativo;;19/06/2023;;;VANMAX COMERCIO LTDA;84114198000124;9231337050;RUA CEL SERGIO PESSOA;91;;69005030;CENTRO;MANAUS;AM;GERENTEDEVENDAS@VANMAX.COM.BR;PINGHU SHI XIAOTIANDI CHILDREN´S PRODUCTS FACTORY;Andadores Infantis;Portaria Inmetro nº 129 de 19/03/2021;;IN1811123;;;S;China, República Popular;BRINKMAX;997A/ NOME COMERCIAL: ANDAJÁ/VERSÕES: AZUL - 582597/ROSA - 582596/VERMELHO - 582598/VERMELHO/BRANCO - 582599 - MAT.: FERRO,POLIPROPILENO E POLIÉSTER/DIM.:67X57X54CM;SIST.DE TRAVA.:LIBERAÇÃO EM DUAS AÇÕES CONSECUTIVAS/SIST.DE MONT.E FERR.MAN.(SEM FERRAMENTA)/ACESSÓRIOS: BRINQUEDO/CARACTERISTICAS DO MODELO: ANDADOR INFANTIL COM BRINQUEDO ACOPLADO;7890785825966|7890785825973|7890785825980|7890785825997;Incluido;19/06/2023
706259/1933;Ativo;;13/04/2026;;;VG SHOP COMERCIO ON LINE LTDA;16857384000365;1149690505;RUA PROJETADA SN KM 15 NUCLEO AGUA COMPRIDA;0;KM 15;37600000;AGUA COMPRIDA;CAMBUI;MG;gilson@vgshop.com.br;YONGXING SPORTS LIMITED;Andadores Infantis;Portaria Inmetro nº 129 de 19/03/2021;;IN2982826;Modelo 5;;S;China, República Popular;MULTMAXX;Desig. Com. andador infantil com empurrador Cod. Ref. MTX150 / MTX151 Quant. (aplic. para mod. 1b) n/a Mat: poliéster, abs, pp e borracha Dim. 76x65x65cm Sis. Trav. dois dispositivos independentes sendo operador simultaneamente;Sis. de Mont. e Ferragem: manual (com ferramenta) acess: N/A Car.do mod: andador ccom empurrador e brinquedo musical Vers. MTX150 cinza MTX151 rosa;7898758400394|7898758400400;Incluido;13/04/2026
140517/1958;Ativo;;07/08/2024;;;AMAZONAS IMPORTADOS LTDA;07269201000138;9691131654;Rua Independência;175;;68900090;Central;Macapa;AP;adriana.abreu@amazonasimportados.com.br;YIWU BALBIAN ELECTRONIC TECHNOLOGICAL CO., LTD;Andadores Infantis;Portaria Inmetro nº 129 de 19/03/2021;;IN2086424-2;;;S;China, República Popular;LÉ PETIT;MODE:BABY WALKER/REF:LP-9618/ CONT: ANDADOR COM BRINQUEDO ACOPLADO/VERSÕES:AZUL,VERDE,ROSA,VERMELHO.;MAT:PP E POLIÉSTER/DIM:65X54X49CM/SIST DE TRAV:LIBERAÇÃO EM DUAS AÇÕES CONSECUTIVAS/SIST DE MONT E FERR:MANUAL (SEM FERRAMENTA)ACE:N/A.CARACTERISTICAS DO MODELO:;7453068240131;Incluido;07/08/2024
620927/1931;Ativo;;07/08/2024;;;COMERCIO E IMPORTACAO DENISE LTDA;29963642000178;21997976531;RUA DO MILHO;72;A;21011090;PENHA CIRCULAR;RIO DE JANEIRO;RJ;comerciomybaby@hotmail.com;PING HU BEST CHILDREN?S CARRIER CO.LTD;Andadores Infantis;Portaria Inmetro nº 129 de 19/03/2021;;IN2189524;;;S;China, República Popular;MY BABY;PATO A1 - ROSA LISO, AZUL LISO, ROSA COLORIDO, AZUL COLORIDO - Acessórios: Brinquedos Caracteristicas do modelo: Andador infantil com brinquedo elétrico;Material: Ferro, PP e Poliéster Dimensões: 71 x 62 x 55 cm Sistema de Travamento: Liberação em duas ações consecutivas Sistema de Montagem e Ferragem: Manual (com auxílio de ferramenta);6294013738218|6294013738225|6294013738287|6294013738294;Incluido;07/08/2024
434521/1984;Ativo;;20/12/2019;;;TAPUZIM COMERCIAL LTDA;00513418000100;1138569063;Av. Monte Celeste;230;250;02561000;Vila S. Maria;São Paulo;SP;ehs0770@hotmail.com;SHEN ZHEN WEI MEI CHILDCARE PRODUCT LIMITED COMPANY;Andadores Infantis;Portaria Inmetro nº 42 de 19/01/2018;;OCAN-AND.165/19-2;;;S;China, República Popular;baby style;SPACECAR - VERSÕES: Andador car - Ref. 21302 / Andador space - Ref. 33117;Material: Plástico, metal e tecido. Dimensões: 59 x 59 x 69 cm , Sistema de Travamento: Stoper, Sistema de Montagem e Ferragem: Tesoura, Acessórios: Bandeja musical;4532213022990|4532331172997;Incluido;20/12/2019
728525/2010;Inativo;;11/01/2023;;;COMPANHIA DOREL BRASIL PRODUTOS INFANTIS;10659948000883;2135547024;Av. Nilo Peçanha;1516 ;Galpão 3 ;28030035;Pq dos Rodoviários;Campos dos Goytacaze;RJ;standard@dorel.com.br;Jin Sun Gee Plastics Co., Ltd;Andadores Infantis;Portaria Inmetro nº 129 de 19/03/2021;;IN1722522;;;S;Formosa (Taiwan);Cosco;BG-1518. Nome comercial: Follow. Versões: Azul e Laranja.;Ferro, plástico, PP,PET, PU e poliéster. 60 x 49 x 68 cm.Trav:Lib.2 ações cons., Encaixe,aces: Brinquedos.;7908238808043|7908238808050;Incluido;11/01/2023
789134/1966;Inativo;;24/09/2019;;;Galzerano Indústria de Carrinhos e Berços Ltda;43594977000197;1934043030;Via Prefeito Jurandyr Paixão;700;;13481149;Jd. Campo Belo;Limeira;SP;luisfernando.camargo@galzerano.com.br;SHEN ZHEN WEI MEI CHILDCARE PRODUCT LIMITED COMPANY;Andadores Infantis;Portaria Inmetro nº 42 de 19/01/2018;;CE-AND/IQB 000006 53504/20-001;;;S;China, República Popular;GALZERANO;Andador de bebê 4 em 1 Funny - Versões: Color (CR), Verde Água (VDA);Mat Tec poli Espum Resin plást Itens fix Dimens 75Cx71Lx55A(cm) Sist trav Dobradiç plást c/ botã acion Sist mont frenag Encaix manua Mod Andador c/ módul sonor Pçs girat Cores divers Acess Brinq remov;7898089221477|7898089221996;Incluido;24/09/2019
938158/2011;Ativo;;01/12/2021;;;HEMNANI COMERCIO DE VARIEDADES LTDA.;05469291000185;1124143633;Rua Marcílio Dias;304;N/A;69005270;Centro;Manaus;AM;papush@uol.com.br;China Zhejiang Techincal Co. Ltd;Andadores Infantis;Portaria Inmetro nº 42 de 19/01/2018;;OCAN-AND.189/21-1;;;S;China, República Popular;SITA;AKH602;Material: PP, Ferro e Poliester - Dimensões: 655 mm X 560mm X 500 mm - Sistema de Travamento: Travamento automatico com liberação em duas ações consecutivas - Sistema de Montagem e Ferragem: MANUAL;;Incluido;01/12/2021
022540/1937;Inativo;;12/01/2023;;;COMPANHIA DOREL BRASIL PRODUTOS INFANTIS;10659948000883;2135547024;Av. Nilo Peçanha;1516 ;Galpão 3 ;28030035;Pq dos Rodoviários;Campos dos Goytacaze;RJ;standard@dorel.com.br;Jin Sun Gee Plastics Co., Ltd;Andadores Infantis;Portaria Inmetro nº 129 de 19/03/2021;;IN1701622-3;;;S;Formosa (Taiwan);Safety 1st;HE001. Nome comercial: Spacewalker 3 em 1. Versões: Grey, Orange.;PP,Ferro,Aço,ABS,PVC,POM,TPR,MB475,Pol,65.5x50x71.5cm.Trav:Lib.2ações cons.,Mont:Manual.Aces.Brinq.;7908238803932|7908238803949;Incluido;12/01/2023
900821/2010;Ativo;;16/09/2024;;;AMAZONAS IMPORTADOS LTDA;07269201000138;9691131654;Rua Independência;175;;68900090;Central;Macapa;AP;adriana.abreu@amazonasimportados.com.br;YIWU BALBIAN ELECTRONIC TECHNOLOGICAL CO., LTD;Andadores Infantis;Portaria Inmetro nº 129 de 19/03/2021;;IN2086424-1;;;S;China, República Popular;LÉ PETIT;MODE:BABY WALKER/REF:LP-9517/ CONT: ANDADOR COM BRINQUEDO ACOPLADO/VERSÕES:AZUL,ROSA,VERDE,;MAT:PP E POLIÉSTER/DIM:62X55,5X50CM/SIST DE TRAV:LIBERAÇÃO EM DUAS AÇÕES CONSECUTIVAS/SIST DE MONT E FERRAGEM:MANUAL (SEM FERRAMENTA)/ACESSÓRIOS:N/A.CARACTERISTICAS DO MODELO:;453068745717;Incluido;16/09/2024
295541/2022;Ativo;;07/02/2022;;;TUTTI BABY INDUSTRIA E COMERCIO DE ARTIGOS INFANTIS LTDA;06981862000129;4733794000;Rod. Guilherme Jensen, SC413, km13;0;;89108000;Distrito Industrial;Massaranduba;SC;certificacao@tuttibaby.com.br;TUTTI BABY INDUSTRIA E COMERCIO DE ARTIGOS INFANTIS LTDA;Andadores Infantis;Portaria Inmetro nº 129 de 19/03/2021;;IN2869325;Modelo 5;;N;Brasil;TUTTI BABY;ANDADOR SAFARI II-ANDADOR 40.002-40002003/40002004/40002007/40003004/40004002/40004003;MAT:PP/ALGODAO/DIM:51X61X70CM/SIS_TRAV:DOIS DISPOS DE TRAV IND. OPER. SIMULTÂNEAMENTE/SIS_MONT/FERRG:REBITES,PARAF,ENCAIXE DE PÇS PLAST/ACESS:BAND. C/ BRINQ/CARAC. DO MOD.:ANDADOR C/ BRINQ NA BAND;7898431501615|7898431501622|7898431501639|7898431501684|7898431501691|7898431501707;Incluido;27/02/2026
316544/1963;Ativo;;14/08/2019;;;BAMBOO COMERCIO, IMPORTAÇÃO E EXPORTAÇÃO EIRELI-EPP;27115224000103;8132419265;Rua. Alegre;154;Galpão A;52120125;Arruda;Recife;PE;bamboo@yescert.com.br;ZHEJIANG KINTEX INTERNATIONAL TRADING CO., LTD;Andadores Infantis;Portaria Inmetro nº 129 de 19/03/2021;;IN1632922;;;S;China, República Popular;BAMBOO;MODELO:MD-18NOME COMERCIAL:ANDAJAR GUGUVERSÕES: Azul (Ref.: MD18.1)Rosa (Ref.: MD18.2)Verde (Ref.: MD18.3)Vermelho (Ref.: MD18.4);Mat: PLAST / MET/FIB TEXTIL,DIM:ABRT:62X56X52CM,FECH:62X56X16,SIST TRAV:LIBER EM 2 ACOES CONSEC,SIST MONT FERRAG: MANUAL(S/FERRAMENTA),ACESS:BANDEJ C/BRINQ E HAST C/PUXADOR;7909312341029;Incluido;22/07/2022
610548/1989;Ativo;;01/12/2021;;;HEMNANI COMERCIO DE VARIEDADES LTDA.;05469291000185;1124143633;Rua Marcílio Dias;304;N/A;69005270;Centro;Manaus;AM;papush@uol.com.br;China Zhejiang Techincal Co. Ltd;Andadores Infantis;Portaria Inmetro nº 42 de 19/01/2018;;OCAN-AND.189/21-1;;;S;China, República Popular;SITA;AKH602;Material: PP, Ferro e Poliester - Dimensões: 655 mm X 560mm X 500 mm - Sistema de Travamento: Travamento automatico com liberação em duas ações consecutivas - Sistema de Montagem e Ferragem: MANUAL;;Incluido;01/12/2021
835889/1932;Ativo;;01/12/2021;;;HEMNANI COMERCIO DE VARIEDADES LTDA.;05469291000185;1124143633;Rua Marcílio Dias;304;N/A;69005270;Centro;Manaus;AM;papush@uol.com.br;China Zhejiang Techincal Co. Ltd;Andadores Infantis;Portaria Inmetro nº 42 de 19/01/2018;;OCAN-AND.189/21-1;;;S;China, República Popular;SITA;AKH602;Material: PP, Ferro e Poliester - Dimensões: 655 mm X 560mm X 500 mm - Sistema de Travamento: Travamento automatico com liberação em duas ações consecutivas - Sistema de Montagem e Ferragem: MANUAL;;Incluido;01/12/2021
904552/2015;Inativo;;30/09/2019;;;Tutti Baby Indústria e Comércio de Artigos Infantis Ltda;06981862000129;4733794000;Rod. Guilherme Jensen;s/n;Galpão 01;89108000;Distrito Industrial;Massaranduba;SC;qualidade@tuttibaby.com.br;;Andadores Infantis;Portaria Inmetro nº 42 de 19/01/2018;;CE-AND/IQB 000005 53137/19-001;;;N; ;Tutti Baby;Andador 02003;Material: Estrut. metálica de aço tub, plást. de engenharia, algodão. Dim: 52cmx60cmx70,5cm, sist.de trav: com duas ações consecutivas para liber, sist. de mont.ferrag: rebites e parafusos, aces: brin;17898431495966|17898431495980|17898431496000|17898431496024|17898431500660|17898431500677|17898431500684|7898431495952|7898431495969|7898431495976|7898431495983|7898431495990|7898431496006|7898431496010|7898431496027|7898431500601|7898431500618|7898431500625|7898431500632|7898431500649|7898431500656;Incluido;30/09/2019
198567/1942;Ativo;;17/06/2024;;;MEGA COMPRAS PRESENTES.COM LTDA;02561195000174;4191284769;RUA ELDORADO;511;511;09550720;PROSPERIDADE;SÃO CAETANO DO SUL;SP;contabilidade@grupogmac.com;HEBEI HAOKU CHILDREN TOYS CO., LTD;Andadores Infantis;Portaria Inmetro nº 129 de 19/03/2021;;IN2152424;;;S;China, República Popular;MEGA COMPRAS;ANDADOR PARA BEBÊS-PREMIUM-REF:MC923/MC923AZ/MC923RS/MC923CZ/MATERIAL:PP E POLIÉSTER/DIMENSÕES:65X 48X46 CM/ CONT: ANDADOR COM BRINQUEDO ACOPLADO;SISTEMA DE TRAVAMENTO:DOIS DISPOSITIVOS DE TRAVAMENTO INDEPENDENTES SENDO OPERADOS SIMULTÂNEAMENTE/SISTEMA DE MONTAGEM E FERRAGEM:MANUAL (SEM FERRAMENTA)/ACESSÓRIOS:BRINQUEDO/CARACTERISTICAS DO MODELO;7898692799028|7898692799578|7898692799585;Incluido;17/06/2024
318745/1975;Ativo;;31/08/2026;;;TUTTI BABY INDUSTRIA E COMERCIO DE ARTIGOS INFANTIS LTDA;06981862000129;4733794000;Rod. Guilherme Jensen, SC413, km13;0;Galpão 01;89108000;Distrito Industrial;Massaranduba;SC;heloiza.souza@tuttibaby.com.br;TUTTI BABY INDUSTRIA E COMERCIO DE ARTIGOS INFANTIS LTDA;Andadores Infantis;Portaria Inmetro nº 129 de 19/03/2021;;CE-AND/IQB 000013 57036/26-002;Modelo 5;;N;Brasil;TUTTI BABY;ANDADOR COMFORT - 40005004,40005003,40005011,40005028,40005007,40005010,40005006,40005029;ESTRU.METALICA:ACO TUBULAR,BRINQ:PLAST.DE ENG.,REVEST. TEXTIL: ALGODAO/48X60,5X70 CM/DOIS DISP. DE TRAV. INDEP. SENDO OP. SIMULT./PARAFUSOS E MONT. DE PÇS PLAST./BRINQ. CERT. E ADESIVO-57036/26;7898431502063|7898431502070|7898431502087|7898431502094|7898431502100|7898431502117|7898431502124|7898431502131;Incluido;31/08/2026
055219/1957;Inativo;;14/08/2019;;;Companhia Dorel Brasil Produtos Infantis;10659948000107;2135633602;Av. Nilo Peçanha;1516 /1582;Térreo;28030035;Pq dos Rodoviários;Campos dos Goytacaze;RJ;mariana.magalhaes@dorel.com.br;JIN SUN GEE PLASTIC CO.,LTD;Andadores Infantis;Portaria Inmetro nº 42 de 19/01/2018;;OCAN-AND.145/19-1;;;S;Formosa (Taiwan);Voyage;BG-1518;Nome Fantasia: Baby Step. Cores: Rosa e Azul. Material: Ferro, Plástico e Polipropileno. 60x49x68cm. Sistema Travamento e Montagem:Manual. Acessórios: Bandeja.;7908238801280|7908238801297;Incluido;14/08/2019
492571/1968;Inativo;;14/08/2019;;;Companhia Dorel Brasil Produtos Infantis;10659948000107;2135633602;Av. Nilo Peçanha;1516 /1582;Térreo;28030035;Pq dos Rodoviários;Campos dos Goytacaze;RJ;mariana.magalhaes@dorel.com.br;Hua Song Plastic Products Co Ltd;Andadores Infantis;Portaria Inmetro nº 42 de 19/01/2018;;OCAN-AND.145/19-3;;;S;China, República Popular;Safety 1st;11389;Nome Fantasia: Melody Garden. Cor única. Material: Ferro, plástico e PP. 64x55x66 cm. Sistema de Travamento e Montagem: Manual. Acessórios: Bandeja.;9312541727119;Incluido;14/08/2019
998733/1966;Ativo;;01/12/2021;;;HEMNANI COMERCIO DE VARIEDADES LTDA.;05469291000185;1124143633;Rua Marcílio Dias;304;N/A;69005270;Centro;Manaus;AM;papush@uol.com.br;China Zhejiang Techincal Co. Ltd;Andadores Infantis;Portaria Inmetro nº 42 de 19/01/2018;;OCAN-AND.189/21-1;;;S;China, República Popular;SITA;AKH602;Material: PP, Ferro e Poliester - Dimensões: 655 mm X 560mm X 500 mm - Sistema de Travamento: Travamento automatico com liberação em duas ações consecutivas - Sistema de Montagem e Ferragem: MANUAL;;Incluido;01/12/2021
999046/2025;Inativo;;14/01/2021;;;GALZERANO INDUSTRIA DE CARRINHOS E BERCOS LTDA;43594977000197;1934043030;Via Prefeito Jurandyr Paixão;700;;13481149;Jd. Campo Belo;Limeira;SP;luisfernando.camargo@galzerano.com.br;HUNGSENG HARDWARE PLASTIC (DG) CORP., LTD;Andadores Infantis;Portaria Inmetro nº 42 de 19/01/2018;;CE-AND/IQB 000006 54018/20-001;;;S;China, República Popular;GALZERANO;Ref.: 4015-Andador 3 em 1 Fênix. Versões: 4015CR (Color);Mat Tec polié Espum Resin plást Itens fixação Dimens 103x103x72(cm) Sist travamento suporte plástico c/ encaixe Sist montagem/ferragem encaixes manuais Acessório: Bandeja de brinquedos não removíveis;7908200101936;Incluido;14/01/2021
047365/1986;Inativo;;14/08/2019;;;Companhia Dorel Brasil Produtos Infantis;10659948000107;2135633602;Av. Nilo Peçanha;1516 /1582;Térreo;28030035;Pq dos Rodoviários;Campos dos Goytacaze;RJ;mariana.magalhaes@dorel.com.br;Hua Song Plastic Products Co Ltd;Andadores Infantis;Portaria Inmetro nº 42 de 19/01/2018;;OCAN-AND.145/19-3;;;S;China, República Popular;Safety 1st;11389;Nome Fantasia: Melody Garden. Cor única. Material: Ferro, plástico e PP. 64x55x66 cm. Sistema de Travamento e Montagem: Manual. Acessórios: Bandeja.;9312541727119;Incluido;14/08/2019
786575/1994;Inativo;;19/04/2021;;;COMPANHIA DOREL BRASIL PRODUTOS INFANTIS;10659948000107;02135547024;Av. Nilo Peçanha;1516 /1582;Térreo;28030035;Pq dos Rodoviários;Campos dos Goytacaze;RJ;mariana.magalhaes@dorel.com.br;Jin Sun Gee Plastic Co.,Ltd;Andadores Infantis;Portaria Inmetro nº 42 de 19/01/2018;;OCAN-AND.145/21-5;;;S;Formosa (Taiwan);Safety 1st;HE001. Andador Spacewalker. Cores: Grey e Orange.;PP, Ferro, ABS. 58x65.5x71.5cm.Trav.Manual.Sist.Mont.Fren.Manual. Bandeja de Brinquedos.;7908238803932|7908283803949;Incluido;19/04/2021
991169/1953;Inativo;;14/08/2019;;;Companhia Dorel Brasil Produtos Infantis;10659948000107;2135633602;Av. Nilo Peçanha;1516 /1582;Térreo;28030035;Pq dos Rodoviários;Campos dos Goytacaze;RJ;mariana.magalhaes@dorel.com.br;JIN SUN GEE PLASTIC CO.,LTD;Andadores Infantis;Portaria Inmetro nº 42 de 19/01/2018;;OCAN-AND.145/19-1;;;S;Formosa (Taiwan);Voyage;BG-1518;Nome Fantasia: Baby Step. Cores: Rosa e Azul. Material: Ferro, Plástico e Polipropileno. 60x49x68cm. Sistema Travamento e Montagem:Manual. Acessórios: Bandeja.;7908238801280|7908238801297;Incluido;14/08/2019
080579/2021;Ativo;;07/08/2024;;;AMAZONAS IMPORTADOS LTDA;07269201000138;9691131654;Rua Independência;175;;68900090;Central;Macapa;AP;adriana.abreu@amazonasimportados.com.br;YIWU BALBIAN ELECTRONIC TECHNOLOGICAL CO., LTD;Andadores Infantis;Portaria Inmetro nº 129 de 19/03/2021;;IN2086424-3;;;S;China, República Popular;LÉ PETIT;MODE,BABY WALKER/REF:LP-9824/ CONT: ANDADOR COM BRINQUEDO ACOPLADO:/VERSÕES:AZUL,VERDE,ROSA.;MATL:PP E POLIÉSTER/DIM:66X54X52CM/SIST DE TRAV:LIBERAÇÃO EM DUAS AÇÕES CONSECUTIVAS/SIST DE MONT E FERR :MANUAL (SEM FERRAMENTA)/ACESSÓRIOS:N/A.CARACT DO MODELO:;7453116003640;Incluido;07/08/2024
671470/2004;Ativo;;29/04/2025;;;MD COMERCIO DE FERRAGENS LTDA;55274701000100;92981285408;AVENIDA JOAQUIM NABUCO;1094;A;69020030;Centro;Manaus;AM;mdcomerciodeferragensltda@gmail.com;PINGHU XIAOTIANDI CHILDREN''S PRODUCTS FACTORY;Andadores Infantis;Portaria Inmetro nº 129 de 19/03/2021;;IN2610925;Modelo 5;;S;China, República Popular;ULTRA BABY;REF: UBW-601 - ANDADOR INFANTIL MUSICAL PARA BEBÊ - NAVY BLUE / RED, GREEN / BLUE, ROYAL BLUE / TEAL, LIGHT PINK / LAVANDER, DARK PURPLE / PINK;MAT:PP,FERRO E POLIÉSTER/DIM:70X62,5X55CM/SIS_TRAV:LIBERAÇÃO EM 2 AÇÕES CONSECUTIVAS/SIS_MONT.E_FERRAGEM:MANUAL(SEM FERRAMENTA)/ACESSÓRIOS: N/A/CARACTERISTICAS_MODELO:ANDADOR COM BRINQUEDO ACOPLADO;7890012361120|7890012361137|7890012361144|7890012361151|7890012361168;Incluido;29/04/2025
374594/1947;Ativo;;12/04/2021;;;TUTTI BABY INDUSTRIA E COMERCIO DE ARTIGOS INFANT;06981862000129;4733794000;Rod. Guilherme Jensen;0;Galpão 01;89108000;Distrito Industrial;Massaranduba;SC;qualidade@tuttibaby.com.br;TUTTI BABY INDUSTRIA E COMERCIO DE ARTIGOS INFANT;Andadores Infantis;Portaria Inmetro nº 129 de 19/03/2021;;CE-AND/IQB 000005 54149/20-001;Modelo 5;;N;Brasil;Tutti Baby;Andador 40.001;ESTRUT.MET. DE AÇO TUB.PLÁST. DE ENG.ALGODÃO.48CM X60,5CMX70CM,COM DUAS AÇÕESCONSEC PARA LIB.REB.E PARAF.BRINQ. E ADES.BASE SUP.BASE INF.FREIO ANTI-QUEDA E CONJ.DE RODAS,PNEU DA RODA TRAS. E TRAVA ANT;7898431501219|7898431501226|7898431501233;Incluido;12/04/2021
474059/1997;Ativo;;17/06/2024;;;MEGA COMPRAS PRESENTES.COM LTDA;02561195000174;4191284769;RUA ELDORADO;511;511;09550720;PROSPERIDADE;SÃO CAETANO DO SUL;SP;contabilidade@grupogmac.com;HEBEI HAOKU CHILDREN TOYS CO., LTD;Andadores Infantis;Portaria Inmetro nº 129 de 19/03/2021;;IN2152424;;;S;China, República Popular;MEGA COMPRAS;ANDADOR PARA BEBÊS-PREMIUM-REF:MC923/MC923AZ/MC923RS/MC923CZ/MATERIAL:PP E POLIÉSTER/DIMENSÕES:65X 48X46 CM/ CONT: ANDADOR COM BRINQUEDO ACOPLADO;SISTEMA DE TRAVAMENTO:DOIS DISPOSITIVOS DE TRAVAMENTO INDEPENDENTES SENDO OPERADOS SIMULTÂNEAMENTE/SISTEMA DE MONTAGEM E FERRAGEM:MANUAL (SEM FERRAMENTA)/ACESSÓRIOS:BRINQUEDO/CARACTERISTICAS DO MODELO;7898692799028|7898692799578|7898692799585;Incluido;17/06/2024
668598/1973;Inativo;;14/08/2019;;;Companhia Dorel Brasil Produtos Infantis;10659948000107;2135633602;Av. Nilo Peçanha;1516 /1582;Térreo;28030035;Pq dos Rodoviários;Campos dos Goytacaze;RJ;mariana.magalhaes@dorel.com.br;JIN SUN GEE PLASTIC CO.,LTD;Andadores Infantis;Portaria Inmetro nº 42 de 19/01/2018;;OCAN-AND.145/19-1;;;S;Formosa (Taiwan);Voyage;BG-1518;Nome Fantasia: Baby Step. Cores: Rosa e Azul. Material: Ferro, Plástico e Polipropileno. 60x49x68cm. Sistema Travamento e Montagem:Manual. Acessórios: Bandeja.;7908238801280|7908238801297;Incluido;14/08/2019
962602/1999;Ativo;;01/08/2023;;;COMPANHIA DOREL BRASIL PRODUTOS INFANTIS;10659948000883;2135547024;Av. DR  Nilo Peçanha;1516;Galpão 3 ;28030035;Pq dos Rodoviários;Campos dos Goytacaze;RJ;standard@dorel.com.br;ZHONG SHAN SUN LUEN CHONG COMMODITY COMPANY LIMITED;Andadores Infantis;Portaria Inmetro nº 129 de 19/03/2021;;CE-AND/IQB 000011 55435/22-001;Modelo 5;;S;China, República Popular;TINY LOVE;4-in-1 Here I Grow Mobile Activity Center. Ref. 1806501211. ABS, Alumínio, Aço, Poliéster, PP. 70x57x44cm.Sist. de mont.:Manual (s/ ferragem).;Sist. de Trav.:2 disp. de travamento independentes, devem ser operados simultaneamente. Aces.: Brinq. acoplado.;7290108862973;Incluido;01/08/2023
768063/2023;Ativo;;16/09/2024;;;AMAZONAS IMPORTADOS LTDA;07269201000138;9691131654;Rua Independência;175;;68900090;Central;Macapa;AP;adriana.abreu@amazonasimportados.com.br;YIWU BALBIAN ELECTRONIC TECHNOLOGICAL CO., LTD;Andadores Infantis;Portaria Inmetro nº 129 de 19/03/2021;;IN2086424-1;;;S;China, República Popular;LÉ PETIT;MODE:BABY WALKER/REF:LP-9517/ CONT: ANDADOR COM BRINQUEDO ACOPLADO/VERSÕES:AZUL,ROSA,VERDE,;MAT:PP E POLIÉSTER/DIM:62X55,5X50CM/SIST DE TRAV:LIBERAÇÃO EM DUAS AÇÕES CONSECUTIVAS/SIST DE MONT E FERRAGEM:MANUAL (SEM FERRAMENTA)/ACESSÓRIOS:N/A.CARACTERISTICAS DO MODELO:;453068745717;Incluido;16/09/2024
448017/2014;Inativo;;14/01/2021;;;GALZERANO INDUSTRIA DE CARRINHOS E BERCOS LTDA;43594977000197;1934043030;Via Prefeito Jurandyr Paixão;700;;13481149;Jd. Campo Belo;Limeira;SP;luisfernando.camargo@galzerano.com.br;HUNGSENG HARDWARE PLASTIC (DG) CORP., LTD;Andadores Infantis;Portaria Inmetro nº 42 de 19/01/2018;;CE-AND/IQB 000006 54018/20-001;;;S;China, República Popular;GALZERANO;Ref.: 4015-Andador 3 em 1 Fênix. Versões: 4015CR (Color);Mat Tec polié Espum Resin plást Itens fixação Dimens 103x103x72(cm) Sist travamento suporte plástico c/ encaixe Sist montagem/ferragem encaixes manuais Acessório: Bandeja de brinquedos não removíveis;7908200101936;Incluido;14/01/2021
904273/1957;Ativo;;19/06/2026;;;LILI FLORES ARTESANAIS LTDA;50509301000113;2199999999;R SANTO SEPULCRO;00279;;21350220;MADUREIRA;RIO DE JANEIRO;RJ;xiaoweiliu663@gmail.com;PINGHU XIAOTIANDI CHILDREN''S PRODUCTS FACTORY ;Andadores Infantis;Portaria Inmetro nº 129 de 19/03/2021;;IN3051726;Modelo 5;;S;China, República Popular;LILI;MOD:ANDADOR LL-2931 / CÓD. DE REFERÊNCIA COMERCIAL: LL-2931 / AZUL,ROSA,VERDE;MAT.:PP, POLIÉSTER E POLIETILENO/DIM:56,5X68X60,5CM/ SIST.TRAV.:LIBERAÇÃO EM DUAS AÇÕES CONSECUTIVAS/SIST. MONT.:LIBERAÇÃO EM DUAS AÇÕES CONSECUTIVAS/SEM ACESSÓRIOS/ANDADOR COM BRINQUEDO INTERATIVO;;Incluido;19/06/2026
256617/1926;Ativo;;09/12/2019;;;TAPUZIM COMERCIAL LTDA;00513418000100;1138569063;Av. Monte Celeste;230;250;02561000;Vila S. Maria;São Paulo;SP;ehs0770@hotmail.com;SHEN ZHEN WEI MEI CHILDCARE PRODUCT LIMITED COMPANY;Andadores Infantis;Portaria Inmetro nº 42 de 19/01/2018;;OCAN-AND.165/19-3;;;S;China, República Popular;baby style;CENTRO DE ATIVIDADES;VERSÕES: Andador play - Ref.5821 Andador meninos - Ref. 515211 Andador meninas - Ref. 51522. Material: Plástico, metal e tecido. Dimensões: 74 x 75 x 18 cm Sistema de Travamento: Stoper Sistema de Mon;4079515211993|4079515222999|4532582122994;Incluido;09/12/2019
034830/1933;Inativo;;30/09/2019;;;Tutti Baby Indústria e Comércio de Artigos Infantis Ltda;06981862000129;4733794000;Rod. Guilherme Jensen;s/n;Galpão 01;89108000;Distrito Industrial;Massaranduba;SC;qualidade@tuttibaby.com.br;;Andadores Infantis;Portaria Inmetro nº 42 de 19/01/2018;;CE-AND/IQB 000005 53137/19-001;;;N; ;Tutti Baby;Andador 02003;Material: Estrut. metálica de aço tub, plást. de engenharia, algodão. Dim: 52cmx60cmx70,5cm, sist.de trav: com duas ações consecutivas para liber, sist. de mont.ferrag: rebites e parafusos, aces: brin;17898431495966|17898431495980|17898431496000|17898431496024|17898431500660|17898431500677|17898431500684|7898431495952|7898431495969|7898431495976|7898431495983|7898431495990|7898431496006|7898431496010|7898431496027|7898431500601|7898431500618|7898431500625|7898431500632|7898431500649|7898431500656;Incluido;30/09/2019
472529/2004;Inativo;;14/08/2019;;;Companhia Dorel Brasil Produtos Infantis;10659948000107;2135633602;Av. Nilo Peçanha;1516 /1582;Térreo;28030035;Pq dos Rodoviários;Campos dos Goytacaze;RJ;mariana.magalhaes@dorel.com.br;JIN SUN GEE PLASTIC CO.,LTD;Andadores Infantis;Portaria Inmetro nº 42 de 19/01/2018;;OCAN-AND.145/19-1;;;S;Formosa (Taiwan);Voyage;BG-1518;Nome Fantasia: Baby Step. Cores: Rosa e Azul. Material: Ferro, Plástico e Polipropileno. 60x49x68cm. Sistema Travamento e Montagem:Manual. Acessórios: Bandeja.;7908238801280|7908238801297;Incluido;14/08/2019
550621/1952;Ativo;;05/08/2021;;;GALZERANO INDUSTRIA DE CARRINHOS E BERCOS LTDA;43594977000197;19999947357;Via Prefeito Jurandyr Paixão;700;;13481149;Jd. Campo Belo;Limeira;SP;luisfernando.camargo@galzerano.com.br;GALZERANO INDUSTRIA DE CARRINHOS E BERCOS LTDA;Andadores Infantis;Portaria Inmetro nº 129 de 19/03/2021;;CE-AND/IQB 000006 54618/21-001;;;N;Brasil;GALZERANO;Ref.: 4050-Andador Torino. Versões: 4050RO (Rosa), 4050TER (Terracota), 4050EST (Estrela), 4050SPR (Spring) - Material: Tecido poliéster, TNT, Espuma, PP, PA6, Master, Tinta, Tubo de aço, Itens de fixação e aviamentos. Dimensões: CxLxA (cm) 71x62,5x51,5. Sistema de travamento: Trilho plástico com botão de destrave e regulagem de altura;Sistema de montagem/ferragem: Manual. Acessórios que venham com o produto: Bandeja de brinquedos não removível, Características do modelo: Tecidos, Peças plásticas, Tinta, Ferragens;7908200102247|7908200102254|7908200102520|7908200102537;Excluido;17/01/2024
363970/1948;Ativo;;16/09/2024;;;AMAZONAS IMPORTADOS LTDA;07269201000138;9691131654;Rua Independência;175;;68900090;Central;Macapa;AP;adriana.abreu@amazonasimportados.com.br;YIWU BALBIAN ELECTRONIC TECHNOLOGICAL CO., LTD;Andadores Infantis;Portaria Inmetro nº 129 de 19/03/2021;;IN2086424-1;;;S;China, República Popular;LÉ PETIT;MODE:BABY WALKER/REF:LP-9517/ CONT: ANDADOR COM BRINQUEDO ACOPLADO/VERSÕES:AZUL,ROSA,VERDE,;MAT:PP E POLIÉSTER/DIM:62X55,5X50CM/SIST DE TRAV:LIBERAÇÃO EM DUAS AÇÕES CONSECUTIVAS/SIST DE MONT E FERRAGEM:MANUAL (SEM FERRAMENTA)/ACESSÓRIOS:N/A.CARACTERISTICAS DO MODELO:;453068745717;Incluido;16/09/2024
844625/1978;Ativo;;29/01/2025;;;HCM INDUSTRIA E IMPORTACAO LTDA;12538691000160;3798753533;RUA SERGIPE ;1963;;35591096;SANTA ALEXANDRINA;LAGOA DA PRATA;MG;compras@hcmmalta.com.br;HCM INDUSTRIA E IMPORTACAO LTDA;Andadores Infantis;Portaria Inmetro nº 129 de 19/03/2021;;IN2431224-1;;;N;Brasil;JUMBO BABY;ANDADOR MUSICAL SUPERLUXO JUMBO BABY/Acessórios:Assento,Empurrador,Painel Musical/Caracteristicas do modelo:Andador com brinquedo na bandeja/Versões:AZUL,ROSA,VERMELHO,LARANJA;Mat:POLIPROPILENO (PP)/ACO CARBONO(FERRAGENS)/TECIDO(POLIÉSTER)/Dim:69,5X58,5X14,5/Sist de Trav:Liberação em duas ações consecutivas/Sist de Mont e Fer:Manual(sem ferramenta);7898947715025|7898947715032|7898947715049|7898947715056;Incluido;29/01/2025
138629/2005;Ativo;;06/05/2025;;;KAVOD BRASIL COMERCIO E IMPORTACAO DE PRODUTOS DE USO DOMESTICO LTDA;12389993000114;1136612389;Avenida Marquês de São Vicente;2219;Conj 1001;05036040;Água Branca;São Paulo;SP;adm@kababy.com.br;Tengzhou Lebeir Baby Carriage Co., Ltd.;Andadores Infantis;Portaria Inmetro nº 129 de 19/03/2021;;IN2610825;;;S;China, República Popular;KaBaby;DESIGNAÇÃO COMERCIAL: ANDADOR DE EMPURRAR STEP-UP KABABY CINZA/CÓDIGO DE REFERÊNCIA COMERCIAL: ANDADOR/QUANTIDADE: -/;MAT:PP/DIM:799x660x715mm/SIS_TRAV:LIBERAÇÃO EM DUAS AÇÕES CONSECUTIVAS/SIS_MONTAGEM/FERRAGEM:MANUAL SEM AUXILIO DE FERRAMENTA/ACESSORIOS:N/A/CARACT_DO_MODELO:ANDADOR COM BRINQUEDO ACOPLADO;7898605218394;Incluido;06/05/2025
423584/1926;Ativo;;14/08/2019;;;BAMBOO COMERCIO, IMPORTAÇÃO E EXPORTAÇÃO EIRELI-EPP;27115224000103;8132419265;Rua. Alegre;154;Galpão A;52120125;Arruda;Recife;PE;bamboo@yescert.com.br;ZHEJIANG KINTEX INTERNATIONAL TRADING CO., LTD;Andadores Infantis;Portaria Inmetro nº 129 de 19/03/2021;;IN1632922;;;S;China, República Popular;BAMBOO;MODELO:MD-18NOME COMERCIAL:ANDAJAR GUGUVERSÕES: Azul (Ref.: MD18.1)Rosa (Ref.: MD18.2)Verde (Ref.: MD18.3)Vermelho (Ref.: MD18.4);Mat: PLAST / MET/FIB TEXTIL,DIM:ABRT:62X56X52CM,FECH:62X56X16,SIST TRAV:LIBER EM 2 ACOES CONSEC,SIST MONT FERRAG: MANUAL(S/FERRAMENTA),ACESS:BANDEJ C/BRINQ E HAST C/PUXADOR;7909312341029;Incluido;22/07/2022
388448/1937;Inativo;;11/01/2023;;;COMPANHIA DOREL BRASIL PRODUTOS INFANTIS;10659948000883;2135547024;Av. Nilo Peçanha;1516 ;Galpão 3 ;28030035;Pq dos Rodoviários;Campos dos Goytacaze;RJ;standard@dorel.com.br;Jin Sun Gee Plastics Co., Ltd;Andadores Infantis;Portaria Inmetro nº 129 de 19/03/2021;;IN1722522;;;S;Formosa (Taiwan);Cosco;BG-1518. Nome comercial: Follow. Versões: Azul e Laranja.;Ferro, plástico, PP,PET, PU e poliéster. 60 x 49 x 68 cm.Trav:Lib.2 ações cons., Encaixe,aces: Brinquedos.;7908238808043|7908238808050;Incluido;11/01/2023
598360/1996;Ativo;;19/06/2026;;;LILI FLORES ARTESANAIS LTDA;50509301000113;2199999999;R SANTO SEPULCRO;00279;;21350220;MADUREIRA;RIO DE JANEIRO;RJ;xiaoweiliu663@gmail.com;PINGHU XIAOTIANDI CHILDREN''S PRODUCTS FACTORY ;Andadores Infantis;Portaria Inmetro nº 129 de 19/03/2021;;IN3051726;Modelo 5;;S;China, República Popular;LILI;MOD:ANDADOR LL-2931 / CÓD. DE REFERÊNCIA COMERCIAL: LL-2931 / AZUL,ROSA,VERDE;MAT.:PP, POLIÉSTER E POLIETILENO/DIM:56,5X68X60,5CM/ SIST.TRAV.:LIBERAÇÃO EM DUAS AÇÕES CONSECUTIVAS/SIST. MONT.:LIBERAÇÃO EM DUAS AÇÕES CONSECUTIVAS/SEM ACESSÓRIOS/ANDADOR COM BRINQUEDO INTERATIVO;;Incluido;19/06/2026
432644/1931;Ativo;;09/12/2019;;;TAPUZIM COMERCIAL LTDA;00513418000100;1138569063;Av. Monte Celeste;230;250;02561000;Vila S. Maria;São Paulo;SP;ehs0770@hotmail.com;SHEN ZHEN WEI MEI CHILDCARE PRODUCT LIMITED COMPANY;Andadores Infantis;Portaria Inmetro nº 129 de 19/03/2021;;IN2062423;Modelo 5;;S;China, República Popular;baby style;ANDADOR ANIMAIS;ANIMAISVERSÕES: Andador cachorro vermelho - Ref. 33721 Andador cachorro azul - Ref. 33722 Andador abelha rosa - Ref. 33723 Andador abelha azul - Ref. 33724 . Material: Plástico, metal e tecido. Dimen;4079337218996|4079337228995|4079337238994|4079337248993;Excluido;21/12/2020
818304/1937;Inativo;;11/11/2022;;;COMPANHIA DOREL BRASIL PRODUTOS INFANTIS;10659948000883;2135547024;Av. Nilo Peçanha;1516 /1582;Galpão 3 ;28030035;Pq dos Rodoviários;Campos dos Goytacaze;RJ;standard@dorel.com.br;Jin Sun Gee Plastics Co., Ltd;Andadores Infantis;Portaria Inmetro nº 129 de 19/03/2021;;IN1701622-1;;;S;Formosa (Taiwan);Cosco;BG-2023. Nome comercial: Goal Walker 4 em 1. Versões: Rosa e Azul.;Ferro, PP, PU e Pol, 74x44x66,5cm.Trav.real.único acion.,Mont: Manual(c/chave phil,n/inclusa). Aces: Brinq.;7898509478375|7898509478665;Incluido;11/11/2022
726648/1957;Ativo;;26/07/2024;;;DARDARA COMERCIO IMPORTACAO E EXPORTACAO LTDA;07774907000157;11964220291;R VALENTIM MAGALHAES;95;***;03184090;ALTO DA MOOCA;SÃO PAULO;SP;sac@dardara.com.br;FOSHAN BAOLIMEI BABY CARRIER CO., ;Andadores Infantis;Portaria Inmetro nº 129 de 19/03/2021;;IN2255924;;;S;China, República Popular;DARDARA;ANDADOR CARRO FD-2407 / VERSÕES: AZUL E ROSA;MAT:PP,METAL E POLIÉSTER/DIM:740X630X510MM/SIST DE TRAVA:LIB EM 2 AÇÕES CONSECUT/SIST DE MONT/FERRAG:MANUAL(C/FERRAMENTAS)/ACESSÓRIOS: BRINQ/CARACT DO MODELO:ANDADOR C/BRINQ INTEGRADO;7898572462738|7898572462755;Incluido;26/07/2024
020652/1984;Inativo;;11/01/2023;;;COMPANHIA DOREL BRASIL PRODUTOS INFANTIS;10659948000883;2135547024;Av. Nilo Peçanha;1516 ;Galpão 3 ;28030035;Pq dos Rodoviários;Campos dos Goytacaze;RJ;standard@dorel.com.br;Jin Sun Gee Plastics Co., Ltd;Andadores Infantis;Portaria Inmetro nº 129 de 19/03/2021;;IN1722522;;;S;Formosa (Taiwan);Cosco;BG-1518. Nome comercial: Follow. Versões: Azul e Laranja.;Ferro, plástico, PP,PET, PU e poliéster. 60 x 49 x 68 cm.Trav:Lib.2 ações cons., Encaixe,aces: Brinquedos.;7908238808043|7908238808050;Incluido;11/01/2023
465323/1951;Ativo;;30/08/2021;;;TA TE TI INDUSTRIA E COMERCIO DE BRINQUEDOS EDUCATIVOS LTDA;30261120000103;4732422225;RUA TIRADENTES;230;;89107000;CENTRO;POMERODE;SC;qualidade3@grupocalesita.com.br;TA TE TI INDUSTRIA E COMERCIO DE BRINQUEDOS EDUCATIVOS LTDA;Andadores Infantis;Portaria Inmetro nº 129 de 19/03/2021;;CE-AND/IQB 000010 55962/23-001;Modelo 5;;N;Brasil;Tateti;Ref.914 - Move Baby;PP, METAL, TECIDO POLIESTER. DIMENSAO: 70,20X59,83X49,12CM. SIST. TRAVAMENTO:FREIO DIANTEIRO E TRASEIRO. SIST DE MONTAGEM: MANUAL/PARAFUSOS PP. ACESSORIOS:BANDEJA DE BRINQUEDOS;7898664632230;Incluido;02/03/2026
558498/2024;Ativo;;29/04/2025;;;MD COMERCIO DE FERRAGENS LTDA;55274701000100;92981285408;AVENIDA JOAQUIM NABUCO;1094;A;69020030;Centro;Manaus;AM;mdcomerciodeferragensltda@gmail.com;PINGHU XIAOTIANDI CHILDREN''S PRODUCTS FACTORY;Andadores Infantis;Portaria Inmetro nº 129 de 19/03/2021;;IN2610925;Modelo 5;;S;China, República Popular;ULTRA BABY;REF: UBW-601 - ANDADOR INFANTIL MUSICAL PARA BEBÊ - NAVY BLUE / RED, GREEN / BLUE, ROYAL BLUE / TEAL, LIGHT PINK / LAVANDER, DARK PURPLE / PINK;MAT:PP,FERRO E POLIÉSTER/DIM:70X62,5X55CM/SIS_TRAV:LIBERAÇÃO EM 2 AÇÕES CONSECUTIVAS/SIS_MONT.E_FERRAGEM:MANUAL(SEM FERRAMENTA)/ACESSÓRIOS: N/A/CARACTERISTICAS_MODELO:ANDADOR COM BRINQUEDO ACOPLADO;7890012361120|7890012361137|7890012361144|7890012361151|7890012361168;Incluido;29/04/2025
340129/1977;Ativo;;22/11/2023;;;JASSUMAL LTDA;04214425000154;62811924131;AV SETE SETEMBRO;852;;69005140;CENTRO;MANAUS;AM;dgjohnny@gmail.com;PINGHU SHI XIAOTIANDI CHILDREN?S PRODUCTS FACTORY;Andadores Infantis;Portaria Inmetro nº 129 de 19/03/2021;;IN1984323;;;S;China, República Popular;BABY SPORTS;ANDADOR JASSUMAL /REF: BS103 /VERSÕES:Azul Claro e Escuro - BS103A/Rosa Claro e Escuro - BS103R/Roxo e Rosa Escuro - BS103RR;MATERIAL:PP, FERRO E POLIÉSTER|DIMENSÕES:63 X 57 X 53 CM|SISTEMA DE TRAVAMENTO:LIBERAÇÃO EM DUAS AÇÕES CONSECUTIVAS|SISTEMA DE MONTAGEM E FERRAGEM:MANUAL (SEM FERRAMENTA)|ACESSÓRIOS:N/A|CARACTERISTICA;6901041000155;Incluido;22/11/2023
210209/2020;Ativo;;31/10/2025;;;MD COMERCIO DE FERRAGENS LTDA;55274701000100;92985975259;Avenida Joaquim Nabuco;1094;A;69020030;Centro;Manaus;AM;mdcomerciodeferragensltda@gmail.com;Xingtai Pandelo Technology Co.,Ltd;Andadores Infantis;Portaria Inmetro nº 129 de 19/03/2021;;IN2824825;Modelo 5;;S;China, República Popular;ULTRA BABY;ANDADOR INFANTIL MUSICAL PARA BEBÊ - UBW -305 - N/A - BABY PINK / BARBIE PINK/RED / WHITE/ROYAL BLUE /ORANGE / WHITE/LIGHT BLUE / WHITE;MAT:PP,FERRO E POLIÉ./DIM.:68X59X52 CM/SIST.DE TRAV.:LIB.EM DUAS AÇÕES CONS./SIST.DE MONT. E FERR.:MAN.(S/FERRAM.)/ACESS.:N/A/CARACTERISTICAS DO MODELO:ANDADOR COM BRINQUEDO ACOPLADO;7890012361007|7890012361113|7890012368082|7890012369096;Incluido;31/10/2025
399072/1936;Inativo;;07/10/2019;;;Galzerano Indústria de Carrinhos e Berços Ltda;43594977000197;1934043030;Via Prefeito Jurandyr Paixão;700;;13481149;Jd. Campo Belo;Limeira;SP;luisfernando.camargo@galzerano.com.br;GUANGDONG ZHIHUI CHILDREN?S PRODUCTS CO.,LTD;Andadores Infantis;Portaria Inmetro nº 42 de 19/01/2018;;CE-AND/IQB 000006 53503/20-001;;;S;China, República Popular;GALZERANO;Andador de bebê Magic - Versão: Cinza (CZ), Preto (PT);Mat Tec poli Espum Resin plást Tint Ferrag 70Cx65Lx54A cm Travam trilho plást com botão de destrav e regul alt Mont/frenag manual Andador com pçs girat e cores diversas Acess Bandej Brinq não removív.;7898089221590|7898089222283;Incluido;07/10/2019
314656/2010;Ativo;;09/12/2019;;;TAPUZIM COMERCIAL LTDA;00513418000100;1138569063;Av. Monte Celeste;230;250;02561000;Vila S. Maria;São Paulo;SP;ehs0770@hotmail.com;SHEN ZHEN WEI MEI CHILDCARE PRODUCT LIMITED COMPANY;Andadores Infantis;Portaria Inmetro nº 129 de 19/03/2021;;IN2062423;Modelo 5;;S;China, República Popular;Baby Style;MODELO: ANIMAIS VERSÕES: Andador cachorro vermelho - Ref. 33721 Andador cachorro azul - Ref. 33722 Andador abelha rosa - Ref. 33723 Andador abelha azul - Ref. 33724 Andador pianinho rosa Ref: 33725 Andador pianinho azul Ref: 33726;Material: Plástico, metal e tecido, Dimensões: 50 x 70 x 60 cm, Sistema de Travamento: Stoper, Sistema deMontagem e Ferragem: Tesoura, Acessórios: Bandeja musical;4079337218996|4079337228995|4079337238994|4079337248993|4079337251993|4079337261992;Excluido;29/01/2024
956067/1965;Ativo;;14/08/2019;;;BAMBOO COMERCIO, IMPORTAÇÃO E EXPORTAÇÃO EIRELI-EPP;27115224000103;8132419265;Rua. Alegre;154;Galpão A;52120125;Arruda;Recife;PE;bamboo@yescert.com.br;ZHEJIANG KINTEX INTERNATIONAL TRADING CO., LTD;Andadores Infantis;Portaria Inmetro nº 129 de 19/03/2021;;IN1632922;;;S;China, República Popular;BAMBOO;NOME FANTASIA: ANDAJAR GUGU MODELO: MD-18 CORES: VERDE;PLÁSTICO, METAL E FIBRA TÊXTIL,520 x 560 x 620 mm,MANUAL,MANUAL,BANDEJA, VOLANTE DO PUXADOR.;7909312341029;Excluido;22/07/2022
976143/1930;Inativo;;14/01/2021;;;GALZERANO INDUSTRIA DE CARRINHOS E BERCOS LTDA;43594977000197;1934043030;Via Prefeito Jurandyr Paixão;700;;13481149;Jd. Campo Belo;Limeira;SP;luisfernando.camargo@galzerano.com.br;HUNGSENG HARDWARE PLASTIC (DG) CORP., LTD;Andadores Infantis;Portaria Inmetro nº 42 de 19/01/2018;;CE-AND/IQB 000006 54018/20-001;;;S;China, República Popular;GALZERANO;Ref.: 4015-Andador 3 em 1 Fênix. Versões: 4015CR (Color);Mat Tec polié Espum Resin plást Itens fixação Dimens 103x103x72(cm) Sist travamento suporte plástico c/ encaixe Sist montagem/ferragem encaixes manuais Acessório: Bandeja de brinquedos não removíveis;7908200101936;Incluido;14/01/2021
608671/1936;Ativo;;29/04/2024;;;TAPUZIM COMERCIAL LTDA;00513418000100;113856906;Av. Monte Celeste;230;250;02561000;Vila S. Maria;São Paulo;SP;sergio@babystylebrasil.com.br;SHEN ZHEN WEI MEI CHILDCARE PRODUCT LIMITED COMPANY;Andadores Infantis;Portaria Inmetro nº 129 de 19/03/2021;;IN2118124-2;;;S;China, República Popular;Baby Style;ANDADOR FOGUETE - FOGUETE CINZA E FOGUETE ROSA;MATERIAL:PP/DIM:62X53X78CM/SISTEMA DE TRAVAME:LIBERA EM 2 AÇÕES CONSECUTIVAS/MANUAL/ACESSÓRIOS:N/A/CARACT DO MODELO:ANDADOR C BRINQUEDO NA BANDEJA;4079337285219|4079337296543;Incluido;29/04/2024
347312/1929;Ativo;;01/12/2021;;;HEMNANI COMERCIO DE VARIEDADES LTDA.;05469291000185;1124143633;Rua Marcílio Dias;304;N/A;69005270;Centro;Manaus;AM;papush@uol.com.br;China Zhejiang Techincal Co. Ltd;Andadores Infantis;Portaria Inmetro nº 42 de 19/01/2018;;OCAN-AND.189/21-1;;;S;China, República Popular;SITA;AKH602;Material: PP, Ferro e Poliester - Dimensões: 655 mm X 560mm X 500 mm - Sistema de Travamento: Travamento automatico com liberação em duas ações consecutivas - Sistema de Montagem e Ferragem: MANUAL;;Incluido;01/12/2021
727643/1935;Inativo;;02/04/2020;;;Galzerano Indústria de Carrinhos e Berços Ltda;43594977000197;1934043030;Via Prefeito Jurandyr Paixão;700;;13481149;Jd. Campo Belo;Limeira;SP;luisfernando.camargo@galzerano.com.br;FOSHAN SHUNDE QIJUN TOYS CO., LTD;Andadores Infantis;Portaria Inmetro nº 42 de 19/01/2018;;CE-AND/IQB 000006 53487/19-001;;;S;China, República Popular;GALZERANO;Ref.: 4090 - Liam. Versões: 4090CZ (Cinza), 4090PT (Preto);Mat: Tec poli Espum Resin plást Tinta Ferragens. Dim: 70x65x54(cm). Sist Trav: Trilho plást c/ botão destrav e reg de altura. Sist mont/ferragem: Manual. Acess: Bandej brinq não removív e retrovisores;7908200101431|7908200101448;Incluido;02/04/2020
686217/1969;Inativo;;07/10/2019;;;Galzerano Indústria de Carrinhos e Berços Ltda;43594977000197;1934043030;Via Prefeito Jurandyr Paixão;700;;13481149;Jd. Campo Belo;Limeira;SP;luisfernando.camargo@galzerano.com.br;GUANGDONG ZHIHUI CHILDREN?S PRODUCTS CO.,LTD;Andadores Infantis;Portaria Inmetro nº 42 de 19/01/2018;;CE-AND/IQB 000006 53503/20-001;;;S;China, República Popular;GALZERANO;Andador de bebê Magic - Versão: Cinza (CZ), Preto (PT);Mat Tec poli Espum Resin plást Tint Ferrag 70Cx65Lx54A cm Travam trilho plást com botão de destrav e regul alt Mont/frenag manual Andador com pçs girat e cores diversas Acess Bandej Brinq não removív.;7898089221590|7898089222283;Incluido;07/10/2019
472529/2004;Ativo;;15/12/2023;;;MADHULA COMERCIO DE ARTIGOS ELETROELETRONICOS LTDA;03838532000190;62811924131;Rua Marcilio Dias;166;;69005270;Centro;Manaus;AM;dgjohnny@gmail.com;PINGHU SHI XIAOTIANDI CHILDREN''S PRODUCTS FACTORY;Andadores Infantis;Portaria Inmetro nº 129 de 19/03/2021;;IN1983523;;;S;China, República Popular;BENMEK;ANDADOR MADHULA/REF.: MA100/VERSÕES:Verde e Azul - MA100VA,Rosa e Roxo - MA100RR,Branco e Azul Escuro - MA100BAE,Amarelo e Vermelho - MA100AV;MAT:PP, FERRO E POLIÉSTER/DIMEN.:63 X 57 X 53 CM/SIST. TRAVAMENTO:Liberação em duas ações consecutivas/SIST. MONTAGEM E FERRAGEM:MANUAL(SEM FERRAMENTA)/ACESS.:n/a/CARACTERÍSTICAS: ANDADOR COM BRINQUED;6901031000158;Incluido;15/12/2023
902675/1962;Inativo;;14/01/2021;;;GALZERANO INDUSTRIA DE CARRINHOS E BERCOS LTDA;43594977000197;1934043030;Via Prefeito Jurandyr Paixão;700;;13481149;Jd. Campo Belo;Limeira;SP;luisfernando.camargo@galzerano.com.br;WEIMEI MEI CHILDCARE PRODUCT (HUIZHOU) LTD., CO;Andadores Infantis;Portaria Inmetro nº 42 de 19/01/2018;;CE-AND/IQB 000006 54025/20-001;;;S;China, República Popular;GALZERANO;Ref.: 4030-Andador 4 em 1 Funny. Versões: 4030CR (Color), 4030VDA (Verde Água);Mat Tec polié Espuma Resina plást Itens fixação Dimens 75x71x55(cm) Sist travament dobradiça plást c/ botão acionament Sist montagem/ferragem encaixe manual Acessórios manuais brinquedos removíveis;7898089221477|7898089221996;Incluido;14/01/2021
196679/1989;Ativo;;06/03/2023;;;BURIGOTTO S A INDUSTRIA E COMERCIO;51460277000138;1934464813;Rua Martino Dragone;280;;13480308;Jardim Santa Barbara;Liemira;SP;alison.smanioto@burigotto.com;JIN SUN GEE PLASTICS CO., LTD;Andadores Infantis;Portaria Inmetro nº 129 de 19/03/2021;;CE-AND/IQB 000004 55573/23-001;Modelo 5;;S;Formosa (Taiwan);BURIGOTTO;ANDADOR OLÉ CL - REF. IXAN5143CL;PP, AÇO, TECIDO / 590 X 690 X 550 MM / TRILHO PLÁSTICO COM BOTÃO DE TRAVA/DESTRAVA E REGULAGEM DE ALTURA / REBITES, PARAFUSOS E ENCAIXE DE PEÇAS PLÁSTICAS / BANDEJA COM 2 BRINQUEDOS DE PP E NYLON;7896502944248;Incluido;29/04/2026
490683/2015;Ativo;;07/03/2024;;;COMPANHIA DOREL BRASIL PRODUTOS INFANTIS;10659948000107;2135547024;Av. Nilo Peçanha;1516;1582;28030035;Pq dos Rodoviários;Campos dos Goytacaze;RJ;standard@dorel.com.br;COMPANHIA DOREL BRASIL PRODUTOS INFANTIS;Andadores Infantis;Portaria Inmetro nº 129 de 19/03/2021;;IN2040823;Modelo 5;;N;Brasil;INFANTI/ COSCO;APPIA/ ZIGGY - HE022 - N/A - AZUL / ROSA / AZUL / ROSA;MAT:PP,PES,PTA,EG,POLIPROPILENO E POLIETILENO/DIM:56,5 X 68 X 60,5 CM/SIST D TRAVAMENTO:LIB EM DUAS AÇÕES CONSEC/SIST DE MNTGM E FERRG:MAN (SEM FER)/ACESS:BAND D BRINQ./CARACT D MODELO:ANDADOR C BRINQ;7908238809774|7908238809781|7908238815812|7908238815829;Incluido;10/04/2026
784698/1941;Ativo;;02/09/2026;;;BAGATOLI COMERCIO DE REFRIGERACAO LTDA;00897750000108;47984556257;BR-470;8105;;89058020;FORTALEZA ALTA;BLUMENAU;SC;digitalpriceconsultoria@gmail.com;PINGHU XIAOTIANDI CHILDREN?S PRODUCTS FACTORY;Andadores Infantis;Portaria Inmetro nº 129 de 19/03/2021;;IN3155526;Modelo 5;;S;China, República Popular;BAGATOLI KIDS;MOD: ANDADOR INFANTIL PULSE/ N.COM: PULSE/ V.: ROSA, AZUL, CINZA;MAT.:PP,POLIÉSTER,AÇO/DIM.:51X61X69CM/SIST.TRAV.:LIB.2 AÇÕES CONSEC./SIST.MONT.FERR.:REBITES,PARAF.E ENCAIXE PEÇAS PLÁST./ACESS.:BRINQ.NA BANDEJA/CARACT.MOD.:ANDADOR C/BRINQ.;7901030400859|7901030400866|7901030400873;Incluido;02/09/2026
078702/1968;Ativo;;09/12/2019;;;TAPUZIM COMERCIAL LTDA;00513418000100;1138569063;Av. Monte Celeste;230;250;02561000;Vila S. Maria;São Paulo;SP;ehs0770@hotmail.com;SHEN ZHEN WEI MEI CHILDCARE PRODUCT LIMITED COMPANY;Andadores Infantis;Portaria Inmetro nº 129 de 19/03/2021;;IN2062423;Modelo 5;;S;China, República Popular;Baby Style;MODELO: ANIMAIS VERSÕES: Andador cachorro vermelho - Ref. 33721 Andador cachorro azul - Ref. 33722 Andador abelha rosa - Ref. 33723 Andador abelha azul - Ref. 33724 Andador pianinho rosa Ref: 33725 Andador pianinho azul Ref: 33726;Material: Plástico, metal e tecido, Dimensões: 50 x 70 x 60 cm, Sistema de Travamento: Stoper, Sistema deMontagem e Ferragem: Tesoura, Acessórios: Bandeja musical;4079337218996|4079337228995|4079337238994|4079337248993|4079337251993|4079337261992;Excluido;29/01/2024
315338/1929;Ativo;;30/08/2021;;;TA TE TI INDUSTRIA E COMERCIO DE BRINQUEDOS EDUCATIVOS LTDA;30261120000103;4732422225;RUA TIRADENTES;230;;89107000;CENTRO;POMERODE;SC;qualidade3@grupocalesita.com.br;TA TE TI INDUSTRIA E COMERCIO DE BRINQUEDOS EDUCATIVOS LTDA;Andadores Infantis;Portaria Inmetro nº 129 de 19/03/2021;;CE-AND/IQB 000010 55962/23-001;Modelo 5;;N;Brasil;Tateti;Ref.915 - Move Baby Rosa;PP, METAL, TECIDO POLIESTER. DIMENSAO: 70,20X59,83X49,12CM. SIST. TRAVAMENTO:FREIO DIANTEIRO E TRASEIRO. SIST DE MONTAGEM: MANUAL/PARAFUSOS PP. ACESSORIOS:BANDEJA DE BRINQUEDOS;7898664632247;Incluido;02/03/2026
359244/1965;Ativo;;29/04/2025;;;MD COMERCIO DE FERRAGENS LTDA;55274701000100;92981285408;AVENIDA JOAQUIM NABUCO;1094;A;69020030;Centro;Manaus;AM;mdcomerciodeferragensltda@gmail.com;PINGHU XIAOTIANDI CHILDREN''S PRODUCTS FACTORY;Andadores Infantis;Portaria Inmetro nº 129 de 19/03/2021;;IN2610925;Modelo 5;;S;China, República Popular;ULTRA BABY;REF: UBW-601 - ANDADOR INFANTIL MUSICAL PARA BEBÊ - NAVY BLUE / RED, GREEN / BLUE, ROYAL BLUE / TEAL, LIGHT PINK / LAVANDER, DARK PURPLE / PINK;MAT:PP,FERRO E POLIÉSTER/DIM:70X62,5X55CM/SIS_TRAV:LIBERAÇÃO EM 2 AÇÕES CONSECUTIVAS/SIS_MONT.E_FERRAGEM:MANUAL(SEM FERRAMENTA)/ACESSÓRIOS: N/A/CARACTERISTICAS_MODELO:ANDADOR COM BRINQUEDO ACOPLADO;7890012361120|7890012361137|7890012361144|7890012361151|7890012361168;Incluido;29/04/2025
975785/1970;Cancelado;;28/02/2020;;14/07/2025;COMÉRCIO E IMPORTAÇÃO DENISE LTDA;29963642000178;2125843843;RUA DO MILHO;72;A;21011090;PENHA CIRCULAR;RIO DE JANEIRO;RJ;comerciomybaby@hotmail.com;PING HU BEST CHILDREN'S CARRIER CO.LTD;Andadores Infantis;Portaria Inmetro nº 42 de 19/01/2018;;OCAN-AND.329/20-1;;;S;China, República Popular;MY BABY;A-1;VERSÕES: ROSA, AZUL, AZUL COM VERDE, AZUL COM VERMELHO, ROSA COM LILÁS, ROSA COM ROSA ESCURO;;Incluido;28/02/2020
517686/1975;Ativo;;30/06/2026;;;MARKETGOOL TRADING IMPORTACAO E EXPORTACAO LTDA;18787076000174;11947652325;ROD RODOLFO JAHN;326;ANEXO 92;89237680; VILA NOVA;JOINVILLE;SC;alexandre.morroni@hotmail.com;PINGHU XIAOTIANDI CHILDREN''S PRODUCTS FACTORY;Andadores Infantis;Portaria Inmetro nº 129 de 19/03/2021;;IN3048926;Modelo 5;;S;China, República Popular;MARKETGOOL;Designação Comercial: Andador Marketgool / Código de referência comercial / MKG-010 / ROSA;Mat: PP, FERRO E POLIÉSTER / Dim: 65X55X45 CM/ SIST DE TRAV: Liberação em duas ações consecutivas/ Acess: Brinquedo do andador/ Caract do mod: Andador com Brinquedo;0070341132777;Incluido;30/06/2026
745473/1987;Ativo;;05/08/2021;;;GALZERANO INDUSTRIA DE CARRINHOS E BERCOS LTDA;43594977000197;19999947357;Via Prefeito Jurandyr Paixão;700;;13481149;Jd. Campo Belo;Limeira;SP;luisfernando.camargo@galzerano.com.br;GALZERANO INDUSTRIA DE CARRINHOS E BERCOS LTDA;Andadores Infantis;Portaria Inmetro nº 129 de 19/03/2021;;CE-AND/IQB 000006 54618/21-001;;;N;Brasil;GALZERANO;Ref.: 4050-Andador Torino. Versões: 4050PTR (Preto Rosa), 4050PTT (Preto Terracota);Mat Tec poliest Espum PP PA6 Master Tint Tub aço Itens fix/aviam CxLxA(cm) 71x62,5x51,5 Trav Trilh plást c/ botão destrav e reg alt Acess Band brinq não remove retrov Caract Tec Pçs plást Tint Ferrage;7908200102193|7908200102209;Excluido;01/09/2021
372706/1994;Ativo;;29/04/2025;;;MD COMERCIO DE FERRAGENS LTDA;55274701000100;92981285408;AVENIDA JOAQUIM NABUCO;1094;A;69020030;Centro;Manaus;AM;mdcomerciodeferragensltda@gmail.com;PINGHU XIAOTIANDI CHILDREN''S PRODUCTS FACTORY;Andadores Infantis;Portaria Inmetro nº 129 de 19/03/2021;;IN2610925;Modelo 5;;S;China, República Popular;ULTRA BABY;REF: UBW-601 - ANDADOR INFANTIL MUSICAL PARA BEBÊ - NAVY BLUE / RED, GREEN / BLUE, ROYAL BLUE / TEAL, LIGHT PINK / LAVANDER, DARK PURPLE / PINK;MAT:PP,FERRO E POLIÉSTER/DIM:70X62,5X55CM/SIS_TRAV:LIBERAÇÃO EM 2 AÇÕES CONSECUTIVAS/SIS_MONT.E_FERRAGEM:MANUAL(SEM FERRAMENTA)/ACESSÓRIOS: N/A/CARACTERISTICAS_MODELO:ANDADOR COM BRINQUEDO ACOPLADO;7890012361120|7890012361137|7890012361144|7890012361151|7890012361168;Incluido;29/04/2025
666710/2020;Ativo;;29/01/2025;;;HCM INDUSTRIA E IMPORTACAO LTDA;12538691000160;3798753533;RUA SERGIPE ;1963;;35591096;SANTA ALEXANDRINA;LAGOA DA PRATA;MG;compras@hcmmalta.com.br;HCM INDUSTRIA E IMPORTACAO LTDA;Andadores Infantis;Portaria Inmetro nº 129 de 19/03/2021;;IN2431224-1;;;N;Brasil;JUMBO BABY;ANDADOR MUSICAL SUPERLUXO JUMBO BABY/Acessórios:Assento,Empurrador,Painel Musical/Caracteristicas do modelo:Andador com brinquedo na bandeja/Versões:AZUL,ROSA,VERMELHO,LARANJA;Mat:POLIPROPILENO (PP)/ACO CARBONO(FERRAGENS)/TECIDO(POLIÉSTER)/Dim:69,5X58,5X14,5/Sist de Trav:Liberação em duas ações consecutivas/Sist de Mont e Fer:Manual(sem ferramenta);7898947715025|7898947715032|7898947715049|7898947715056;Incluido;29/01/2025
539360/1935;Cancelado;;28/02/2020;;14/07/2025;COMÉRCIO E IMPORTAÇÃO DENISE LTDA;29963642000178;2125843843;RUA DO MILHO;72;A;21011090;PENHA CIRCULAR;RIO DE JANEIRO;RJ;comerciomybaby@hotmail.com;PING HU BEST CHILDREN'S CARRIER CO.LTD;Andadores Infantis;Portaria Inmetro nº 42 de 19/01/2018;;OCAN-AND.329/20-1;;;S;China, República Popular;MY BABY;A-1;VERSÕES: ROSA, AZUL, AZUL COM VERDE, AZUL COM VERMELHO, ROSA COM LILÁS, ROSA COM ROSA ESCURO;;Incluido;28/02/2020
278314/1987;Inativo;;12/12/2022;;;COMPANHIA DOREL BRASIL PRODUTOS INFANTIS;10659948000883;2135547024;Av. Nilo Peçanha;1516 ;Galpão 3 ;28030035;Pq dos Rodoviários;Campos dos Goytacaze;RJ;standard@dorel.com.br;Dongguan Xinyeda Hardware Plastic Products Co., Ltd;Andadores Infantis;Portaria Inmetro nº 129 de 19/03/2021;;IN1715922;;;S;China, República Popular;Safety 1st;11389.  Melody Garden;ABS,PP.PVC.Pol.Esp, 64x55x66cm,Trav.Lib.2açoes cons, Mon.Manual. Aces: Brinquedos.;9312541727119;Incluido;12/12/2022
960725/1946;Ativo;;05/08/2021;;;GALZERANO INDUSTRIA DE CARRINHOS E BERCOS LTDA;43594977000197;19999947357;Via Prefeito Jurandyr Paixão;700;;13481149;Jd. Campo Belo;Limeira;SP;luisfernando.camargo@galzerano.com.br;GALZERANO INDUSTRIA DE CARRINHOS E BERCOS LTDA;Andadores Infantis;Portaria Inmetro nº 129 de 19/03/2021;;CE-AND/IQB 000006 54618/21-001;;;N;Brasil;GALZERANO;Ref.: 4050-Andador Torino. Versões: 4050PTR (Preto Rosa), 4050PTT (Preto Terracota);Mat Tec poliest Espum PP PA6 Master Tint Tub aço Itens fix/aviam CxLxA(cm) 71x62,5x51,5 Trav Trilh plást c/ botão destrav e reg alt Acess Band brinq não remove retrov Caract Tec Pçs plást Tint Ferrage;7908200102193|7908200102209;Excluido;01/09/2021
254729/1973;Ativo;;30/09/2019;;;BURIGOTTO SA INDUSTRIA E COMERCIO;51460277000138;1934042000;Rua Martino Dragone;280;;13480308;Jardim Santa Barbara;Limeira;SP;carlos.riva@burigotto.com;JIN SUN GEE PLASTICS. CO., LTD.;Andadores Infantis;Portaria Inmetro nº 42 de 19/01/2018;;CE-AND/IQB 000004 53005/19-001;;;S;Formosa (Taiwan);Burigotto;Andador Baby Coupe (ref. com. IXAN3034PK10-Rosa, IXAN3034AZ19-Azul, IXAN3034CL-CL);Andador Infantil, Mat.: Polipropileno, Nylon, Aço, Tecido e Espuma, Dim: 760X650X640mm, Sist. Trav. Automático, Sistema Montagem/Ferragem Rebites, parafusos e Encaixe de peças plásticas, Acessorio: Ba;7896502916146|7896502916160|7896502935550;Incluido;30/09/2019
925299/1999;Ativo;;12/04/2021;;;TUTTI BABY INDUSTRIA E COMERCIO DE ARTIGOS INFANT;06981862000129;4733794000;Rod. Guilherme Jensen;0;Galpão 01;89108000;Distrito Industrial;Massaranduba;SC;qualidade@tuttibaby.com.br;TUTTI BABY INDUSTRIA E COMERCIO DE ARTIGOS INFANT;Andadores Infantis;Portaria Inmetro nº 129 de 19/03/2021;;CE-AND/IQB 000005 54149/20-001;Modelo 5;;N;Brasil;Tutti Baby;Andador 40.001;ESTRUT.MET. DE AÇO TUB.PLÁST. DE ENG.ALGODÃO.48CM X60,5CMX70CM,COM DUAS AÇÕESCONSEC PARA LIB.REB.E PARAF.BRINQ. E ADES.BASE SUP.BASE INF.FREIO ANTI-QUEDA E CONJ.DE RODAS,PNEU DA RODA TRAS. E TRAVA ANT;7898431501219|7898431501226|7898431501233;Incluido;12/04/2021
926226/1975;Ativo;;01/12/2021;;;FAST TRADING IMPORTACAO, EXPORTACAO E COMERCIO DE BEBIDAS EIRELI;34076058000130;8130191960;AV. GOVERNADOR AGAMENON MAGALHÃES,  EDF. EMPRESSARIAL RENATO DIAS - ANDAR 15º, SALA 1502 ;4318;SALA 1502;52010075;PAISSANDU; RECIFE;PE;ricardo.ferreira@fasttradingimport.com.br;China Zhejiang Techincal Co. Ltd;Andadores Infantis;Portaria Inmetro nº 42 de 19/01/2018;;OCAN-AND.514/21-1;;;S;China, República Popular;Fast;602;Material:	PP, Ferro e Poliester/ Dimensões:	63 x 57 x 53 cm/ Sistema de Travamento: Travamento automático com liberação em duas ações consecutivas/ Sistema de Montagem e Ferragem: Manual	/Acessórios: ;;Incluido;01/12/2021
677089/1962;Ativo;;02/09/2026;;;BAGATOLI COMERCIO DE REFRIGERACAO LTDA;00897750000108;47984556257;BR-470;8105;;89058020;FORTALEZA ALTA;BLUMENAU;SC;digitalpriceconsultoria@gmail.com;PINGHU XIAOTIANDI CHILDREN?S PRODUCTS FACTORY;Andadores Infantis;Portaria Inmetro nº 129 de 19/03/2021;;IN3155526;Modelo 5;;S;China, República Popular;BAGATOLI KIDS;MOD: ANDADOR INFANTIL PULSE/ N.COM: PULSE/ V.: ROSA, AZUL, CINZA;MAT.:PP,POLIÉSTER,AÇO/DIM.:51X61X69CM/SIST.TRAV.:LIB.2 AÇÕES CONSEC./SIST.MONT.FERR.:REBITES,PARAF.E ENCAIXE PEÇAS PLÁST./ACESS.:BRINQ.NA BANDEJA/CARACT.MOD.:ANDADOR C/BRINQ.;7901030400859|7901030400866|7901030400873;Incluido;02/09/2026
600248/1949;Inativo;;09/02/2022;;;COMPANHIA DOREL BRASIL PRODUTOS INFANTIS;10659948000107;02135547024;Av. Nilo Peçanha;1516 /1582;Térreo;28030035;Pq dos Rodoviários;Campos dos Goytacaze;RJ;mariana.magalhaes@dorel.com.br;Dong Guan Hua Song Plastic Products Co.Ltd;Andadores Infantis;Portaria Inmetro nº 42 de 19/01/2018;;IN1512522;;;S;China, República Popular;Safety 1st;11389.  Melody Garden;Pol.,PP,Aço. 65x55x66cm. Aut.c/lib.em 2 ações consec.,Manual. Acessórios: Brinquedo(centro de atividades);9312541727119;Incluido;09/02/2022
166906/2001;Ativo;;07/03/2024;;;COMPANHIA DOREL BRASIL PRODUTOS INFANTIS;10659948000107;2135547024;Av. Nilo Peçanha;1516;1582;28030035;Pq dos Rodoviários;Campos dos Goytacaze;RJ;standard@dorel.com.br;COMPANHIA DOREL BRASIL PRODUTOS INFANTIS;Andadores Infantis;Portaria Inmetro nº 129 de 19/03/2021;;IN2040823;Modelo 5;;N;Brasil;INFANTI/ COSCO;APPIA/ ZIGGY - HE022 - N/A - AZUL / ROSA / AZUL / ROSA;MAT:PP,PES,PTA,EG,POLIPROPILENO E POLIETILENO/DIM:56,5 X 68 X 60,5 CM/SIST D TRAVAMENTO:LIB EM DUAS AÇÕES CONSEC/SIST DE MNTGM E FERRG:MAN (SEM FER)/ACESS:BAND D BRINQ./CARACT D MODELO:ANDADOR C BRINQ;7908238809774|7908238809781|7908238815812|7908238815829;Incluido;10/04/2026
296826/1958;Ativo;;07/02/2022;;;TUTTI BABY INDUSTRIA E COMERCIO DE ARTIGOS INFANTIS LTDA;06981862000129;4733794000;Rod. Guilherme Jensen, SC413, km13;0;;89108000;Distrito Industrial;Massaranduba;SC;certificacao@tuttibaby.com.br;TUTTI BABY INDUSTRIA E COMERCIO DE ARTIGOS INFANTIS LTDA;Andadores Infantis;Portaria Inmetro nº 129 de 19/03/2021;;IN2869325;Modelo 5;;N;Brasil;Tutti Baby;Andador Safari II Azul/Rosa/Vermelho/Andador Princesa Rosa Coroa/Andador Acqua Explorador Cinza/Roxo;ESTRUT. MET.AÇO.TUBULAR/48x60,5x70CM/SIST.DE TRAV. COM.DUAS.AÇÕES.CONSECUT.PARA.LIBER./PARAFUSOS.E. REBITES/BRINQUEDOS.E.ADESIVOS;7898431501615|7898431501622|7898431501639|7898431501684|7898431501691|7898431501707;Excluido;12/01/2024
151846/1977;Ativo;;01/08/2023;;;COMPANHIA DOREL BRASIL PRODUTOS INFANTIS;10659948000883;2135547024;Av. DR  Nilo Peçanha;1516;Galpão 3 ;28030035;Pq dos Rodoviários;Campos dos Goytacaze;RJ;standard@dorel.com.br;ZHONG SHAN SUN LUEN CHONG COMMODITY COMPANY LIMITED;Andadores Infantis;Portaria Inmetro nº 129 de 19/03/2021;;CE-AND/IQB 000011 55435/22-001;Modelo 5;;S;China, República Popular;TINY LOVE;4-in-1 Here I Grow Mobile Activity Center. Ref. 1806501211. ABS, Alumínio, Aço, Poliéster, PP. 70x57x44cm.Sist. de mont.:Manual (s/ ferragem).;Sist. de Trav.:2 disp. de travamento independentes, devem ser operados simultaneamente. Aces.: Brinq. acoplado.;7290108862973;Incluido;01/08/2023
548733/1999;Ativo;;07/08/2024;;;AMAZONAS IMPORTADOS LTDA;07269201000138;9691131654;Rua Independência;175;;68900090;Central;Macapa;AP;adriana.abreu@amazonasimportados.com.br;YIWU BALBIAN ELECTRONIC TECHNOLOGICAL CO., LTD;Andadores Infantis;Portaria Inmetro nº 129 de 19/03/2021;;IN2086424-2;;;S;China, República Popular;LÉ PETIT;MODE:BABY WALKER/REF:LP-9618/ CONT: ANDADOR COM BRINQUEDO ACOPLADO/VERSÕES:AZUL,VERDE,ROSA,VERMELHO.;MAT:PP E POLIÉSTER/DIM:65X54X49CM/SIST DE TRAV:LIBERAÇÃO EM DUAS AÇÕES CONSECUTIVAS/SIST DE MONT E FERR:MANUAL (SEM FERRAMENTA)ACE:N/A.CARACTERISTICAS DO MODELO:;7453068240131;Incluido;07/08/2024
429550/1944;Inativo;;23/05/2025;;;MD COMERCIO DE FERRAGENS LTDA;55274701000100;92981285408;AVENIDA JOAQUIM NABUCO;1094;A;69020030;Centro;Manaus;AM;mdcomerciodeferragensltda@gmail.com;Xingtai Pandelo Technology Co.,Ltd;Andadores Infantis;Portaria Inmetro nº 129 de 19/03/2021;;IN2611025;Modelo 5;;S;China, República Popular;ULTRA BABY;REF: UBW-801H - ANDADOR INFANTIL MUSICAL PARA BEBÊ - BABY PINK / BARBIE PINK, RED / WHITE, ROYAL BLUE / ORANGE / WHITE, GREEN / WHITE;MAT:PP,FERRO E POLIÉSTER/DIM:68X59X52CM/SIS_TRAV:LIBERAÇÃO EM 2 AÇÕES CONSECUTIVAS/SIS_MONTAGEM_E_FERRAGEM:MANUAL(SEM FERRAMENTA)/ACESSÓRIOS: N/A/CARACTERISTICAS_MODELO:ANDADOR COM BRINQUEDO ACOPLADO;7890012361007|7890012361113|7890012368082|7890012369096;Incluido;23/05/2025
842737/2025;Ativo;;30/08/2021;;;TA TE TI INDUSTRIA E COMERCIO DE BRINQUEDOS EDUCATIVOS LTDA;30261120000103;4732422225;RUA TIRADENTES;230;;89107000;CENTRO;POMERODE;SC;qualidade3@grupocalesita.com.br;TA TE TI INDUSTRIA E COMERCIO DE BRINQUEDOS EDUCATIVOS LTDA;Andadores Infantis;Portaria Inmetro nº 129 de 19/03/2021;;CE-AND/IQB 000010 55962/23-001;Modelo 5;;N;Brasil;Tateti;Ref.914 - Move Baby;PP, METAL, TECIDO POLIESTER. DIMENSAO: 70,20X59,83X49,12CM. SIST. TRAVAMENTO:FREIO DIANTEIRO E TRASEIRO. SIST DE MONTAGEM: MANUAL/PARAFUSOS PP. ACESSORIOS:BANDEJA DE BRINQUEDOS;7898664632230;Incluido;02/03/2026
136752/1952;Inativo;;09/02/2022;;;COMPANHIA DOREL BRASIL PRODUTOS INFANTIS;10659948000107;02135547024;Av. Nilo Peçanha;1516 /1582;Térreo;28030035;Pq dos Rodoviários;Campos dos Goytacaze;RJ;mariana.magalhaes@dorel.com.br;Dong Guan Hua Song Plastic Products Co.Ltd;Andadores Infantis;Portaria Inmetro nº 42 de 19/01/2018;;IN1512522;;;S;China, República Popular;Safety 1st;11389.  Melody Garden;Pol.,PP,Aço. 65x55x66cm. Aut.c/lib.em 2 ações consec.,Manual. Acessórios: Brinquedo(centro de atividades);9312541727119;Incluido;09/02/2022
430756/1978;Ativo;;09/09/2026;;;TUTTI BABY INDUSTRIA E COMERCIO DE ARTIGOS INFANTIS LTDA;06981862000129;4733794000;Rua Vicente Zanotti;177;Galpão 01;89381270;Industrial Zaferino ;Massaranduba;SC;heloiza.souza@tuttibaby.com.br;TUTTI BABY INDUSTRIA E COMERCIO DE ARTIGOS INFANTIS LTDA;Andadores Infantis;Portaria Inmetro nº 129 de 19/03/2021;;CE-AND/IQB 000013 57036/26-001;Modelo 5;;N;Brasil;TUTTI BABY;ANDADOR SAFARI - REF. 40002003,40002004,40002007,40003004,40004002,40004003;ESTRU.MET.:ACO TUBULAR,BRINQ:PLAST. DE ENG.,REVEST. TEXTIL:ALGODAO/51X61X70 CM/DOIS DISP. DE TRAV. INDEPENDENTES SENDO OPERADOS SIMULT./PARAFUSOS E MONT. DE PÇS PLAST./BRINQ. CERTIF.E ADESIVO-57036/26;7898431501615|7898431501622|7898431501639|7898431501684|7898431501691|7898431501707;Incluido;09/09/2026
724760/2004;Inativo;;14/01/2021;;;GALZERANO INDUSTRIA DE CARRINHOS E BERCOS LTDA;43594977000197;1934043030;Via Prefeito Jurandyr Paixão;700;;13481149;Jd. Campo Belo;Limeira;SP;luisfernando.camargo@galzerano.com.br;HUNGSENG HARDWARE PLASTIC (DG) CORP., LTD;Andadores Infantis;Portaria Inmetro nº 42 de 19/01/2018;;CE-AND/IQB 000006 54018/20-001;;;S;China, República Popular;GALZERANO;Ref.: 4015-Andador 3 em 1 Fênix. Versões: 4015CR (Color);Mat Tec polié Espum Resin plást Itens fixação Dimens 103x103x72(cm) Sist travamento suporte plástico c/ encaixe Sist montagem/ferragem encaixes manuais Acessório: Bandeja de brinquedos não removíveis;7908200101936;Incluido;14/01/2021
018775/1931;Ativo;;03/04/2023;;;PLANETA - IMPORTACAO E DISTRIBUICAO DE BRINQUEDOS LTDA;13434272000141;1138951572;AV VASCO MASSAFELI;1000;G1A M1-21;06703600;JARDIM MARIA TEREZA;COTIA;SP;admin@planetadobebe.com.br;HEBEI WANXIN CHILDREN TOYS CO.,LTD.;Andadores Infantis;Portaria Inmetro nº 129 de 19/03/2021;;IN1765923;Modelo 5;;S;China, República Popular;MAXI BABY;NW-01 - ANDADOR LA BAMBA;MAT:PP PARTES EM ABS, AÇO DE ALTO CARB RODA ELAST.TERMO., PVC/DIM:580X680X550/SIS TRA:LIBERA.EM 2 AÇÕES CONSEC. SIS DE MON E FER:MAN.(S/ FER)/ACE:BANDEJA COM BRINQ/CAR MOD:AND COM BRINQ(BAND.A MUS.);7899403215370|7899403215387;Excluido;22/12/2025
408803/1960;Ativo;;07/02/2022;;;TUTTI BABY INDUSTRIA E COMERCIO DE ARTIGOS INFANTIS LTDA;06981862000129;4733794000;Rod. Guilherme Jensen, SC413, km13;0;;89108000;Distrito Industrial;Massaranduba;SC;certificacao@tuttibaby.com.br;TUTTI BABY INDUSTRIA E COMERCIO DE ARTIGOS INFANTIS LTDA;Andadores Infantis;Portaria Inmetro nº 129 de 19/03/2021;;IN2869325;Modelo 5;;N;Brasil;TUTTI BABY;ANDADOR SAFARI II-ANDADOR 40.002-40002003/40002004/40002007/40003004/40004002/40004003;MAT:PP/ALGODAO/DIM:51X61X70CM/SIS_TRAV:DOIS DISPOS DE TRAV IND. OPER. SIMULTÂNEAMENTE/SIS_MONT/FERRG:REBITES,PARAF,ENCAIXE DE PÇS PLAST/ACESS:BAND. C/ BRINQ/CARAC. DO MOD.:ANDADOR C/ BRINQ NA BAND;7898431501615|7898431501622|7898431501639|7898431501684|7898431501691|7898431501707;Incluido;27/02/2026
312779/1957;Ativo;;22/11/2023;;;JASSUMAL LTDA;04214425000154;62811924131;AV SETE SETEMBRO;852;;69005140;CENTRO;MANAUS;AM;dgjohnny@gmail.com;PINGHU SHI XIAOTIANDI CHILDREN?S PRODUCTS FACTORY;Andadores Infantis;Portaria Inmetro nº 129 de 19/03/2021;;IN1984323;;;S;China, República Popular;BABY SPORTS;ANDADOR JASSUMAL /REF: BS103 /VERSÕES:Azul Claro e Escuro - BS103A/Rosa Claro e Escuro - BS103R/Roxo e Rosa Escuro - BS103RR;MATERIAL:PP, FERRO E POLIÉSTER|DIMENSÕES:63 X 57 X 53 CM|SISTEMA DE TRAVAMENTO:LIBERAÇÃO EM DUAS AÇÕES CONSECUTIVAS|SISTEMA DE MONTAGEM E FERRAGEM:MANUAL (SEM FERRAMENTA)|ACESSÓRIOS:N/A|CARACTERISTICA;6901041000155;Incluido;22/11/2023
788776/2006;Ativo;;19/06/2026;;;LILI FLORES ARTESANAIS LTDA;50509301000113;2199999999;R SANTO SEPULCRO;00279;;21350220;MADUREIRA;RIO DE JANEIRO;RJ;xiaoweiliu663@gmail.com;PINGHU XIAOTIANDI CHILDREN''S PRODUCTS FACTORY ;Andadores Infantis;Portaria Inmetro nº 129 de 19/03/2021;;IN3051726;Modelo 5;;S;China, República Popular;LILI;MOD:ANDADOR LL-2931 / CÓD. DE REFERÊNCIA COMERCIAL: LL-2931 / AZUL,ROSA,VERDE;MAT.:PP, POLIÉSTER E POLIETILENO/DIM:56,5X68X60,5CM/ SIST.TRAV.:LIBERAÇÃO EM DUAS AÇÕES CONSECUTIVAS/SIST. MONT.:LIBERAÇÃO EM DUAS AÇÕES CONSECUTIVAS/SEM ACESSÓRIOS/ANDADOR COM BRINQUEDO INTERATIVO;;Incluido;19/06/2026
311215/1963;Ativo;;07/08/2024;;;AMAZONAS IMPORTADOS LTDA;07269201000138;9691131654;Rua Independência;175;;68900090;Central;Macapa;AP;adriana.abreu@amazonasimportados.com.br;YIWU BALBIAN ELECTRONIC TECHNOLOGICAL CO., LTD;Andadores Infantis;Portaria Inmetro nº 129 de 19/03/2021;;IN2086424-2;;;S;China, República Popular;LÉ PETIT;MODE:BABY WALKER/REF:LP-9618/ CONT: ANDADOR COM BRINQUEDO ACOPLADO/VERSÕES:AZUL,VERDE,ROSA,VERMELHO.;MAT:PP E POLIÉSTER/DIM:65X54X49CM/SIST DE TRAV:LIBERAÇÃO EM DUAS AÇÕES CONSECUTIVAS/SIST DE MONT E FERR:MANUAL (SEM FERRAMENTA)ACE:N/A.CARACTERISTICAS DO MODELO:;7453068240131;Incluido;07/08/2024
606783/1983;Inativo;;19/06/2023;;;VANMAX COMERCIO LTDA;84114198000124;9231337050;RUA CEL SERGIO PESSOA;91;;69005030;CENTRO;MANAUS;AM;GERENTEDEVENDAS@VANMAX.COM.BR;PINGHU SHI XIAOTIANDI CHILDREN´S PRODUCTS FACTORY;Andadores Infantis;Portaria Inmetro nº 129 de 19/03/2021;;IN1811123;;;S;China, República Popular;BRINKMAX;997A/ NOME COMERCIAL: ANDAJÁ/VERSÕES: AZUL - 582597/ROSA - 582596/VERMELHO - 582598/VERMELHO/BRANCO - 582599 - MAT.: FERRO,POLIPROPILENO E POLIÉSTER/DIM.:67X57X54CM;SIST.DE TRAVA.:LIBERAÇÃO EM DUAS AÇÕES CONSECUTIVAS/SIST.DE MONT.E FERR.MAN.(SEM FERRAMENTA)/ACESSÓRIOS: BRINQUEDO/CARACTERISTICAS DO MODELO: ANDADOR INFANTIL COM BRINQUEDO ACOPLADO;7890785825966|7890785825973|7890785825980|7890785825997;Incluido;19/06/2023
979874/1935;Ativo;;16/07/2025;;;KIDDO INDUSTRIA E COMERCIO LTDA;60688090000187;1147870744;Rodovia Regis Bittencourt ;3666;;06793000;Jardim Três Marias ;Taboão da Serra;SP;m.nascimento@kiddo.com.br;JIN SUN GEE PLASTIC CO., LTD;Andadores Infantis;Portaria Inmetro nº 129 de 19/03/2021;;IN2735125;Modelo 5;;S;China, República Popular;Whoop;ANDADOR PASSINHOS 2 EM 1 REF. 8701/CINZA/ROSA/AZUL;MATERIAL:PP. POLIES/DIMENSÕES:59,5X68X53CM/SIST.DE.TRAVAM.:LIBER.EM DUAS AÇÕES CONSECUTIVAS/SIST.DE.MONTAG.E.FERRAGEM:MANUAL (SEM AUX. DE FERRAM)/ACESSÓRIOS:BRINQ./CARACT. DO MODELO:ANDADOR C/ BRINQ.;7896517223871|7896517223888|7896517223895;Incluido;16/07/2025
900787/2009;Inativo;;19/04/2021;;;COMPANHIA DOREL BRASIL PRODUTOS INFANTIS;10659948000107;02135547024;Av. Nilo Peçanha;1516 /1582;Térreo;28030035;Pq dos Rodoviários;Campos dos Goytacaze;RJ;mariana.magalhaes@dorel.com.br;Jin Sun Gee Plastic Co.,Ltd;Andadores Infantis;Portaria Inmetro nº 42 de 19/01/2018;;OCAN-AND.145/21-5;;;S;Formosa (Taiwan);Safety 1st;HE001. Andador Spacewalker. Cores: Grey e Orange.;PP, Ferro, ABS. 58x65.5x71.5cm.Trav.Manual.Sist.Mont.Fren.Manual. Bandeja de Brinquedos.;7908238803932|7908283803949;Incluido;19/04/2021
472529/2004;Ativo;;07/02/2022;;;TUTTI BABY INDUSTRIA E COMERCIO DE ARTIGOS INFANTIS LTDA;06981862000129;4733794000;Rod. Guilherme Jensen, SC413, km13;0;;89108000;Distrito Industrial;Massaranduba;SC;certificacao@tuttibaby.com.br;TUTTI BABY INDUSTRIA E COMERCIO DE ARTIGOS INFANTIS LTDA;Andadores Infantis;Portaria Inmetro nº 129 de 19/03/2021;;IN2869325;Modelo 5;;N;Brasil;Tutti Baby;Andador Safari II Azul/Rosa/Vermelho/Andador Princesa Rosa Coroa/Andador Acqua Explorador Cinza/Roxo;ESTRUT. MET.AÇO.TUBULAR/48x60,5x70CM/SIST.DE TRAV. COM.DUAS.AÇÕES.CONSECUT.PARA.LIBER./PARAFUSOS.E. REBITES/BRINQUEDOS.E.ADESIVOS;7898431501615|7898431501622|7898431501639|7898431501684|7898431501691|7898431501707;Excluido;12/01/2024
194802/1936;Ativo;;19/02/2026;;;RGM  COMERCIO E SERVICOS LTDA;18007664000148;11996294240;Avenida Angélica;511;Cj. 904;01227100;Santa Cecilia;São Paulo;SP;papush@uol.com.br;PINGHU XIAOTIANDI CHILDREN?S PRODUCTS FACTORY;Andadores Infantis;Portaria Inmetro nº 129 de 19/03/2021;;IN2911726;Modelo 5;;S;China, República Popular;RGM;ANDADOR DREUX - R602 - AVIÃO - AVIAO;MAT:PP,FERRO E POLIÉ./DIM:70X62.5X51 CM/SIST.DE TRAV.:LIB.EM DUAS AÇÕES CONSECU./SIST.DE MONT.E FERR.:MANUAL (SEM FERRAMENTA)/ACESS:BANDEJA MUSICAL/CARACT.DO MODELO:ANDADOR COM BANDEJA MUSICAL;7898926505616;Incluido;19/02/2026
348865/2023;Ativo;;03/04/2023;;;PLANETA - IMPORTACAO E DISTRIBUICAO DE BRINQUEDOS LTDA;13434272000141;1138951572;AV VASCO MASSAFELI;1000;G1A M1-21;06703600;JARDIM MARIA TEREZA;COTIA;SP;admin@planetadobebe.com.br;HEBEI WANXIN CHILDREN TOYS CO.,LTD.;Andadores Infantis;Portaria Inmetro nº 129 de 19/03/2021;;IN1765923;Modelo 5;;S;China, República Popular;MAXI BABY;ANDADOR LA BAMBA - NW-01 - AZUL #21537/ROSA #21538/VERMELHO #75268;MAT:PP E PART.ABS,AÇOD.ALTOCARB.RODAELASTÔM.TERMOP.,PVC/DIM:580X680X550(LXCXH)/SIS_TRAV:LIBER.EM 2 AÇÕES CONS./SIS_MONT E FERRG:MAN.(S/FERM)/ACES:BANDJ C BRI./CARAC.D.M.:ANDAD.C BRINQ.REG.002149/2023 ;7898975752689|7899403215370|7899403215387;Incluido;18/03/2026
488806/1962;Ativo;;30/08/2021;;;TA TE TI INDUSTRIA E COMERCIO DE BRINQUEDOS EDUCATIVOS LTDA;30261120000103;4732422225;RUA TIRADENTES;230;;89107000;CENTRO;POMERODE;SC;qualidade3@grupocalesita.com.br;TA TE TI INDUSTRIA E COMERCIO DE BRINQUEDOS EDUCATIVOS LTDA;Andadores Infantis;Portaria Inmetro nº 129 de 19/03/2021;;CE-AND/IQB 000010 55962/23-001;Modelo 5;;N;Brasil;Tateti;Ref.914 - Move Baby;PP, METAL, TECIDO POLIESTER. DIMENSAO: 70,20X59,83X49,12CM. SIST. TRAVAMENTO:FREIO DIANTEIRO E TRASEIRO. SIST DE MONTAGEM: MANUAL/PARAFUSOS PP. ACESSORIOS:BANDEJA DE BRINQUEDOS;7898664632230;Incluido;02/03/2026
782810/1988;Ativo;;01/12/2021;;;HEMNANI COMERCIO DE VARIEDADES LTDA.;05469291000185;1124143633;Rua Marcílio Dias;304;N/A;69005270;Centro;Manaus;AM;papush@uol.com.br;China Zhejiang Techincal Co. Ltd;Andadores Infantis;Portaria Inmetro nº 42 de 19/01/2018;;OCAN-AND.189/21-1;;;S;China, República Popular;SITA;AKH602;Material: PP, Ferro e Poliester - Dimensões: 655 mm X 560mm X 500 mm - Sistema de Travamento: Travamento automatico com liberação em duas ações consecutivas - Sistema de Montagem e Ferragem: MANUAL;;Incluido;01/12/2021
662063/1939;Ativo;;07/03/2024;;;COMPANHIA DOREL BRASIL PRODUTOS INFANTIS;10659948000107;2135547024;Av. Nilo Peçanha;1516;1582;28030035;Pq dos Rodoviários;Campos dos Goytacaze;RJ;standard@dorel.com.br;COMPANHIA DOREL BRASIL PRODUTOS INFANTIS;Andadores Infantis;Portaria Inmetro nº 129 de 19/03/2021;;IN2040823;Modelo 5;;N;Brasil;INFANTI/ COSCO;APPIA/ ZIGGY - HE022 - N/A - AZUL / ROSA / AZUL / ROSA;MAT:PP,PES,PTA,EG,POLIPROPILENO E POLIETILENO/DIM:56,5 X 68 X 60,5 CM/SIST D TRAVAMENTO:LIB EM DUAS AÇÕES CONSEC/SIST DE MNTGM E FERRG:MAN (SEM FER)/ACESS:BAND D BRINQ./CARACT D MODELO:ANDADOR C BRINQ;7908238809774|7908238809781|7908238815812|7908238815829;Incluido;10/04/2026
203282/2025;Ativo;;01/07/2026;;;APS IMPORTACAO EXPORTACAO DISTRIBUICAO LTDA;44540981000135;11974642778;EST GERAL DE MEDEIROS;20;SALA 05;88390000;MEDEIROS;BARRA VELHA;SC;orquestra@yescert.com.br;Tengzhou Lebeir Baby Carriage Co., Ltd.;Andadores Infantis;Portaria Inmetro nº 129 de 19/03/2021;;IN3076626;Modelo 5;;S;China, República Popular;TOYS&TOYS;MOD:ANDADOR MUSICAL PARA BEBES/INFANTIL/CÓD DE REFERÊNCIA COMERCIAL: ANDADOR MUSICAL V:CINZA - 310552,MARROM - 310569,AZUL - 310576,ROSA 310583;Mat:PP/Dim:799x660x715mm/Sist de Travam: Dois dispositivos de travam independentes sendo operados simult/Sist de Mont e Ferr:Manual (sem ferram)/Acess:N/A/Caract do modelo:ANDADOR COM BRINQ.MUSICAL AC;7908888310552|7908888310569|7908888310576|7908888310583;Incluido;01/07/2026
344787/1958;Ativo;;06/05/2025;;;KAVOD BRASIL COMERCIO E IMPORTACAO DE PRODUTOS DE USO DOMESTICO LTDA;12389993000114;1136612389;Avenida Marquês de São Vicente;2219;Conj 1001;05036040;Água Branca;São Paulo;SP;adm@kababy.com.br;Tengzhou Lebeir Baby Carriage Co., Ltd.;Andadores Infantis;Portaria Inmetro nº 129 de 19/03/2021;;IN2610825;;;S;China, República Popular;KaBaby;DESIGNAÇÃO COMERCIAL: ANDADOR DE EMPURRAR STEP-UP KABABY CINZA/CÓDIGO DE REFERÊNCIA COMERCIAL: ANDADOR/QUANTIDADE: -/;MAT:PP/DIM:799x660x715mm/SIS_TRAV:LIBERAÇÃO EM DUAS AÇÕES CONSECUTIVAS/SIS_MONTAGEM/FERRAGEM:MANUAL SEM AUXILIO DE FERRAMENTA/ACESSORIOS:N/A/CARACT_DO_MODELO:ANDADOR COM BRINQUEDO ACOPLADO;7898605218394;Incluido;06/05/2025
690585/1992;Cancelado;;24/08/2020;;14/07/2025;Dardara Comercio Importacao e Exportacao Ltda.;07774907000157;1147447248;R VALENTIM MAGALHAES;95;***;03184090;ALTO DA MOOCA;SÃO PAULO;SP;dardara@yescert.com.br;FOSHAN BAOLIMEI CHILD?S VEHICLE CO.LTD;Andadores Infantis;Portaria Inmetro nº 42 de 19/01/2018;;OCAN-AND.134/20-5;;;S;China, República Popular;DARDARA;ANDADOR CARRO (FD-2407);Material: Moldes e peças em plástico P.P.(polipropileno) Adesivos (papel colante) Painel - parte interna: sistema eletrônico (placa, fio colorido, alto falante). Estrutura em metal, Dimensões: 74 x 63;;Incluido;24/08/2020
884487/1950;Ativo;;07/03/2024;;;MADHULA COMERCIO DE ARTIGOS ELETROELETRONICOS LTDA;03838532000190;63881924131;Rua Marcilio Dias;166;;69005270;Centro;Manaus;AM;ltdamcg@gmail.com;PINGHU SHI XIAOTIANDI CHILDREN''S PRODUCTS FACTORY;Andadores Infantis;Portaria Inmetro nº 129 de 19/03/2021;;IN2088024;;;S;China, República Popular;BENMEK;ANDADOR MADHULA - MA101 - ROSA-MA101R/AZUL-MA101A/VERDE-MA101V/LARANJA-MA101L;MAT.:PP,FERRO E POLIÉSTER/DIM.:63X57X53CM/SIST.TRAVA.:LIBERAÇÃO EM DUAS AÇÕES CONSECUTIVAS/SIST.MONT.FERRA.:MANUAL(SEM FERRAMENTA)/ACESSÓRIOS:N/A/CARACTERISTICAS DO MODELO: ANDADOR COM BRINQUEDO;6901031000158;Incluido;07/03/2024
655449/2003;Ativo;;05/08/2021;;;GALZERANO INDUSTRIA DE CARRINHOS E BERCOS LTDA;43594977000197;19999947357;Via Prefeito Jurandyr Paixão;700;;13481149;Jd. Campo Belo;Limeira;SP;luisfernando.camargo@galzerano.com.br;GALZERANO INDUSTRIA DE CARRINHOS E BERCOS LTDA;Andadores Infantis;Portaria Inmetro nº 129 de 19/03/2021;;CE-AND/IQB 000006 54618/21-001;;;N;Brasil;GALZERANO;Ref.: 4050-Andador Torino. Versões: 4050EST (Estrela), 4050SPR (Spring);Tecido Pes, TNT, Espuma, PP, PA6, Master, Tinta, Tubo de aço. CxLxA(cm) 71x62,5x51,5 Travamento: Trilho plástico c/ botão de destrave e regulagem de altura. Montagem: Manual. Acess: Brinquedo acoplado;7908200102520|7908200102537;Incluido;17/01/2024
823633/1937;Ativo;;07/03/2024;;;MADHULA COMERCIO DE ARTIGOS ELETROELETRONICOS LTDA;03838532000190;63881924131;Rua Marcilio Dias;166;;69005270;Centro;Manaus;AM;ltdamcg@gmail.com;PINGHU SHI XIAOTIANDI CHILDREN''S PRODUCTS FACTORY;Andadores Infantis;Portaria Inmetro nº 129 de 19/03/2021;;IN2088024;;;S;China, República Popular;BENMEK;ANDADOR MADHULA - MA101 - ROSA-MA101R/AZUL-MA101A/VERDE-MA101V/LARANJA-MA101L;MAT.:PP,FERRO E POLIÉSTER/DIM.:63X57X53CM/SIST.TRAVA.:LIBERAÇÃO EM DUAS AÇÕES CONSECUTIVAS/SIST.MONT.FERRA.:MANUAL(SEM FERRAMENTA)/ACESSÓRIOS:N/A/CARACTERISTICAS DO MODELO: ANDADOR COM BRINQUEDO;6901031000158;Incluido;07/03/2024
429829/2002;Ativo;;05/08/2021;;;GALZERANO INDUSTRIA DE CARRINHOS E BERCOS LTDA;43594977000197;19999947357;Via Prefeito Jurandyr Paixão;700;;13481149;Jd. Campo Belo;Limeira;SP;luisfernando.camargo@galzerano.com.br;GALZERANO INDUSTRIA DE CARRINHOS E BERCOS LTDA;Andadores Infantis;Portaria Inmetro nº 129 de 19/03/2021;;CE-AND/IQB 000006 54618/21-001;;;N;Brasil;GALZERANO;Ref.: 4050-Andador Torino. Versões: 4050RO (Rosa), 4050TER (Terracota), 4050EST (Estrela), 4050SPR (Spring) - Material: Tecido poliéster, TNT, Espuma, PP, PA6, Master, Tinta, Tubo de aço, Itens de fixação e aviamentos. Dimensões: CxLxA (cm) 71x62,5x51,5. Sistema de travamento: Trilho plástico com botão de destrave e regulagem de altura;Sistema de montagem/ferragem: Manual. Acessórios que venham com o produto: Bandeja de brinquedos não removível, Características do modelo: Tecidos, Peças plásticas, Tinta, Ferragens;7908200102247|7908200102254|7908200102520|7908200102537;Excluido;17/01/2024
076814/2015;Inativo;;19/06/2023;;;VANMAX COMERCIO LTDA;84114198000124;9231337050;RUA CEL SERGIO PESSOA;91;;69005030;CENTRO;MANAUS;AM;GERENTEDEVENDAS@VANMAX.COM.BR;PINGHU SHI XIAOTIANDI CHILDREN´S PRODUCTS FACTORY;Andadores Infantis;Portaria Inmetro nº 129 de 19/03/2021;;IN1811123;;;S;China, República Popular;BRINKMAX;997A/ NOME COMERCIAL: ANDAJÁ/VERSÕES: AZUL - 582597/ROSA - 582596/VERMELHO - 582598/VERMELHO/BRANCO - 582599 - MAT.: FERRO,POLIPROPILENO E POLIÉSTER/DIM.:67X57X54CM;SIST.DE TRAVA.:LIBERAÇÃO EM DUAS AÇÕES CONSECUTIVAS/SIST.DE MONT.E FERR.MAN.(SEM FERRAMENTA)/ACESSÓRIOS: BRINQUEDO/CARACTERISTICAS DO MODELO: ANDADOR INFANTIL COM BRINQUEDO ACOPLADO;7890785825966|7890785825973|7890785825980|7890785825997;Incluido;19/06/2023
370829/1941;Ativo;;19/06/2026;;;LILI FLORES ARTESANAIS LTDA;50509301000113;2199999999;R SANTO SEPULCRO;00279;;21350220;MADUREIRA;RIO DE JANEIRO;RJ;xiaoweiliu663@gmail.com;PINGHU XIAOTIANDI CHILDREN''S PRODUCTS FACTORY ;Andadores Infantis;Portaria Inmetro nº 129 de 19/03/2021;;IN3051726;Modelo 5;;S;China, República Popular;LILI;MOD:ANDADOR LL-2931 / CÓD. DE REFERÊNCIA COMERCIAL: LL-2931 / AZUL,ROSA,VERDE;MAT.:PP, POLIÉSTER E POLIETILENO/DIM:56,5X68X60,5CM/ SIST.TRAV.:LIBERAÇÃO EM DUAS AÇÕES CONSECUTIVAS/SIST. MONT.:LIBERAÇÃO EM DUAS AÇÕES CONSECUTIVAS/SEM ACESSÓRIOS/ANDADOR COM BRINQUEDO INTERATIVO;;Incluido;19/06/2026
664833/1967;Inativo;;12/01/2023;;;COMPANHIA DOREL BRASIL PRODUTOS INFANTIS;10659948000883;2135547024;Av. Nilo Peçanha;1516 ;Galpão 3 ;28030035;Pq dos Rodoviários;Campos dos Goytacaze;RJ;standard@dorel.com.br;Jin Sun Gee Plastics Co., Ltd;Andadores Infantis;Portaria Inmetro nº 129 de 19/03/2021;;IN1701622-3;;;S;Formosa (Taiwan);Safety 1st;HE001. Nome comercial: Spacewalker 3 em 1. Versões: Grey, Orange.;PP,Ferro,Aço,ABS,PVC,POM,TPR,MB475,Pol,65.5x50x71.5cm.Trav:Lib.2ações cons.,Mont:Manual.Aces.Brinq.;7908238803932|7908238803949;Incluido;12/01/2023
958837/1993;Ativo;;07/02/2022;;;TUTTI BABY INDUSTRIA E COMERCIO DE ARTIGOS INFANTIS LTDA;06981862000129;4733794000;Rod. Guilherme Jensen, SC413, km13;0;;89108000;Distrito Industrial;Massaranduba;SC;certificacao@tuttibaby.com.br;TUTTI BABY INDUSTRIA E COMERCIO DE ARTIGOS INFANTIS LTDA;Andadores Infantis;Portaria Inmetro nº 129 de 19/03/2021;;IN2869325;Modelo 5;;N;Brasil;TUTTI BABY;DESIGNAÇÃO COMERC SAFARI II (AZUL/ROSA/VERMELHO),PRINCESA ROSA COROA,ACQUA,EXPLORADOR (CINZA/ ROXO) CÓD D REF COMERC:ANDAD 40.002/40002003/40002004/40002007/40003004/40004002/40004003;MAT:ESTRUTURA METALICA - AÇO TUBULAR/DIM:48X60,5X70CM/SIST DE TRAVA:LIBERAÇ EM 2AÇÕES CONSECUT/SIST DE MONTAGEM E FERRAGEM:PARAFUSOS E REBITES/ACESSÓ:BRINQUEDOS E ADESIVOS/CARACT DO MODELO:ANDADOR C B;7898431501615|7898431501622|7898431501639|7898431501684|7898431501691|7898431501707;Excluido;26/04/2024
252841/2020;Ativo;;30/06/2026;;;MARKETGOOL TRADING IMPORTACAO E EXPORTACAO LTDA;18787076000174;11947652325;ROD RODOLFO JAHN;326;ANEXO 92;89237680; VILA NOVA;JOINVILLE;SC;alexandre.morroni@hotmail.com;PINGHU XIAOTIANDI CHILDREN''S PRODUCTS FACTORY;Andadores Infantis;Portaria Inmetro nº 129 de 19/03/2021;;IN3048926;Modelo 5;;S;China, República Popular;MARKETGOOL;Designação Comercial: Andador Marketgool / Código de referência comercial / MKG-010 / ROSA;Mat: PP, FERRO E POLIÉSTER / Dim: 65X55X45 CM/ SIST DE TRAV: Liberação em duas ações consecutivas/ Acess: Brinquedo do andador/ Caract do mod: Andador com Brinquedo;0070341132777;Incluido;30/06/2026
794139/2007;Ativo;;09/12/2019;;;TAPUZIM COMERCIAL LTDA;00513418000100;1138569063;Av. Monte Celeste;230;250;02561000;Vila S. Maria;São Paulo;SP;ehs0770@hotmail.com;SHEN ZHEN WEI MEI CHILDCARE PRODUCT LIMITED COMPANY;Andadores Infantis;Portaria Inmetro nº 42 de 19/01/2018;;OCAN-AND.165/19-3;;;S;China, República Popular;baby style;CENTRO DE ATIVIDADES;VERSÕES: Andador play - Ref.5821 Andador meninos - Ref. 515211 Andador meninas - Ref. 51522. Material: Plástico, metal e tecido. Dimensões: 74 x 75 x 18 cm Sistema de Travamento: Stoper Sistema de Mon;4079515211993|4079515222999|4532582122994;Incluido;09/12/2019
709097/1963;Ativo;;26/07/2024;;;DARDARA COMERCIO IMPORTACAO E EXPORTACAO LTDA;07774907000157;11964220291;R VALENTIM MAGALHAES;95;***;03184090;ALTO DA MOOCA;SÃO PAULO;SP;sac@dardara.com.br;FOSHAN BAOLIMEI BABY CARRIER CO., ;Andadores Infantis;Portaria Inmetro nº 129 de 19/03/2021;;IN2255924;;;S;China, República Popular;DARDARA;ANDADOR CARRO FD-2407 / VERSÕES: AZUL E ROSA;MAT:PP,METAL E POLIÉSTER/DIM:740X630X510MM/SIST DE TRAVA:LIB EM 2 AÇÕES CONSECUT/SIST DE MONT/FERRAG:MANUAL(C/FERRAMENTAS)/ACESSÓRIOS: BRINQ/CARACT DO MODELO:ANDADOR C/BRINQ INTEGRADO;7898572462738|7898572462755;Incluido;26/07/2024
546856/1946;Ativo;;07/08/2024;;;AMAZONAS IMPORTADOS LTDA;07269201000138;9691131654;Rua Independência;175;;68900090;Central;Macapa;AP;adriana.abreu@amazonasimportados.com.br;YIWU BALBIAN ELECTRONIC TECHNOLOGICAL CO., LTD;Andadores Infantis;Portaria Inmetro nº 129 de 19/03/2021;;IN2086424-4;;;S;China, República Popular;LÉ PETIT;MODE:BABY WALKER/REF:LP-9917/ CONT: ANDADOR COM BRINQUEDO ACOPLADO/VERSÕES:AZUL,VERMELHO,AMARELO,ROSA.;MAT:PP E POLIÉSTER/DIM:65X54X49CM/SIST DE TRAV:LIBERAÇÃO EM DUAS AÇÕES CONSECUTIVAS/SIST DE MONT E FERRA :MANUAL (SEM FERRAMENTA)/ACES:N/A.CARACTERISTICAS DO MODELO:;7453116024706;Incluido;07/08/2024
840860/1972;Ativo;;07/08/2024;;;AMAZONAS IMPORTADOS LTDA;07269201000138;9691131654;Rua Independência;175;;68900090;Central;Macapa;AP;adriana.abreu@amazonasimportados.com.br;YIWU BALBIAN ELECTRONIC TECHNOLOGICAL CO., LTD;Andadores Infantis;Portaria Inmetro nº 129 de 19/03/2021;;IN2086424-4;;;S;China, República Popular;LÉ PETIT;MODE:BABY WALKER/REF:LP-9917/ CONT: ANDADOR COM BRINQUEDO ACOPLADO/VERSÕES:AZUL,VERMELHO,AMARELO,ROSA.;MAT:PP E POLIÉSTER/DIM:65X54X49CM/SIST DE TRAV:LIBERAÇÃO EM DUAS AÇÕES CONSECUTIVAS/SIST DE MONT E FERRA :MANUAL (SEM FERRAMENTA)/ACES:N/A.CARACTERISTICAS DO MODELO:;7453116024706;Incluido;07/08/2024
233447/1974;Inativo;;23/05/2025;;;MD COMERCIO DE FERRAGENS LTDA;55274701000100;92981285408;AVENIDA JOAQUIM NABUCO;1094;A;69020030;Centro;Manaus;AM;mdcomerciodeferragensltda@gmail.com;Xingtai Pandelo Technology Co.,Ltd;Andadores Infantis;Portaria Inmetro nº 129 de 19/03/2021;;IN2611025;Modelo 5;;S;China, República Popular;ULTRA BABY;REF: UBW-801H - ANDADOR INFANTIL MUSICAL PARA BEBÊ - BABY PINK / BARBIE PINK, RED / WHITE, ROYAL BLUE / ORANGE / WHITE, GREEN / WHITE;MAT:PP,FERRO E POLIÉSTER/DIM:68X59X52CM/SIS_TRAV:LIBERAÇÃO EM 2 AÇÕES CONSECUTIVAS/SIS_MONTAGEM_E_FERRAGEM:MANUAL(SEM FERRAMENTA)/ACESSÓRIOS: N/A/CARACTERISTICAS_MODELO:ANDADOR COM BRINQUEDO ACOPLADO;7890012361007|7890012361113|7890012368082|7890012369096;Incluido;23/05/2025
681815/1945;Ativo;;19/06/2026;;;LILI FLORES ARTESANAIS LTDA;50509301000113;2199999999;R SANTO SEPULCRO;00279;;21350220;MADUREIRA;RIO DE JANEIRO;RJ;xiaoweiliu663@gmail.com;PINGHU XIAOTIANDI CHILDREN''S PRODUCTS FACTORY ;Andadores Infantis;Portaria Inmetro nº 129 de 19/03/2021;;IN3051726;Modelo 5;;S;China, República Popular;LILI;MOD:ANDADOR LL-2931 / CÓD. DE REFERÊNCIA COMERCIAL: LL-2931 / AZUL,ROSA,VERDE;MAT.:PP, POLIÉSTER E POLIETILENO/DIM:56,5X68X60,5CM/ SIST.TRAV.:LIBERAÇÃO EM DUAS AÇÕES CONSECUTIVAS/SIST. MONT.:LIBERAÇÃO EM DUAS AÇÕES CONSECUTIVAS/SEM ACESSÓRIOS/ANDADOR COM BRINQUEDO INTERATIVO;;Incluido;19/06/2026
321907/1964;Ativo;;07/08/2024;;;AMAZONAS IMPORTADOS LTDA;07269201000138;9691131654;Rua Independência;175;;68900090;Central;Macapa;AP;adriana.abreu@amazonasimportados.com.br;YIWU BALBIAN ELECTRONIC TECHNOLOGICAL CO., LTD;Andadores Infantis;Portaria Inmetro nº 129 de 19/03/2021;;IN2086424-2;;;S;China, República Popular;LÉ PETIT;MODE:BABY WALKER/REF:LP-9618/ CONT: ANDADOR COM BRINQUEDO ACOPLADO/VERSÕES:AZUL,VERDE,ROSA,VERMELHO.;MAT:PP E POLIÉSTER/DIM:65X54X49CM/SIST DE TRAV:LIBERAÇÃO EM DUAS AÇÕES CONSECUTIVAS/SIST DE MONT E FERR:MANUAL (SEM FERRAMENTA)ACE:N/A.CARACTERISTICAS DO MODELO:;7453068240131;Incluido;07/08/2024
647919/1991;Inativo;;11/11/2022;;;COMPANHIA DOREL BRASIL PRODUTOS INFANTIS;10659948000883;2135547024;Av. Nilo Peçanha;1516 ;Galpão 3 ;28030035;Pq dos Rodoviários;Campos dos Goytacaze;RJ;standard@dorel.com.br;Jin Sun Gee Plastics Co., Ltd;Andadores Infantis;Portaria Inmetro nº 129 de 19/03/2021;;IN1701622-2;;;S;Formosa (Taiwan);Voyage;BG-1518. Nome comercial: Baby Step. Versões: Rosa e Azul.;Ferro,PP e poliéster. 60x49x68cm.Trav:Lib.2 ações consec.,Mont:Encaixe. Aces:Brinquedos;7908238801280|7908238801297;Incluido;11/11/2022
134864/1999;Ativo;;07/03/2024;;;COMPANHIA DOREL BRASIL PRODUTOS INFANTIS;10659948000107;2135547024;Av. Nilo Peçanha;1516;1582;28030035;Pq dos Rodoviários;Campos dos Goytacaze;RJ;standard@dorel.com.br;COMPANHIA DOREL BRASIL PRODUTOS INFANTIS;Andadores Infantis;Portaria Inmetro nº 129 de 19/03/2021;;IN2040823;Modelo 5;;N;Brasil;Infanti;APPIA - HE022 - AZUL/ROSA - MAT.:PP, POLIÉSTER,PTA, EG, POLIPROPILENO E POLIETILENO.DIMENSÕES:56,5X68X60,5CM/;SIST. DE TRAVAMENTO: LIBERAÇÃO EM 2 AÇÕES CONSECUTIVAS/SIST. DE MONTAGEM E FERRAGEM: MANUAL (S/ FERRAMENTAS)/ACES.: BANDEJA DE BRINQUEDOS/ANDADOR COM BRINQUEDO;7908238809774|7908238809781;Excluido;10/04/2026
235335/1927;Ativo;;07/03/2024;;;COMPANHIA DOREL BRASIL PRODUTOS INFANTIS;10659948000107;2135547024;Av. Nilo Peçanha;1516;1582;28030035;Pq dos Rodoviários;Campos dos Goytacaze;RJ;standard@dorel.com.br;COMPANHIA DOREL BRASIL PRODUTOS INFANTIS;Andadores Infantis;Portaria Inmetro nº 129 de 19/03/2021;;IN2040823;Modelo 5;;N;Brasil;Infanti;APPIA - HE022 - AZUL/ROSA - MAT.:PP, POLIÉSTER,PTA, EG, POLIPROPILENO E POLIETILENO.DIMENSÕES:56,5X68X60,5CM/;SIST. DE TRAVAMENTO: LIBERAÇÃO EM 2 AÇÕES CONSECUTIVAS/SIST. DE MONTAGEM E FERRAGEM: MANUAL (S/ FERRAMENTAS)/ACES.: BANDEJA DE BRINQUEDOS/ANDADOR COM BRINQUEDO;7908238809774|7908238809781;Excluido;10/04/2026
059263/2021;Ativo;;26/07/2024;;;DARDARA COMERCIO IMPORTACAO E EXPORTACAO LTDA;07774907000157;11964220291;R VALENTIM MAGALHAES;95;***;03184090;ALTO DA MOOCA;SÃO PAULO;SP;sac@dardara.com.br;FOSHAN BAOLIMEI BABY CARRIER CO., ;Andadores Infantis;Portaria Inmetro nº 129 de 19/03/2021;;IN2255924;;;S;China, República Popular;DARDARA;ANDADOR CARRO FD-2407 / VERSÕES: AZUL E ROSA;MAT:PP,METAL E POLIÉSTER/DIM:740X630X510MM/SIST DE TRAVA:LIB EM 2 AÇÕES CONSECUT/SIST DE MONT/FERRAG:MANUAL(C/FERRAMENTAS)/ACESSÓRIOS: BRINQ/CARACT DO MODELO:ANDADOR C/BRINQ INTEGRADO;7898572462738|7898572462755;Incluido;26/07/2024
070245/1980;Ativo;;09/12/2019;;;TAPUZIM COMERCIAL LTDA;00513418000100;1138569063;Av. Monte Celeste;230;250;02561000;Vila S. Maria;São Paulo;SP;ehs0770@hotmail.com;SHEN ZHEN WEI MEI CHILDCARE PRODUCT LIMITED COMPANY;Andadores Infantis;Portaria Inmetro nº 42 de 19/01/2018;;OCAN-AND.165/19-3;;;S;China, República Popular;baby style;CENTRO DE ATIVIDADES;VERSÕES: Andador play - Ref.5821 Andador meninos - Ref. 515211 Andador meninas - Ref. 51522. Material: Plástico, metal e tecido. Dimensões: 74 x 75 x 18 cm Sistema de Travamento: Stoper Sistema de Mon;4079515211993|4079515222999|4532582122994;Incluido;09/12/2019
428868/2025;Ativo;;24/01/2025;;;PLANETA - IMPORTACAO E DISTRIBUICAO DE BRINQUEDOS LTDA;13434272000141;1138951572;AV VASCO MASSAFELI - GALPAO1 RUA A LADO IMPAR ANEXO;1000;MODULO1/21;06703600;JARDIM MARIA TEREZA;COTIA;SP;admin@planetadobebe.com.br;PLANETA - IMPORTACAO E DISTRIBUICAO DE BRINQUEDOS LTDA;Andadores Infantis;Portaria Inmetro nº 129 de 19/03/2021;;IN2476224;;;N;Brasil;REPLAY KIDS;ANDADOR QUICK/21680 / BELLA/21681 / PUPPY/21682 / ZOO/21683 / SPACE/21684 / RACING;M:POLIPROPILENO, ABS, AÇO,ELASTÔMERO TERMOPLÁSTICO E PVC/D:58X68X55CM/S.D/TRV:MANUAL (SEM FERRAMENTA)/ACS:N/A/CARACTERISTICAS DO MODELO:BANDEJA COM BRINQUEDO/ PLACA MUSICAL/PLACA ANTIDERRAPANTE;7899403216803|7899403216810|7899403216827|7899403216834|7899403216841;Incluido;24/01/2025
722883/1951;Ativo;;29/04/2024;;;TAPUZIM COMERCIAL LTDA;00513418000100;1138569063;Av. Monte Celeste;230;250;02561000;Vila S. Maria;São Paulo;SP;sergio@babystylebrasil.com.br;SHEN ZHEN WEI MEI CHILDCARE PRODUCT LIMITED COMPANY;Andadores Infantis;Portaria Inmetro nº 129 de 19/03/2021;;IN2118124-1;;;S;China, República Popular;Baby Style;ANDADOR SMART - SMART AZUL E SMART ROSA;PP,62 X 53 X 78CM,LIBERAÇÃO EM DUAS AÇÕES CONSECUTIVAS,MANUAL (SEM FERRAMENTA),ACESSÓRIOS:N/A/CARAC MODELO:ANDADOR C BRINQUEDO NA BANDEJA;4079337307416|4079337313325;Incluido;29/04/2024
016887/1978;Inativo;;30/09/2019;;;Tutti Baby Indústria e Comércio de Artigos Infantis Ltda;06981862000129;4733794000;Rod. Guilherme Jensen;s/n;Galpão 01;89108000;Distrito Industrial;Massaranduba;SC;qualidade@tuttibaby.com.br;;Andadores Infantis;Portaria Inmetro nº 42 de 19/01/2018;;CE-AND/IQB 000005 53137/19-001;;;N; ;Tutti Baby;Andador 02003;Material: Estrut. metálica de aço tub, plást. de engenharia, algodão. Dim: 52cmx60cmx70,5cm, sist.de trav: com duas ações consecutivas para liber, sist. de mont.ferrag: rebites e parafusos, aces: brin;17898431495966|17898431495980|17898431496000|17898431496024|17898431500660|17898431500677|17898431500684|7898431495952|7898431495969|7898431495976|7898431495983|7898431495990|7898431496006|7898431496010|7898431496027|7898431500601|7898431500618|7898431500625|7898431500632|7898431500649|7898431500656;Incluido;30/09/2019
310891/2004;Ativo;;07/02/2022;;;TUTTI BABY INDUSTRIA E COMERCIO DE ARTIGOS INFANTIS LTDA;06981862000129;4733794000;Rod. Guilherme Jensen, SC413, km13;0;;89108000;Distrito Industrial;Massaranduba;SC;certificacao@tuttibaby.com.br;TUTTI BABY INDUSTRIA E COMERCIO DE ARTIGOS INFANTIS LTDA;Andadores Infantis;Portaria Inmetro nº 129 de 19/03/2021;;IN2869325;Modelo 5;;N;Brasil;TUTTI BABY;DESIGNAÇÃO COMERC SAFARI II (AZUL/ROSA/VERMELHO),PRINCESA ROSA COROA,ACQUA,EXPLORADOR (CINZA/ ROXO) CÓD D REF COMERC:ANDAD 40.002/40002003/40002004/40002007/40003004/40004002/40004003;MAT:ESTRUTURA METALICA - AÇO TUBULAR/DIM:48X60,5X70CM/SIST DE TRAVA:LIBERAÇ EM 2AÇÕES CONSECUT/SIST DE MONTAGEM E FERRAGEM:PARAFUSOS E REBITES/ACESSÓ:BRINQUEDOS E ADESIVOS/CARACT DO MODELO:ANDADOR C B;7898431501615|7898431501622|7898431501639|7898431501684|7898431501691|7898431501707;Excluido;26/04/2024
166872/2000;Ativo;;05/08/2021;;;GALZERANO INDUSTRIA DE CARRINHOS E BERCOS LTDA;43594977000197;19999947357;Via Prefeito Jurandyr Paixão;700;;13481149;Jd. Campo Belo;Limeira;SP;luisfernando.camargo@galzerano.com.br;GALZERANO INDUSTRIA DE CARRINHOS E BERCOS LTDA;Andadores Infantis;Portaria Inmetro nº 129 de 19/03/2021;;CE-AND/IQB 000006 54618/21-001;;;N;Brasil;GALZERANO;Ref.: 4050-Andador Torino. Versões: 4050EST (Estrela), 4050SPR (Spring);Tecido Pes, TNT, Espuma, PP, PA6, Master, Tinta, Tubo de aço. CxLxA(cm) 71x62,5x51,5 Travamento: Trilho plástico c/ botão de destrave e regulagem de altura. Montagem: Manual. Acess: Brinquedo acoplado;7908200102520|7908200102537;Incluido;17/01/2024
957944/2018;Ativo;;29/04/2024;;;TAPUZIM COMERCIAL LTDA;00513418000100;113856906;Av. Monte Celeste;230;250;02561000;Vila S. Maria;São Paulo;SP;sergio@babystylebrasil.com.br;SHEN ZHEN WEI MEI CHILDCARE PRODUCT LIMITED COMPANY;Andadores Infantis;Portaria Inmetro nº 129 de 19/03/2021;;IN2118124-2;;;S;China, República Popular;Baby Style;ANDADOR FOGUETE - FOGUETE CINZA E FOGUETE ROSA;MATERIAL:PP/DIM:62X53X78CM/SISTEMA DE TRAVAME:LIBERA EM 2 AÇÕES CONSECUTIVAS/MANUAL/ACESSÓRIOS:N/A/CARACT DO MODELO:ANDADOR C BRINQUEDO NA BANDEJA;4079337285219|4079337296543;Incluido;29/04/2024
604906/1930;Ativo;;07/08/2024;;;AMAZONAS IMPORTADOS LTDA;07269201000138;9691131654;Rua Independência;175;;68900090;Central;Macapa;AP;adriana.abreu@amazonasimportados.com.br;YIWU BALBIAN ELECTRONIC TECHNOLOGICAL CO., LTD;Andadores Infantis;Portaria Inmetro nº 129 de 19/03/2021;;IN2086424-2;;;S;China, República Popular;LÉ PETIT;MODE:BABY WALKER/REF:LP-9618/ CONT: ANDADOR COM BRINQUEDO ACOPLADO/VERSÕES:AZUL,VERDE,ROSA,VERMELHO.;MAT:PP E POLIÉSTER/DIM:65X54X49CM/SIST DE TRAV:LIBERAÇÃO EM DUAS AÇÕES CONSECUTIVAS/SIST DE MONT E FERR:MANUAL (SEM FERRAMENTA)ACE:N/A.CARACTERISTICAS DO MODELO:;7453068240131;Incluido;07/08/2024
898910/1956;Ativo;;03/04/2023;;;PLANETA - IMPORTACAO E DISTRIBUICAO DE BRINQUEDOS LTDA;13434272000141;1138951572;AV VASCO MASSAFELI;1000;G1A M1-21;06703600;JARDIM MARIA TEREZA;COTIA;SP;admin@planetadobebe.com.br;HEBEI WANXIN CHILDREN TOYS CO.,LTD.;Andadores Infantis;Portaria Inmetro nº 129 de 19/03/2021;;IN1765923;Modelo 5;;S;China, República Popular;MAXI BABY;ANDADOR LA BAMBA - NW-01 - AZUL #21537/ROSA #21538/VERMELHO #75268;MAT:PP E PART.ABS,AÇOD.ALTOCARB.RODAELASTÔM.TERMOP.,PVC/DIM:580X680X550(LXCXH)/SIS_TRAV:LIBER.EM 2 AÇÕES CONS./SIS_MONT E FERRG:MAN.(S/FERM)/ACES:BANDJ C BRI./CARAC.D.M.:ANDAD.C BRINQ.REG.002149/2023 ;7898975752689|7899403215370|7899403215387;Incluido;18/03/2026
192914/1983;Ativo;;01/08/2023;;;COMPANHIA DOREL BRASIL PRODUTOS INFANTIS;10659948000883;2135547024;Av. DR  Nilo Peçanha;1516;Galpão 3 ;28030035;Pq dos Rodoviários;Campos dos Goytacaze;RJ;standard@dorel.com.br;ZHONG SHAN SUN LUEN CHONG COMMODITY COMPANY LIMITED;Andadores Infantis;Portaria Inmetro nº 129 de 19/03/2021;;CE-AND/IQB 000011 55435/22-001;Modelo 5;;S;China, República Popular;TINY LOVE;4-in-1 Here I Grow Mobile Activity Center. Ref. 1806501211. ABS, Alumínio, Aço, Poliéster, PP. 70x57x44cm.Sist. de mont.:Manual (s/ ferragem).;Sist. de Trav.:2 disp. de travamento independentes, devem ser operados simultaneamente. Aces.: Brinq. acoplado.;7290108862973;Incluido;01/08/2023
635384/1938;Inativo;;11/01/2023;;;COMPANHIA DOREL BRASIL PRODUTOS INFANTIS;10659948000883;2135547024;Av. Nilo Peçanha;1516 ;Galpão 3 ;28030035;Pq dos Rodoviários;Campos dos Goytacaze;RJ;standard@dorel.com.br;Jin Sun Gee Plastics Co., Ltd;Andadores Infantis;Portaria Inmetro nº 129 de 19/03/2021;;IN1701622-4;;;S;Formosa (Taiwan);Voyage;BG1401. Nome comercial: Buggy. Versões: Azul, Rosa.;PP,PVC,Ferro,POM,PU,Pol, 42x58.5x65cm. Trav:Lib.2 ações cons,Mont:Manual, Aces. Brinq.;7898509475206|7898509475213;Incluido;11/01/2023
486918/2009;Ativo;;29/01/2025;;;MD COMERCIO DE FERRAGENS LTDA;55274701000100;92981285408;AVENIDA JOAQUIM NABUCO, ;1094;A;69020030;CENTRO;MANAUS;AM;monadowlani@gmail.com;Hebei Zhongtai Bicycle manufacturing Co,. Ltd;Andadores Infantis;Portaria Inmetro nº 129 de 19/03/2021;;IN2520425;;;S;China, República Popular;ULTRA BABY;ANDADOR INFANTIL MUSICAL PARA BEBÊ/REF.:UBW-1026/PINK/GREEN/BLUE;MAT:PU,PP,AÇO,POLIÉSTER,ABS/DIM:70X60X55CM/SIST.DE TRAV.:LIB.EM DUAS AÇÕ.CONS./SIS.DE MONT.E FER.:MAN.(S/FERR.)/ACESS.:BANDE.COM BRINQ./CARAC.DO MODE.:ANDAD.C/BRINQ;7890012365050|7890012366064|7890012367078;Incluido;29/01/2025
590506/2025;Inativo;;14/08/2019;;;Companhia Dorel Brasil Produtos Infantis;10659948000107;2135633602;Av. Nilo Peçanha;1516 /1582;Térreo;28030035;Pq dos Rodoviários;Campos dos Goytacaze;RJ;mariana.magalhaes@dorel.com.br;JIN SUN GEE PLASTIC CO.,LTD;Andadores Infantis;Portaria Inmetro nº 42 de 19/01/2018;;OCAN-AND.145/19-4;;;S;Formosa (Taiwan);Voyage;BG1401;Nome Fantasia: Buggy. Cores: Rosa e Azul. Material: Ferro, plástico, PP e PU. 42 x 58.5 x 65 cm. Sistema de Travamento e Montagem: Manual. Acessórios: Bandeja;7898509475206|7898509475213;Incluido;14/08/2019
780933/1935;Ativo;;03/04/2023;;;PLANETA - IMPORTACAO E DISTRIBUICAO DE BRINQUEDOS LTDA;13434272000141;1138951572;AV VASCO MASSAFELI;1000;G1A M1-21;06703600;JARDIM MARIA TEREZA;COTIA;SP;admin@planetadobebe.com.br;HEBEI WANXIN CHILDREN TOYS CO.,LTD.;Andadores Infantis;Portaria Inmetro nº 129 de 19/03/2021;;IN1765923;Modelo 5;;S;China, República Popular;MAXI BABY;NW-01 - ANDADOR LA BAMBA  / (...) COM BRINQUEDOS/CAR MOD:AND COM BRINQUEDO(BANDEJA MUSICAL);MAT:PP E PARTES EM ABS, AÇO DE ALTO CARB RODA ELASTÔMERO TERMOPLÁSTICO, PVC/DIM:580X680X550(LXCXH)/SIS TRA:LIBERAÇÃO EM DUAS AÇÕES CONSECUTIVAS SIS DE MON E FER:MANUAL(S/ FERRAMENTA)/ACE:BANDEJA (...);7899403215370|7899403215387;Excluido;28/02/2025
074937/1962;Ativo;;07/08/2024;;;COMERCIO E IMPORTACAO DENISE LTDA;29963642000178;21997976531;RUA DO MILHO;72;A;21011090;PENHA CIRCULAR;RIO DE JANEIRO;RJ;comerciomybaby@hotmail.com;PING HU BEST CHILDREN?S CARRIER CO.LTD;Andadores Infantis;Portaria Inmetro nº 129 de 19/03/2021;;IN2189524;;;S;China, República Popular;MY BABY;PATO A1 - ROSA LISO, AZUL LISO, ROSA COLORIDO, AZUL COLORIDO - Acessórios: Brinquedos Caracteristicas do modelo: Andador infantil com brinquedo elétrico;Material: Ferro, PP e Poliéster Dimensões: 71 x 62 x 55 cm Sistema de Travamento: Liberação em duas ações consecutivas Sistema de Montagem e Ferragem: Manual (com auxílio de ferramenta);6294013738218|6294013738225|6294013738287|6294013738294;Incluido;07/08/2024
368941/1988;Ativo;;07/02/2022;;;TUTTI BABY INDUSTRIA E COMERCIO DE ARTIGOS INFANTIS LTDA;06981862000129;4733794000;Rod. Guilherme Jensen, SC413, km13;0;;89108000;Distrito Industrial;Massaranduba;SC;certificacao@tuttibaby.com.br;TUTTI BABY INDUSTRIA E COMERCIO DE ARTIGOS INFANTIS LTDA;Andadores Infantis;Portaria Inmetro nº 129 de 19/03/2021;;IN2869325;Modelo 5;;N;Brasil;TUTTI BABY;DESIGNAÇÃO COMERC SAFARI II (AZUL/ROSA/VERMELHO),PRINCESA ROSA COROA,ACQUA,EXPLORADOR (CINZA/ ROXO) CÓD D REF COMERC:ANDAD 40.002/40002003/40002004/40002007/40003004/40004002/40004003;MAT:ESTRUTURA METALICA - AÇO TUBULAR/DIM:48X60,5X70CM/SIST DE TRAVA:LIBERAÇ EM 2AÇÕES CONSECUT/SIST DE MONTAGEM E FERRAGEM:PARAFUSOS E REBITES/ACESSÓ:BRINQUEDOS E ADESIVOS/CARACT DO MODELO:ANDADOR C B;7898431501615|7898431501622|7898431501639|7898431501684|7898431501691|7898431501707;Excluido;26/04/2024
662945/2014;Ativo;;12/04/2021;;;TUTTI BABY INDUSTRIA E COMERCIO DE ARTIGOS INFANT;06981862000129;4733794000;Rod. Guilherme Jensen;0;Galpão 01;89108000;Distrito Industrial;Massaranduba;SC;qualidade@tuttibaby.com.br;TUTTI BABY INDUSTRIA E COMERCIO DE ARTIGOS INFANT;Andadores Infantis;Portaria Inmetro nº 129 de 19/03/2021;;CE-AND/IQB 000005 54149/20-001;Modelo 5;;N;Brasil;Tutti Baby;Andador 40.001;ESTRUT.MET. DE AÇO TUB.PLÁST. DE ENG.ALGODÃO.48CM X60,5CMX70CM,COM DUAS AÇÕESCONSEC PARA LIB.REB.E PARAF.BRINQ. E ADES.BASE SUP.BASE INF.FREIO ANTI-QUEDA E CONJ.DE RODAS,PNEU DA RODA TRAS. E TRAVA ANT;7898431501219|7898431501226|7898431501233;Incluido;12/04/2021
956960/1940;Ativo;;07/02/2022;;;TUTTI BABY INDUSTRIA E COMERCIO DE ARTIGOS INFANTIS LTDA;06981862000129;4733794000;Rod. Guilherme Jensen, SC413, km13;0;;89108000;Distrito Industrial;Massaranduba;SC;certificacao@tuttibaby.com.br;TUTTI BABY INDUSTRIA E COMERCIO DE ARTIGOS INFANTIS LTDA;Andadores Infantis;Portaria Inmetro nº 129 de 19/03/2021;;IN2869325;Modelo 5;;N;Brasil;TUTTI BABY;ANDADOR SAFARI II-ANDADOR 40.002-40002003/40002004/40002007/40003004/40004002/40004003;MAT:PP E ALGODAO/DIM:51X61X70CM/SIS_TRAV:DOIS DISPOS TRAV INDEPEND SENDO OPER SIMULTÂNEAM./SIS_MONT/FERRG:REBITES,PARAFUSOS E ENCAIXE DE PÇS PLAST/ACESS:BAND. COM BRINQ/CARAC. DO MOD.:AND. C/ BRINQ NA;7898431501615|7898431501622|7898431501639|7898431501684|7898431501691|7898431501707;Excluido;27/02/2026
250964/1967;Ativo;;07/02/2022;;;TUTTI BABY INDUSTRIA E COMERCIO DE ARTIGOS INFANTIS LTDA;06981862000129;4733794000;Rod. Guilherme Jensen, SC413, km13;0;;89108000;Distrito Industrial;Massaranduba;SC;certificacao@tuttibaby.com.br;TUTTI BABY INDUSTRIA E COMERCIO DE ARTIGOS INFANTIS LTDA;Andadores Infantis;Portaria Inmetro nº 129 de 19/03/2021;;IN2869325;Modelo 5;;N;Brasil;TUTTI BABY;ANDADOR SAFARI II-ANDADOR 40.002-40002003/40002004/40002007/40003004/40004002/40004003;MAT:PP/ALGODAO/DIM:51X61X70CM/SIS_TRAV:DOIS DISPOS DE TRAV IND. OPER. SIMULTÂNEAMENTE/SIS_MONT/FERRG:REBITES,PARAF,ENCAIXE DE PÇS PLAST/ACESS:BAND. C/ BRINQ/CARAC. DO MOD.:ANDADOR C/ BRINQ NA BAND;7898431501615|7898431501622|7898431501639|7898431501684|7898431501691|7898431501707;Incluido;27/02/2026
544968/1993;Ativo;;09/09/2026;;;TUTTI BABY INDUSTRIA E COMERCIO DE ARTIGOS INFANTIS LTDA;06981862000129;4733794000;Rua Vicente Zanotti;177;Galpão 01;89381270;Industrial Zaferino ;Massaranduba;SC;heloiza.souza@tuttibaby.com.br;TUTTI BABY INDUSTRIA E COMERCIO DE ARTIGOS INFANTIS LTDA;Andadores Infantis;Portaria Inmetro nº 129 de 19/03/2021;;CE-AND/IQB 000013 57036/26-001;Modelo 5;;N;Brasil;TUTTI BABY;ANDADOR SAFARI - REF. 40002003,40002004,40002007,40003004,40004002,40004003;ESTRU.MET.:ACO TUBULAR,BRINQ:PLAST. DE ENG.,REVEST. TEXTIL:ALGODAO/51X61X70 CM/DOIS DISP. DE TRAV. INDEPENDENTES SENDO OPERADOS SIMULT./PARAFUSOS E MONT. DE PÇS PLAST./BRINQ. CERTIF.E ADESIVO-57036/26;7898431501615|7898431501622|7898431501639|7898431501684|7898431501691|7898431501707;Incluido;09/09/2026
838972/2019;Ativo;;02/09/2026;;;BAGATOLI COMERCIO DE REFRIGERACAO LTDA;00897750000108;47984556257;BR-470;8105;;89058020;FORTALEZA ALTA;BLUMENAU;SC;digitalpriceconsultoria@gmail.com;PINGHU XIAOTIANDI CHILDREN?S PRODUCTS FACTORY;Andadores Infantis;Portaria Inmetro nº 129 de 19/03/2021;;IN3155526;Modelo 5;;S;China, República Popular;BAGATOLI KIDS;MOD: ANDADOR INFANTIL PULSE/ N.COM: PULSE/ V.: ROSA, AZUL, CINZA;MAT.:PP,POLIÉSTER,AÇO/DIM.:51X61X69CM/SIST.TRAV.:LIB.2 AÇÕES CONSEC./SIST.MONT.FERR.:REBITES,PARAF.E ENCAIXE PEÇAS PLÁST./ACESS.:BRINQ.NA BANDEJA/CARACT.MOD.:ANDADOR C/BRINQ.;7901030400859|7901030400866|7901030400873;Incluido;02/09/2026
132987/1946;Ativo;;09/12/2019;;;TAPUZIM COMERCIAL LTDA;00513418000100;1138569063;Av. Monte Celeste;230;250;02561000;Vila S. Maria;São Paulo;SP;ehs0770@hotmail.com;SHEN ZHEN WEI MEI CHILDCARE PRODUCT LIMITED COMPANY;Andadores Infantis;Portaria Inmetro nº 129 de 19/03/2021;;IN2062423;Modelo 5;;S;China, República Popular;Baby Style;ANDADOR PIANINHO ROSA - 33725 / ANDADOR PIANINHO AZUL - 33726;ANDADOR PIANINHO RS E AZ, MATERIAL:PLÁSTICO/62 X 53 X 78 CM/LIBERAÇÃO EM DUAS AÇÕES CONSECUTIVAS/MANUAL (SEM FERRAMENTAS)/BRINQUEDO;4079337251993|4079337261992;Incluido;29/01/2024
842134/2008;Ativo;;16/09/2024;;;AMAZONAS IMPORTADOS LTDA;07269201000138;9691131654;Rua Independência;175;;68900090;Central;Macapa;AP;adriana.abreu@amazonasimportados.com.br;YIWU BALBIAN ELECTRONIC TECHNOLOGICAL CO., LTD;Andadores Infantis;Portaria Inmetro nº 129 de 19/03/2021;;IN2086424-1;;;S;China, República Popular;LÉ PETIT;MODE:BABY WALKER/REF:LP-9517/ CONT: ANDADOR COM BRINQUEDO ACOPLADO/VERSÕES:AZUL,ROSA,VERDE,;MAT:PP E POLIÉSTER/DIM:62X55,5X50CM/SIST DE TRAV:LIBERAÇÃO EM DUAS AÇÕES CONSECUTIVAS/SIST DE MONT E FERRAGEM:MANUAL (SEM FERRAMENTA)/ACESSÓRIOS:N/A.CARACTERISTICAS DO MODELO:;453068745717;Incluido;16/09/2024
426991/1972;Inativo;;14/08/2019;;;Companhia Dorel Brasil Produtos Infantis;10659948000107;2135633602;Av. Nilo Peçanha;1516 /1582;Térreo;28030035;Pq dos Rodoviários;Campos dos Goytacaze;RJ;mariana.magalhaes@dorel.com.br;Hua Song Plastic Products Co Ltd;Andadores Infantis;Portaria Inmetro nº 42 de 19/01/2018;;OCAN-AND.145/19-3;;;S;China, República Popular;Safety 1st;11389;Nome Fantasia: Melody Garden. Cor única. Material: Ferro, plástico e PP. 64x55x66 cm. Sistema de Travamento e Montagem: Manual. Acessórios: Bandeja.;9312541727119;Incluido;14/08/2019
720995/1998;Inativo;;19/04/2021;;;COMPANHIA DOREL BRASIL PRODUTOS INFANTIS;10659948000107;02135547024;Av. Nilo Peçanha;1516 /1582;Térreo;28030035;Pq dos Rodoviários;Campos dos Goytacaze;RJ;mariana.magalhaes@dorel.com.br;Jin Sun Gee Plastic Co.,Ltd;Andadores Infantis;Portaria Inmetro nº 42 de 19/01/2018;;OCAN-AND.145/21-5;;;S;Formosa (Taiwan);Safety 1st;HE001. Andador Spacewalker. Cores: Grey e Orange.;PP, Ferro, ABS. 58x65.5x71.5cm.Trav.Manual.Sist.Mont.Fren.Manual. Bandeja de Brinquedos.;7908238803932|7908283803949;Incluido;19/04/2021
014999/2025;Ativo;;09/09/2026;;;TUTTI BABY INDUSTRIA E COMERCIO DE ARTIGOS INFANTIS LTDA;06981862000129;4733794000;Rua Vicente Zanotti;177;Galpão 01;89381270;Industrial Zaferino ;Massaranduba;SC;heloiza.souza@tuttibaby.com.br;TUTTI BABY INDUSTRIA E COMERCIO DE ARTIGOS INFANTIS LTDA;Andadores Infantis;Portaria Inmetro nº 129 de 19/03/2021;;CE-AND/IQB 000013 57036/26-001;Modelo 5;;N;Brasil;TUTTI BABY;ANDADOR SAFARI - REF. 40002003,40002004,40002007,40003004,40004002,40004003;ESTRU.MET.:ACO TUBULAR,BRINQ:PLAST. DE ENG.,REVEST. TEXTIL:ALGODAO/51X61X70 CM/DOIS DISP. DE TRAV. INDEPENDENTES SENDO OPERADOS SIMULT./PARAFUSOS E MONT. DE PÇS PLAST./BRINQ. CERTIF.E ADESIVO-57036/26;7898431501615|7898431501622|7898431501639|7898431501684|7898431501691|7898431501707;Incluido;09/09/2026
309014/1951;Ativo;;31/10/2025;;;MD COMERCIO DE FERRAGENS LTDA;55274701000100;92985975259;Avenida Joaquim Nabuco;1094;A;69020030;Centro;Manaus;AM;mdcomerciodeferragensltda@gmail.com;Xingtai Pandelo Technology Co.,Ltd;Andadores Infantis;Portaria Inmetro nº 129 de 19/03/2021;;IN2824825;Modelo 5;;S;China, República Popular;ULTRA BABY;ANDADOR INFANTIL MUSICAL PARA BEBÊ - UBW -305 - N/A - BABY PINK / BARBIE PINK/RED / WHITE/ROYAL BLUE /ORANGE / WHITE/LIGHT BLUE / WHITE;MAT:PP,FERRO E POLIÉ./DIM.:68X59X52 CM/SIST.DE TRAV.:LIB.EM DUAS AÇÕES CONS./SIST.DE MONT. E FERR.:MAN.(S/FERRAM.)/ACESS.:N/A/CARACTERISTICAS DO MODELO:ANDADOR COM BRINQUEDO ACOPLADO;7890012361007|7890012361113|7890012368082|7890012369096;Incluido;31/10/2025
038237/1979;Ativo;;14/08/2019;;;BAMBOO COMERCIO, IMPORTAÇÃO E EXPORTAÇÃO EIRELI-EPP;27115224000103;8132419265;Rua. Alegre;154;Galpão A;52120125;Arruda;Recife;PE;bamboo@yescert.com.br;ZHEJIANG KINTEX INTERNATIONAL TRADING CO., LTD;Andadores Infantis;Portaria Inmetro nº 129 de 19/03/2021;;IN1632922;;;S;China, República Popular;BAMBOO;NOME FANTASIA: ANDAJAR GUGU MODELO: MD-18 CORES: VERDE;PLÁSTICO, METAL E FIBRA TÊXTIL,520 x 560 x 620 mm,MANUAL,MANUAL,BANDEJA, VOLANTE DO PUXADOR.;7909312341029;Excluido;22/07/2022
527451/2000;Ativo;;03/04/2023;;;PLANETA - IMPORTACAO E DISTRIBUICAO DE BRINQUEDOS LTDA;13434272000141;1138951572;AV VASCO MASSAFELI;1000;G1A M1-21;06703600;JARDIM MARIA TEREZA;COTIA;SP;admin@planetadobebe.com.br;HEBEI WANXIN CHILDREN TOYS CO.,LTD.;Andadores Infantis;Portaria Inmetro nº 129 de 19/03/2021;;IN1765923;Modelo 5;;S;China, República Popular;MAXI BABY;NW-01 - ANDADOR LA BAMBA  / (...) COM BRINQUEDOS/CAR MOD:AND COM BRINQUEDO(BANDEJA MUSICAL);MAT:PP E PARTES EM ABS, AÇO DE ALTO CARB RODA ELASTÔMERO TERMOPLÁSTICO, PVC/DIM:580X680X550(LXCXH)/SIS TRA:LIBERAÇÃO EM DUAS AÇÕES CONSECUTIVAS SIS DE MON E FER:MANUAL(S/ FERRAMENTA)/ACE:BANDEJA (...);7899403215370|7899403215387;Excluido;28/02/2025
038595/1939;Ativo;;19/06/2023;;;KCARVALHUS COMERCIO E SERVICOS EIRELI;24633386000137;1143798430;Rua Poeta João Cabral De Melo Neto,  Santa Maria - Osasco - SP;77;;06147020; Santa Maria ;Osasco ;SP;carlos.carvalho@kkbebe.com.br;PINGHU SHI XIAOTIANDI CHILDREN?S PRODUCTS FACTORY;Andadores Infantis;Portaria Inmetro nº 129 de 19/03/2021;;IN1823223;;;S;China, República Popular;KK bebê;ANDADOR INFANTIL PASSINHO FORTE / AZUL /ROSA , MATERIAL:PP,FERRO E POLIÉSTER/DIMENSÕES:63X57X53CM;SISTEMA DE TRAVAMENTO:LIBERAÇÃO EM DUAS AÇÕES CONSECUTIVAS/SISTEMA DE MONTAGEM E FERRAGEM: MANUAL (SEM FERRAMENTA)/ACESSÓRIOS:BRINQUEDOS/CARACTERISTICAS DO MODELO: ANDADOR COM BRINQUEDO FIXO ACOPLADO;7898711750108|7898711750115;Incluido;19/06/2023
603018/1977;Ativo;;01/12/2021;;;HEMNANI COMERCIO DE VARIEDADES LTDA.;05469291000185;1124143633;Rua Marcílio Dias;304;N/A;69005270;Centro;Manaus;AM;papush@uol.com.br;China Zhejiang Techincal Co. Ltd;Andadores Infantis;Portaria Inmetro nº 42 de 19/01/2018;;OCAN-AND.189/21-1;;;S;China, República Popular;SITA;AKH602;Material: PP, Ferro e Poliester - Dimensões: 655 mm X 560mm X 500 mm - Sistema de Travamento: Travamento automatico com liberação em duas ações consecutivas - Sistema de Montagem e Ferragem: MANUAL;;Incluido;01/12/2021
897022/2003;Ativo;;07/02/2022;;;TUTTI BABY INDUSTRIA E COMERCIO DE ARTIGOS INFANTIS LTDA;06981862000129;4733794000;Rod. Guilherme Jensen, SC413, km13;0;;89108000;Distrito Industrial;Massaranduba;SC;certificacao@tuttibaby.com.br;TUTTI BABY INDUSTRIA E COMERCIO DE ARTIGOS INFANTIS LTDA;Andadores Infantis;Portaria Inmetro nº 129 de 19/03/2021;;IN2869325;Modelo 5;;N;Brasil;Tutti Baby;Andador: VERSÕES: Safari II (Azul/Rosa/Vermelho), Princesa Rosa Coroa, Acqua Explorador (Cinza/Roxo);ESTRUTURA METÁLICA , AÇO TUBULAR / 48 x 60,5 x 70CM / SISTEMA DE TRAVAMENTO COM DUAS AÇÕES CONSECUTIVAS PARA LIBERAÇÃO /SISTEMA DE MONTAGEM/FERRAGEM: PARAFUSOS E REBITES ACESSÓRIOS: BRINQUEDOS E ADESI;7898431501615|7898431501622|7898431501639|7898431501684|7898431501691|7898431501707;Excluido;15/03/2024
446140/1961;Ativo;;09/12/2019;;;TAPUZIM COMERCIAL LTDA;00513418000100;1138569063;Av. Monte Celeste;230;250;02561000;Vila S. Maria;São Paulo;SP;ehs0770@hotmail.com;SHEN ZHEN WEI MEI CHILDCARE PRODUCT LIMITED COMPANY;Andadores Infantis;Portaria Inmetro nº 129 de 19/03/2021;;IN2062423;Modelo 5;;S;China, República Popular;Baby Style;MODELO: ANIMAIS VERSÕES: Andador cachorro vermelho - Ref. 33721 Andador cachorro azul - Ref. 33722 Andador abelha rosa - Ref. 33723 Andador abelha azul - Ref. 33724 Andador pianinho rosa Ref: 33725 Andador pianinho azul Ref: 33726;Material: Plástico, metal e tecido, Dimensões: 50 x 70 x 60 cm, Sistema de Travamento: Stoper, Sistema deMontagem e Ferragem: Tesoura, Acessórios: Bandeja musical;4079337218996|4079337228995|4079337238994|4079337248993|4079337251993|4079337261992;Excluido;29/01/2024
191037/1930;Ativo;;12/04/2021;;;TUTTI BABY INDUSTRIA E COMERCIO DE ARTIGOS INFANT;06981862000129;4733794000;Rod. Guilherme Jensen;0;Galpão 01;89108000;Distrito Industrial;Massaranduba;SC;qualidade@tuttibaby.com.br;TUTTI BABY INDUSTRIA E COMERCIO DE ARTIGOS INFANT;Andadores Infantis;Portaria Inmetro nº 129 de 19/03/2021;;CE-AND/IQB 000005 54149/20-001;Modelo 5;;N;Brasil;Tutti Baby;Andador 40.001;ESTRUT.MET. DE AÇO TUB.PLÁST. DE ENG.ALGODÃO.48CM X60,5CMX70CM,COM DUAS AÇÕESCONSEC PARA LIB.REB.E PARAF.BRINQ. E ADES.BASE SUP.BASE INF.FREIO ANTI-QUEDA E CONJ.DE RODAS,PNEU DA RODA TRAS. E TRAVA ANT;7898431501219|7898431501226|7898431501233;Incluido;12/04/2021
568240/1948;Inativo;;14/08/2019;;;Companhia Dorel Brasil Produtos Infantis;10659948000107;2135633602;Av. Nilo Peçanha;1516 /1582;Térreo;28030035;Pq dos Rodoviários;Campos dos Goytacaze;RJ;mariana.magalhaes@dorel.com.br;JIN SUN GEE PLASTIC CO.,LTD;Andadores Infantis;Portaria Inmetro nº 42 de 19/01/2018;;OCAN-AND.145/19-1;;;S;Formosa (Taiwan);Voyage;BG-1518;Nome Fantasia: Baby Step. Cores: Rosa e Azul. Material: Ferro, Plástico e Polipropileno. 60x49x68cm. Sistema Travamento e Montagem:Manual. Acessórios: Bandeja.;7908238801280|7908238801297;Incluido;14/08/2019
709097/1963;Ativo;;12/04/2021;;;TUTTI BABY INDUSTRIA E COMERCIO DE ARTIGOS INFANT;06981862000129;4733794000;Rod. Guilherme Jensen;0;Galpão 01;89108000;Distrito Industrial;Massaranduba;SC;qualidade@tuttibaby.com.br;TUTTI BABY INDUSTRIA E COMERCIO DE ARTIGOS INFANT;Andadores Infantis;Portaria Inmetro nº 129 de 19/03/2021;;CE-AND/IQB 000005 54149/20-001;Modelo 5;;N;Brasil;Tutti Baby;Andador 40.001;ESTRUT.MET. DE AÇO TUB.PLÁST. DE ENG.ALGODÃO.48CM X60,5CMX70CM,COM DUAS AÇÕESCONSEC PARA LIB.REB.E PARAF.BRINQ. E ADES.BASE SUP.BASE INF.FREIO ANTI-QUEDA E CONJ.DE RODAS,PNEU DA RODA TRAS. E TRAVA ANT;7898431501219|7898431501226|7898431501233;Incluido;12/04/2021
485041/1956;Ativo;;19/06/2026;;;LILI FLORES ARTESANAIS LTDA;50509301000113;2199999999;R SANTO SEPULCRO;00279;;21350220;MADUREIRA;RIO DE JANEIRO;RJ;xiaoweiliu663@gmail.com;PINGHU XIAOTIANDI CHILDREN''S PRODUCTS FACTORY ;Andadores Infantis;Portaria Inmetro nº 129 de 19/03/2021;;IN3051726;Modelo 5;;S;China, República Popular;LILI;MOD:ANDADOR LL-2931 / CÓD. DE REFERÊNCIA COMERCIAL: LL-2931 / AZUL,ROSA,VERDE;MAT.:PP, POLIÉSTER E POLIETILENO/DIM:56,5X68X60,5CM/ SIST.TRAV.:LIBERAÇÃO EM DUAS AÇÕES CONSECUTIVAS/SIST. MONT.:LIBERAÇÃO EM DUAS AÇÕES CONSECUTIVAS/SEM ACESSÓRIOS/ANDADOR COM BRINQUEDO INTERATIVO;;Incluido;19/06/2026
575736/1959;Inativo;;02/04/2020;;;Galzerano Indústria de Carrinhos e Berços Ltda;43594977000197;1934043030;Via Prefeito Jurandyr Paixão;700;;13481149;Jd. Campo Belo;Limeira;SP;luisfernando.camargo@galzerano.com.br;FOSHAN SHUNDE QIJUN TOYS CO., LTD;Andadores Infantis;Portaria Inmetro nº 42 de 19/01/2018;;CE-AND/IQB 000006 53487/19-001;;;S;China, República Popular;GALZERANO;Ref.: 4090 - Liam. Versões: 4090CZ (Cinza), 4090PT (Preto);Mat: Tec poli Espum Resin plást Tinta Ferragens. Dim: 70x65x54(cm). Sist Trav: Trilho plást c/ botão destrav e reg de altura. Sist mont/ferragem: Manual. Acess: Bandej brinq não removív e retrovisores;7908200101431|7908200101448;Incluido;02/04/2020
779045/1982;Ativo;;07/03/2024;;;JASSUMAL LTDA;04214425000154;63881924131;AV SETE SETEMBRO;852;;69005140;CENTRO;MANAUS;AM;dgjohnny@gmail.com;PINGHU SHI XIAOTIANDI CHILDREN''S PRODUCTS FACTORY;Andadores Infantis;Portaria Inmetro nº 129 de 19/03/2021;;IN2087524;;;S;China, República Popular;BABY SPORTS;ANDADOR JASSUMAL - BS104 - AZUL CLARO E ESCURO-BS104A/ROSA CLARO E ESCURO-BS104R/VERMELHO E PRETO-BS104VP/ROXO E ROSA ESCURO-BS104RR;MAT.:PP,FERRO E POLIÉSTER/DIM.:63X57X53CM/SIST.TRAVA.:LIBERAÇÃO EM DUAS AÇÕES CONSECUTIVAS/SIST.MONT.FERRA.:MANUAL(SEM FERRAMENTA)/ACESSÓRIOS:N/A/CARACTERISTICAS DO MODELO: ANDADOR COM BRINQUEDO;6901041000155;Incluido;07/03/2024
324398/1934;Ativo;;17/06/2024;;;MEGA COMPRAS PRESENTES.COM LTDA;02561195000174;4191284769;RUA ELDORADO;511;511;09550720;PROSPERIDADE;SÃO CAETANO DO SUL;SP;contabilidade@grupogmac.com;HEBEI HAOKU CHILDREN TOYS CO., LTD;Andadores Infantis;Portaria Inmetro nº 129 de 19/03/2021;;IN2152424;;;S;China, República Popular;MEGA COMPRAS;ANDADOR PARA BEBÊS-PREMIUM-REF:MC923/MC923AZ/MC923RS/MC923CZ/MATERIAL:PP E POLIÉSTER/DIMENSÕES:65X 48X46 CM/ CONT: ANDADOR COM BRINQUEDO ACOPLADO;SISTEMA DE TRAVAMENTO:DOIS DISPOSITIVOS DE TRAVAMENTO INDEPENDENTES SENDO OPERADOS SIMULTÂNEAMENTE/SISTEMA DE MONTAGEM E FERRAGEM:MANUAL (SEM FERRAMENTA)/ACESSÓRIOS:BRINQUEDO/CARACTERISTICAS DO MODELO;7898692799028|7898692799578|7898692799585;Incluido;17/06/2024
073049/2009;Ativo;;07/08/2024;;;AMAZONAS IMPORTADOS LTDA;07269201000138;9691131654;Rua Independência;175;;68900090;Central;Macapa;AP;adriana.abreu@amazonasimportados.com.br;YIWU BALBIAN ELECTRONIC TECHNOLOGICAL CO., LTD;Andadores Infantis;Portaria Inmetro nº 129 de 19/03/2021;;IN2086424-4;;;S;China, República Popular;LÉ PETIT;MODE:BABY WALKER/REF:LP-9917/ CONT: ANDADOR COM BRINQUEDO ACOPLADO/VERSÕES:AZUL,VERMELHO,AMARELO,ROSA.;MAT:PP E POLIÉSTER/DIM:65X54X49CM/SIST DE TRAV:LIBERAÇÃO EM DUAS AÇÕES CONSECUTIVAS/SIST DE MONT E FERRA :MANUAL (SEM FERRAMENTA)/ACES:N/A.CARACTERISTICAS DO MODELO:;7453116024706;Incluido;07/08/2024
367064/1935;Ativo;;04/08/2025;;;BAMBINO COMERCIAL LTDA;06006481000129;81987347022;R. 23;175;;53090190;RIO DOCE;OLINDA;PE;bambino.souza@terra.com.br;PINGHU XIAOTIANDI CHILDREN?S PRODUCTS FACTORY;Andadores Infantis;Portaria Inmetro nº 129 de 19/03/2021;;IN2750125;Modelo 5;;S;China, República Popular;BAMBINO;ANDADOR - BA01 - ROSA/AZUL;MAT:PP,FERRO E POLIÉSTER/DIM:70X62.5X51CM/SIS_TRAV:LIBERAÇÃO EM DUAS AÇÕES CONSECUTIVAS/SIS_MONT E FERRG:MANUAL(S/FERRAM.)/ACESS.:BRINQ.CEN.DE ATIVI./CARACT.DO MODELO:ANDADOR COM BANDEJA MUSICAL;7898576907150|7898576907167;Incluido;04/08/2025
661068/1961;Ativo;;07/02/2022;;;TUTTI BABY INDUSTRIA E COMERCIO DE ARTIGOS INFANTIS LTDA;06981862000129;4733794000;Rod. Guilherme Jensen, SC413, km13;0;;89108000;Distrito Industrial;Massaranduba;SC;certificacao@tuttibaby.com.br;TUTTI BABY INDUSTRIA E COMERCIO DE ARTIGOS INFANTIS LTDA;Andadores Infantis;Portaria Inmetro nº 129 de 19/03/2021;;IN2869325;Modelo 5;;N;Brasil;TUTTI BABY;DESIGNAÇÃO COMERC SAFARI II (AZUL/ROSA/VERMELHO),PRINCESA ROSA COROA,ACQUA,EXPLORADOR (CINZA/ ROXO) CÓD D REF COMERC:ANDAD 40.002/40002003/40002004/40002007/40003004/40004002/40004003 CARACT DO MODELO:ANDADOR C BRINQUEDO;MAT:ESTRUTURA METALICA - AÇO TUBULAR/DIM:48X60,5X70CM/SIST DE TRAVA:LIBERAÇ EM 2AÇÕES CONSECUT/SIST DE MONTAGEM E FERRAGEM:PARAFUSOS E REBITES/ACESSÓ:BRINQUEDOS E ADESIVOS;7898431501615|7898431501622|7898431501639|7898431501684|7898431501691|7898431501707;Excluido;10/12/2025
668632/1974;Ativo;;07/02/2022;;;TUTTI BABY INDUSTRIA E COMERCIO DE ARTIGOS INFANTIS LTDA;06981862000129;4733794000;Rod. Guilherme Jensen, SC413, km13;0;;89108000;Distrito Industrial;Massaranduba;SC;certificacao@tuttibaby.com.br;TUTTI BABY INDUSTRIA E COMERCIO DE ARTIGOS INFANTIS LTDA;Andadores Infantis;Portaria Inmetro nº 129 de 19/03/2021;;IN2869325;Modelo 5;;N;Brasil;Tutti Baby;Andador: VERSÕES: Safari II (Azul/Rosa/Vermelho), Princesa Rosa Coroa, Acqua Explorador (Cinza/Roxo);ESTRUTURA METÁLICA , AÇO TUBULAR / 48 x 60,5 x 70CM / SISTEMA DE TRAVAMENTO COM DUAS AÇÕES CONSECUTIVAS PARA LIBERAÇÃO /SISTEMA DE MONTAGEM/FERRAGEM: PARAFUSOS E REBITES ACESSÓRIOS: BRINQUEDOS E ADESI;7898431501615|7898431501622|7898431501639|7898431501684|7898431501691|7898431501707;Excluido;15/03/2024
382761/1977;Ativo;;07/03/2024;;;COMPANHIA DOREL BRASIL PRODUTOS INFANTIS;10659948000107;2135547024;Av. Nilo Peçanha;1516;1582;28030035;Pq dos Rodoviários;Campos dos Goytacaze;RJ;standard@dorel.com.br;COMPANHIA DOREL BRASIL PRODUTOS INFANTIS;Andadores Infantis;Portaria Inmetro nº 129 de 19/03/2021;;IN2040823;Modelo 5;;N;Brasil;INFANTI/ COSCO;APPIA/ ZIGGY - HE022 - N/A - AZUL / ROSA / AZUL / ROSA;MAT:PP,PES,PTA,EG,POLIPROPILENO E POLIETILENO/DIM:56,5 X 68 X 60,5 CM/SIST D TRAVAMENTO:LIB EM DUAS AÇÕES CONSEC/SIST DE MNTGM E FERRG:MAN (SEM FER)/ACESS:BAND D BRINQ./CARACT D MODELO:ANDADOR C BRINQ;7908238809774|7908238809781|7908238815812|7908238815829;Incluido;10/04/2026
957273/1999;Inativo;;14/01/2021;;;GALZERANO INDUSTRIA DE CARRINHOS E BERCOS LTDA;43594977000197;1934043030;Via Prefeito Jurandyr Paixão;700;;13481149;Jd. Campo Belo;Limeira;SP;luisfernando.camargo@galzerano.com.br;HUNGSENG HARDWARE PLASTIC (DG) CORP., LTD;Andadores Infantis;Portaria Inmetro nº 42 de 19/01/2018;;CE-AND/IQB 000006 54018/20-001;;;S;China, República Popular;GALZERANO;Ref.: 4015-Andador 3 em 1 Fênix. Versões: 4015CR (Color);Mat Tec polié Espum Resin plást Itens fixação Dimens 103x103x72(cm) Sist travamento suporte plástico c/ encaixe Sist montagem/ferragem encaixes manuais Acessório: Bandeja de brinquedos não removíveis;7908200101936;Incluido;14/01/2021
955072/1987;Ativo;;24/01/2025;;;PLANETA - IMPORTACAO E DISTRIBUICAO DE BRINQUEDOS LTDA;13434272000141;1138951572;AV VASCO MASSAFELI - GALPAO1 RUA A LADO IMPAR ANEXO;1000;MODULO1/21;06703600;JARDIM MARIA TEREZA;COTIA;SP;admin@planetadobebe.com.br;PLANETA - IMPORTACAO E DISTRIBUICAO DE BRINQUEDOS LTDA;Andadores Infantis;Portaria Inmetro nº 129 de 19/03/2021;;IN2476224;;;N;Brasil;REPLAY KIDS;ANDADOR QUICK/21680 / BELLA/21681 / PUPPY/21682 / ZOO/21683 / SPACE/21684 / RACING;M:POLIPROPILENO, ABS, AÇO,ELASTÔMERO TERMOPLÁSTICO E PVC/D:58X68X55CM/S.D/TRV:MANUAL (SEM FERRAMENTA)/ACS:N/A/CARACTERISTICAS DO MODELO:BANDEJA COM BRINQUEDO/ PLACA MUSICAL/PLACA ANTIDERRAPANTE;7899403216803|7899403216810|7899403216827|7899403216834|7899403216841;Incluido;24/01/2025
249076/2014;Ativo;;20/12/2019;;;TAPUZIM COMERCIAL LTDA;00513418000100;1138569063;Av. Monte Celeste;230;250;02561000;Vila S. Maria;São Paulo;SP;ehs0770@hotmail.com;SHEN ZHEN WEI MEI CHILDCARE PRODUCT LIMITED COMPANY;Andadores Infantis;Portaria Inmetro nº 42 de 19/01/2018;;OCAN-AND.165/19-2;;;S;China, República Popular;baby style;SPACECAR - VERSÕES: Andador car - Ref. 21302 / Andador space - Ref. 33117;Material: Plástico, metal e tecido. Dimensões: 59 x 59 x 69 cm , Sistema de Travamento: Stoper, Sistema de Montagem e Ferragem: Tesoura, Acessórios: Bandeja musical;4532213022990|4532331172997;Incluido;20/12/2019
543091/1940;Inativo;;14/01/2021;;;GALZERANO INDUSTRIA DE CARRINHOS E BERCOS LTDA;43594977000197;1934043030;Via Prefeito Jurandyr Paixão;700;;13481149;Jd. Campo Belo;Limeira;SP;luisfernando.camargo@galzerano.com.br;HUNGSENG HARDWARE PLASTIC (DG) CORP., LTD;Andadores Infantis;Portaria Inmetro nº 42 de 19/01/2018;;CE-AND/IQB 000006 54018/20-001;;;S;China, República Popular;GALZERANO;Ref.: 4015-Andador 3 em 1 Fênix. Versões: 4015CR (Color);Mat Tec polié Espum Resin plást Itens fixação Dimens 103x103x72(cm) Sist travamento suporte plástico c/ encaixe Sist montagem/ferragem encaixes manuais Acessório: Bandeja de brinquedos não removíveis;7908200101936;Incluido;14/01/2021
837095/1966;Ativo;;09/12/2019;;;TAPUZIM COMERCIAL LTDA;00513418000100;1138569063;Av. Monte Celeste;230;250;02561000;Vila S. Maria;São Paulo;SP;ehs0770@hotmail.com;SHEN ZHEN WEI MEI CHILDCARE PRODUCT LIMITED COMPANY;Andadores Infantis;Portaria Inmetro nº 129 de 19/03/2021;;IN2062423;Modelo 5;;S;China, República Popular;Baby Style;ANDADOR PIANINHO ROSA - 33725 / ANDADOR PIANINHO AZUL - 33726;ANDADOR PIANINHO RS E AZ, MATERIAL:PLÁSTICO/62 X 53 X 78 CM/LIBERAÇÃO EM DUAS AÇÕES CONSECUTIVAS/MANUAL (SEM FERRAMENTAS)/BRINQUEDO;4079337251993|4079337261992;Incluido;29/01/2024
131099/1993;Ativo;;12/11/2024;;;CACANDO OFERTAS LTDA;23230465000134;11976586700;Rua José Ferreira Crespo;752;Sala 1;08021480;Jardim São Vicente;São Paulo;SP;diegofrancisco22@bol.com.br;STYLL ADMINISTRACAO, INVESTIMENTOS, LOCACOES & SERVICOS LIMITADA;Andadores Infantis;Portaria Inmetro nº 129 de 19/03/2021;;IN2382924;;;N;Brasil;ClickBaby's;Andador Happy baby - Versões AZUL-HAPPY BABY ROSA-HAPPY BABY LARANJA-HAPPY BABY;Mat.Aço Polipropileno.Dim:640x570x470cm.Sist.Trav. Liberação duas ações consecutivas.Sist de Mont e Ferrag:Manual sem ferramenta.Acess: Bandeja c/Brinquedo.Caract/modelo:Andador c/brinquedo na bandeja;7898975097001|7898975097018|7898975097025;Incluido;12/11/2024
425103/2019;Inativo;;23/05/2025;;;MD COMERCIO DE FERRAGENS LTDA;55274701000100;92981285408;AVENIDA JOAQUIM NABUCO;1094;A;69020030;Centro;Manaus;AM;mdcomerciodeferragensltda@gmail.com;Xingtai Pandelo Technology Co.,Ltd;Andadores Infantis;Portaria Inmetro nº 129 de 19/03/2021;;IN2611025;Modelo 5;;S;China, República Popular;ULTRA BABY;REF: UBW-801H - ANDADOR INFANTIL MUSICAL PARA BEBÊ - BABY PINK / BARBIE PINK, RED / WHITE, ROYAL BLUE / ORANGE / WHITE, GREEN / WHITE;MAT:PP,FERRO E POLIÉSTER/DIM:68X59X52CM/SIS_TRAV:LIBERAÇÃO EM 2 AÇÕES CONSECUTIVAS/SIS_MONTAGEM_E_FERRAGEM:MANUAL(SEM FERRAMENTA)/ACESSÓRIOS: N/A/CARACTERISTICAS_MODELO:ANDADOR COM BRINQUEDO ACOPLADO;7890012361007|7890012361113|7890012368082|7890012369096;Incluido;23/05/2025
719118/1945;Ativo;;27/08/2026;;;MADHULA COMERCIO DE ARTIGOS ELETROELETRONICOS LTDA;03838532000190;92994433107;Rua Marcilio Dias;166;;69005270;Centro;Manaus;AM;mayapunjwani@gmail.com;PINGHU XIAOTIANDI CHILDREN?S PRODUCTS FACTORY;Andadores Infantis;Portaria Inmetro nº 129 de 19/03/2021;;IN3141126-2;Modelo 5;;S;China, República Popular;BENMEK;ANDADOR MADHULA/ MA101/ Rosa - MA101R/ Azul - MA101A/ Verde - MA101V/ Laranja - MA101L;MAT.:PP, FERRO E POLIÉSTER/DIM.:63X57X53 CM/SIST. DE TRAV.:LIBERAÇÃO EM DUAS AÇÕES CONSECUTIVAS/SIST. MONT. E FERR.:MANUAL (SEM FERRAMENTA)/ACESS.:BRINQUEDO/CARACT. DO MOD.:ANDADOR COM BRINQUEDO;6901031000158;Incluido;27/08/2026
013122/1972;Inativo;;09/02/2022;;;COMPANHIA DOREL BRASIL PRODUTOS INFANTIS;10659948000107;02135547024;Av. Nilo Peçanha;1516 /1582;Térreo;28030035;Pq dos Rodoviários;Campos dos Goytacaze;RJ;mariana.magalhaes@dorel.com.br;Dong Guan Hua Song Plastic Products Co.Ltd;Andadores Infantis;Portaria Inmetro nº 42 de 19/01/2018;;IN1512522;;;S;China, República Popular;Safety 1st;11389.  Melody Garden;Pol.,PP,Aço. 65x55x66cm. Aut.c/lib.em 2 ações consec.,Manual. Acessórios: Brinquedo(centro de atividades);9312541727119;Incluido;09/02/2022
307126/1998;Ativo;;20/10/2022;;;STYLL ADMINISTRACAO, INVESTIMENTOS, LOCACOES & SERVICOS LIMITADA;22475905000231;11994300960;Rua Marcio Carlim;401;;13849226;Parque Industrial;Mogi Guaçu;SP;alexandre@styll.com.br;STYLL ADMINISTRACAO, INVESTIMENTOS, LOCACOES & SERVICOS LIMITADA;Andadores Infantis;Portaria Inmetro nº 129 de 19/03/2021;;IN1679022;Modelo 5;;N;Brasil;STYLL BABY;ANDADOR SOFT WAY / V:V:AZ.SON.(AND-98.001-05)/RO.SON.(AND-98.002-05)/LAR.SON.(AND-98.003-05)/GUARÁ AZ.(AND-50.022-01)/GUARÁ RO.(AND-50.022-02)/GUARÁ LAR.(AND-50.022-03)/VE.SON.(AND-99.009-68)/AZ.CLÁS.(AND-98.001-04)/RO.CLÁS.(AND-98.002-04))/...;MAT:AÇO,POLIPR. E POLIÉ./DIM:640X570X470MM/SIS.DE TRAV:CATRA.EM BAI.DA BAN.(LIBER. EM DU.AÇÕ.CONS.)/SIST.DE MON.E FERR.:MANUAL(COM CHA.PHI.NÃO INCL.)/ACES:BAND.COM BRIN./ CONT.VERSÔES;7898488590037|7898488590440|7898488590457|7898488590464|7898488590624|7898488599849|7898488599856|7898488599863|7898488599870|7898488599887|789848859994;Incluido;20/10/2022
601130/2024;Ativo;;03/04/2023;;;PLANETA - IMPORTACAO E DISTRIBUICAO DE BRINQUEDOS LTDA;13434272000141;1138951572;AV VASCO MASSAFELI;1000;G1A M1-21;06703600;JARDIM MARIA TEREZA;COTIA;SP;admin@planetadobebe.com.br;HEBEI WANXIN CHILDREN TOYS CO.,LTD.;Andadores Infantis;Portaria Inmetro nº 129 de 19/03/2021;;IN1765923;Modelo 5;;S;China, República Popular;MAXI BABY;NW-01 - ANDADOR LA BAMBA  / (...) COM BRINQUEDOS/CAR MOD:AND COM BRINQUEDO(BANDEJA MUSICAL);MAT:PP E PARTES EM ABS, AÇO DE ALTO CARB RODA ELASTÔMERO TERMOPLÁSTICO, PVC/DIM:580X680X550(LXCXH)/SIS TRA:LIBERAÇÃO EM DUAS AÇÕES CONSECUTIVAS SIS DE MON E FER:MANUAL(S/ FERRAMENTA)/ACE:BANDEJA (...);7899403215370|7899403215387;Excluido;28/02/2025
895145/1950;Inativo;;07/10/2019;;;Galzerano Indústria de Carrinhos e Berços Ltda;43594977000197;1934043030;Via Prefeito Jurandyr Paixão;700;;13481149;Jd. Campo Belo;Limeira;SP;luisfernando.camargo@galzerano.com.br;GUANGDONG ZHIHUI CHILDREN?S PRODUCTS CO.,LTD;Andadores Infantis;Portaria Inmetro nº 42 de 19/01/2018;;CE-AND/IQB 000006 53503/20-001;;;S;China, República Popular;GALZERANO;Andador de bebê Magic - Versão: Cinza (CZ), Preto (PT);Mat Tec poli Espum Resin plást Tint Ferrag 70Cx65Lx54A cm Travam trilho plást com botão de destrav e regul alt Mont/frenag manual Andador com pçs girat e cores diversas Acess Bandej Brinq não removív.;7898089221590|7898089222283;Incluido;07/10/2019
189149/1977;Ativo;;07/02/2022;;;TUTTI BABY INDUSTRIA E COMERCIO DE ARTIGOS INFANTIS LTDA;06981862000129;4733794000;Rod. Guilherme Jensen, SC413, km13;0;;89108000;Distrito Industrial;Massaranduba;SC;certificacao@tuttibaby.com.br;TUTTI BABY INDUSTRIA E COMERCIO DE ARTIGOS INFANTIS LTDA;Andadores Infantis;Portaria Inmetro nº 129 de 19/03/2021;;IN2869325;Modelo 5;;N;Brasil;Tutti Baby;Andador Safari Plus II (Azul / Rosa / Vermelho);ESTRUT. MET.AÇO.TUBULAR/48x60,5x70CM/SIST.DE TRAV. COM.DUAS.AÇÕES.CONSECUT.PARA.LIBER./PARAFUSOS.E. REBITES/BRINQUEDOS.E.ADESIVOS;7898431501615|7898431501622|7898431501639;Excluido;08/04/2022
483153/2003;Ativo;;07/08/2024;;;AMAZONAS IMPORTADOS LTDA;07269201000138;9691131654;Rua Independência;175;;68900090;Central;Macapa;AP;adriana.abreu@amazonasimportados.com.br;YIWU BALBIAN ELECTRONIC TECHNOLOGICAL CO., LTD;Andadores Infantis;Portaria Inmetro nº 129 de 19/03/2021;;IN2086424-4;;;S;China, República Popular;LÉ PETIT;MODE:BABY WALKER/REF:LP-9917/ CONT: ANDADOR COM BRINQUEDO ACOPLADO/VERSÕES:AZUL,VERMELHO,AMARELO,ROSA.;MAT:PP E POLIÉSTER/DIM:65X54X49CM/SIST DE TRAV:LIBERAÇÃO EM DUAS AÇÕES CONSECUTIVAS/SIST DE MONT E FERRA :MANUAL (SEM FERRAMENTA)/ACES:N/A.CARACTERISTICAS DO MODELO:;7453116024706;Incluido;07/08/2024
106052/1988;Inativo;;19/04/2021;;;COMPANHIA DOREL BRASIL PRODUTOS INFANTIS;10659948000107;02135547024;Av. Nilo Peçanha;1516 /1582;Térreo;28030035;Pq dos Rodoviários;Campos dos Goytacaze;RJ;mariana.magalhaes@dorel.com.br;Jin Sun Gee Plastic Co.,Ltd;Andadores Infantis;Portaria Inmetro nº 42 de 19/01/2018;;OCAN-AND.145/21-5;;;S;Formosa (Taiwan);Safety 1st;HE001. Andador Spacewalker. Cores: Grey e Orange.;PP, Ferro, ABS. 58x65.5x71.5cm.Trav.Manual.Sist.Mont.Fren.Manual. Bandeja de Brinquedos.;7908238803932|7908283803949;Incluido;19/04/2021
777168/1929;Ativo;;04/08/2025;;;BAMBINO COMERCIAL LTDA;06006481000129;81987347022;R. 23;175;;53090190;RIO DOCE;OLINDA;PE;bambino.souza@terra.com.br;PINGHU XIAOTIANDI CHILDREN?S PRODUCTS FACTORY;Andadores Infantis;Portaria Inmetro nº 129 de 19/03/2021;;IN2750125;Modelo 5;;S;China, República Popular;BAMBINO;ANDADOR - BA01 - ROSA/AZUL;MAT:PP,FERRO E POLIÉSTER/DIM:70X62.5X51CM/SIS_TRAV:LIBERAÇÃO EM DUAS AÇÕES CONSECUTIVAS/SIS_MONT E FERRG:MANUAL(S/FERRAM.)/ACESS.:BRINQ.CEN.DE ATIVI./CARACT.DO MODELO:ANDADOR COM BANDEJA MUSICAL;7898576907150|7898576907167;Incluido;04/08/2025
071172/1956;Inativo;;19/04/2021;;;COMPANHIA DOREL BRASIL PRODUTOS INFANTIS;10659948000107;02135547024;Av. Nilo Peçanha;1516 /1582;Térreo;28030035;Pq dos Rodoviários;Campos dos Goytacaze;RJ;mariana.magalhaes@dorel.com.br;Jin Sun Gee Plastic Co.,Ltd;Andadores Infantis;Portaria Inmetro nº 42 de 19/01/2018;;OCAN-AND.145/21-5;;;S;Formosa (Taiwan);Safety 1st;HE001. Andador Spacewalker. Cores: Grey e Orange.;PP, Ferro, ABS. 58x65.5x71.5cm.Trav.Manual.Sist.Mont.Fren.Manual. Bandeja de Brinquedos.;7908238803932|7908283803949;Incluido;19/04/2021
365176/1982;Ativo;;27/03/2026;;;HEMNANI COMERCIO DE VARIEDADES LTDA.;05469291000185;9232330121;Rua Marcílio Dias;304;;69005270;Centro;Manaus;AM;hemnanibr@yahoo.com;PINGHU XIAOTIANDI CHILDREN?S PRODUCTS FACTORY;Andadores Infantis;Portaria Inmetro nº 129 de 19/03/2021;;IN2911926;Modelo 5;;S;China, República Popular;SITA;ANDADOR AKH602 - AKH602 - AVIÃO - AVIAO;MAT:PP,FERRO E POLIE./DIM:70 X62.5 X 51 CM/SISTEMA DE TRAVAMENTO:LIBERAÇÃO EM DUAS AÇÕES CONSECUTIVAS/SISTEMA DE MONTAGEM E FERRAGEM:MAN.(S/FERRAM.)/ACESS:BAND.MUSI./CARAC.DO MOD.:AND.COM BAND.MUSI.;0618231660148;Incluido;27/03/2026
659180/2008;Ativo;;14/08/2019;;;BAMBOO COMERCIO, IMPORTAÇÃO E EXPORTAÇÃO EIRELI-EPP;27115224000103;8132419265;Rua. Alegre;154;Galpão A;52120125;Arruda;Recife;PE;bamboo@yescert.com.br;ZHEJIANG KINTEX INTERNATIONAL TRADING CO., LTD;Andadores Infantis;Portaria Inmetro nº 129 de 19/03/2021;;IN1632922;;;S;China, República Popular;BAMBOO;MODELO:MD-18NOME COMERCIAL:ANDAJAR GUGUVERSÕES: Azul (Ref.: MD18.1)Rosa (Ref.: MD18.2)Verde (Ref.: MD18.3)Vermelho (Ref.: MD18.4);Mat: PLAST / MET/FIB TEXTIL,DIM:ABRT:62X56X52CM,FECH:62X56X16,SIST TRAV:LIBER EM 2 ACOES CONSEC,SIST MONT FERRAG: MANUAL(S/FERRAMENTA),ACESS:BANDEJ C/BRINQ E HAST C/PUXADOR;7909312341029;Incluido;22/07/2022
953195/1934;Ativo;;07/08/2024;;;AMAZONAS IMPORTADOS LTDA;07269201000138;9691131654;Rua Independência;175;;68900090;Central;Macapa;AP;adriana.abreu@amazonasimportados.com.br;YIWU BALBIAN ELECTRONIC TECHNOLOGICAL CO., LTD;Andadores Infantis;Portaria Inmetro nº 129 de 19/03/2021;;IN2086424-4;;;S;China, República Popular;LÉ PETIT;MODE:BABY WALKER/REF:LP-9917/ CONT: ANDADOR COM BRINQUEDO ACOPLADO/VERSÕES:AZUL,VERMELHO,AMARELO,ROSA.;MAT:PP E POLIÉSTER/DIM:65X54X49CM/SIST DE TRAV:LIBERAÇÃO EM DUAS AÇÕES CONSECUTIVAS/SIST DE MONT E FERRA :MANUAL (SEM FERRAMENTA)/ACES:N/A.CARACTERISTICAS DO MODELO:;7453116024706;Incluido;07/08/2024
247199/1961;Ativo;;19/06/2026;;;LILI FLORES ARTESANAIS LTDA;50509301000113;2199999999;R SANTO SEPULCRO;00279;;21350220;MADUREIRA;RIO DE JANEIRO;RJ;xiaoweiliu663@gmail.com;PINGHU XIAOTIANDI CHILDREN''S PRODUCTS FACTORY ;Andadores Infantis;Portaria Inmetro nº 129 de 19/03/2021;;IN3051726;Modelo 5;;S;China, República Popular;LILI;MOD:ANDADOR LL-2931 / CÓD. DE REFERÊNCIA COMERCIAL: LL-2931 / AZUL,ROSA,VERDE;MAT.:PP, POLIÉSTER E POLIETILENO/DIM:56,5X68X60,5CM/ SIST.TRAV.:LIBERAÇÃO EM DUAS AÇÕES CONSECUTIVAS/SIST. MONT.:LIBERAÇÃO EM DUAS AÇÕES CONSECUTIVAS/SEM ACESSÓRIOS/ANDADOR COM BRINQUEDO INTERATIVO;;Incluido;19/06/2026
541203/1987;Ativo;;24/01/2025;;;PLANETA - IMPORTACAO E DISTRIBUICAO DE BRINQUEDOS LTDA;13434272000141;1138951572;AV VASCO MASSAFELI - GALPAO1 RUA A LADO IMPAR ANEXO;1000;MODULO1/21;06703600;JARDIM MARIA TEREZA;COTIA;SP;admin@planetadobebe.com.br;PLANETA - IMPORTACAO E DISTRIBUICAO DE BRINQUEDOS LTDA;Andadores Infantis;Portaria Inmetro nº 129 de 19/03/2021;;IN2476224;;;N;Brasil;REPLAY KIDS;ANDADOR QUICK/21680 / BELLA/21681 / PUPPY/21682 / ZOO/21683 / SPACE/21684 / RACING;M:POLIPROPILENO, ABS, AÇO,ELASTÔMERO TERMOPLÁSTICO E PVC/D:58X68X55CM/S.D/TRV:MANUAL (SEM FERRAMENTA)/ACS:N/A/CARACTERISTICAS DO MODELO:BANDEJA COM BRINQUEDO/ PLACA MUSICAL/PLACA ANTIDERRAPANTE;7899403216803|7899403216810|7899403216827|7899403216834|7899403216841;Incluido;24/01/2025
835207/2013;Ativo;;17/06/2024;;;MEGA COMPRAS PRESENTES.COM LTDA;02561195000174;4191284769;RUA ELDORADO;511;511;09550720;PROSPERIDADE;SÃO CAETANO DO SUL;SP;contabilidade@grupogmac.com;HEBEI HAOKU CHILDREN TOYS CO., LTD;Andadores Infantis;Portaria Inmetro nº 129 de 19/03/2021;;IN2152424;;;S;China, República Popular;MEGA COMPRAS;ANDADOR PARA BEBÊS-PREMIUM-REF:MC923/MC923AZ/MC923RS/MC923CZ/MATERIAL:PP E POLIÉSTER/DIMENSÕES:65X 48X46 CM/ CONT: ANDADOR COM BRINQUEDO ACOPLADO;SISTEMA DE TRAVAMENTO:DOIS DISPOSITIVOS DE TRAVAMENTO INDEPENDENTES SENDO OPERADOS SIMULTÂNEAMENTE/SISTEMA DE MONTAGEM E FERRAGEM:MANUAL (SEM FERRAMENTA)/ACESSÓRIOS:BRINQUEDO/CARACTERISTICAS DO MODELO;7898692799028|7898692799578|7898692799585;Incluido;17/06/2024
057420/1969;Ativo;;22/11/2023;;;JASSUMAL LTDA;04214425000154;62811924131;AV SETE SETEMBRO;852;;69005140;CENTRO;MANAUS;AM;dgjohnny@gmail.com;PINGHU SHI XIAOTIANDI CHILDREN?S PRODUCTS FACTORY;Andadores Infantis;Portaria Inmetro nº 129 de 19/03/2021;;IN1984323;;;S;China, República Popular;BABY SPORTS;ANDADOR JASSUMAL /REF: BS103 /VERSÕES:Azul Claro e Escuro - BS103A/Rosa Claro e Escuro - BS103R/Roxo e Rosa Escuro - BS103RR;MATERIAL:PP, FERRO E POLIÉSTER|DIMENSÕES:63 X 57 X 53 CM|SISTEMA DE TRAVAMENTO:LIBERAÇÃO EM DUAS AÇÕES CONSECUTIVAS|SISTEMA DE MONTAGEM E FERRAGEM:MANUAL (SEM FERRAMENTA)|ACESSÓRIOS:N/A|CARACTERISTICA;6901041000155;Incluido;22/11/2023
308411/1934;Inativo;;14/08/2019;;;Companhia Dorel Brasil Produtos Infantis;10659948000107;2135633602;Av. Nilo Peçanha;1516 /1582;Térreo;28030035;Pq dos Rodoviários;Campos dos Goytacaze;RJ;mariana.magalhaes@dorel.com.br;Hua Song Plastic Products Co Ltd;Andadores Infantis;Portaria Inmetro nº 42 de 19/01/2018;;OCAN-AND.145/19-3;;;S;China, República Popular;Safety 1st;11389;Nome Fantasia: Melody Garden. Cor única. Material: Ferro, plástico e PP. 64x55x66 cm. Sistema de Travamento e Montagem: Manual. Acessórios: Bandeja.;9312541727119;Incluido;14/08/2019
129222/1940;Ativo;;07/08/2024;;;COMERCIO E IMPORTACAO DENISE LTDA;29963642000178;21997976531;RUA DO MILHO;72;A;21011090;PENHA CIRCULAR;RIO DE JANEIRO;RJ;comerciomybaby@hotmail.com;PING HU BEST CHILDREN?S CARRIER CO.LTD;Andadores Infantis;Portaria Inmetro nº 129 de 19/03/2021;;IN2189524;;;S;China, República Popular;MY BABY;PATO A1 - ROSA LISO, AZUL LISO, ROSA COLORIDO, AZUL COLORIDO - Acessórios: Brinquedos Caracteristicas do modelo: Andador infantil com brinquedo elétrico;Material: Ferro, PP e Poliéster Dimensões: 71 x 62 x 55 cm Sistema de Travamento: Liberação em duas ações consecutivas Sistema de Montagem e Ferragem: Manual (com auxílio de ferramenta);6294013738218|6294013738225|6294013738287|6294013738294;Incluido;07/08/2024
826437/1966;Ativo;;16/09/2024;;;AMAZONAS IMPORTADOS LTDA;07269201000138;9691131654;Rua Independência;175;;68900090;Central;Macapa;AP;adriana.abreu@amazonasimportados.com.br;YIWU BALBIAN ELECTRONIC TECHNOLOGICAL CO., LTD;Andadores Infantis;Portaria Inmetro nº 129 de 19/03/2021;;IN2086424-1;;;S;China, República Popular;LÉ PETIT;MODE:BABY WALKER/REF:LP-9517/ CONT: ANDADOR COM BRINQUEDO ACOPLADO/VERSÕES:AZUL,ROSA,VERDE,;MAT:PP E POLIÉSTER/DIM:62X55,5X50CM/SIST DE TRAV:LIBERAÇÃO EM DUAS AÇÕES CONSECUTIVAS/SIST DE MONT E FERRAGEM:MANUAL (SEM FERRAMENTA)/ACESSÓRIOS:N/A.CARACTERISTICAS DO MODELO:;453068745717;Incluido;16/09/2024
423226/1966;Ativo;;07/02/2022;;;TUTTI BABY INDUSTRIA E COMERCIO DE ARTIGOS INFANTIS LTDA;06981862000129;4733794000;Rod. Guilherme Jensen, SC413, km13;0;;89108000;Distrito Industrial;Massaranduba;SC;certificacao@tuttibaby.com.br;TUTTI BABY INDUSTRIA E COMERCIO DE ARTIGOS INFANTIS LTDA;Andadores Infantis;Portaria Inmetro nº 129 de 19/03/2021;;IN2869325;Modelo 5;;N;Brasil;Tutti Baby;Andador: VERSÕES: Safari II (Azul/Rosa/Vermelho), Princesa Rosa Coroa, Acqua Explorador (Cinza/Roxo);ESTRUTURA METÁLICA , AÇO TUBULAR / 48 x 60,5 x 70CM / SISTEMA DE TRAVAMENTO COM DUAS AÇÕES CONSECUTIVAS PARA LIBERAÇÃO /SISTEMA DE MONTAGEM/FERRAGEM: PARAFUSOS E REBITES ACESSÓRIOS: BRINQUEDOS E ADESI;7898431501615|7898431501622|7898431501639|7898431501684|7898431501691|7898431501707;Excluido;15/03/2024
727285/1975;Ativo;;30/06/2026;;;MARKETGOOL TRADING IMPORTACAO E EXPORTACAO LTDA;18787076000174;11947652325;ROD RODOLFO JAHN;326;ANEXO 92;89237680; VILA NOVA;JOINVILLE;SC;alexandre.morroni@hotmail.com;PINGHU XIAOTIANDI CHILDREN''S PRODUCTS FACTORY;Andadores Infantis;Portaria Inmetro nº 129 de 19/03/2021;;IN3048926;Modelo 5;;S;China, República Popular;MARKETGOOL;Designação Comercial: Andador Marketgool / Código de referência comercial / MKG-010 / ROSA;Mat: PP, FERRO E POLIÉSTER / Dim: 65X55X45 CM/ SIST DE TRAV: Liberação em duas ações consecutivas/ Acess: Brinquedo do andador/ Caract do mod: Andador com Brinquedo;0070341132777;Incluido;30/06/2026
717230/1992;Ativo;;14/08/2019;;;BAMBOO COMERCIO, IMPORTAÇÃO E EXPORTAÇÃO EIRELI-EPP;27115224000103;8132419265;Rua. Alegre;154;Galpão A;52120125;Arruda;Recife;PE;bamboo@yescert.com.br;ZHEJIANG KINTEX INTERNATIONAL TRADING CO., LTD;Andadores Infantis;Portaria Inmetro nº 129 de 19/03/2021;;IN1632922;;;S;China, República Popular;BAMBOO;NOME FANTASIA: ANDAJAR GUGU MODELO: MD-18 CORES: VERDE;PLÁSTICO, METAL E FIBRA TÊXTIL,520 x 560 x 620 mm,MANUAL,MANUAL,BANDEJA, VOLANTE DO PUXADOR.;7909312341029;Excluido;22/07/2022
308121/1976;Inativo;;02/04/2020;;;Galzerano Indústria de Carrinhos e Berços Ltda;43594977000197;1934043030;Via Prefeito Jurandyr Paixão;700;;13481149;Jd. Campo Belo;Limeira;SP;luisfernando.camargo@galzerano.com.br;FOSHAN SHUNDE QIJUN TOYS CO., LTD;Andadores Infantis;Portaria Inmetro nº 42 de 19/01/2018;;CE-AND/IQB 000006 53487/19-001;;;S;China, República Popular;GALZERANO;Ref.: 4090 - Liam. Versões: 4090CZ (Cinza), 4090PT (Preto);Mat: Tec poli Espum Resin plást Tinta Ferragens. Dim: 70x65x54(cm). Sist Trav: Trilho plást c/ botão destrav e reg de altura. Sist mont/ferragem: Manual. Acess: Bandej brinq não removív e retrovisores;7908200101431|7908200101448;Incluido;02/04/2020
045454/1932;Cancelado;;28/02/2020;;14/07/2025;COMÉRCIO E IMPORTAÇÃO DENISE LTDA;29963642000178;2125843843;RUA DO MILHO;72;A;21011090;PENHA CIRCULAR;RIO DE JANEIRO;RJ;comerciomybaby@hotmail.com;PING HU BEST CHILDREN'S CARRIER CO.LTD;Andadores Infantis;Portaria Inmetro nº 42 de 19/01/2018;;OCAN-AND.329/20-1;;;S;China, República Popular;MY BABY;A-1;VERSÕES: ROSA, AZUL, AZUL COM VERDE, AZUL COM VERMELHO, ROSA COM LILÁS, ROSA COM ROSA ESCURO;;Incluido;28/02/2020
388124/1978;Ativo;;01/12/2021;;;HEMNANI COMERCIO DE VARIEDADES LTDA.;05469291000185;1124143633;Rua Marcílio Dias;304;N/A;69005270;Centro;Manaus;AM;papush@uol.com.br;China Zhejiang Techincal Co. Ltd;Andadores Infantis;Portaria Inmetro nº 42 de 19/01/2018;;OCAN-AND.189/21-1;;;S;China, República Popular;SITA;AKH602;Material: PP, Ferro e Poliester - Dimensões: 655 mm X 560mm X 500 mm - Sistema de Travamento: Travamento automatico com liberação em duas ações consecutivas - Sistema de Montagem e Ferragem: MANUAL;;Incluido;01/12/2021
285497/1939;Ativo;;29/04/2024;;;TAPUZIM COMERCIAL LTDA;00513418000100;113856906;Av. Monte Celeste;230;250;02561000;Vila S. Maria;São Paulo;SP;sergio@babystylebrasil.com.br;SHEN ZHEN WEI MEI CHILDCARE PRODUCT LIMITED COMPANY;Andadores Infantis;Portaria Inmetro nº 129 de 19/03/2021;;IN2118124-2;;;S;China, República Popular;Baby Style;ANDADOR FOGUETE - FOGUETE CINZA E FOGUETE ROSA;MATERIAL:PP/DIM:62X53X78CM/SISTEMA DE TRAVAME:LIBERA EM 2 AÇÕES CONSECUTIVAS/MANUAL/ACESSÓRIOS:N/A/CARACT DO MODELO:ANDADOR C BRINQUEDO NA BANDEJA;4079337285219|4079337296543;Incluido;29/04/2024
011234/2019;Ativo;;29/04/2024;;;TAPUZIM COMERCIAL LTDA;00513418000100;113856906;Av. Monte Celeste;230;250;02561000;Vila S. Maria;São Paulo;SP;sergio@babystylebrasil.com.br;SHEN ZHEN WEI MEI CHILDCARE PRODUCT LIMITED COMPANY;Andadores Infantis;Portaria Inmetro nº 129 de 19/03/2021;;IN2118124-2;;;S;China, República Popular;Baby Style;ANDADOR FOGUETE - FOGUETE CINZA E FOGUETE ROSA;MATERIAL:PP/DIM:62X53X78CM/SISTEMA DE TRAVAME:LIBERA EM 2 AÇÕES CONSECUTIVAS/MANUAL/ACESSÓRIOS:N/A/CARACT DO MODELO:ANDADOR C BRINQUEDO NA BANDEJA;4079337285219|4079337296543;Incluido;29/04/2024
057386/1968;Ativo;;04/08/2025;;;BAMBINO COMERCIAL LTDA;06006481000129;81987347022;R. 23;175;;53090190;RIO DOCE;OLINDA;PE;bambino.souza@terra.com.br;PINGHU XIAOTIANDI CHILDREN?S PRODUCTS FACTORY;Andadores Infantis;Portaria Inmetro nº 129 de 19/03/2021;;IN2750125;Modelo 5;;S;China, República Popular;BAMBINO;ANDADOR - BA01 - ROSA/AZUL;MAT:PP,FERRO E POLIÉSTER/DIM:70X62.5X51CM/SIS_TRAV:LIBERAÇÃO EM DUAS AÇÕES CONSECUTIVAS/SIS_MONT E FERRG:MANUAL(S/FERRAM.)/ACESS.:BRINQ.CEN.DE ATIVI./CARACT.DO MODELO:ANDADOR COM BANDEJA MUSICAL;7898576907150|7898576907167;Incluido;04/08/2025
017211/1937;Ativo;;07/08/2024;;;COMERCIO E IMPORTACAO DENISE LTDA;29963642000178;21997976531;RUA DO MILHO;72;A;21011090;PENHA CIRCULAR;RIO DE JANEIRO;RJ;comerciomybaby@hotmail.com;PING HU BEST CHILDREN?S CARRIER CO.LTD;Andadores Infantis;Portaria Inmetro nº 129 de 19/03/2021;;IN2189524;;;S;China, República Popular;MY BABY;PATO A1 - ROSA LISO, AZUL LISO, ROSA COLORIDO, AZUL COLORIDO - Acessórios: Brinquedos Caracteristicas do modelo: Andador infantil com brinquedo elétrico;Material: Ferro, PP e Poliéster Dimensões: 71 x 62 x 55 cm Sistema de Travamento: Liberação em duas ações consecutivas Sistema de Montagem e Ferragem: Manual (com auxílio de ferramenta);6294013738218|6294013738225|6294013738287|6294013738294;Incluido;07/08/2024
322220/2023;Ativo;;31/08/2026;;;TUTTI BABY INDUSTRIA E COMERCIO DE ARTIGOS INFANTIS LTDA;06981862000129;4733794000;Rod. Guilherme Jensen, SC413, km13;0;Galpão 01;89108000;Distrito Industrial;Massaranduba;SC;heloiza.souza@tuttibaby.com.br;TUTTI BABY INDUSTRIA E COMERCIO DE ARTIGOS INFANTIS LTDA;Andadores Infantis;Portaria Inmetro nº 129 de 19/03/2021;;CE-AND/IQB 000013 57036/26-002;Modelo 5;;N;Brasil;TUTTI BABY;ANDADOR COMFORT - 40005004,40005003,40005011,40005028,40005007,40005010,40005006,40005029;ESTRU.METALICA:ACO TUBULAR,BRINQ:PLAST.DE ENG.,REVEST. TEXTIL: ALGODAO/48X60,5X70 CM/DOIS DISP. DE TRAV. INDEP. SENDO OP. SIMULT./PARAFUSOS E MONT. DE PÇS PLAST./BRINQ. CERT. E ADESIVO-57036/26;7898431502063|7898431502070|7898431502087|7898431502094|7898431502100|7898431502117|7898431502124|7898431502131;Incluido;31/08/2026
305249/1945;Inativo;;14/08/2019;;;Companhia Dorel Brasil Produtos Infantis;10659948000107;2135633602;Av. Nilo Peçanha;1516 /1582;Térreo;28030035;Pq dos Rodoviários;Campos dos Goytacaze;RJ;mariana.magalhaes@dorel.com.br;JIN SUN GEE PLASTIC CO.,LTD;Andadores Infantis;Portaria Inmetro nº 42 de 19/01/2018;;OCAN-AND.145/19-4;;;S;Formosa (Taiwan);Voyage;BG1401;Nome Fantasia: Buggy. Cores: Rosa e Azul. Material: Ferro, plástico, PP e PU. 42 x 58.5 x 65 cm. Sistema de Travamento e Montagem: Manual. Acessórios: Bandeja;7898509475206|7898509475213;Incluido;14/08/2019
774387/2001;Ativo;;20/12/2019;;;TAPUZIM COMERCIAL LTDA;00513418000100;1138569063;Av. Monte Celeste;230;250;02561000;Vila S. Maria;São Paulo;SP;ehs0770@hotmail.com;SHEN ZHEN WEI MEI CHILDCARE PRODUCT LIMITED COMPANY;Andadores Infantis;Portaria Inmetro nº 42 de 19/01/2018;;OCAN-AND.165/19-2;;;S;China, República Popular;baby style;SPACECAR - VERSÕES: Andador car - Ref. 21302 / Andador space - Ref. 33117;Material: Plástico, metal e tecido. Dimensões: 59 x 59 x 69 cm , Sistema de Travamento: Stoper, Sistema de Montagem e Ferragem: Tesoura, Acessórios: Bandeja musical;4532213022990|4532331172997;Incluido;20/12/2019
599253/1971;Ativo;;07/02/2022;;;TUTTI BABY INDUSTRIA E COMERCIO DE ARTIGOS INFANTIS LTDA;06981862000129;4733794000;Rod. Guilherme Jensen, SC413, km13;0;;89108000;Distrito Industrial;Massaranduba;SC;certificacao@tuttibaby.com.br;TUTTI BABY INDUSTRIA E COMERCIO DE ARTIGOS INFANTIS LTDA;Andadores Infantis;Portaria Inmetro nº 129 de 19/03/2021;;IN2869325;Modelo 5;;N;Brasil;TUTTI BABY;ANDADOR SAFARI II-ANDADOR 40.002-40002003/40002004/40002007/40003004/40004002/40004003;MAT:PP E ALGODAO/DIM:51X61X70CM/SIS_TRAV:DOIS DISPOS TRAV INDEPEND SENDO OPER SIMULTÂNEAM./SIS_MONT/FERRG:REBITES,PARAFUSOS E ENCAIXE DE PÇS PLAST/ACESS:BAND. COM BRINQ/CARAC. DO MOD.:AND. C/ BRINQ NA;7898431501615|7898431501622|7898431501639|7898431501684|7898431501691|7898431501707;Excluido;27/02/2026
893257/1997;Ativo;;13/04/2026;;;VG SHOP COMERCIO ON LINE LTDA;16857384000365;1149690505;RUA PROJETADA SN KM 15 NUCLEO AGUA COMPRIDA;0;KM 15;37600000;AGUA COMPRIDA;CAMBUI;MG;gilson@vgshop.com.br;YONGXING SPORTS LIMITED;Andadores Infantis;Portaria Inmetro nº 129 de 19/03/2021;;IN2982826;Modelo 5;;S;China, República Popular;MULTMAXX;Desig. Com. andador infantil com empurrador Cod. Ref. MTX150 / MTX151 Quant. (aplic. para mod. 1b) n/a Mat: poliéster, abs, pp e borracha Dim. 76x65x65cm Sis. Trav. dois dispositivos independentes sendo operador simultaneamente;Sis. de Mont. e Ferragem: manual (com ferramenta) acess: N/A Car.do mod: andador ccom empurrador e brinquedo musical Vers. MTX150 cinza MTX151 rosa;7898758400394|7898758400400;Incluido;13/04/2026
934393/2005;Ativo;;19/06/2026;;;LILI FLORES ARTESANAIS LTDA;50509301000113;2199999999;R SANTO SEPULCRO;00279;;21350220;MADUREIRA;RIO DE JANEIRO;RJ;xiaoweiliu663@gmail.com;PINGHU XIAOTIANDI CHILDREN''S PRODUCTS FACTORY ;Andadores Infantis;Portaria Inmetro nº 129 de 19/03/2021;;IN3051726;Modelo 5;;S;China, República Popular;LILI;MOD:ANDADOR LL-2931 / CÓD. DE REFERÊNCIA COMERCIAL: LL-2931 / AZUL,ROSA,VERDE;MAT.:PP, POLIÉSTER E POLIETILENO/DIM:56,5X68X60,5CM/ SIST.TRAV.:LIBERAÇÃO EM DUAS AÇÕES CONSECUTIVAS/SIST. MONT.:LIBERAÇÃO EM DUAS AÇÕES CONSECUTIVAS/SEM ACESSÓRIOS/ANDADOR COM BRINQUEDO INTERATIVO;;Incluido;19/06/2026
650757/2021;Inativo;;12/12/2022;;;COMPANHIA DOREL BRASIL PRODUTOS INFANTIS;10659948000883;2135547024;Av. Nilo Peçanha;1516 ;Galpão 3 ;28030035;Pq dos Rodoviários;Campos dos Goytacaze;RJ;standard@dorel.com.br;Dongguan Xinyeda Hardware Plastic Products Co., Ltd;Andadores Infantis;Portaria Inmetro nº 129 de 19/03/2021;;IN1715922;;;S;China, República Popular;Safety 1st;11389.  Melody Garden;ABS,PP.PVC.Pol.Esp, 64x55x66cm,Trav.Lib.2açoes cons, Mon.Manual. Aces: Brinquedos.;9312541727119;Incluido;12/12/2022
187261/2024;Ativo;;29/04/2024;;;TAPUZIM COMERCIAL LTDA;00513418000100;1138569063;Av. Monte Celeste;230;250;02561000;Vila S. Maria;São Paulo;SP;sergio@babystylebrasil.com.br;SHEN ZHEN WEI MEI CHILDCARE PRODUCT LIMITED COMPANY;Andadores Infantis;Portaria Inmetro nº 129 de 19/03/2021;;IN2118124-1;;;S;China, República Popular;Baby Style;ANDADOR SMART - SMART AZUL E SMART ROSA;PP,62 X 53 X 78CM,LIBERAÇÃO EM DUAS AÇÕES CONSECUTIVAS,MANUAL (SEM FERRAMENTA),ACESSÓRIOS:N/A/CARAC MODELO:ANDADOR C BRINQUEDO NA BANDEJA;4079337307416|4079337313325;Incluido;29/04/2024
860680/1980;Ativo;;17/06/2024;;;MEGA COMPRAS PRESENTES.COM LTDA;02561195000174;4191284769;RUA ELDORADO;511;511;09550720;PROSPERIDADE;SÃO CAETANO DO SUL;SP;contabilidade@grupogmac.com;HEBEI HAOKU CHILDREN TOYS CO., LTD;Andadores Infantis;Portaria Inmetro nº 129 de 19/03/2021;;IN2152424;;;S;China, República Popular;MEGA COMPRAS;ANDADOR PARA BEBÊS-PREMIUM-REF:MC923/MC923AZ/MC923RS/MC923CZ/MATERIAL:PP E POLIÉSTER/DIMENSÕES:65X 48X46 CM/ CONT: ANDADOR COM BRINQUEDO ACOPLADO;SISTEMA DE TRAVAMENTO:DOIS DISPOSITIVOS DE TRAVAMENTO INDEPENDENTES SENDO OPERADOS SIMULTÂNEAMENTE/SISTEMA DE MONTAGEM E FERRAGEM:MANUAL (SEM FERRAMENTA)/ACESSÓRIOS:BRINQUEDO/CARACTERISTICAS DO MODELO;7898692799028|7898692799578|7898692799585;Incluido;17/06/2024
481276/1950;Ativo;;30/08/2021;;;TA TE TI INDUSTRIA E COMERCIO DE BRINQUEDOS EDUCATIVOS LTDA;30261120000103;4732422225;RUA TIRADENTES;230;;89107000;CENTRO;POMERODE;SC;qualidade3@grupocalesita.com.br;TA TE TI INDUSTRIA E COMERCIO DE BRINQUEDOS EDUCATIVOS LTDA;Andadores Infantis;Portaria Inmetro nº 129 de 19/03/2021;;CE-AND/IQB 000010 55962/23-001;Modelo 5;;N;Brasil;Tateti;Ref.915 - Move Baby Rosa;PP, METAL, TECIDO POLIESTER. DIMENSAO: 70,20X59,83X49,12CM. SIST. TRAVAMENTO:FREIO DIANTEIRO E TRASEIRO. SIST DE MONTAGEM: MANUAL/PARAFUSOS PP. ACESSORIOS:BANDEJA DE BRINQUEDOS;7898664632247;Incluido;02/03/2026
663269/1973;Ativo;;31/10/2025;;;MD COMERCIO DE FERRAGENS LTDA;55274701000100;92985975259;Avenida Joaquim Nabuco;1094;A;69020030;Centro;Manaus;AM;mdcomerciodeferragensltda@gmail.com;Xingtai Pandelo Technology Co.,Ltd;Andadores Infantis;Portaria Inmetro nº 129 de 19/03/2021;;IN2824825;Modelo 5;;S;China, República Popular;ULTRA BABY;ANDADOR INFANTIL MUSICAL PARA BEBÊ - UBW -305 - N/A - BABY PINK / BARBIE PINK/RED / WHITE/ROYAL BLUE /ORANGE / WHITE/LIGHT BLUE / WHITE;MAT:PP,FERRO E POLIÉ./DIM.:68X59X52 CM/SIST.DE TRAV.:LIB.EM DUAS AÇÕES CONS./SIST.DE MONT. E FERR.:MAN.(S/FERRAM.)/ACESS.:N/A/CARACTERISTICAS DO MODELO:ANDADOR COM BRINQUEDO ACOPLADO;7890012361007|7890012361113|7890012368082|7890012369096;Incluido;31/10/2025
775280/1976;Ativo;;03/04/2023;;;PLANETA - IMPORTACAO E DISTRIBUICAO DE BRINQUEDOS LTDA;13434272000141;1138951572;AV VASCO MASSAFELI;1000;G1A M1-21;06703600;JARDIM MARIA TEREZA;COTIA;SP;admin@planetadobebe.com.br;HEBEI WANXIN CHILDREN TOYS CO.,LTD.;Andadores Infantis;Portaria Inmetro nº 129 de 19/03/2021;;IN1765923;Modelo 5;;S;China, República Popular;MAXI BABY;ANDADOR LA BAMBA - NW-01 - AZUL #21537/ROSA #21538/VERMELHO #75268;MAT: PP E PAR. ABS, AÇO DE ALT. CARB.-RODA ELAST. TERM.,PVC/DIM:580X680X550(LXCXH)/SIS_TRAV:LIBE.EMDUAS AÇÕES CONS./SIS_MONT E FER:MAN.(S/FER.)/ACES:BAND C BRINQ./CARAC.DO MOD:ANDADOR C BRI.(BAD. MUS.;7898975752689|7899403215370|7899403215387;Excluido;18/03/2026
069284/2003;Ativo;;07/02/2022;;;TUTTI BABY INDUSTRIA E COMERCIO DE ARTIGOS INFANTIS LTDA;06981862000129;4733794000;Rod. Guilherme Jensen, SC413, km13;0;;89108000;Distrito Industrial;Massaranduba;SC;certificacao@tuttibaby.com.br;TUTTI BABY INDUSTRIA E COMERCIO DE ARTIGOS INFANTIS LTDA;Andadores Infantis;Portaria Inmetro nº 129 de 19/03/2021;;IN2869325;Modelo 5;;N;Brasil;Tutti Baby;Andador: VERSÕES: Safari II (Azul/Rosa/Vermelho), Princesa Rosa Coroa, Acqua Explorador (Cinza/Roxo);ESTRUTURA METÁLICA , AÇO TUBULAR / 48 x 60,5 x 70CM / SISTEMA DE TRAVAMENTO COM DUAS AÇÕES CONSECUTIVAS PARA LIBERAÇÃO /SISTEMA DE MONTAGEM/FERRAGEM: PARAFUSOS E REBITES ACESSÓRIOS: BRINQUEDOS E ADESI;7898431501615|7898431501622|7898431501639|7898431501684|7898431501691|7898431501707;Excluido;15/03/2024
970814/1930;Inativo;;02/04/2020;;;Galzerano Indústria de Carrinhos e Berços Ltda;43594977000197;1934043030;Via Prefeito Jurandyr Paixão;700;;13481149;Jd. Campo Belo;Limeira;SP;luisfernando.camargo@galzerano.com.br;FOSHAN SHUNDE QIJUN TOYS CO., LTD;Andadores Infantis;Portaria Inmetro nº 42 de 19/01/2018;;CE-AND/IQB 000006 53487/19-001;;;S;China, República Popular;GALZERANO;Ref.: 4090 - Liam. Versões: 4090CZ (Cinza), 4090PT (Preto);Mat: Tec poli Espum Resin plást Tinta Ferragens. Dim: 70x65x54(cm). Sist Trav: Trilho plást c/ botão destrav e reg de altura. Sist mont/ferragem: Manual. Acess: Bandej brinq não removív e retrovisores;7908200101431|7908200101448;Incluido;02/04/2020
333805/1999;Ativo;;31/08/2026;;;TUTTI BABY INDUSTRIA E COMERCIO DE ARTIGOS INFANTIS LTDA;06981862000129;4733794000;Rod. Guilherme Jensen, SC413, km13;0;Galpão 01;89108000;Distrito Industrial;Massaranduba;SC;heloiza.souza@tuttibaby.com.br;TUTTI BABY INDUSTRIA E COMERCIO DE ARTIGOS INFANTIS LTDA;Andadores Infantis;Portaria Inmetro nº 129 de 19/03/2021;;CE-AND/IQB 000013 57036/26-002;Modelo 5;;N;Brasil;TUTTI BABY;ANDADOR COMFORT - 40005004,40005003,40005011,40005028,40005007,40005010,40005006,40005029;ESTRU.METALICA:ACO TUBULAR,BRINQ:PLAST.DE ENG.,REVEST. TEXTIL: ALGODAO/48X60,5X70 CM/DOIS DISP. DE TRAV. INDEP. SENDO OP. SIMULT./PARAFUSOS E MONT. DE PÇS PLAST./BRINQ. CERT. E ADESIVO-57036/26;7898431502063|7898431502070|7898431502087|7898431502094|7898431502100|7898431502117|7898431502124|7898431502131;Incluido;31/08/2026
467166/2003;Ativo;;03/04/2023;;;PLANETA - IMPORTACAO E DISTRIBUICAO DE BRINQUEDOS LTDA;13434272000141;1138951572;AV VASCO MASSAFELI;1000;G1A M1-21;06703600;JARDIM MARIA TEREZA;COTIA;SP;admin@planetadobebe.com.br;HEBEI WANXIN CHILDREN TOYS CO.,LTD.;Andadores Infantis;Portaria Inmetro nº 129 de 19/03/2021;;IN1765923;Modelo 5;;S;China, República Popular;MAXI BABY;ANDADOR LA BAMBA - NW-01 - AZUL #21537/ROSA #21538/VERMELHO #75268;MAT:PP E PART.ABS,AÇOD.ALTOCARB.RODAELASTÔM.TERMOP.,PVC/DIM:580X680X550(LXCXH)/SIS_TRAV:LIBER.EM 2 AÇÕES CONS./SIS_MONT E FERRG:MAN.(S/FERM)/ACES:BANDJ C BRI./CARAC.D.M.:ANDAD.C BRINQ.REG.002149/2023 ;7898975752689|7899403215370|7899403215387;Incluido;18/03/2026
363299/1929;Ativo;;19/06/2023;;;KCARVALHUS COMERCIO E SERVICOS EIRELI;24633386000137;1143798430;Rua Poeta João Cabral De Melo Neto,  Santa Maria - Osasco - SP;77;;06147020; Santa Maria ;Osasco ;SP;carlos.carvalho@kkbebe.com.br;PINGHU SHI XIAOTIANDI CHILDREN?S PRODUCTS FACTORY;Andadores Infantis;Portaria Inmetro nº 129 de 19/03/2021;;IN1823223;;;S;China, República Popular;KK bebê;ANDADOR INFANTIL PASSINHO FORTE / AZUL /ROSA , MATERIAL:PP,FERRO E POLIÉSTER/DIMENSÕES:63X57X53CM;SISTEMA DE TRAVAMENTO:LIBERAÇÃO EM DUAS AÇÕES CONSECUTIVAS/SISTEMA DE MONTAGEM E FERRAGEM: MANUAL (SEM FERRAMENTA)/ACESSÓRIOS:BRINQUEDOS/CARACTERISTICAS DO MODELO: ANDADOR COM BRINQUEDO FIXO ACOPLADO;7898711750108|7898711750115;Incluido;19/06/2023
453670/1973;Cancelado;;28/02/2020;;14/07/2025;COMÉRCIO E IMPORTAÇÃO DENISE LTDA;29963642000178;2125843843;RUA DO MILHO;72;A;21011090;PENHA CIRCULAR;RIO DE JANEIRO;RJ;comerciomybaby@hotmail.com;PING HU BEST CHILDREN'S CARRIER CO.LTD;Andadores Infantis;Portaria Inmetro nº 42 de 19/01/2018;;OCAN-AND.329/20-1;;;S;China, República Popular;MY BABY;A-1;VERSÕES: ROSA, AZUL, AZUL COM VERDE, AZUL COM VERMELHO, ROSA COM LILÁS, ROSA COM ROSA ESCURO;;Incluido;28/02/2020
545929/1970;Ativo;;20/10/2022;;;STYLL ADMINISTRACAO, INVESTIMENTOS, LOCACOES & SERVICOS LIMITADA;22475905000231;11994300960;Rua Marcio Carlim;401;;13849226;Parque Industrial;Mogi Guaçu;SP;alexandre@styll.com.br;STYLL ADMINISTRACAO, INVESTIMENTOS, LOCACOES & SERVICOS LIMITADA;Andadores Infantis;Portaria Inmetro nº 129 de 19/03/2021;;IN1679022;Modelo 5;;N;Brasil;STYLL BABY;ANDADOR SOFT WAY / V:V:AZ.SON.(AND-98.001-05)/RO.SON.(AND-98.002-05)/LAR.SON.(AND-98.003-05)/GUARÁ AZ.(AND-50.022-01)/GUARÁ RO.(AND-50.022-02)/GUARÁ LAR.(AND-50.022-03)/VE.SON.(AND-99.009-68)/AZ.CLÁS.(AND-98.001-04)/RO.CLÁS.(AND-98.002-04))/...;MAT:AÇO,POLIPR. E POLIÉ./DIM:640X570X470MM/SIS.DE TRAV:CATRA.EM BAI.DA BAN.(LIBER. EM DU.AÇÕ.CONS.)/SIST.DE MON.E FERR.:MANUAL(COM CHA.PHI.NÃO INCL.)/ACES:BAND.COM BRIN./ CONT.VERSÔES;7898488590037|7898488590440|7898488590457|7898488590464|7898488590624|7898488599849|7898488599856|7898488599863|7898488599870|7898488599887|789848859994;Incluido;20/10/2022
657303/1955;Ativo;;07/02/2022;;;TUTTI BABY INDUSTRIA E COMERCIO DE ARTIGOS INFANTIS LTDA;06981862000129;4733794000;Rod. Guilherme Jensen, SC413, km13;0;;89108000;Distrito Industrial;Massaranduba;SC;certificacao@tuttibaby.com.br;TUTTI BABY INDUSTRIA E COMERCIO DE ARTIGOS INFANTIS LTDA;Andadores Infantis;Portaria Inmetro nº 129 de 19/03/2021;;IN2869325;Modelo 5;;N;Brasil;Tutti Baby;Andador Safari II Azul/Rosa/Vermelho/Andador Princesa Rosa Coroa/Andador Acqua Explorador Cinza/Roxo;ESTRUT. MET.AÇO.TUBULAR/48x60,5x70CM/SIST.DE TRAV. COM.DUAS.AÇÕES.CONSECUT.PARA.LIBER./PARAFUSOS.E. REBITES/BRINQUEDOS.E.ADESIVOS;7898431501615|7898431501622|7898431501639|7898431501684|7898431501691|7898431501707;Excluido;12/01/2024
410077/1996;Ativo;;07/02/2022;;;TUTTI BABY INDUSTRIA E COMERCIO DE ARTIGOS INFANTIS LTDA;06981862000129;4733794000;Rod. Guilherme Jensen, SC413, km13;0;;89108000;Distrito Industrial;Massaranduba;SC;certificacao@tuttibaby.com.br;TUTTI BABY INDUSTRIA E COMERCIO DE ARTIGOS INFANTIS LTDA;Andadores Infantis;Portaria Inmetro nº 129 de 19/03/2021;;IN2869325;Modelo 5;;N;Brasil;Tutti Baby;Andador Safari II Azul/Rosa/Vermelho/Andador Princesa Rosa Coroa/Andador Acqua Explorador Cinza/Roxo;ESTRUT. MET.AÇO.TUBULAR/48x60,5x70CM/SIST.DE TRAV. COM.DUAS.AÇÕES.CONSECUT.PARA.LIBER./PARAFUSOS.E. REBITES/BRINQUEDOS.E.ADESIVOS;7898431501615|7898431501622|7898431501639|7898431501684|7898431501691|7898431501707;Excluido;12/01/2024
613420/2020;Ativo;;07/03/2024;;;MADHULA COMERCIO DE ARTIGOS ELETROELETRONICOS LTDA;03838532000190;63881924131;Rua Marcilio Dias;166;;69005270;Centro;Manaus;AM;ltdamcg@gmail.com;PINGHU SHI XIAOTIANDI CHILDREN''S PRODUCTS FACTORY;Andadores Infantis;Portaria Inmetro nº 129 de 19/03/2021;;IN2088024;;;S;China, República Popular;BENMEK;ANDADOR MADHULA - MA101 - ROSA-MA101R/AZUL-MA101A/VERDE-MA101V/LARANJA-MA101L;MAT.:PP,FERRO E POLIÉSTER/DIM.:63X57X53CM/SIST.TRAVA.:LIBERAÇÃO EM DUAS AÇÕES CONSECUTIVAS/SIST.MONT.FERRA.:MANUAL(SEM FERRAMENTA)/ACESSÓRIOS:N/A/CARACTERISTICAS DO MODELO: ANDADOR COM BRINQUEDO;6901031000158;Incluido;07/03/2024
829599/1955;Ativo;;29/04/2025;;;MD COMERCIO DE FERRAGENS LTDA;55274701000100;92981285408;AVENIDA JOAQUIM NABUCO;1094;A;69020030;Centro;Manaus;AM;mdcomerciodeferragensltda@gmail.com;PINGHU XIAOTIANDI CHILDREN''S PRODUCTS FACTORY;Andadores Infantis;Portaria Inmetro nº 129 de 19/03/2021;;IN2610925;Modelo 5;;S;China, República Popular;ULTRA BABY;REF: UBW-601 - ANDADOR INFANTIL MUSICAL PARA BEBÊ - NAVY BLUE / RED, GREEN / BLUE, ROYAL BLUE / TEAL, LIGHT PINK / LAVANDER, DARK PURPLE / PINK;MAT:PP,FERRO E POLIÉSTER/DIM:70X62,5X55CM/SIS_TRAV:LIBERAÇÃO EM 2 AÇÕES CONSECUTIVAS/SIS_MONT.E_FERRAGEM:MANUAL(SEM FERRAMENTA)/ACESSÓRIOS: N/A/CARACTERISTICAS_MODELO:ANDADOR COM BRINQUEDO ACOPLADO;7890012361120|7890012361137|7890012361144|7890012361151|7890012361168;Incluido;29/04/2025
092232/1999;Ativo;;29/04/2025;;;MD COMERCIO DE FERRAGENS LTDA;55274701000100;92981285408;AVENIDA JOAQUIM NABUCO;1094;A;69020030;Centro;Manaus;AM;mdcomerciodeferragensltda@gmail.com;PINGHU XIAOTIANDI CHILDREN''S PRODUCTS FACTORY;Andadores Infantis;Portaria Inmetro nº 129 de 19/03/2021;;IN2610925;Modelo 5;;S;China, República Popular;ULTRA BABY;REF: UBW-601 - ANDADOR INFANTIL MUSICAL PARA BEBÊ - NAVY BLUE / RED, GREEN / BLUE, ROYAL BLUE / TEAL, LIGHT PINK / LAVANDER, DARK PURPLE / PINK;MAT:PP,FERRO E POLIÉSTER/DIM:70X62,5X55CM/SIS_TRAV:LIBERAÇÃO EM 2 AÇÕES CONSECUTIVAS/SIS_MONT.E_FERRAGEM:MANUAL(SEM FERRAMENTA)/ACESSÓRIOS: N/A/CARACTERISTICAS_MODELO:ANDADOR COM BRINQUEDO ACOPLADO;7890012361120|7890012361137|7890012361144|7890012361151|7890012361168;Incluido;29/04/2025
951307/1981;Ativo;;07/08/2024;;;COMERCIO E IMPORTACAO DENISE LTDA;29963642000178;21997976531;RUA DO MILHO;72;A;21011090;PENHA CIRCULAR;RIO DE JANEIRO;RJ;comerciomybaby@hotmail.com;PING HU BEST CHILDREN?S CARRIER CO.LTD;Andadores Infantis;Portaria Inmetro nº 129 de 19/03/2021;;IN2189524;;;S;China, República Popular;MY BABY;PATO A1 - ROSA LISO, AZUL LISO, ROSA COLORIDO, AZUL COLORIDO - Acessórios: Brinquedos Caracteristicas do modelo: Andador infantil com brinquedo elétrico;Material: Ferro, PP e Poliéster Dimensões: 71 x 62 x 55 cm Sistema de Travamento: Liberação em duas ações consecutivas Sistema de Montagem e Ferragem: Manual (com auxílio de ferramenta);6294013738218|6294013738225|6294013738287|6294013738294;Incluido;07/08/2024
245311/2008;Ativo;;07/02/2022;;;TUTTI BABY INDUSTRIA E COMERCIO DE ARTIGOS INFANTIS LTDA;06981862000129;4733794000;Rod. Guilherme Jensen, SC413, km13;0;;89108000;Distrito Industrial;Massaranduba;SC;certificacao@tuttibaby.com.br;TUTTI BABY INDUSTRIA E COMERCIO DE ARTIGOS INFANTIS LTDA;Andadores Infantis;Portaria Inmetro nº 129 de 19/03/2021;;IN2869325;Modelo 5;;N;Brasil;TUTTI BABY;DESIGNAÇÃO COMERC SAFARI II (AZUL/ROSA/VERMELHO),PRINCESA ROSA COROA,ACQUA,EXPLORADOR (CINZA/ ROXO) CÓD D REF COMERC:ANDAD 40.002/40002003/40002004/40002007/40003004/40004002/40004003;MAT:ESTRUTURA METALICA - AÇO TUBULAR/DIM:48X60,5X70CM/SIST DE TRAVA:LIBERAÇ EM 2AÇÕES CONSECUT/SIST DE MONTAGEM E FERRAGEM:PARAFUSOS E REBITES/ACESSÓ:BRINQUEDOS E ADESIVOS/CARACT DO MODELO:ANDADOR C B;7898431501615|7898431501622|7898431501639|7898431501684|7898431501691|7898431501707;Excluido;26/04/2024
216499/1997;Ativo;;03/04/2023;;;PLANETA - IMPORTACAO E DISTRIBUICAO DE BRINQUEDOS LTDA;13434272000141;1138951572;AV VASCO MASSAFELI;1000;G1A M1-21;06703600;JARDIM MARIA TEREZA;COTIA;SP;admin@planetadobebe.com.br;HEBEI WANXIN CHILDREN TOYS CO.,LTD.;Andadores Infantis;Portaria Inmetro nº 129 de 19/03/2021;;IN1765923;Modelo 5;;S;China, República Popular;MAXI BABY;NW-01 - ANDADOR LA BAMBA;MAT:PP PARTES EM ABS, AÇO DE ALTO CARB RODA ELAST.TERMO., PVC/DIM:580X680X550/SIS TRA:LIBERA.EM 2 AÇÕES CONSEC. SIS DE MON E FER:MAN.(S/ FER)/ACE:BANDEJA COM BRINQ/CAR MOD:AND COM BRINQ(BAND.A MUS.);7899403215370|7899403215387;Excluido;22/12/2025
539326/1934;Ativo;;29/01/2025;;;MD COMERCIO DE FERRAGENS LTDA;55274701000100;92981285408;AVENIDA JOAQUIM NABUCO, ;1094;A;69020030;CENTRO;MANAUS;AM;monadowlani@gmail.com;Hebei Zhongtai Bicycle manufacturing Co,. Ltd;Andadores Infantis;Portaria Inmetro nº 129 de 19/03/2021;;IN2520425;;;S;China, República Popular;ULTRA BABY;ANDADOR INFANTIL MUSICAL PARA BEBÊ/REF.:UBW-1026/PINK/GREEN/BLUE;MAT:PU,PP,AÇO,POLIÉSTER,ABS/DIM:70X60X55CM/SIST.DE TRAV.:LIB.EM DUAS AÇÕ.CONS./SIS.DE MONT.E FER.:MAN.(S/FERR.)/ACESS.:BANDE.COM BRINQ./CARAC.DO MODE.:ANDAD.C/BRINQ;7890012365050|7890012366064|7890012367078;Incluido;29/01/2025
428589/1967;Ativo;;30/06/2026;;;MARKETGOOL TRADING IMPORTACAO E EXPORTACAO LTDA;18787076000174;11947652325;ROD RODOLFO JAHN;326;ANEXO 92;89237680; VILA NOVA;JOINVILLE;SC;alexandre.morroni@hotmail.com;PINGHU XIAOTIANDI CHILDREN''S PRODUCTS FACTORY;Andadores Infantis;Portaria Inmetro nº 129 de 19/03/2021;;IN3048926;Modelo 5;;S;China, República Popular;MARKETGOOL;Designação Comercial: Andador Marketgool / Código de referência comercial / MKG-010 / ROSA;Mat: PP, FERRO E POLIÉSTER / Dim: 65X55X45 CM/ SIST DE TRAV: Liberação em duas ações consecutivas/ Acess: Brinquedo do andador/ Caract do mod: Andador com Brinquedo;0070341132777;Incluido;30/06/2026
813925/2014;Ativo;;02/09/2026;;;BAGATOLI COMERCIO DE REFRIGERACAO LTDA;00897750000108;47984556257;BR-470;8105;;89058020;FORTALEZA ALTA;BLUMENAU;SC;digitalpriceconsultoria@gmail.com;PINGHU XIAOTIANDI CHILDREN?S PRODUCTS FACTORY;Andadores Infantis;Portaria Inmetro nº 129 de 19/03/2021;;IN3155526;Modelo 5;;S;China, República Popular;BAGATOLI KIDS;MOD: ANDADOR INFANTIL PULSE/ N.COM: PULSE/ V.: ROSA, AZUL, CINZA;MAT.:PP,POLIÉSTER,AÇO/DIM.:51X61X69CM/SIST.TRAV.:LIB.2 AÇÕES CONSEC./SIST.MONT.FERR.:REBITES,PARAF.E ENCAIXE PEÇAS PLÁST./ACESS.:BRINQ.NA BANDEJA/CARACT.MOD.:ANDADOR C/BRINQ.;7901030400859|7901030400866|7901030400873;Incluido;02/09/2026
583300/1972;Ativo;;03/04/2023;;;PLANETA - IMPORTACAO E DISTRIBUICAO DE BRINQUEDOS LTDA;13434272000141;1138951572;AV VASCO MASSAFELI;1000;G1A M1-21;06703600;JARDIM MARIA TEREZA;COTIA;SP;admin@planetadobebe.com.br;HEBEI WANXIN CHILDREN TOYS CO.,LTD.;Andadores Infantis;Portaria Inmetro nº 129 de 19/03/2021;;IN1765923;Modelo 5;;S;China, República Popular;MAXI BABY;ANDADOR LA BAMBA - NW-01 - AZUL #21537/ROSA #21538/VERMELHO #75268;MAT: PP E PAR. ABS, AÇO DE ALT. CARB.-RODA ELAST. TERM.,PVC/DIM:580X680X550(LXCXH)/SIS_TRAV:LIBE.EMDUAS AÇÕES CONS./SIS_MONT E FER:MAN.(S/FER.)/ACES:BAND C BRINQ./CARAC.DO MOD:ANDADOR C BRI.(BAD. MUS.;7898975752689|7899403215370|7899403215387;Excluido;18/03/2026
833330/1960;Ativo;;01/08/2023;;;COMPANHIA DOREL BRASIL PRODUTOS INFANTIS;10659948000883;2135547024;Av. DR  Nilo Peçanha;1516;Galpão 3 ;28030035;Pq dos Rodoviários;Campos dos Goytacaze;RJ;standard@dorel.com.br;ZHONG SHAN SUN LUEN CHONG COMMODITY COMPANY LIMITED;Andadores Infantis;Portaria Inmetro nº 129 de 19/03/2021;;CE-AND/IQB 000011 55435/22-001;Modelo 5;;S;China, República Popular;TINY LOVE;4-in-1 Here I Grow Mobile Activity Center. Ref. 1806501211. ABS, Alumínio, Aço, Poliéster, PP. 70x57x44cm.Sist. de mont.:Manual (s/ ferragem).;Sist. de Trav.:2 disp. de travamento independentes, devem ser operados simultaneamente. Aces.: Brinq. acoplado.;7290108862973;Incluido;01/08/2023
507955/1951;Ativo;;07/02/2022;;;TUTTI BABY INDUSTRIA E COMERCIO DE ARTIGOS INFANTIS LTDA;06981862000129;4733794000;Rod. Guilherme Jensen, SC413, km13;0;;89108000;Distrito Industrial;Massaranduba;SC;certificacao@tuttibaby.com.br;TUTTI BABY INDUSTRIA E COMERCIO DE ARTIGOS INFANTIS LTDA;Andadores Infantis;Portaria Inmetro nº 129 de 19/03/2021;;IN2869325;Modelo 5;;N;Brasil;TUTTI BABY;DESIGNAÇÃO COMERC SAFARI II (AZUL/ROSA/VERMELHO),PRINCESA ROSA COROA,ACQUA,EXPLORADOR (CINZA/ ROXO) CÓD D REF COMERC:ANDAD 40.002/40002003/40002004/40002007/40003004/40004002/40004003;MAT:ESTRUTURA METALICA - AÇO TUBULAR/DIM:48X60,5X70CM/SIST DE TRAVA:LIBERAÇ EM 2AÇÕES CONSECUT/SIST DE MONTAGEM E FERRAGEM:PARAFUSOS E REBITES/ACESSÓ:BRINQUEDOS E ADESIVOS/CARACT DO MODELO:ANDADOR C B;7898431501615|7898431501622|7898431501639|7898431501684|7898431501691|7898431501707;Excluido;26/04/2024
127334/1987;Ativo;;07/03/2024;;;MADHULA COMERCIO DE ARTIGOS ELETROELETRONICOS LTDA;03838532000190;63881924131;Rua Marcilio Dias;166;;69005270;Centro;Manaus;AM;ltdamcg@gmail.com;PINGHU SHI XIAOTIANDI CHILDREN''S PRODUCTS FACTORY;Andadores Infantis;Portaria Inmetro nº 129 de 19/03/2021;;IN2088024;;;S;China, República Popular;BENMEK;ANDADOR MADHULA - MA101 - ROSA-MA101R/AZUL-MA101A/VERDE-MA101V/LARANJA-MA101L;MAT.:PP,FERRO E POLIÉSTER/DIM.:63X57X53CM/SIST.TRAVA.:LIBERAÇÃO EM DUAS AÇÕES CONSECUTIVAS/SIST.MONT.FERRA.:MANUAL(SEM FERRAMENTA)/ACESSÓRIOS:N/A/CARACTERISTICAS DO MODELO: ANDADOR COM BRINQUEDO;6901031000158;Incluido;07/03/2024
421338/2013;Inativo;;14/08/2019;;;Companhia Dorel Brasil Produtos Infantis;10659948000107;2135633602;Av. Nilo Peçanha;1516 /1582;Térreo;28030035;Pq dos Rodoviários;Campos dos Goytacaze;RJ;mariana.magalhaes@dorel.com.br;JIN SUN GEE PLASTIC CO.,LTD;Andadores Infantis;Portaria Inmetro nº 42 de 19/01/2018;;OCAN-AND.145/19-4;;;S;Formosa (Taiwan);Voyage;BG1401;Nome Fantasia: Buggy. Cores: Rosa e Azul. Material: Ferro, plástico, PP e PU. 42 x 58.5 x 65 cm. Sistema de Travamento e Montagem: Manual. Acessórios: Bandeja;7898509475206|7898509475213;Incluido;14/08/2019
179162/1996;Ativo;;04/08/2025;;;BAMBINO COMERCIAL LTDA;06006481000129;81987347022;R. 23;175;;53090190;RIO DOCE;OLINDA;PE;bambino.souza@terra.com.br;PINGHU XIAOTIANDI CHILDREN?S PRODUCTS FACTORY;Andadores Infantis;Portaria Inmetro nº 129 de 19/03/2021;;IN2750125;Modelo 5;;S;China, República Popular;BAMBINO;ANDADOR - BA01 - ROSA/AZUL;MAT:PP,FERRO E POLIÉSTER/DIM:70X62.5X51CM/SIS_TRAV:LIBERAÇÃO EM DUAS AÇÕES CONSECUTIVAS/SIS_MONT E FERRG:MANUAL(S/FERRAM.)/ACESS.:BRINQ.CEN.DE ATIVI./CARACT.DO MODELO:ANDADOR COM BANDEJA MUSICAL;7898576907150|7898576907167;Incluido;04/08/2025
041075/2009;Ativo;;07/03/2024;;;JASSUMAL LTDA;04214425000154;63881924131;AV SETE SETEMBRO;852;;69005140;CENTRO;MANAUS;AM;dgjohnny@gmail.com;PINGHU SHI XIAOTIANDI CHILDREN''S PRODUCTS FACTORY;Andadores Infantis;Portaria Inmetro nº 129 de 19/03/2021;;IN2087524;;;S;China, República Popular;BABY SPORTS;ANDADOR JASSUMAL - BS104 - AZUL CLARO E ESCURO-BS104A/ROSA CLARO E ESCURO-BS104R/VERMELHO E PRETO-BS104VP/ROXO E ROSA ESCURO-BS104RR;MAT.:PP,FERRO E POLIÉSTER/DIM.:63X57X53CM/SIST.TRAVA.:LIBERAÇÃO EM DUAS AÇÕES CONSECUTIVAS/SIST.MONT.FERRA.:MANUAL(SEM FERRAMENTA)/ACESSÓRIOS:N/A/CARACTERISTICAS DO MODELO: ANDADOR COM BRINQUEDO;6901041000155;Incluido;07/03/2024
090958/1963;Ativo;;29/01/2025;;;MD COMERCIO DE FERRAGENS LTDA;55274701000100;92981285408;AVENIDA JOAQUIM NABUCO, ;1094;A;69020030;CENTRO;MANAUS;AM;monadowlani@gmail.com;Hebei Zhongtai Bicycle manufacturing Co,. Ltd;Andadores Infantis;Portaria Inmetro nº 129 de 19/03/2021;;IN2520425;;;S;China, República Popular;ULTRA BABY;ANDADOR INFANTIL MUSICAL PARA BEBÊ/REF.:UBW-1026/PINK/GREEN/BLUE;MAT:PU,PP,AÇO,POLIÉSTER,ABS/DIM:70X60X55CM/SIST.DE TRAV.:LIB.EM DUAS AÇÕ.CONS./SIS.DE MONT.E FER.:MAN.(S/FERR.)/ACESS.:BANDE.COM BRINQ./CARAC.DO MODE.:ANDAD.C/BRINQ;7890012365050|7890012366064|7890012367078;Incluido;29/01/2025
715353/1939;Ativo;;22/11/2023;;;JASSUMAL LTDA;04214425000154;62811924131;AV SETE SETEMBRO;852;;69005140;CENTRO;MANAUS;AM;dgjohnny@gmail.com;PINGHU SHI XIAOTIANDI CHILDREN?S PRODUCTS FACTORY;Andadores Infantis;Portaria Inmetro nº 129 de 19/03/2021;;IN1984323;;;S;China, República Popular;BABY SPORTS;ANDADOR JASSUMAL /REF: BS103 /VERSÕES:Azul Claro e Escuro - BS103A/Rosa Claro e Escuro - BS103R/Roxo e Rosa Escuro - BS103RR;MATERIAL:PP, FERRO E POLIÉSTER|DIMENSÕES:63 X 57 X 53 CM|SISTEMA DE TRAVAMENTO:LIBERAÇÃO EM DUAS AÇÕES CONSECUTIVAS|SISTEMA DE MONTAGEM E FERRAGEM:MANUAL (SEM FERRAMENTA)|ACESSÓRIOS:N/A|CARACTERISTICA;6901041000155;Incluido;22/11/2023
982712/1965;Ativo;;26/07/2024;;;DARDARA COMERCIO IMPORTACAO E EXPORTACAO LTDA;07774907000157;11964220291;R VALENTIM MAGALHAES;95;***;03184090;ALTO DA MOOCA;SÃO PAULO;SP;sac@dardara.com.br;FOSHAN BAOLIMEI BABY CARRIER CO., ;Andadores Infantis;Portaria Inmetro nº 129 de 19/03/2021;;IN2255924;;;S;China, República Popular;DARDARA;ANDADOR CARRO FD-2407 / VERSÕES: AZUL E ROSA;MAT:PP,METAL E POLIÉSTER/DIM:740X630X510MM/SIST DE TRAVA:LIB EM 2 AÇÕES CONSECUT/SIST DE MONT/FERRAG:MANUAL(C/FERRAMENTAS)/ACESSÓRIOS: BRINQ/CARACT DO MODELO:ANDADOR C/BRINQ INTEGRADO;7898572462738|7898572462755;Incluido;26/07/2024
534981/2012;Ativo;;27/03/2026;;;HEMNANI COMERCIO DE VARIEDADES LTDA.;05469291000185;9232330121;Rua Marcílio Dias;304;;69005270;Centro;Manaus;AM;hemnanibr@yahoo.com;PINGHU XIAOTIANDI CHILDREN?S PRODUCTS FACTORY;Andadores Infantis;Portaria Inmetro nº 129 de 19/03/2021;;IN2911926;Modelo 5;;S;China, República Popular;SITA;ANDADOR AKH602 - AKH602 - AVIÃO - AVIAO;MAT:PP,FERRO E POLIE./DIM:70 X62.5 X 51 CM/SISTEMA DE TRAVAMENTO:LIBERAÇÃO EM DUAS AÇÕES CONSECUTIVAS/SISTEMA DE MONTAGEM E FERRAGEM:MAN.(S/FERRAM.)/ACESS:BAND.MUSI./CARAC.DO MOD.:AND.COM BAND.MUSI.;0618231660148;Incluido;27/03/2026
009357/1966;Ativo;;22/11/2023;;;JASSUMAL LTDA;04214425000154;62811924131;AV SETE SETEMBRO;852;;69005140;CENTRO;MANAUS;AM;dgjohnny@gmail.com;PINGHU SHI XIAOTIANDI CHILDREN?S PRODUCTS FACTORY;Andadores Infantis;Portaria Inmetro nº 129 de 19/03/2021;;IN1984323;;;S;China, República Popular;BABY SPORTS;ANDADOR JASSUMAL /REF: BS103 /VERSÕES:Azul Claro e Escuro - BS103A/Rosa Claro e Escuro - BS103R/Roxo e Rosa Escuro - BS103RR;MATERIAL:PP, FERRO E POLIÉSTER|DIMENSÕES:63 X 57 X 53 CM|SISTEMA DE TRAVAMENTO:LIBERAÇÃO EM DUAS AÇÕES CONSECUTIVAS|SISTEMA DE MONTAGEM E FERRAGEM:MANUAL (SEM FERRAMENTA)|ACESSÓRIOS:N/A|CARACTERISTICA;6901041000155;Incluido;22/11/2023
303361/1992;Ativo;;16/07/2025;;;KIDDO INDUSTRIA E COMERCIO LTDA;60688090000187;1147870744;Rodovia Regis Bittencourt ;3666;;06793000;Jardim Três Marias ;Taboão da Serra;SP;m.nascimento@kiddo.com.br;JIN SUN GEE PLASTIC CO., LTD;Andadores Infantis;Portaria Inmetro nº 129 de 19/03/2021;;IN2735125;Modelo 5;;S;China, República Popular;Whoop;ANDADOR PASSINHOS 2 EM 1 REF. 8701/CINZA/ROSA/AZUL;MATERIAL:PP. POLIES/DIMENSÕES:59,5X68X53CM/SIST.DE.TRAVAM.:LIBER.EM DUAS AÇÕES CONSECUTIVAS/SIST.DE.MONTAG.E.FERRAGEM:MANUAL (SEM AUX. DE FERRAM)/ACESSÓRIOS:BRINQ./CARACT. DO MODELO:ANDADOR C/ BRINQ.;7896517223871|7896517223888|7896517223895;Incluido;16/07/2025
823309/1978;Ativo;;07/03/2024;;;MADHULA COMERCIO DE ARTIGOS ELETROELETRONICOS LTDA;03838532000190;63881924131;Rua Marcilio Dias;166;;69005270;Centro;Manaus;AM;ltdamcg@gmail.com;PINGHU SHI XIAOTIANDI CHILDREN''S PRODUCTS FACTORY;Andadores Infantis;Portaria Inmetro nº 129 de 19/03/2021;;IN2088024;;;S;China, República Popular;BENMEK;ANDADOR MADHULA - MA101 - ROSA-MA101R/AZUL-MA101A/VERDE-MA101V/LARANJA-MA101L;MAT.:PP,FERRO E POLIÉSTER/DIM.:63X57X53CM/SIST.TRAVA.:LIBERAÇÃO EM DUAS AÇÕES CONSECUTIVAS/SIST.MONT.FERRA.:MANUAL(SEM FERRAMENTA)/ACESSÓRIOS:N/A/CARACTERISTICAS DO MODELO: ANDADOR COM BRINQUEDO;6901031000158;Incluido;07/03/2024
597365/2018;Ativo;;26/07/2024;;;DARDARA COMERCIO IMPORTACAO E EXPORTACAO LTDA;07774907000157;11964220291;R VALENTIM MAGALHAES;95;***;03184090;ALTO DA MOOCA;SÃO PAULO;SP;sac@dardara.com.br;FOSHAN BAOLIMEI BABY CARRIER CO., ;Andadores Infantis;Portaria Inmetro nº 129 de 19/03/2021;;IN2255924;;;S;China, República Popular;DARDARA;ANDADOR CARRO FD-2407 / VERSÕES: AZUL E ROSA;MAT:PP,METAL E POLIÉSTER/DIM:740X630X510MM/SIST DE TRAVA:LIB EM 2 AÇÕES CONSECUT/SIST DE MONT/FERRAG:MANUAL(C/FERRAMENTAS)/ACESSÓRIOS: BRINQ/CARACT DO MODELO:ANDADOR C/BRINQ INTEGRADO;7898572462738|7898572462755;Incluido;26/07/2024
891380/1944;Ativo;;19/02/2026;;;RGM  COMERCIO E SERVICOS LTDA;18007664000148;11996294240;Avenida Angélica;511;Cj. 904;01227100;Santa Cecilia;São Paulo;SP;papush@uol.com.br;PINGHU XIAOTIANDI CHILDREN?S PRODUCTS FACTORY;Andadores Infantis;Portaria Inmetro nº 129 de 19/03/2021;;IN2911726;Modelo 5;;S;China, República Popular;RGM;ANDADOR DREUX - R602 - AVIÃO - AVIAO;MAT:PP,FERRO E POLIÉ./DIM:70X62.5X51 CM/SIST.DE TRAV.:LIB.EM DUAS AÇÕES CONSECU./SIST.DE MONT.E FERR.:MANUAL (SEM FERRAMENTA)/ACESS:BANDEJA MUSICAL/CARACT.DO MODELO:ANDADOR COM BANDEJA MUSICAL;7898926505616;Incluido;19/02/2026
185384/1971;Ativo;;26/07/2024;;;DARDARA COMERCIO IMPORTACAO E EXPORTACAO LTDA;07774907000157;11964220291;R VALENTIM MAGALHAES;95;***;03184090;ALTO DA MOOCA;SÃO PAULO;SP;sac@dardara.com.br;FOSHAN BAOLIMEI BABY CARRIER CO., ;Andadores Infantis;Portaria Inmetro nº 129 de 19/03/2021;;IN2255924;;;S;China, República Popular;DARDARA;ANDADOR CARRO FD-2407 / VERSÕES: AZUL E ROSA;MAT:PP,METAL E POLIÉSTER/DIM:740X630X510MM/SIST DE TRAVA:LIB EM 2 AÇÕES CONSECUT/SIST DE MONT/FERRAG:MANUAL(C/FERRAMENTAS)/ACESSÓRIOS: BRINQ/CARACT DO MODELO:ANDADOR C/BRINQ INTEGRADO;7898572462738|7898572462755;Incluido;26/07/2024
899581/1975;Ativo;;29/04/2025;;;MD COMERCIO DE FERRAGENS LTDA;55274701000100;92981285408;AVENIDA JOAQUIM NABUCO;1094;A;69020030;Centro;Manaus;AM;mdcomerciodeferragensltda@gmail.com;PINGHU XIAOTIANDI CHILDREN''S PRODUCTS FACTORY;Andadores Infantis;Portaria Inmetro nº 129 de 19/03/2021;;IN2610925;Modelo 5;;S;China, República Popular;ULTRA BABY;REF: UBW-601 - ANDADOR INFANTIL MUSICAL PARA BEBÊ - NAVY BLUE / RED, GREEN / BLUE, ROYAL BLUE / TEAL, LIGHT PINK / LAVANDER, DARK PURPLE / PINK;MAT:PP,FERRO E POLIÉSTER/DIM:70X62,5X55CM/SIS_TRAV:LIBERAÇÃO EM 2 AÇÕES CONSECUTIVAS/SIS_MONT.E_FERRAGEM:MANUAL(SEM FERRAMENTA)/ACESSÓRIOS: N/A/CARACTERISTICAS_MODELO:ANDADOR COM BRINQUEDO ACOPLADO;7890012361120|7890012361137|7890012361144|7890012361151|7890012361168;Incluido;29/04/2025
164392/1930;Ativo;;29/04/2025;;;MD COMERCIO DE FERRAGENS LTDA;55274701000100;92981285408;AVENIDA JOAQUIM NABUCO;1094;A;69020030;Centro;Manaus;AM;mdcomerciodeferragensltda@gmail.com;PINGHU XIAOTIANDI CHILDREN''S PRODUCTS FACTORY;Andadores Infantis;Portaria Inmetro nº 129 de 19/03/2021;;IN2610925;Modelo 5;;S;China, República Popular;ULTRA BABY;REF: UBW-601 - ANDADOR INFANTIL MUSICAL PARA BEBÊ - NAVY BLUE / RED, GREEN / BLUE, ROYAL BLUE / TEAL, LIGHT PINK / LAVANDER, DARK PURPLE / PINK;MAT:PP,FERRO E POLIÉSTER/DIM:70X62,5X55CM/SIS_TRAV:LIBERAÇÃO EM 2 AÇÕES CONSECUTIVAS/SIS_MONT.E_FERRAGEM:MANUAL(SEM FERRAMENTA)/ACESSÓRIOS: N/A/CARACTERISTICAS_MODELO:ANDADOR COM BRINQUEDO ACOPLADO;7890012361120|7890012361137|7890012361144|7890012361151|7890012361168;Incluido;29/04/2025
479388/1997;Ativo;;07/08/2024;;;AMAZONAS IMPORTADOS LTDA;07269201000138;9691131654;Rua Independência;175;;68900090;Central;Macapa;AP;adriana.abreu@amazonasimportados.com.br;YIWU BALBIAN ELECTRONIC TECHNOLOGICAL CO., LTD;Andadores Infantis;Portaria Inmetro nº 129 de 19/03/2021;;IN2086424-3;;;S;China, República Popular;LÉ PETIT;MODE,BABY WALKER/REF:LP-9824/ CONT: ANDADOR COM BRINQUEDO ACOPLADO:/VERSÕES:AZUL,VERDE,ROSA.;MATL:PP E POLIÉSTER/DIM:66X54X52CM/SIST DE TRAV:LIBERAÇÃO EM DUAS AÇÕES CONSECUTIVAS/SIST DE MONT E FERR :MANUAL (SEM FERRAMENTA)/ACESSÓRIOS:N/A.CARACT DO MODELO:;7453116003640;Incluido;07/08/2024
702494/1927;Inativo;;11/01/2023;;;COMPANHIA DOREL BRASIL PRODUTOS INFANTIS;10659948000883;2135547024;Av. Nilo Peçanha;1516 ;Galpão 3 ;28030035;Pq dos Rodoviários;Campos dos Goytacaze;RJ;standard@dorel.com.br;Jin Sun Gee Plastics Co., Ltd;Andadores Infantis;Portaria Inmetro nº 129 de 19/03/2021;;IN1722522;;;S;Formosa (Taiwan);Cosco;BG-1518. Nome comercial: Follow. Versões: Azul e Laranja.;Ferro, plástico, PP,PET, PU e poliéster. 60 x 49 x 68 cm.Trav:Lib.2 ações cons., Encaixe,aces: Brinquedos.;7908238808043|7908238808050;Incluido;11/01/2023
773392/2023;Inativo;;11/01/2023;;;COMPANHIA DOREL BRASIL PRODUTOS INFANTIS;10659948000883;2135547024;Av. Nilo Peçanha;1516 ;Galpão 3 ;28030035;Pq dos Rodoviários;Campos dos Goytacaze;RJ;standard@dorel.com.br;Jin Sun Gee Plastics Co., Ltd;Andadores Infantis;Portaria Inmetro nº 129 de 19/03/2021;;IN1722522;;;S;Formosa (Taiwan);Cosco;BG-1518. Nome comercial: Follow. Versões: Azul e Laranja.;Ferro, plástico, PP,PET, PU e poliéster. 60 x 49 x 68 cm.Trav:Lib.2 ações cons., Encaixe,aces: Brinquedos.;7908238808043|7908238808050;Incluido;11/01/2023
067407/1950;Ativo;;07/02/2022;;;TUTTI BABY INDUSTRIA E COMERCIO DE ARTIGOS INFANTIS LTDA;06981862000129;4733794000;Rod. Guilherme Jensen, SC413, km13;0;;89108000;Distrito Industrial;Massaranduba;SC;certificacao@tuttibaby.com.br;TUTTI BABY INDUSTRIA E COMERCIO DE ARTIGOS INFANTIS LTDA;Andadores Infantis;Portaria Inmetro nº 129 de 19/03/2021;;IN2869325;Modelo 5;;N;Brasil;Tutti Baby;Andador Safari II Azul/Rosa/Vermelho/Andador Princesa Rosa Coroa/Andador Acqua Explorador Cinza/Roxo;ESTRUT. MET.AÇO.TUBULAR/48x60,5x70CM/SIST.DE TRAV. COM.DUAS.AÇÕES.CONSECUT.PARA.LIBER./PARAFUSOS.E. REBITES/BRINQUEDOS.E.ADESIVOS;7898431501615|7898431501622|7898431501639|7898431501684|7898431501691|7898431501707;Excluido;12/01/2024
971730/2006;Ativo;;30/09/2019;;;BURIGOTTO SA INDUSTRIA E COMERCIO;51460277000138;1934042000;Rua Martino Dragone;280;;13480308;Jardim Santa Barbara;Limeira;SP;carlos.riva@burigotto.com;JIN SUN GEE PLASTICS. CO., LTD.;Andadores Infantis;Portaria Inmetro nº 42 de 19/01/2018;;CE-AND/IQB 000004 53005/19-001;;;S;Formosa (Taiwan);Burigotto;Andador Baby Coupe (ref. com. IXAN3034PK10-Rosa, IXAN3034AZ19-Azul, IXAN3034CL-CL);Andador Infantil, Mat.: Polipropileno, Nylon, Aço, Tecido e Espuma, Dim: 760X650X640mm, Sist. Trav. Automático, Sistema Montagem/Ferragem Rebites, parafusos e Encaixe de peças plásticas, Acessorio: Ba;7896502916146|7896502916160|7896502935550;Incluido;30/09/2019
346664/2011;Ativo;;29/04/2024;;;TAPUZIM COMERCIAL LTDA;00513418000100;113856906;Av. Monte Celeste;230;250;02561000;Vila S. Maria;São Paulo;SP;sergio@babystylebrasil.com.br;SHEN ZHEN WEI MEI CHILDCARE PRODUCT LIMITED COMPANY;Andadores Infantis;Portaria Inmetro nº 129 de 19/03/2021;;IN2118124-2;;;S;China, República Popular;Baby Style;ANDADOR FOGUETE - FOGUETE CINZA E FOGUETE ROSA;MATERIAL:PP/DIM:62X53X78CM/SISTEMA DE TRAVAME:LIBERA EM 2 AÇÕES CONSECUTIVAS/MANUAL/ACESSÓRIOS:N/A/CARACT DO MODELO:ANDADOR C BRINQUEDO NA BANDEJA;4079337285219|4079337296543;Incluido;29/04/2024
944448/1988;Inativo;;07/10/2019;;;Galzerano Indústria de Carrinhos e Berços Ltda;43594977000197;1934043030;Via Prefeito Jurandyr Paixão;700;;13481149;Jd. Campo Belo;Limeira;SP;luisfernando.camargo@galzerano.com.br;GUANGDONG ZHIHUI CHILDREN?S PRODUCTS CO.,LTD;Andadores Infantis;Portaria Inmetro nº 42 de 19/01/2018;;CE-AND/IQB 000006 53503/20-001;;;S;China, República Popular;GALZERANO;Andador de bebê Magic - Versão: Cinza (CZ), Preto (PT);Mat Tec poli Espum Resin plást Tint Ferrag 70Cx65Lx54A cm Travam trilho plást com botão de destrav e regul alt Mont/frenag manual Andador com pçs girat e cores diversas Acess Bandej Brinq não removív.;7898089221590|7898089222283;Incluido;07/10/2019
139914/1941;Ativo;;01/12/2021;;;HEMNANI COMERCIO DE VARIEDADES LTDA.;05469291000185;1124143633;Rua Marcílio Dias;304;N/A;69005270;Centro;Manaus;AM;papush@uol.com.br;China Zhejiang Techincal Co. Ltd;Andadores Infantis;Portaria Inmetro nº 42 de 19/01/2018;;OCAN-AND.189/21-1;;;S;China, República Popular;SITA;AKH602;Material: PP, Ferro e Poliester - Dimensões: 655 mm X 560mm X 500 mm - Sistema de Travamento: Travamento automatico com liberação em duas ações consecutivas - Sistema de Montagem e Ferragem: MANUAL;;Incluido;01/12/2021
789447/2025;Ativo;;07/08/2024;;;AMAZONAS IMPORTADOS LTDA;07269201000138;9691131654;Rua Independência;175;;68900090;Central;Macapa;AP;adriana.abreu@amazonasimportados.com.br;YIWU BALBIAN ELECTRONIC TECHNOLOGICAL CO., LTD;Andadores Infantis;Portaria Inmetro nº 129 de 19/03/2021;;IN2086424-3;;;S;China, República Popular;LÉ PETIT;MODE,BABY WALKER/REF:LP-9824/ CONT: ANDADOR COM BRINQUEDO ACOPLADO:/VERSÕES:AZUL,VERDE,ROSA.;MATL:PP E POLIÉSTER/DIM:66X54X52CM/SIST DE TRAV:LIBERAÇÃO EM DUAS AÇÕES CONSECUTIVAS/SIST DE MONT E FERR :MANUAL (SEM FERRAMENTA)/ACESSÓRIOS:N/A.CARACT DO MODELO:;7453116003640;Incluido;07/08/2024
849027/2002;Ativo;;24/01/2025;;;PLANETA - IMPORTACAO E DISTRIBUICAO DE BRINQUEDOS LTDA;13434272000141;1138951572;AV VASCO MASSAFELI - GALPAO1 RUA A LADO IMPAR ANEXO;1000;MODULO1/21;06703600;JARDIM MARIA TEREZA;COTIA;SP;admin@planetadobebe.com.br;PLANETA - IMPORTACAO E DISTRIBUICAO DE BRINQUEDOS LTDA;Andadores Infantis;Portaria Inmetro nº 129 de 19/03/2021;;IN2476224;;;N;Brasil;REPLAY KIDS;ANDADOR QUICK/21680 / BELLA/21681 / PUPPY/21682 / ZOO/21683 / SPACE/21684 / RACING;M:POLIPROPILENO, ABS, AÇO,ELASTÔMERO TERMOPLÁSTICO E PVC/D:58X68X55CM/S.D/TRV:MANUAL (SEM FERRAMENTA)/ACS:N/A/CARACTERISTICAS DO MODELO:BANDEJA COM BRINQUEDO/ PLACA MUSICAL/PLACA ANTIDERRAPANTE;7899403216803|7899403216810|7899403216827|7899403216834|7899403216841;Incluido;24/01/2025
361411/1976;Ativo;;27/03/2026;;;HEMNANI COMERCIO DE VARIEDADES LTDA.;05469291000185;9232330121;Rua Marcílio Dias;304;;69005270;Centro;Manaus;AM;hemnanibr@yahoo.com;PINGHU XIAOTIANDI CHILDREN?S PRODUCTS FACTORY;Andadores Infantis;Portaria Inmetro nº 129 de 19/03/2021;;IN2911926;Modelo 5;;S;China, República Popular;SITA;ANDADOR AKH602 - AKH602 - AVIÃO - AVIAO;MAT:PP,FERRO E POLIE./DIM:70 X62.5 X 51 CM/SISTEMA DE TRAVAMENTO:LIBERAÇÃO EM DUAS AÇÕES CONSECUTIVAS/SISTEMA DE MONTAGEM E FERRAGEM:MAN.(S/FERRAM.)/ACESS:BAND.MUSI./CARAC.DO MOD.:AND.COM BAND.MUSI.;0618231660148;Incluido;27/03/2026
655415/2002;Ativo;;07/03/2024;;;COMPANHIA DOREL BRASIL PRODUTOS INFANTIS;10659948000107;2135547024;Av. Nilo Peçanha;1516;1582;28030035;Pq dos Rodoviários;Campos dos Goytacaze;RJ;standard@dorel.com.br;COMPANHIA DOREL BRASIL PRODUTOS INFANTIS;Andadores Infantis;Portaria Inmetro nº 129 de 19/03/2021;;IN2040823;Modelo 5;;N;Brasil;INFANTI/ COSCO;APPIA/ ZIGGY - HE022 - N/A - AZUL / ROSA / AZUL / ROSA;MAT:PP,PES,PTA,EG,POLIPROPILENO E POLIETILENO/DIM:56,5 X 68 X 60,5 CM/SIST D TRAVAMENTO:LIB EM DUAS AÇÕES CONSEC/SIST DE MNTGM E FERRG:MAN (SEM FER)/ACESS:BAND D BRINQ./CARACT D MODELO:ANDADOR C BRINQ;7908238809774|7908238809781|7908238815812|7908238815829;Incluido;10/04/2026
949430/1928;Ativo;;16/09/2024;;;AMAZONAS IMPORTADOS LTDA;07269201000138;9691131654;Rua Independência;175;;68900090;Central;Macapa;AP;adriana.abreu@amazonasimportados.com.br;YIWU BALBIAN ELECTRONIC TECHNOLOGICAL CO., LTD;Andadores Infantis;Portaria Inmetro nº 129 de 19/03/2021;;IN2086424-1;;;S;China, República Popular;LÉ PETIT;MODE:BABY WALKER/REF:LP-9517/ CONT: ANDADOR COM BRINQUEDO ACOPLADO/VERSÕES:AZUL,ROSA,VERDE,;MAT:PP E POLIÉSTER/DIM:62X55,5X50CM/SIST DE TRAV:LIBERAÇÃO EM DUAS AÇÕES CONSECUTIVAS/SIST DE MONT E FERRAGEM:MANUAL (SEM FERRAMENTA)/ACESSÓRIOS:N/A.CARACTERISTICAS DO MODELO:;453068745717;Incluido;16/09/2024
243434/1955;Inativo;;14/08/2019;;;Companhia Dorel Brasil Produtos Infantis;10659948000107;2135633602;Av. Nilo Peçanha;1516 /1582;Térreo;28030035;Pq dos Rodoviários;Campos dos Goytacaze;RJ;mariana.magalhaes@dorel.com.br;JIN SUN GEE PLASTIC CO.,LTD;Andadores Infantis;Portaria Inmetro nº 42 de 19/01/2018;;OCAN-AND.145/19-4;;;S;Formosa (Taiwan);Voyage;BG1401;Nome Fantasia: Buggy. Cores: Rosa e Azul. Material: Ferro, plástico, PP e PU. 42 x 58.5 x 65 cm. Sistema de Travamento e Montagem: Manual. Acessórios: Bandeja;7898509475206|7898509475213;Incluido;14/08/2019
482271/1928;Ativo;;19/02/2026;;;RGM  COMERCIO E SERVICOS LTDA;18007664000148;11996294240;Avenida Angélica;511;Cj. 904;01227100;Santa Cecilia;São Paulo;SP;papush@uol.com.br;PINGHU XIAOTIANDI CHILDREN?S PRODUCTS FACTORY;Andadores Infantis;Portaria Inmetro nº 129 de 19/03/2021;;IN2911726;Modelo 5;;S;China, República Popular;RGM;ANDADOR DREUX - R602 - AVIÃO - AVIAO;MAT:PP,FERRO E POLIÉ./DIM:70X62.5X51 CM/SIST.DE TRAV.:LIB.EM DUAS AÇÕES CONSECU./SIST.DE MONT.E FERR.:MANUAL (SEM FERRAMENTA)/ACESS:BANDEJA MUSICAL/CARACT.DO MODELO:ANDADOR COM BANDEJA MUSICAL;7898926505616;Incluido;19/02/2026
287095/1934;Inativo;;14/01/2021;;;GALZERANO INDUSTRIA DE CARRINHOS E BERCOS LTDA;43594977000197;1934043030;Via Prefeito Jurandyr Paixão;700;;13481149;Jd. Campo Belo;Limeira;SP;luisfernando.camargo@galzerano.com.br;WEIMEI MEI CHILDCARE PRODUCT (HUIZHOU) LTD., CO;Andadores Infantis;Portaria Inmetro nº 42 de 19/01/2018;;CE-AND/IQB 000006 54025/20-001;;;S;China, República Popular;GALZERANO;Ref.: 4030-Andador 4 em 1 Funny. Versões: 4030CR (Color), 4030VDA (Verde Água);Mat Tec polié Espuma Resina plást Itens fixação Dimens 75x71x55(cm) Sist travament dobradiça plást c/ botão acionament Sist montagem/ferragem encaixe manual Acessórios manuais brinquedos removíveis;7898089221477|7898089221996;Incluido;14/01/2021
979874/1935;Ativo;;24/01/2025;;;PLANETA - IMPORTACAO E DISTRIBUICAO DE BRINQUEDOS LTDA;13434272000141;1138951572;AV VASCO MASSAFELI - GALPAO1 RUA A LADO IMPAR ANEXO;1000;MODULO1/21;06703600;JARDIM MARIA TEREZA;COTIA;SP;admin@planetadobebe.com.br;PLANETA - IMPORTACAO E DISTRIBUICAO DE BRINQUEDOS LTDA;Andadores Infantis;Portaria Inmetro nº 129 de 19/03/2021;;IN2476224;;;N;Brasil;REPLAY KIDS;ANDADOR QUICK/21680 / BELLA/21681 / PUPPY/21682 / ZOO/21683 / SPACE/21684 / RACING;M:POLIPROPILENO, ABS, AÇO,ELASTÔMERO TERMOPLÁSTICO E PVC/D:58X68X55CM/S.D/TRV:MANUAL (SEM FERRAMENTA)/ACS:N/A/CARACTERISTICAS DO MODELO:BANDEJA COM BRINQUEDO/ PLACA MUSICAL/PLACA ANTIDERRAPANTE;7899403216803|7899403216810|7899403216827|7899403216834|7899403216841;Incluido;24/01/2025
537438/1981;Ativo;;01/07/2026;;;APS IMPORTACAO EXPORTACAO DISTRIBUICAO LTDA;44540981000135;11974642778;EST GERAL DE MEDEIROS;20;SALA 05;88390000;MEDEIROS;BARRA VELHA;SC;orquestra@yescert.com.br;Tengzhou Lebeir Baby Carriage Co., Ltd.;Andadores Infantis;Portaria Inmetro nº 129 de 19/03/2021;;IN3076626;Modelo 5;;S;China, República Popular;TOYS&TOYS;MOD:ANDADOR MUSICAL PARA BEBES/INFANTIL/CÓD DE REFERÊNCIA COMERCIAL: ANDADOR MUSICAL V:CINZA - 310552,MARROM - 310569,AZUL - 310576,ROSA 310583;Mat:PP/Dim:799x660x715mm/Sist de Travam: Dois dispositivos de travam independentes sendo operados simult/Sist de Mont e Ferr:Manual (sem ferram)/Acess:N/A/Caract do modelo:ANDADOR COM BRINQ.MUSICAL AC;7908888310552|7908888310569|7908888310576|7908888310583;Incluido;01/07/2026
656376/1979;Cancelado;;24/08/2020;;14/07/2025;Dardara Comercio Importacao e Exportacao Ltda.;07774907000157;1147447248;R VALENTIM MAGALHAES;95;***;03184090;ALTO DA MOOCA;SÃO PAULO;SP;dardara@yescert.com.br;FOSHAN BAOLIMEI CHILD?S VEHICLE CO.LTD;Andadores Infantis;Portaria Inmetro nº 42 de 19/01/2018;;OCAN-AND.134/20-5;;;S;China, República Popular;DARDARA;ANDADOR CARRO (FD-2407);Material: Moldes e peças em plástico P.P.(polipropileno) Adesivos (papel colante) Painel - parte interna: sistema eletrônico (placa, fio colorido, alto falante). Estrutura em metal, Dimensões: 74 x 63;;Incluido;24/08/2020
966367/2005;Cancelado;;24/08/2020;;14/07/2025;Dardara Comercio Importacao e Exportacao Ltda.;07774907000157;1147447248;R VALENTIM MAGALHAES;95;***;03184090;ALTO DA MOOCA;SÃO PAULO;SP;dardara@yescert.com.br;FOSHAN BAOLIMEI CHILD?S VEHICLE CO.LTD;Andadores Infantis;Portaria Inmetro nº 42 de 19/01/2018;;OCAN-AND.134/20-5;;;S;China, República Popular;DARDARA;ANDADOR CARRO (FD-2407);Material: Moldes e peças em plástico P.P.(polipropileno) Adesivos (papel colante) Painel - parte interna: sistema eletrônico (placa, fio colorido, alto falante). Estrutura em metal, Dimensões: 74 x 63;;Incluido;24/08/2020
831442/2007;Ativo;;09/09/2026;;;TUTTI BABY INDUSTRIA E COMERCIO DE ARTIGOS INFANTIS LTDA;06981862000129;4733794000;Rua Vicente Zanotti;177;Galpão 01;89381270;Industrial Zaferino ;Massaranduba;SC;heloiza.souza@tuttibaby.com.br;TUTTI BABY INDUSTRIA E COMERCIO DE ARTIGOS INFANTIS LTDA;Andadores Infantis;Portaria Inmetro nº 129 de 19/03/2021;;CE-AND/IQB 000013 57036/26-001;Modelo 5;;N;Brasil;TUTTI BABY;ANDADOR SAFARI - REF. 40002003,40002004,40002007,40003004,40004002,40004003;ESTRU.MET.:ACO TUBULAR,BRINQ:PLAST. DE ENG.,REVEST. TEXTIL:ALGODAO/51X61X70 CM/DOIS DISP. DE TRAV. INDEPENDENTES SENDO OPERADOS SIMULT./PARAFUSOS E MONT. DE PÇS PLAST./BRINQ. CERTIF.E ADESIVO-57036/26;7898431501615|7898431501622|7898431501639|7898431501684|7898431501691|7898431501707;Incluido;09/09/2026
125457/1934;Ativo;;19/06/2023;;;KCARVALHUS COMERCIO E SERVICOS EIRELI;24633386000137;1143798430;Rua Poeta João Cabral De Melo Neto,  Santa Maria - Osasco - SP;77;;06147020; Santa Maria ;Osasco ;SP;carlos.carvalho@kkbebe.com.br;PINGHU SHI XIAOTIANDI CHILDREN?S PRODUCTS FACTORY;Andadores Infantis;Portaria Inmetro nº 129 de 19/03/2021;;IN1823223;;;S;China, República Popular;KK bebê;ANDADOR INFANTIL PASSINHO FORTE / AZUL /ROSA , MATERIAL:PP,FERRO E POLIÉSTER/DIMENSÕES:63X57X53CM;SISTEMA DE TRAVAMENTO:LIBERAÇÃO EM DUAS AÇÕES CONSECUTIVAS/SISTEMA DE MONTAGEM E FERRAGEM: MANUAL (SEM FERRAMENTA)/ACESSÓRIOS:BRINQUEDOS/CARACTERISTICAS DO MODELO: ANDADOR COM BRINQUEDO FIXO ACOPLADO;7898711750108|7898711750115;Incluido;19/06/2023
419461/1960;Ativo;;07/02/2022;;;TUTTI BABY INDUSTRIA E COMERCIO DE ARTIGOS INFANTIS LTDA;06981862000129;4733794000;Rod. Guilherme Jensen, SC413, km13;0;;89108000;Distrito Industrial;Massaranduba;SC;certificacao@tuttibaby.com.br;TUTTI BABY INDUSTRIA E COMERCIO DE ARTIGOS INFANTIS LTDA;Andadores Infantis;Portaria Inmetro nº 129 de 19/03/2021;;IN2869325;Modelo 5;;N;Brasil;TUTTI BABY;DESIGNAÇÃO COMERC SAFARI II (AZUL/ROSA/VERMELHO),PRINCESA ROSA COROA,ACQUA,EXPLORADOR (CINZA/ ROXO) CÓD D REF COMERC:ANDAD 40.002/40002003/40002004/40002007/40003004/40004002/40004003;MAT:ESTRUTURA METALICA - AÇO TUBULAR/DIM:48X60,5X70CM/SIST DE TRAVA:LIBERAÇ EM 2AÇÕES CONSECUT/SIST DE MONTAGEM E FERRAGEM:PARAFUSOS E REBITES/ACESSÓ:BRINQUEDOS E ADESIVOS/CARACT DO MODELO:ANDADOR C B;7898431501615|7898431501622|7898431501639|7898431501684|7898431501691|7898431501707;Excluido;26/04/2024
713465/1986;Ativo;;09/12/2019;;;TAPUZIM COMERCIAL LTDA;00513418000100;1138569063;Av. Monte Celeste;230;250;02561000;Vila S. Maria;São Paulo;SP;ehs0770@hotmail.com;SHEN ZHEN WEI MEI CHILDCARE PRODUCT LIMITED COMPANY;Andadores Infantis;Portaria Inmetro nº 129 de 19/03/2021;;IN2062423;Modelo 5;;S;China, República Popular;Baby Style;ANDADOR PIANINHO ROSA - 33725 / ANDADOR PIANINHO AZUL - 33726;ANDADOR PIANINHO RS E AZ, MATERIAL:PLÁSTICO/62 X 53 X 78 CM/LIBERAÇÃO EM DUAS AÇÕES CONSECUTIVAS/MANUAL (SEM FERRAMENTAS)/BRINQUEDO;4079337251993|4079337261992;Incluido;29/01/2024
007469/2013;Ativo;;07/02/2022;;;TUTTI BABY INDUSTRIA E COMERCIO DE ARTIGOS INFANTIS LTDA;06981862000129;4733794000;Rod. Guilherme Jensen, SC413, km13;0;;89108000;Distrito Industrial;Massaranduba;SC;certificacao@tuttibaby.com.br;TUTTI BABY INDUSTRIA E COMERCIO DE ARTIGOS INFANTIS LTDA;Andadores Infantis;Portaria Inmetro nº 129 de 19/03/2021;;IN2869325;Modelo 5;;N;Brasil;TUTTI BABY;DESIGNAÇÃO COMERC SAFARI II (AZUL/ROSA/VERMELHO),PRINCESA ROSA COROA,ACQUA,EXPLORADOR (CINZA/ ROXO) CÓD D REF COMERC:ANDAD 40.002/40002003/40002004/40002007/40003004/40004002/40004003 CARACT DO MODELO:ANDADOR C BRINQUEDO;MAT:ESTRUTURA METALICA - AÇO TUBULAR/DIM:48X60,5X70CM/SIST DE TRAVA:LIBERAÇ EM 2AÇÕES CONSECUT/SIST DE MONTAGEM E FERRAGEM:PARAFUSOS E REBITES/ACESSÓ:BRINQUEDOS E ADESIVOS;7898431501615|7898431501622|7898431501639|7898431501684|7898431501691|7898431501707;Excluido;10/12/2025
301484/1939;Inativo;;11/01/2023;;;COMPANHIA DOREL BRASIL PRODUTOS INFANTIS;10659948000883;2135547024;Av. Nilo Peçanha;1516 ;Galpão 3 ;28030035;Pq dos Rodoviários;Campos dos Goytacaze;RJ;standard@dorel.com.br;Jin Sun Gee Plastics Co., Ltd;Andadores Infantis;Portaria Inmetro nº 129 de 19/03/2021;;IN1701622-4;;;S;Formosa (Taiwan);Voyage;BG1401. Nome comercial: Buggy. Versões: Azul, Rosa.;PP,PVC,Ferro,POM,PU,Pol, 42x58.5x65cm. Trav:Lib.2 ações cons,Mont:Manual, Aces. Brinq.;7898509475206|7898509475213;Incluido;11/01/2023
595488/1965;Ativo;;07/08/2024;;;COMERCIO E IMPORTACAO DENISE LTDA;29963642000178;21997976531;RUA DO MILHO;72;A;21011090;PENHA CIRCULAR;RIO DE JANEIRO;RJ;comerciomybaby@hotmail.com;PING HU BEST CHILDREN?S CARRIER CO.LTD;Andadores Infantis;Portaria Inmetro nº 129 de 19/03/2021;;IN2189524;;;S;China, República Popular;MY BABY;PATO A1 - ROSA LISO, AZUL LISO, ROSA COLORIDO, AZUL COLORIDO - Acessórios: Brinquedos Caracteristicas do modelo: Andador infantil com brinquedo elétrico;Material: Ferro, PP e Poliéster Dimensões: 71 x 62 x 55 cm Sistema de Travamento: Liberação em duas ações consecutivas Sistema de Montagem e Ferragem: Manual (com auxílio de ferramenta);6294013738218|6294013738225|6294013738287|6294013738294;Incluido;07/08/2024
836168/1990;Ativo;;05/08/2021;;;GALZERANO INDUSTRIA DE CARRINHOS E BERCOS LTDA;43594977000197;19999947357;Via Prefeito Jurandyr Paixão;700;;13481149;Jd. Campo Belo;Limeira;SP;luisfernando.camargo@galzerano.com.br;GALZERANO INDUSTRIA DE CARRINHOS E BERCOS LTDA;Andadores Infantis;Portaria Inmetro nº 129 de 19/03/2021;;CE-AND/IQB 000006 54618/21-001;;;N;Brasil;GALZERANO;Ref.: 4050-Andador Torino. Versões: 4050PTR (Preto Rosa), 4050PTT (Preto Terracota);Mat Tec poliest Espum PP PA6 Master Tint Tub aço Itens fix/aviam CxLxA(cm) 71x62,5x51,5 Trav Trilh plást c/ botão destrav e reg alt Acess Band brinq não remove retrov Caract Tec Pçs plást Tint Ferrage;7908200102193|7908200102209;Excluido;01/09/2021
706259/1933;Ativo;;01/07/2026;;;APS IMPORTACAO EXPORTACAO DISTRIBUICAO LTDA;44540981000135;11974642778;EST GERAL DE MEDEIROS;20;SALA 05;88390000;MEDEIROS;BARRA VELHA;SC;orquestra@yescert.com.br;Tengzhou Lebeir Baby Carriage Co., Ltd.;Andadores Infantis;Portaria Inmetro nº 129 de 19/03/2021;;IN3076626;Modelo 5;;S;China, República Popular;TOYS&TOYS;MOD:ANDADOR MUSICAL PARA BEBES/INFANTIL/CÓD DE REFERÊNCIA COMERCIAL: ANDADOR MUSICAL V:CINZA - 310552,MARROM - 310569,AZUL - 310576,ROSA 310583;Mat:PP/Dim:799x660x715mm/Sist de Travam: Dois dispositivos de travam independentes sendo operados simult/Sist de Mont e Ferr:Manual (sem ferram)/Acess:N/A/Caract do modelo:ANDADOR COM BRINQ.MUSICAL AC;7908888310552|7908888310569|7908888310576|7908888310583;Incluido;01/07/2026
302121/1957;Ativo;;05/08/2021;;;GALZERANO INDUSTRIA DE CARRINHOS E BERCOS LTDA;43594977000197;19999947357;Via Prefeito Jurandyr Paixão;700;;13481149;Jd. Campo Belo;Limeira;SP;luisfernando.camargo@galzerano.com.br;GALZERANO INDUSTRIA DE CARRINHOS E BERCOS LTDA;Andadores Infantis;Portaria Inmetro nº 129 de 19/03/2021;;CE-AND/IQB 000006 54618/21-001;;;N;Brasil;GALZERANO;Ref.: 4050-Andador Torino. Versões: 4050RO (Rosa), 4050TER (Terracota), 4050EST (Estrela), 4050SPR (Spring) - Material: Tecido poliéster, TNT, Espuma, PP, PA6, Master, Tinta, Tubo de aço, Itens de fixação e aviamentos. Dimensões: CxLxA (cm) 71x62,5x51,5. Sistema de travamento: Trilho plástico com botão de destrave e regulagem de altura;Sistema de montagem/ferragem: Manual. Acessórios que venham com o produto: Bandeja de brinquedos não removível, Características do modelo: Tecidos, Peças plásticas, Tinta, Ferragens;7908200102247|7908200102254|7908200102520|7908200102537;Excluido;17/01/2024
704695/1939;Ativo;;07/03/2024;;;MADHULA COMERCIO DE ARTIGOS ELETROELETRONICOS LTDA;03838532000190;63881924131;Rua Marcilio Dias;166;;69005270;Centro;Manaus;AM;ltdamcg@gmail.com;PINGHU SHI XIAOTIANDI CHILDREN''S PRODUCTS FACTORY;Andadores Infantis;Portaria Inmetro nº 129 de 19/03/2021;;IN2088024;;;S;China, República Popular;BENMEK;ANDADOR MADHULA - MA101 - ROSA-MA101R/AZUL-MA101A/VERDE-MA101V/LARANJA-MA101L;MAT.:PP,FERRO E POLIÉSTER/DIM.:63X57X53CM/SIST.TRAVA.:LIBERAÇÃO EM DUAS AÇÕES CONSECUTIVAS/SIST.MONT.FERRA.:MANUAL(SEM FERRAMENTA)/ACESSÓRIOS:N/A/CARACTERISTICAS DO MODELO: ANDADOR COM BRINQUEDO;6901031000158;Incluido;07/03/2024
889492/1991;Ativo;;07/03/2024;;;MADHULA COMERCIO DE ARTIGOS ELETROELETRONICOS LTDA;03838532000190;63881924131;Rua Marcilio Dias;166;;69005270;Centro;Manaus;AM;ltdamcg@gmail.com;PINGHU SHI XIAOTIANDI CHILDREN''S PRODUCTS FACTORY;Andadores Infantis;Portaria Inmetro nº 129 de 19/03/2021;;IN2088024;;;S;China, República Popular;BENMEK;ANDADOR MADHULA - MA101 - ROSA-MA101R/AZUL-MA101A/VERDE-MA101V/LARANJA-MA101L;MAT.:PP,FERRO E POLIÉSTER/DIM.:63X57X53CM/SIST.TRAVA.:LIBERAÇÃO EM DUAS AÇÕES CONSECUTIVAS/SIST.MONT.FERRA.:MANUAL(SEM FERRAMENTA)/ACESSÓRIOS:N/A/CARACTERISTICAS DO MODELO: ANDADOR COM BRINQUEDO;6901031000158;Incluido;07/03/2024
575412/2000;Ativo;;07/02/2022;;;TUTTI BABY INDUSTRIA E COMERCIO DE ARTIGOS INFANTIS LTDA;06981862000129;4733794000;Rod. Guilherme Jensen, SC413, km13;0;;89108000;Distrito Industrial;Massaranduba;SC;certificacao@tuttibaby.com.br;TUTTI BABY INDUSTRIA E COMERCIO DE ARTIGOS INFANTIS LTDA;Andadores Infantis;Portaria Inmetro nº 129 de 19/03/2021;;IN2869325;Modelo 5;;N;Brasil;Tutti Baby;Andador: VERSÕES: Safari II (Azul/Rosa/Vermelho), Princesa Rosa Coroa, Acqua Explorador (Cinza/Roxo);ESTRUTURA METÁLICA , AÇO TUBULAR / 48 x 60,5 x 70CM / SISTEMA DE TRAVAMENTO COM DUAS AÇÕES CONSECUTIVAS PARA LIBERAÇÃO /SISTEMA DE MONTAGEM/FERRAGEM: PARAFUSOS E REBITES ACESSÓRIOS: BRINQUEDOS E ADESI;7898431501615|7898431501622|7898431501639|7898431501684|7898431501691|7898431501707;Excluido;15/03/2024
942537/1934;Ativo;;29/01/2025;;;HCM INDUSTRIA E IMPORTACAO LTDA;12538691000160;3798753533;RUA SERGIPE ;1963;;35591096;SANTA ALEXANDRINA;LAGOA DA PRATA;MG;compras@hcmmalta.com.br;HCM INDUSTRIA E IMPORTACAO LTDA;Andadores Infantis;Portaria Inmetro nº 129 de 19/03/2021;;IN2431224-1;;;N;Brasil;JUMBO BABY;ANDADOR MUSICAL SUPERLUXO JUMBO BABY/Acessórios:Assento,Empurrador,Painel Musical/Caracteristicas do modelo:Andador com brinquedo na bandeja/Versões:AZUL,ROSA,VERMELHO,LARANJA;Mat:POLIPROPILENO (PP)/ACO CARBONO(FERRAGENS)/TECIDO(POLIÉSTER)/Dim:69,5X58,5X14,5/Sist de Trav:Liberação em duas ações consecutivas/Sist de Mont e Fer:Manual(sem ferramenta);7898947715025|7898947715032|7898947715049|7898947715056;Incluido;29/01/2025
183496/2018;Ativo;;26/07/2024;;;DARDARA COMERCIO IMPORTACAO E EXPORTACAO LTDA;07774907000157;11964220291;R VALENTIM MAGALHAES;95;***;03184090;ALTO DA MOOCA;SÃO PAULO;SP;sac@dardara.com.br;FOSHAN BAOLIMEI BABY CARRIER CO., ;Andadores Infantis;Portaria Inmetro nº 129 de 19/03/2021;;IN2255924;;;S;China, República Popular;DARDARA;ANDADOR CARRO FD-2407 / VERSÕES: AZUL E ROSA;MAT:PP,METAL E POLIÉSTER/DIM:740X630X510MM/SIST DE TRAVA:LIB EM 2 AÇÕES CONSECUT/SIST DE MONT/FERRAG:MANUAL(C/FERRAMENTAS)/ACESSÓRIOS: BRINQ/CARACT DO MODELO:ANDADOR C/BRINQ INTEGRADO;7898572462738|7898572462755;Incluido;26/07/2024
449581/2008;Ativo;;07/02/2022;;;TUTTI BABY INDUSTRIA E COMERCIO DE ARTIGOS INFANTIS LTDA;06981862000129;4733794000;Rod. Guilherme Jensen, SC413, km13;0;;89108000;Distrito Industrial;Massaranduba;SC;certificacao@tuttibaby.com.br;TUTTI BABY INDUSTRIA E COMERCIO DE ARTIGOS INFANTIS LTDA;Andadores Infantis;Portaria Inmetro nº 129 de 19/03/2021;;IN2869325;Modelo 5;;N;Brasil;TUTTI BABY;ANDADOR SAFARI II-ANDADOR 40.002-40002003/40002004/40002007/40003004/40004002/40004003;MAT:PP/ALGODAO/DIM:51X61X70CM/SIS_TRAV:DOIS DISPOS DE TRAV IND. OPER. SIMULTÂNEAMENTE/SIS_MONT/FERRG:REBITES,PARAF,ENCAIXE DE PÇS PLAST/ACESS:BAND. C/ BRINQ/CARAC. DO MOD.:ANDADOR C/ BRINQ NA BAND;7898431501615|7898431501622|7898431501639|7898431501684|7898431501691|7898431501707;Incluido;27/02/2026
178815/1936;Ativo;;05/08/2021;;;GALZERANO INDUSTRIA DE CARRINHOS E BERCOS LTDA;43594977000197;19999947357;Via Prefeito Jurandyr Paixão;700;;13481149;Jd. Campo Belo;Limeira;SP;luisfernando.camargo@galzerano.com.br;GALZERANO INDUSTRIA DE CARRINHOS E BERCOS LTDA;Andadores Infantis;Portaria Inmetro nº 129 de 19/03/2021;;CE-AND/IQB 000006 54618/21-001;;;N;Brasil;GALZERANO;Ref.: 4050-Andador Torino. Versões: 4050RO (Rosa), 4050TER (Terracota);Mat Tec poliest TNT Espum PP PA6 Master Tint Tub aço Item fix/aviam CxLxA(cm) 71x62,5x51,5 Trav Trilh plást c/ botão destrav e reg alt Acess Band brinq não remov retrov Carac Tec Pçs plást Tint Ferrag;7908200102247|7908200102254;Excluido;11/05/2022
520848/1964;Ativo;;07/02/2022;;;TUTTI BABY INDUSTRIA E COMERCIO DE ARTIGOS INFANTIS LTDA;06981862000129;4733794000;Rod. Guilherme Jensen, SC413, km13;0;;89108000;Distrito Industrial;Massaranduba;SC;certificacao@tuttibaby.com.br;TUTTI BABY INDUSTRIA E COMERCIO DE ARTIGOS INFANTIS LTDA;Andadores Infantis;Portaria Inmetro nº 129 de 19/03/2021;;IN2869325;Modelo 5;;N;Brasil;TUTTI BABY;ANDADOR SAFARI II-ANDADOR 40.002-40002003/40002004/40002007/40003004/40004002/40004003;MAT:PP E ALGODAO/DIM:51X61X70CM/SIS_TRAV:DOIS DISPOS TRAV INDEPEND SENDO OPER SIMULTÂNEAM./SIS_MONT/FERRG:REBITES,PARAFUSOS E ENCAIXE DE PÇS PLAST/ACESS:BAND. COM BRINQ/CARAC. DO MOD.:AND. C/ BRINQ NA;7898431501615|7898431501622|7898431501639|7898431501684|7898431501691|7898431501707;Excluido;27/02/2026
376192/1942;Inativo;;14/08/2019;;;Companhia Dorel Brasil Produtos Infantis;10659948000107;2135633602;Av. Nilo Peçanha;1516 /1582;Térreo;28030035;Pq dos Rodoviários;Campos dos Goytacaze;RJ;mariana.magalhaes@dorel.com.br;JIN SUN GEE PLASTIC CO.,LTD;Andadores Infantis;Portaria Inmetro nº 42 de 19/01/2018;;OCAN-AND.145/19-2;;;S;Formosa (Taiwan);Cosco;BG-2023;Nome Fantasia: Goal Walker 4 em 1. Cores: Rosa e Azul. Material: Ferro, Plástico, PP e PU. 74 x 44x 66.5 cm. Sistema de Travamento e Montagem: Manual. Acessórios: Bandeja de Brinquedos.;7898509478375|7898509478665;Incluido;14/08/2019
709410/2022;Ativo;;01/07/2026;;;APS IMPORTACAO EXPORTACAO DISTRIBUICAO LTDA;44540981000135;11974642778;EST GERAL DE MEDEIROS;20;SALA 05;88390000;MEDEIROS;BARRA VELHA;SC;orquestra@yescert.com.br;Tengzhou Lebeir Baby Carriage Co., Ltd.;Andadores Infantis;Portaria Inmetro nº 129 de 19/03/2021;;IN3076626;Modelo 5;;S;China, República Popular;TOYS&TOYS;MOD:ANDADOR MUSICAL PARA BEBES/INFANTIL/CÓD DE REFERÊNCIA COMERCIAL: ANDADOR MUSICAL V:CINZA - 310552,MARROM - 310569,AZUL - 310576,ROSA 310583;Mat:PP/Dim:799x660x715mm/Sist de Travam: Dois dispositivos de travam independentes sendo operados simult/Sist de Mont e Ferr:Manual (sem ferram)/Acess:N/A/Caract do modelo:ANDADOR COM BRINQ.MUSICAL AC;7908888310552|7908888310569|7908888310576|7908888310583;Incluido;01/07/2026
446140/1961;Ativo;;07/02/2022;;;TUTTI BABY INDUSTRIA E COMERCIO DE ARTIGOS INFANTIS LTDA;06981862000129;4733794000;Rod. Guilherme Jensen, SC413, km13;0;;89108000;Distrito Industrial;Massaranduba;SC;certificacao@tuttibaby.com.br;TUTTI BABY INDUSTRIA E COMERCIO DE ARTIGOS INFANTIS LTDA;Andadores Infantis;Portaria Inmetro nº 129 de 19/03/2021;;IN2869325;Modelo 5;;N;Brasil;TUTTI BABY;DESIGNAÇÃO COMERC SAFARI II (AZUL/ROSA/VERMELHO),PRINCESA ROSA COROA,ACQUA,EXPLORADOR (CINZA/ ROXO) CÓD D REF COMERC:ANDAD 40.002/40002003/40002004/40002007/40003004/40004002/40004003;MAT:ESTRUTURA METALICA - AÇO TUBULAR/DIM:48X60,5X70CM/SIST DE TRAVA:LIBERAÇ EM 2AÇÕES CONSECUT/SIST DE MONTAGEM E FERRAGEM:PARAFUSOS E REBITES/ACESSÓ:BRINQUEDOS E ADESIVOS/CARACT DO MODELO:ANDADOR C B;7898431501615|7898431501622|7898431501639|7898431501684|7898431501691|7898431501707;Excluido;26/04/2024
805400/2024;Ativo;;07/02/2022;;;TUTTI BABY INDUSTRIA E COMERCIO DE ARTIGOS INFANTIS LTDA;06981862000129;4733794000;Rod. Guilherme Jensen, SC413, km13;0;;89108000;Distrito Industrial;Massaranduba;SC;certificacao@tuttibaby.com.br;TUTTI BABY INDUSTRIA E COMERCIO DE ARTIGOS INFANTIS LTDA;Andadores Infantis;Portaria Inmetro nº 129 de 19/03/2021;;IN2869325;Modelo 5;;N;Brasil;Tutti Baby;Andador: VERSÕES: Safari II (Azul/Rosa/Vermelho), Princesa Rosa Coroa, Acqua Explorador (Cinza/Roxo);ESTRUTURA METÁLICA , AÇO TUBULAR / 48 x 60,5 x 70CM / SISTEMA DE TRAVAMENTO COM DUAS AÇÕES CONSECUTIVAS PARA LIBERAÇÃO /SISTEMA DE MONTAGEM/FERRAGEM: PARAFUSOS E REBITES ACESSÓRIOS: BRINQUEDOS E ADESI;7898431501615|7898431501622|7898431501639|7898431501684|7898431501691|7898431501707;Excluido;15/03/2024
477511/1944;Ativo;;27/03/2026;;;HEMNANI COMERCIO DE VARIEDADES LTDA.;05469291000185;9232330121;Rua Marcílio Dias;304;;69005270;Centro;Manaus;AM;hemnanibr@yahoo.com;PINGHU XIAOTIANDI CHILDREN?S PRODUCTS FACTORY;Andadores Infantis;Portaria Inmetro nº 129 de 19/03/2021;;IN2911926;Modelo 5;;S;China, República Popular;SITA;ANDADOR AKH602 - AKH602 - AVIÃO - AVIAO;MAT:PP,FERRO E POLIE./DIM:70 X62.5 X 51 CM/SISTEMA DE TRAVAMENTO:LIBERAÇÃO EM DUAS AÇÕES CONSECUTIVAS/SISTEMA DE MONTAGEM E FERRAGEM:MAN.(S/FERRAM.)/ACESS:BAND.MUSI./CARAC.DO MOD.:AND.COM BAND.MUSI.;0618231660148;Incluido;27/03/2026
771515/1970;Ativo;;03/04/2023;;;PLANETA - IMPORTACAO E DISTRIBUICAO DE BRINQUEDOS LTDA;13434272000141;1138951572;AV VASCO MASSAFELI;1000;G1A M1-21;06703600;JARDIM MARIA TEREZA;COTIA;SP;admin@planetadobebe.com.br;HEBEI WANXIN CHILDREN TOYS CO.,LTD.;Andadores Infantis;Portaria Inmetro nº 129 de 19/03/2021;;IN1765923;Modelo 5;;S;China, República Popular;MAXI BABY;NW-01 - ANDADOR LA BAMBA;MAT:PP PARTES EM ABS, AÇO DE ALTO CARB RODA ELAST.TERMO., PVC/DIM:580X680X550/SIS TRA:LIBERA.EM 2 AÇÕES CONSEC. SIS DE MON E FER:MAN.(S/ FER)/ACE:BANDEJA COM BRINQ/CAR MOD:AND COM BRINQ(BAND.A MUS.);7899403215370|7899403215387;Excluido;22/12/2025
065519/1997;Ativo;;03/04/2023;;;PLANETA - IMPORTACAO E DISTRIBUICAO DE BRINQUEDOS LTDA;13434272000141;1138951572;AV VASCO MASSAFELI;1000;G1A M1-21;06703600;JARDIM MARIA TEREZA;COTIA;SP;admin@planetadobebe.com.br;HEBEI WANXIN CHILDREN TOYS CO.,LTD.;Andadores Infantis;Portaria Inmetro nº 129 de 19/03/2021;;IN1765923;Modelo 5;;S;China, República Popular;MAXI BABY;ANDADOR LA BAMBA - NW-01 - AZUL #21537/ROSA #21538/VERMELHO #75268;MAT:PP E PART.ABS,AÇOD.ALTOCARB.RODAELASTÔM.TERMOP.,PVC/DIM:580X680X550(LXCXH)/SIS_TRAV:LIBER.EM 2 AÇÕES CONS./SIS_MONT E FERRG:MAN.(S/FERM)/ACES:BANDJ C BRI./CARAC.D.M.:ANDAD.C BRINQ.REG.002149/2023 ;7898975752689|7899403215370|7899403215387;Incluido;18/03/2026
946615/1999;Ativo;;27/08/2026;;;MADHULA COMERCIO DE ARTIGOS ELETROELETRONICOS LTDA;03838532000190;92994433107;Rua Marcilio Dias;166;;69005270;Centro;Manaus;AM;mayapunjwani@gmail.com;PINGHU XIAOTIANDI CHILDREN?S PRODUCTS FACTORY;Andadores Infantis;Portaria Inmetro nº 129 de 19/03/2021;;IN3141126-2;Modelo 5;;S;China, República Popular;BENMEK;ANDADOR MADHULA/ MA101/ Rosa - MA101R/ Azul - MA101A/ Verde - MA101V/ Laranja - MA101L;MAT.:PP, FERRO E POLIÉSTER/DIM.:63X57X53 CM/SIST. DE TRAV.:LIBERAÇÃO EM DUAS AÇÕES CONSECUTIVAS/SIST. MONT. E FERR.:MANUAL (SEM FERRAMENTA)/ACESS.:BRINQUEDO/CARACT. DO MOD.:ANDADOR COM BRINQUEDO;6901031000158;Incluido;27/08/2026
610906/1949;Ativo;;20/10/2022;;;STYLL ADMINISTRACAO, INVESTIMENTOS, LOCACOES & SERVICOS LIMITADA;22475905000231;11994300960;Rua Marcio Carlim;401;;13849226;Parque Industrial;Mogi Guaçu;SP;alexandre@styll.com.br;STYLL ADMINISTRACAO, INVESTIMENTOS, LOCACOES & SERVICOS LIMITADA;Andadores Infantis;Portaria Inmetro nº 129 de 19/03/2021;;IN1679022;Modelo 5;;N;Brasil;STYLL BABY;ANDADOR SOFT WAY / V:V:AZ.SON.(AND-98.001-05)/RO.SON.(AND-98.002-05)/LAR.SON.(AND-98.003-05)/GUARÁ AZ.(AND-50.022-01)/GUARÁ RO.(AND-50.022-02)/GUARÁ LAR.(AND-50.022-03)/VE.SON.(AND-99.009-68)/AZ.CLÁS.(AND-98.001-04)/RO.CLÁS.(AND-98.002-04))/...;MAT:AÇO,POLIPR. E POLIÉ./DIM:640X570X470MM/SIS.DE TRAV:CATRA.EM BAI.DA BAN.(LIBER. EM DU.AÇÕ.CONS.)/SIST.DE MON.E FERR.:MANUAL(COM CHA.PHI.NÃO INCL.)/ACES:BAND.COM BRIN./ CONT.VERSÔES;7898488590037|7898488590440|7898488590457|7898488590464|7898488590624|7898488599849|7898488599856|7898488599863|7898488599870|7898488599887|789848859994;Incluido;20/10/2022
210499/1978;Inativo;;09/02/2022;;;COMPANHIA DOREL BRASIL PRODUTOS INFANTIS;10659948000107;02135547024;Av. Nilo Peçanha;1516 /1582;Térreo;28030035;Pq dos Rodoviários;Campos dos Goytacaze;RJ;mariana.magalhaes@dorel.com.br;Dong Guan Hua Song Plastic Products Co.Ltd;Andadores Infantis;Portaria Inmetro nº 42 de 19/01/2018;;IN1512522;;;S;China, República Popular;Safety 1st;11389.  Melody Garden;Pol.,PP,Aço. 65x55x66cm. Aut.c/lib.em 2 ações consec.,Manual. Acessórios: Brinquedo(centro de atividades);9312541727119;Incluido;09/02/2022
359523/2023;Ativo;;15/12/2023;;;MADHULA COMERCIO DE ARTIGOS ELETROELETRONICOS LTDA;03838532000190;62811924131;Rua Marcilio Dias;166;;69005270;Centro;Manaus;AM;dgjohnny@gmail.com;PINGHU SHI XIAOTIANDI CHILDREN''S PRODUCTS FACTORY;Andadores Infantis;Portaria Inmetro nº 129 de 19/03/2021;;IN1983523;;;S;China, República Popular;BENMEK;ANDADOR MADHULA/REF.: MA100/VERSÕES:Verde e Azul - MA100VA,Rosa e Roxo - MA100RR,Branco e Azul Escuro - MA100BAE,Amarelo e Vermelho - MA100AV;MAT:PP, FERRO E POLIÉSTER/DIMEN.:63 X 57 X 53 CM/SIST. TRAVAMENTO:Liberação em duas ações consecutivas/SIST. MONTAGEM E FERRAGEM:MANUAL(SEM FERRAMENTA)/ACESS.:n/a/CARACTERÍSTICAS: ANDADOR COM BRINQUED;6901031000158;Incluido;15/12/2023
317181/1981;Ativo;;12/11/2024;;;CACANDO OFERTAS LTDA;23230465000134;11976586700;Rua José Ferreira Crespo;752;Sala 1;08021480;Jardim São Vicente;São Paulo;SP;diegofrancisco22@bol.com.br;STYLL ADMINISTRACAO, INVESTIMENTOS, LOCACOES & SERVICOS LIMITADA;Andadores Infantis;Portaria Inmetro nº 129 de 19/03/2021;;IN2382924;;;N;Brasil;ClickBaby's;Andador Happy baby - Versões AZUL-HAPPY BABY ROSA-HAPPY BABY LARANJA-HAPPY BABY;Mat.Aço Polipropileno.Dim:640x570x470cm.Sist.Trav. Liberação duas ações consecutivas.Sist de Mont e Ferrag:Manual sem ferramenta.Acess: Bandeja c/Brinquedo.Caract/modelo:Andador c/brinquedo na bandeja;7898975097001|7898975097018|7898975097025;Incluido;12/11/2024
417897/1966;Ativo;;07/02/2022;;;TUTTI BABY INDUSTRIA E COMERCIO DE ARTIGOS INFANTIS LTDA;06981862000129;4733794000;Rod. Guilherme Jensen, SC413, km13;0;;89108000;Distrito Industrial;Massaranduba;SC;certificacao@tuttibaby.com.br;TUTTI BABY INDUSTRIA E COMERCIO DE ARTIGOS INFANTIS LTDA;Andadores Infantis;Portaria Inmetro nº 129 de 19/03/2021;;IN2869325;Modelo 5;;N;Brasil;Tutti Baby;Andador Safari Plus II (Azul / Rosa / Vermelho);ESTRUT. MET.AÇO.TUBULAR/48x60,5x70CM/SIST.DE TRAV. COM.DUAS.AÇÕES.CONSECUT.PARA.LIBER./PARAFUSOS.E. REBITES/BRINQUEDOS.E.ADESIVOS;7898431501615|7898431501622|7898431501639;Excluido;08/04/2022
653538/1949;Ativo;;01/07/2026;;;APS IMPORTACAO EXPORTACAO DISTRIBUICAO LTDA;44540981000135;11974642778;EST GERAL DE MEDEIROS;20;SALA 05;88390000;MEDEIROS;BARRA VELHA;SC;orquestra@yescert.com.br;Tengzhou Lebeir Baby Carriage Co., Ltd.;Andadores Infantis;Portaria Inmetro nº 129 de 19/03/2021;;IN3076626;Modelo 5;;S;China, República Popular;TOYS&TOYS;MOD:ANDADOR MUSICAL PARA BEBES/INFANTIL/CÓD DE REFERÊNCIA COMERCIAL: ANDADOR MUSICAL V:CINZA - 310552,MARROM - 310569,AZUL - 310576,ROSA 310583;Mat:PP/Dim:799x660x715mm/Sist de Travam: Dois dispositivos de travam independentes sendo operados simult/Sist de Mont e Ferr:Manual (sem ferram)/Acess:N/A/Caract do modelo:ANDADOR COM BRINQ.MUSICAL AC;7908888310552|7908888310569|7908888310576|7908888310583;Incluido;01/07/2026
215504/2019;Inativo;;19/06/2023;;;VANMAX COMERCIO LTDA;84114198000124;9231337050;RUA CEL SERGIO PESSOA;91;;69005030;CENTRO;MANAUS;AM;GERENTEDEVENDAS@VANMAX.COM.BR;PINGHU SHI XIAOTIANDI CHILDREN´S PRODUCTS FACTORY;Andadores Infantis;Portaria Inmetro nº 129 de 19/03/2021;;IN1811123;;;S;China, República Popular;BRINKMAX;997A/ NOME COMERCIAL: ANDAJÁ/VERSÕES: AZUL - 582597/ROSA - 582596/VERMELHO - 582598/VERMELHO/BRANCO - 582599 - MAT.: FERRO,POLIPROPILENO E POLIÉSTER/DIM.:67X57X54CM;SIST.DE TRAVA.:LIBERAÇÃO EM DUAS AÇÕES CONSECUTIVAS/SIST.DE MONT.E FERR.MAN.(SEM FERRAMENTA)/ACESSÓRIOS: BRINQUEDO/CARACTERISTICAS DO MODELO: ANDADOR INFANTIL COM BRINQUEDO ACOPLADO;7890785825966|7890785825973|7890785825980|7890785825997;Incluido;19/06/2023
947542/1975;Ativo;;07/03/2024;;;MADHULA COMERCIO DE ARTIGOS ELETROELETRONICOS LTDA;03838532000190;63881924131;Rua Marcilio Dias;166;;69005270;Centro;Manaus;AM;ltdamcg@gmail.com;PINGHU SHI XIAOTIANDI CHILDREN''S PRODUCTS FACTORY;Andadores Infantis;Portaria Inmetro nº 129 de 19/03/2021;;IN2088024;;;S;China, República Popular;BENMEK;ANDADOR MADHULA - MA101 - ROSA-MA101R/AZUL-MA101A/VERDE-MA101V/LARANJA-MA101L;MAT.:PP,FERRO E POLIÉSTER/DIM.:63X57X53CM/SIST.TRAVA.:LIBERAÇÃO EM DUAS AÇÕES CONSECUTIVAS/SIST.MONT.FERRA.:MANUAL(SEM FERRAMENTA)/ACESSÓRIOS:N/A/CARACTERISTICAS DO MODELO: ANDADOR COM BRINQUEDO;6901031000158;Incluido;07/03/2024
334163/1959;Ativo;;05/08/2021;;;GALZERANO INDUSTRIA DE CARRINHOS E BERCOS LTDA;43594977000197;19999947357;Via Prefeito Jurandyr Paixão;700;;13481149;Jd. Campo Belo;Limeira;SP;luisfernando.camargo@galzerano.com.br;GALZERANO INDUSTRIA DE CARRINHOS E BERCOS LTDA;Andadores Infantis;Portaria Inmetro nº 129 de 19/03/2021;;CE-AND/IQB 000006 54618/21-001;;;N;Brasil;GALZERANO;Ref.: 4050-Andador Torino. Versões: 4050RO (Rosa), 4050TER (Terracota);Mat Tec poliest TNT Espum PP PA6 Master Tint Tub aço Item fix/aviam CxLxA(cm) 71x62,5x51,5 Trav Trilh plást c/ botão destrav e reg alt Acess Band brinq não remov retrov Carac Tec Pçs plást Tint Ferrag;7908200102247|7908200102254;Excluido;11/05/2022
241546/2002;Inativo;;23/05/2025;;;MD COMERCIO DE FERRAGENS LTDA;55274701000100;92981285408;AVENIDA JOAQUIM NABUCO;1094;A;69020030;Centro;Manaus;AM;mdcomerciodeferragensltda@gmail.com;Xingtai Pandelo Technology Co.,Ltd;Andadores Infantis;Portaria Inmetro nº 129 de 19/03/2021;;IN2611025;Modelo 5;;S;China, República Popular;ULTRA BABY;REF: UBW-801H - ANDADOR INFANTIL MUSICAL PARA BEBÊ - BABY PINK / BARBIE PINK, RED / WHITE, ROYAL BLUE / ORANGE / WHITE, GREEN / WHITE;MAT:PP,FERRO E POLIÉSTER/DIM:68X59X52CM/SIS_TRAV:LIBERAÇÃO EM 2 AÇÕES CONSECUTIVAS/SIS_MONTAGEM_E_FERRAGEM:MANUAL(SEM FERRAMENTA)/ACESSÓRIOS: N/A/CARACTERISTICAS_MODELO:ANDADOR COM BRINQUEDO ACOPLADO;7890012361007|7890012361113|7890012368082|7890012369096;Incluido;23/05/2025
535561/1928;Ativo;;24/01/2025;;;PLANETA - IMPORTACAO E DISTRIBUICAO DE BRINQUEDOS LTDA;13434272000141;1138951572;AV VASCO MASSAFELI - GALPAO1 RUA A LADO IMPAR ANEXO;1000;MODULO1/21;06703600;JARDIM MARIA TEREZA;COTIA;SP;admin@planetadobebe.com.br;PLANETA - IMPORTACAO E DISTRIBUICAO DE BRINQUEDOS LTDA;Andadores Infantis;Portaria Inmetro nº 129 de 19/03/2021;;IN2476224;;;N;Brasil;REPLAY KIDS;ANDADOR QUICK/21680 / BELLA/21681 / PUPPY/21682 / ZOO/21683 / SPACE/21684 / RACING;M:POLIPROPILENO, ABS, AÇO,ELASTÔMERO TERMOPLÁSTICO E PVC/D:58X68X55CM/S.D/TRV:MANUAL (SEM FERRAMENTA)/ACS:N/A/CARACTERISTICAS DO MODELO:BANDEJA COM BRINQUEDO/ PLACA MUSICAL/PLACA ANTIDERRAPANTE;7899403216803|7899403216810|7899403216827|7899403216834|7899403216841;Incluido;24/01/2025
404111/1978;Ativo;;03/04/2023;;;PLANETA - IMPORTACAO E DISTRIBUICAO DE BRINQUEDOS LTDA;13434272000141;1138951572;AV VASCO MASSAFELI;1000;G1A M1-21;06703600;JARDIM MARIA TEREZA;COTIA;SP;admin@planetadobebe.com.br;HEBEI WANXIN CHILDREN TOYS CO.,LTD.;Andadores Infantis;Portaria Inmetro nº 129 de 19/03/2021;;IN1765923;Modelo 5;;S;China, República Popular;MAXI BABY;NW-01 - ANDADOR LA BAMBA;MAT:PP PARTES EM ABS, AÇO DE ALTO CARB RODA ELAST.TERMO., PVC/DIM:580X680X550/SIS TRA:LIBERA.EM 2 AÇÕES CONSEC. SIS DE MON E FER:MAN.(S/ FER)/ACE:BANDEJA COM BRINQ/CAR MOD:AND COM BRINQ(BAND.A MUS.);7899403215370|7899403215387;Excluido;22/12/2025
829565/1954;Ativo;;31/10/2025;;;MD COMERCIO DE FERRAGENS LTDA;55274701000100;92985975259;Avenida Joaquim Nabuco;1094;A;69020030;Centro;Manaus;AM;mdcomerciodeferragensltda@gmail.com;Xingtai Pandelo Technology Co.,Ltd;Andadores Infantis;Portaria Inmetro nº 129 de 19/03/2021;;IN2824825;Modelo 5;;S;China, República Popular;ULTRA BABY;ANDADOR INFANTIL MUSICAL PARA BEBÊ - UBW -305 - N/A - BABY PINK / BARBIE PINK/RED / WHITE/ROYAL BLUE /ORANGE / WHITE/LIGHT BLUE / WHITE;MAT:PP,FERRO E POLIÉ./DIM.:68X59X52 CM/SIST.DE TRAV.:LIB.EM DUAS AÇÕES CONS./SIST.DE MONT. E FERR.:MAN.(S/FERRAM.)/ACESS.:N/A/CARACTERISTICAS DO MODELO:ANDADOR COM BRINQUEDO ACOPLADO;7890012361007|7890012361113|7890012368082|7890012369096;Incluido;31/10/2025
123569/1981;Ativo;;06/03/2023;;;BURIGOTTO S A INDUSTRIA E COMERCIO;51460277000138;1934464813;Rua Martino Dragone;280;;13480308;Jardim Santa Barbara;Liemira;SP;alison.smanioto@burigotto.com;JIN SUN GEE PLASTICS CO., LTD;Andadores Infantis;Portaria Inmetro nº 129 de 19/03/2021;;CE-AND/IQB 000004 55573/23-001;Modelo 5;;S;Formosa (Taiwan);BURIGOTTO;ANDADOR OLÉ CL - REF. IXAN5143CL;PP, AÇO, TECIDO / 590 X 690 X 550 MM / TRILHO PLÁSTICO COM BOTÃO DE TRAVA/DESTRAVA E REGULAGEM DE ALTURA / REBITES, PARAFUSOS E ENCAIXE DE PEÇAS PLÁSTICAS / BANDEJA COM 2 BRINQUEDOS DE PP E NYLON;7896502944248;Incluido;29/04/2026
417573/2007;Inativo;;11/11/2022;;;COMPANHIA DOREL BRASIL PRODUTOS INFANTIS;10659948000883;2135547024;Av. Nilo Peçanha;1516 ;Galpão 3 ;28030035;Pq dos Rodoviários;Campos dos Goytacaze;RJ;standard@dorel.com.br;Jin Sun Gee Plastics Co., Ltd;Andadores Infantis;Portaria Inmetro nº 129 de 19/03/2021;;IN1701622-2;;;S;Formosa (Taiwan);Voyage;BG-1518. Nome comercial: Baby Step. Versões: Rosa e Azul.;Ferro,PP e poliéster. 60x49x68cm.Trav:Lib.2 ações consec.,Mont:Encaixe. Aces:Brinquedos;7908238801280|7908238801297;Incluido;11/11/2022
711588/1933;Ativo;;04/08/2025;;;BAMBINO COMERCIAL LTDA;06006481000129;81987347022;R. 23;175;;53090190;RIO DOCE;OLINDA;PE;bambino.souza@terra.com.br;PINGHU XIAOTIANDI CHILDREN?S PRODUCTS FACTORY;Andadores Infantis;Portaria Inmetro nº 129 de 19/03/2021;;IN2750125;Modelo 5;;S;China, República Popular;BAMBINO;ANDADOR - BA01 - ROSA/AZUL;MAT:PP,FERRO E POLIÉSTER/DIM:70X62.5X51CM/SIS_TRAV:LIBERAÇÃO EM DUAS AÇÕES CONSECUTIVAS/SIS_MONT E FERRG:MANUAL(S/FERRAM.)/ACESS.:BRINQ.CEN.DE ATIVI./CARACT.DO MODELO:ANDADOR COM BANDEJA MUSICAL;7898576907150|7898576907167;Incluido;04/08/2025
005592/1960;Ativo;;03/04/2023;;;PLANETA - IMPORTACAO E DISTRIBUICAO DE BRINQUEDOS LTDA;13434272000141;1138951572;AV VASCO MASSAFELI;1000;G1A M1-21;06703600;JARDIM MARIA TEREZA;COTIA;SP;admin@planetadobebe.com.br;HEBEI WANXIN CHILDREN TOYS CO.,LTD.;Andadores Infantis;Portaria Inmetro nº 129 de 19/03/2021;;IN1765923;Modelo 5;;S;China, República Popular;MAXI BABY;ANDADOR LA BAMBA - NW-01 - AZUL #21537/ROSA #21538/VERMELHO #75268;MAT: PP E PAR. ABS, AÇO DE ALT. CARB.-RODA ELAST. TERM.,PVC/DIM:580X680X550(LXCXH)/SIS_TRAV:LIBE.EMDUAS AÇÕES CONS./SIS_MONT E FER:MAN.(S/FER.)/ACES:BAND C BRINQ./CARAC.DO MOD:ANDADOR C BRI.(BAD. MUS.;7898975752689|7899403215370|7899403215387;Excluido;18/03/2026
299596/1986;Ativo;;06/05/2025;;;KAVOD BRASIL COMERCIO E IMPORTACAO DE PRODUTOS DE USO DOMESTICO LTDA;12389993000114;1136612389;Avenida Marquês de São Vicente;2219;Conj 1001;05036040;Água Branca;São Paulo;SP;adm@kababy.com.br;Tengzhou Lebeir Baby Carriage Co., Ltd.;Andadores Infantis;Portaria Inmetro nº 129 de 19/03/2021;;IN2610825;;;S;China, República Popular;KaBaby;DESIGNAÇÃO COMERCIAL: ANDADOR DE EMPURRAR STEP-UP KABABY CINZA/CÓDIGO DE REFERÊNCIA COMERCIAL: ANDADOR/QUANTIDADE: -/;MAT:PP/DIM:799x660x715mm/SIS_TRAV:LIBERAÇÃO EM DUAS AÇÕES CONSECUTIVAS/SIS_MONTAGEM/FERRAGEM:MANUAL SEM AUXILIO DE FERRAMENTA/ACESSORIOS:N/A/CARACT_DO_MODELO:ANDADOR COM BRINQUEDO ACOPLADO;7898605218394;Incluido;06/05/2025
916842/2011;Ativo;;06/03/2023;;;BURIGOTTO S A INDUSTRIA E COMERCIO;51460277000138;1934464813;Rua Martino Dragone;280;;13480308;Jardim Santa Barbara;Liemira;SP;alison.smanioto@burigotto.com;JIN SUN GEE PLASTICS CO., LTD;Andadores Infantis;Portaria Inmetro nº 129 de 19/03/2021;;CE-AND/IQB 000004 55573/23-001;Modelo 5;;S;Formosa (Taiwan);BURIGOTTO;ANDADOR OLÉ CL (REF.COM.  IXAN5143CL);PP, AÇO, TECIDO / 590 X 690 X 550 MM / TRILHO PLÁSTICO COM BOTÃO DE TRAVA/DESTRAVA E REGULAGEM DE ALTURA / REBITES, PARAFUSOS E ENCAIXE DE PEÇAS PLÁSTICAS / BANDEJA COM 2 BRINQUEDOS DE PP E NYLON;7896502944248;Excluido;29/04/2026
084702/1987;Ativo;;09/09/2026;;;TUTTI BABY INDUSTRIA E COMERCIO DE ARTIGOS INFANTIS LTDA;06981862000129;4733794000;Rua Vicente Zanotti;177;Galpão 01;89381270;Industrial Zaferino ;Massaranduba;SC;heloiza.souza@tuttibaby.com.br;TUTTI BABY INDUSTRIA E COMERCIO DE ARTIGOS INFANTIS LTDA;Andadores Infantis;Portaria Inmetro nº 129 de 19/03/2021;;CE-AND/IQB 000013 57036/26-001;Modelo 5;;N;Brasil;TUTTI BABY;ANDADOR SAFARI - REF. 40002003,40002004,40002007,40003004,40004002,40004003;ESTRU.MET.:ACO TUBULAR,BRINQ:PLAST. DE ENG.,REVEST. TEXTIL:ALGODAO/51X61X70 CM/DOIS DISP. DE TRAV. INDEPENDENTES SENDO OPERADOS SIMULT./PARAFUSOS E MONT. DE PÇS PLAST./BRINQ. CERTIF.E ADESIVO-57036/26;7898431501615|7898431501622|7898431501639|7898431501684|7898431501691|7898431501707;Incluido;09/09/2026
428265/2008;Ativo;;01/08/2023;;;COMPANHIA DOREL BRASIL PRODUTOS INFANTIS;10659948000883;2135547024;Av. DR  Nilo Peçanha;1516;Galpão 3 ;28030035;Pq dos Rodoviários;Campos dos Goytacaze;RJ;standard@dorel.com.br;ZHONG SHAN SUN LUEN CHONG COMMODITY COMPANY LIMITED;Andadores Infantis;Portaria Inmetro nº 129 de 19/03/2021;;CE-AND/IQB 000011 55435/22-001;Modelo 5;;S;China, República Popular;TINY LOVE;4-in-1 Here I Grow Mobile Activity Center. Ref. 1806501211. ABS, Alumínio, Aço, Poliéster, PP. 70x57x44cm.Sist. de mont.:Manual (s/ ferragem).;Sist. de Trav.:2 disp. de travamento independentes, devem ser operados simultaneamente. Aces.: Brinq. acoplado.;7290108862973;Incluido;01/08/2023
593600/2012;Ativo;;17/06/2024;;;MEGA COMPRAS PRESENTES.COM LTDA;02561195000174;4191284769;RUA ELDORADO;511;511;09550720;PROSPERIDADE;SÃO CAETANO DO SUL;SP;contabilidade@grupogmac.com;HEBEI HAOKU CHILDREN TOYS CO., LTD;Andadores Infantis;Portaria Inmetro nº 129 de 19/03/2021;;IN2152424;;;S;China, República Popular;MEGA COMPRAS;ANDADOR PARA BEBÊS-PREMIUM-REF:MC923/MC923AZ/MC923RS/MC923CZ/MATERIAL:PP E POLIÉSTER/DIMENSÕES:65X 48X46 CM/ CONT: ANDADOR COM BRINQUEDO ACOPLADO;SISTEMA DE TRAVAMENTO:DOIS DISPOSITIVOS DE TRAVAMENTO INDEPENDENTES SENDO OPERADOS SIMULTÂNEAMENTE/SISTEMA DE MONTAGEM E FERRAGEM:MANUAL (SEM FERRAMENTA)/ACESSÓRIOS:BRINQUEDO/CARACTERISTICAS DO MODELO;7898692799028|7898692799578|7898692799585;Incluido;17/06/2024
887615/1938;Ativo;;29/04/2024;;;TAPUZIM COMERCIAL LTDA;00513418000100;113856906;Av. Monte Celeste;230;250;02561000;Vila S. Maria;São Paulo;SP;sergio@babystylebrasil.com.br;SHEN ZHEN WEI MEI CHILDCARE PRODUCT LIMITED COMPANY;Andadores Infantis;Portaria Inmetro nº 129 de 19/03/2021;;IN2118124-2;;;S;China, República Popular;Baby Style;ANDADOR FOGUETE - FOGUETE CINZA E FOGUETE ROSA;MATERIAL:PP/DIM:62X53X78CM/SISTEMA DE TRAVAME:LIBERA EM 2 AÇÕES CONSECUTIVAS/MANUAL/ACESSÓRIOS:N/A/CARACT DO MODELO:ANDADOR C BRINQUEDO NA BANDEJA;4079337285219|4079337296543;Incluido;29/04/2024
438957/2009;Ativo;;09/12/2019;;;TAPUZIM COMERCIAL LTDA;00513418000100;1138569063;Av. Monte Celeste;230;250;02561000;Vila S. Maria;São Paulo;SP;ehs0770@hotmail.com;SHEN ZHEN WEI MEI CHILDCARE PRODUCT LIMITED COMPANY;Andadores Infantis;Portaria Inmetro nº 129 de 19/03/2021;;IN2062423;Modelo 5;;S;China, República Popular;Baby Style;MODELO: ANIMAIS VERSÕES: Andador cachorro vermelho - Ref. 33721 Andador cachorro azul - Ref. 33722 Andador abelha rosa - Ref. 33723 Andador abelha azul - Ref. 33724 Andador pianinho rosa Ref: 33725 Andador pianinho azul Ref: 33726;Material: Plástico, metal e tecido, Dimensões: 50 x 70 x 60 cm, Sistema de Travamento: Stoper, Sistema deMontagem e Ferragem: Tesoura, Acessórios: Bandeja musical;4079337218996|4079337228995|4079337238994|4079337248993|4079337251993|4079337261992;Excluido;29/01/2024
181619/1965;Ativo;;19/02/2026;;;RGM  COMERCIO E SERVICOS LTDA;18007664000148;11996294240;Avenida Angélica;511;Cj. 904;01227100;Santa Cecilia;São Paulo;SP;papush@uol.com.br;PINGHU XIAOTIANDI CHILDREN?S PRODUCTS FACTORY;Andadores Infantis;Portaria Inmetro nº 129 de 19/03/2021;;IN2911726;Modelo 5;;S;China, República Popular;RGM;ANDADOR DREUX - R602 - AVIÃO - AVIAO;MAT:PP,FERRO E POLIÉ./DIM:70X62.5X51 CM/SIST.DE TRAV.:LIB.EM DUAS AÇÕES CONSECU./SIST.DE MONT.E FERR.:MANUAL (SEM FERRAMENTA)/ACESS:BANDEJA MUSICAL/CARACT.DO MODELO:ANDADOR COM BANDEJA MUSICAL;7898926505616;Incluido;19/02/2026
475623/1991;Ativo;;19/02/2026;;;RGM  COMERCIO E SERVICOS LTDA;18007664000148;11996294240;Avenida Angélica;511;Cj. 904;01227100;Santa Cecilia;São Paulo;SP;papush@uol.com.br;PINGHU XIAOTIANDI CHILDREN?S PRODUCTS FACTORY;Andadores Infantis;Portaria Inmetro nº 129 de 19/03/2021;;IN2911726;Modelo 5;;S;China, República Popular;RGM;ANDADOR DREUX - R602 - AVIÃO - AVIAO;MAT:PP,FERRO E POLIÉ./DIM:70X62.5X51 CM/SIST.DE TRAV.:LIB.EM DUAS AÇÕES CONSECU./SIST.DE MONT.E FERR.:MANUAL (SEM FERRAMENTA)/ACESS:BANDEJA MUSICAL/CARACT.DO MODELO:ANDADOR COM BANDEJA MUSICAL;7898926505616;Incluido;19/02/2026
678050/1939;Ativo;;16/09/2024;;;AMAZONAS IMPORTADOS LTDA;07269201000138;9691131654;Rua Independência;175;;68900090;Central;Macapa;AP;adriana.abreu@amazonasimportados.com.br;YIWU BALBIAN ELECTRONIC TECHNOLOGICAL CO., LTD;Andadores Infantis;Portaria Inmetro nº 129 de 19/03/2021;;IN2086424-1;;;S;China, República Popular;LÉ PETIT;MODE:BABY WALKER/REF:LP-9517/ CONT: ANDADOR COM BRINQUEDO ACOPLADO/VERSÕES:AZUL,ROSA,VERDE,;MAT:PP E POLIÉSTER/DIM:62X55,5X50CM/SIST DE TRAV:LIBERAÇÃO EM DUAS AÇÕES CONSECUTIVAS/SIST DE MONT E FERRAGEM:MANUAL (SEM FERRAMENTA)/ACESSÓRIOS:N/A.CARACTERISTICAS DO MODELO:;453068745717;Incluido;16/09/2024
769627/2017;Inativo;;14/08/2019;;;Companhia Dorel Brasil Produtos Infantis;10659948000107;2135633602;Av. Nilo Peçanha;1516 /1582;Térreo;28030035;Pq dos Rodoviários;Campos dos Goytacaze;RJ;mariana.magalhaes@dorel.com.br;JIN SUN GEE PLASTIC CO.,LTD;Andadores Infantis;Portaria Inmetro nº 42 de 19/01/2018;;OCAN-AND.145/19-2;;;S;Formosa (Taiwan);Cosco;BG-2023;Nome Fantasia: Goal Walker 4 em 1. Cores: Rosa e Azul. Material: Ferro, Plástico, PP e PU. 74 x 44x 66.5 cm. Sistema de Travamento e Montagem: Manual. Acessórios: Bandeja de Brinquedos.;7898509478375|7898509478665;Incluido;14/08/2019
743306/1976;Inativo;;14/08/2019;;;Companhia Dorel Brasil Produtos Infantis;10659948000107;2135633602;Av. Nilo Peçanha;1516 /1582;Térreo;28030035;Pq dos Rodoviários;Campos dos Goytacaze;RJ;mariana.magalhaes@dorel.com.br;JIN SUN GEE PLASTIC CO.,LTD;Andadores Infantis;Portaria Inmetro nº 42 de 19/01/2018;;OCAN-AND.145/19-2;;;S;Formosa (Taiwan);Cosco;BG-2023;Nome Fantasia: Goal Walker 4 em 1. Cores: Rosa e Azul. Material: Ferro, Plástico, PP e PU. 74 x 44x 66.5 cm. Sistema de Travamento e Montagem: Manual. Acessórios: Bandeja de Brinquedos.;7898509478375|7898509478665;Incluido;14/08/2019
063642/1944;Ativo;;07/03/2024;;;JASSUMAL LTDA;04214425000154;63881924131;AV SETE SETEMBRO;852;;69005140;CENTRO;MANAUS;AM;dgjohnny@gmail.com;PINGHU SHI XIAOTIANDI CHILDREN''S PRODUCTS FACTORY;Andadores Infantis;Portaria Inmetro nº 129 de 19/03/2021;;IN2087524;;;S;China, República Popular;BABY SPORTS;ANDADOR JASSUMAL - BS104 - AZUL CLARO E ESCURO-BS104A/ROSA CLARO E ESCURO-BS104R/VERMELHO E PRETO-BS104VP/ROXO E ROSA ESCURO-BS104RR;MAT.:PP,FERRO E POLIÉSTER/DIM.:63X57X53CM/SIST.TRAVA.:LIBERAÇÃO EM DUAS AÇÕES CONSECUTIVAS/SIST.MONT.FERRA.:MANUAL(SEM FERRAMENTA)/ACESSÓRIOS:N/A/CARACTERISTICAS DO MODELO: ANDADOR COM BRINQUEDO;6901041000155;Incluido;07/03/2024
357646/1970;Inativo;;09/02/2022;;;COMPANHIA DOREL BRASIL PRODUTOS INFANTIS;10659948000107;02135547024;Av. Nilo Peçanha;1516 /1582;Térreo;28030035;Pq dos Rodoviários;Campos dos Goytacaze;RJ;mariana.magalhaes@dorel.com.br;Dong Guan Hua Song Plastic Products Co.Ltd;Andadores Infantis;Portaria Inmetro nº 42 de 19/01/2018;;IN1512522;;;S;China, República Popular;Safety 1st;11389.  Melody Garden;Pol.,PP,Aço. 65x55x66cm. Aut.c/lib.em 2 ações consec.,Manual. Acessórios: Brinquedo(centro de atividades);9312541727119;Incluido;09/02/2022
651650/1996;Ativo;;07/03/2024;;;COMPANHIA DOREL BRASIL PRODUTOS INFANTIS;10659948000107;2135547024;Av. Nilo Peçanha;1516;1582;28030035;Pq dos Rodoviários;Campos dos Goytacaze;RJ;standard@dorel.com.br;COMPANHIA DOREL BRASIL PRODUTOS INFANTIS;Andadores Infantis;Portaria Inmetro nº 129 de 19/03/2021;;IN2040823;Modelo 5;;N;Brasil;INFANTI/ COSCO;APPIA/ ZIGGY - HE022 - N/A - AZUL / ROSA / AZUL / ROSA;MAT:PP,PES,PTA,EG,POLIPROPILENO E POLIETILENO/DIM:56,5 X 68 X 60,5 CM/SIST D TRAVAMENTO:LIB EM DUAS AÇÕES CONSEC/SIST DE MNTGM E FERRG:MAN (SEM FER)/ACESS:BAND D BRINQ./CARACT D MODELO:ANDADOR C BRINQ;7908238809774|7908238809781|7908238815812|7908238815829;Incluido;10/04/2026
133971/2024;Ativo;;29/04/2024;;;TAPUZIM COMERCIAL LTDA;00513418000100;113856906;Av. Monte Celeste;230;250;02561000;Vila S. Maria;São Paulo;SP;sergio@babystylebrasil.com.br;SHEN ZHEN WEI MEI CHILDCARE PRODUCT LIMITED COMPANY;Andadores Infantis;Portaria Inmetro nº 129 de 19/03/2021;;IN2118124-2;;;S;China, República Popular;Baby Style;ANDADOR FOGUETE - FOGUETE CINZA E FOGUETE ROSA;MATERIAL:PP/DIM:62X53X78CM/SISTEMA DE TRAVAME:LIBERA EM 2 AÇÕES CONSECUTIVAS/MANUAL/ACESSÓRIOS:N/A/CARACT DO MODELO:ANDADOR C BRINQUEDO NA BANDEJA;4079337285219|4079337296543;Incluido;29/04/2024
945654/2022;Ativo;;07/02/2022;;;TUTTI BABY INDUSTRIA E COMERCIO DE ARTIGOS INFANTIS LTDA;06981862000129;4733794000;Rod. Guilherme Jensen, SC413, km13;0;;89108000;Distrito Industrial;Massaranduba;SC;certificacao@tuttibaby.com.br;TUTTI BABY INDUSTRIA E COMERCIO DE ARTIGOS INFANTIS LTDA;Andadores Infantis;Portaria Inmetro nº 129 de 19/03/2021;;IN2869325;Modelo 5;;N;Brasil;TUTTI BABY;DESIGNAÇÃO COMERC SAFARI II (AZUL/ROSA/VERMELHO),PRINCESA ROSA COROA,ACQUA,EXPLORADOR (CINZA/ ROXO) CÓD D REF COMERC:ANDAD 40.002/40002003/40002004/40002007/40003004/40004002/40004003 CARACT DO MODELO:ANDADOR C BRINQUEDO;MAT:ESTRUTURA METALICA - AÇO TUBULAR/DIM:48X60,5X70CM/SIST DE TRAVA:LIBERAÇ EM 2AÇÕES CONSECUT/SIST DE MONTAGEM E FERRAGEM:PARAFUSOS E REBITES/ACESSÓ:BRINQUEDOS E ADESIVOS;7898431501615|7898431501622|7898431501639|7898431501684|7898431501691|7898431501707;Excluido;10/12/2025
239669/1949;Ativo;;07/03/2024;;;COMPANHIA DOREL BRASIL PRODUTOS INFANTIS;10659948000107;2135547024;Av. Nilo Peçanha;1516;1582;28030035;Pq dos Rodoviários;Campos dos Goytacaze;RJ;standard@dorel.com.br;COMPANHIA DOREL BRASIL PRODUTOS INFANTIS;Andadores Infantis;Portaria Inmetro nº 129 de 19/03/2021;;IN2040823;Modelo 5;;N;Brasil;INFANTI/ COSCO;APPIA/ ZIGGY - HE022 - N/A - AZUL / ROSA / AZUL / ROSA;MAT:PP,PES,PTA,EG,POLIPROPILENO E POLIETILENO/DIM:56,5 X 68 X 60,5 CM/SIST D TRAVAMENTO:LIB EM DUAS AÇÕES CONSEC/SIST DE MNTGM E FERRG:MAN (SEM FER)/ACESS:BAND D BRINQ./CARACT D MODELO:ANDADOR C BRINQ;7908238809774|7908238809781|7908238815812|7908238815829;Incluido;10/04/2026
533673/1975;Ativo;;07/03/2024;;;COMPANHIA DOREL BRASIL PRODUTOS INFANTIS;10659948000107;2135547024;Av. Nilo Peçanha;1516;1582;28030035;Pq dos Rodoviários;Campos dos Goytacaze;RJ;standard@dorel.com.br;COMPANHIA DOREL BRASIL PRODUTOS INFANTIS;Andadores Infantis;Portaria Inmetro nº 129 de 19/03/2021;;IN2040823;Modelo 5;;N;Brasil;INFANTI/ COSCO;APPIA/ ZIGGY - HE022 - N/A - AZUL / ROSA / AZUL / ROSA;MAT:PP,PES,PTA,EG,POLIPROPILENO E POLIETILENO/DIM:56,5 X 68 X 60,5 CM/SIST D TRAVAMENTO:LIB EM DUAS AÇÕES CONSEC/SIST DE MNTGM E FERRG:MAN (SEM FER)/ACESS:BAND D BRINQ./CARACT D MODELO:ANDADOR C BRINQ;7908238809774|7908238809781|7908238815812|7908238815829;Incluido;10/04/2026
827677/2001;Inativo;;14/08/2019;;;Companhia Dorel Brasil Produtos Infantis;10659948000107;2135633602;Av. Nilo Peçanha;1516 /1582;Térreo;28030035;Pq dos Rodoviários;Campos dos Goytacaze;RJ;mariana.magalhaes@dorel.com.br;JIN SUN GEE PLASTIC CO.,LTD;Andadores Infantis;Portaria Inmetro nº 42 de 19/01/2018;;OCAN-AND.145/19-1;;;S;Formosa (Taiwan);Voyage;BG-1518;Nome Fantasia: Baby Step. Cores: Rosa e Azul. Material: Ferro, Plástico e Polipropileno. 60x49x68cm. Sistema Travamento e Montagem:Manual. Acessórios: Bandeja.;7908238801280|7908238801297;Incluido;14/08/2019
121692/1928;Ativo;;20/12/2019;;;TAPUZIM COMERCIAL LTDA;00513418000100;1138569063;Av. Monte Celeste;230;250;02561000;Vila S. Maria;São Paulo;SP;ehs0770@hotmail.com;SHEN ZHEN WEI MEI CHILDCARE PRODUCT LIMITED COMPANY;Andadores Infantis;Portaria Inmetro nº 42 de 19/01/2018;;OCAN-AND.165/19-2;;;S;China, República Popular;baby style;SPACECAR - VERSÕES: Andador car - Ref. 21302 / Andador space - Ref. 33117;Material: Plástico, metal e tecido. Dimensões: 59 x 59 x 69 cm , Sistema de Travamento: Stoper, Sistema de Montagem e Ferragem: Tesoura, Acessórios: Bandeja musical;4532213022990|4532331172997;Incluido;20/12/2019
415696/1954;Ativo;;07/02/2022;;;TUTTI BABY INDUSTRIA E COMERCIO DE ARTIGOS INFANTIS LTDA;06981862000129;4733794000;Rod. Guilherme Jensen, SC413, km13;0;;89108000;Distrito Industrial;Massaranduba;SC;certificacao@tuttibaby.com.br;TUTTI BABY INDUSTRIA E COMERCIO DE ARTIGOS INFANTIS LTDA;Andadores Infantis;Portaria Inmetro nº 129 de 19/03/2021;;IN2869325;Modelo 5;;N;Brasil;TUTTI BABY;ANDADOR SAFARI II-ANDADOR 40.002-40002003/40002004/40002007/40003004/40004002/40004003;MAT:PP/ALGODAO/DIM:51X61X70CM/SIS_TRAV:DOIS DISPOS DE TRAV IND. OPER. SIMULTÂNEAMENTE/SIS_MONT/FERRG:REBITES,PARAF,ENCAIXE DE PÇS PLAST/ACESS:BAND. C/ BRINQ/CARAC. DO MOD.:ANDADOR C/ BRINQ NA BAND;7898431501615|7898431501622|7898431501639|7898431501684|7898431501691|7898431501707;Incluido;27/02/2026
709700/1980;Ativo;;31/08/2026;;;MADHULA COMERCIO DE ARTIGOS ELETROELETRONICOS LTDA;03838532000190;92994433107;Rua Marcilio Dias;166;;69005270;Centro;Manaus;AM;mayapunjwani@gmail.com;PINGHU XIAOTIANDI CHILDRENS PRODUCTS FACTORY;Andadores Infantis;Portaria Inmetro nº 129 de 19/03/2021;;IN3141126-1;Modelo 5;;S;China, República Popular;BENMEK;MADHULA/ MA100/ Verde e Azul - MA100VA/ Rosa e Roxo - MA100RR/ Branco e Azul Escuro - MA100BAE/ Amarelo e Vermelho - MA100AV;MAT.:PP, FERRO E POLIÉSTER/DIM.:63X57X53 CM/SIST. DE TRAV.: LIBERAÇÃO EM DUAS AÇÕES CONSECUTIVAS/SIST. MONT. E FERR.:MANUAL (SEM FERRAMENTA)/ACESS.:BRINQUEDO/CARACT. DO MOD.: ANDADOR COM BRINQUEDO;6901031000158;Incluido;31/08/2026
466853/1944;Inativo;;19/04/2021;;;COMPANHIA DOREL BRASIL PRODUTOS INFANTIS;10659948000107;02135547024;Av. Nilo Peçanha;1516 /1582;Térreo;28030035;Pq dos Rodoviários;Campos dos Goytacaze;RJ;mariana.magalhaes@dorel.com.br;Jin Sun Gee Plastic Co.,Ltd;Andadores Infantis;Portaria Inmetro nº 42 de 19/01/2018;;OCAN-AND.145/21-5;;;S;Formosa (Taiwan);Safety 1st;HE001. Andador Spacewalker. Cores: Grey e Orange.;PP, Ferro, ABS. 58x65.5x71.5cm.Trav.Manual.Sist.Mont.Fren.Manual. Bandeja de Brinquedos.;7908238803932|7908283803949;Incluido;19/04/2021
003704/2007;Ativo;;17/06/2024;;;MEGA COMPRAS PRESENTES.COM LTDA;02561195000174;4191284769;RUA ELDORADO;511;511;09550720;PROSPERIDADE;SÃO CAETANO DO SUL;SP;contabilidade@grupogmac.com;HEBEI HAOKU CHILDREN TOYS CO., LTD;Andadores Infantis;Portaria Inmetro nº 129 de 19/03/2021;;IN2152424;;;S;China, República Popular;MEGA COMPRAS;ANDADOR PARA BEBÊS-PREMIUM-REF:MC923/MC923AZ/MC923RS/MC923CZ/MATERIAL:PP E POLIÉSTER/DIMENSÕES:65X 48X46 CM/ CONT: ANDADOR COM BRINQUEDO ACOPLADO;SISTEMA DE TRAVAMENTO:DOIS DISPOSITIVOS DE TRAVAMENTO INDEPENDENTES SENDO OPERADOS SIMULTÂNEAMENTE/SISTEMA DE MONTAGEM E FERRAGEM:MANUAL (SEM FERRAMENTA)/ACESSÓRIOS:BRINQUEDO/CARACTERISTICAS DO MODELO;7898692799028|7898692799578|7898692799585;Incluido;17/06/2024
659214/2009;Ativo;;31/08/2026;;;MADHULA COMERCIO DE ARTIGOS ELETROELETRONICOS LTDA;03838532000190;92994433107;Rua Marcilio Dias;166;;69005270;Centro;Manaus;AM;mayapunjwani@gmail.com;PINGHU XIAOTIANDI CHILDRENS PRODUCTS FACTORY;Andadores Infantis;Portaria Inmetro nº 129 de 19/03/2021;;IN3141126-1;Modelo 5;;S;China, República Popular;BENMEK;MADHULA/ MA100/ Verde e Azul - MA100VA/ Rosa e Roxo - MA100RR/ Branco e Azul Escuro - MA100BAE/ Amarelo e Vermelho - MA100AV;MAT.:PP, FERRO E POLIÉSTER/DIM.:63X57X53 CM/SIST. DE TRAV.: LIBERAÇÃO EM DUAS AÇÕES CONSECUTIVAS/SIST. MONT. E FERR.:MANUAL (SEM FERRAMENTA)/ACESS.:BRINQUEDO/CARACT. DO MOD.: ANDADOR COM BRINQUEDO;6901031000158;Incluido;31/08/2026
038561/1938;Ativo;;31/08/2026;;;TUTTI BABY INDUSTRIA E COMERCIO DE ARTIGOS INFANTIS LTDA;06981862000129;4733794000;Rod. Guilherme Jensen, SC413, km13;0;Galpão 01;89108000;Distrito Industrial;Massaranduba;SC;heloiza.souza@tuttibaby.com.br;TUTTI BABY INDUSTRIA E COMERCIO DE ARTIGOS INFANTIS LTDA;Andadores Infantis;Portaria Inmetro nº 129 de 19/03/2021;;CE-AND/IQB 000013 57036/26-002;Modelo 5;;N;Brasil;TUTTI BABY;ANDADOR COMFORT - 40005004,40005003,40005011,40005028,40005007,40005010,40005006,40005029;ESTRU.METALICA:ACO TUBULAR,BRINQ:PLAST.DE ENG.,REVEST. TEXTIL: ALGODAO/48X60,5X70 CM/DOIS DISP. DE TRAV. INDEP. SENDO OP. SIMULT./PARAFUSOS E MONT. DE PÇS PLAST./BRINQ. CERT. E ADESIVO-57036/26;7898431502063|7898431502070|7898431502087|7898431502094|7898431502100|7898431502117|7898431502124|7898431502131;Incluido;31/08/2026
297719/1933;Ativo;;22/11/2023;;;JASSUMAL LTDA;04214425000154;62811924131;AV SETE SETEMBRO;852;;69005140;CENTRO;MANAUS;AM;dgjohnny@gmail.com;PINGHU SHI XIAOTIANDI CHILDREN?S PRODUCTS FACTORY;Andadores Infantis;Portaria Inmetro nº 129 de 19/03/2021;;IN1984323;;;S;China, República Popular;BABY SPORTS;ANDADOR JASSUMAL /REF: BS103 /VERSÕES:Azul Claro e Escuro - BS103A/Rosa Claro e Escuro - BS103R/Roxo e Rosa Escuro - BS103RR;MATERIAL:PP, FERRO E POLIÉSTER|DIMENSÕES:63 X 57 X 53 CM|SISTEMA DE TRAVAMENTO:LIBERAÇÃO EM DUAS AÇÕES CONSECUTIVAS|SISTEMA DE MONTAGEM E FERRAGEM:MANUAL (SEM FERRAMENTA)|ACESSÓRIOS:N/A|CARACTERISTICA;6901041000155;Incluido;22/11/2023
591723/1959;Ativo;;03/04/2023;;;PLANETA - IMPORTACAO E DISTRIBUICAO DE BRINQUEDOS LTDA;13434272000141;1138951572;AV VASCO MASSAFELI;1000;G1A M1-21;06703600;JARDIM MARIA TEREZA;COTIA;SP;admin@planetadobebe.com.br;HEBEI WANXIN CHILDREN TOYS CO.,LTD.;Andadores Infantis;Portaria Inmetro nº 129 de 19/03/2021;;IN1765923;Modelo 5;;S;China, República Popular;MAXI BABY;NW-01 - ANDADOR LA BAMBA  / (...) COM BRINQUEDOS/CAR MOD:AND COM BRINQUEDO(BANDEJA MUSICAL);MAT:PP E PARTES EM ABS, AÇO DE ALTO CARB RODA ELASTÔMERO TERMOPLÁSTICO, PVC/DIM:580X680X550(LXCXH)/SIS TRA:LIBERAÇÃO EM DUAS AÇÕES CONSECUTIVAS SIS DE MON E FER:MANUAL(S/ FERRAMENTA)/ACE:BANDEJA (...);7899403215370|7899403215387;Excluido;28/02/2025
834604/1996;Ativo;;29/01/2025;;;HCM INDUSTRIA E IMPORTACAO LTDA;12538691000160;3798753533;RUA SERGIPE ;1963;;35591096;SANTA ALEXANDRINA;LAGOA DA PRATA;MG;compras@hcmmalta.com.br;HCM INDUSTRIA E IMPORTACAO LTDA;Andadores Infantis;Portaria Inmetro nº 129 de 19/03/2021;;IN2431224-1;;;N;Brasil;JUMBO BABY;ANDADOR MUSICAL SUPERLUXO JUMBO BABY/Acessórios:Assento,Empurrador,Painel Musical/Caracteristicas do modelo:Andador com brinquedo na bandeja/Versões:AZUL,ROSA,VERMELHO,LARANJA;Mat:POLIPROPILENO (PP)/ACO CARBONO(FERRAGENS)/TECIDO(POLIÉSTER)/Dim:69,5X58,5X14,5/Sist de Trav:Liberação em duas ações consecutivas/Sist de Mont e Fer:Manual(sem ferramenta);7898947715025|7898947715032|7898947715049|7898947715056;Incluido;29/01/2025
885727/1985;Inativo;;11/11/2022;;;COMPANHIA DOREL BRASIL PRODUTOS INFANTIS;10659948000883;2135547024;Av. Nilo Peçanha;1516 /1582;Galpão 3 ;28030035;Pq dos Rodoviários;Campos dos Goytacaze;RJ;standard@dorel.com.br;Jin Sun Gee Plastics Co., Ltd;Andadores Infantis;Portaria Inmetro nº 129 de 19/03/2021;;IN1701622-1;;;S;Formosa (Taiwan);Cosco;BG-2023. Nome comercial: Goal Walker 4 em 1. Versões: Rosa e Azul.;Ferro, PP, PU e Pol, 74x44x66,5cm.Trav.real.único acion.,Mont: Manual(c/chave phil,n/inclusa). Aces: Brinq.;7898509478375|7898509478665;Incluido;11/11/2022
746144/2006;Ativo;;30/08/2021;;;TA TE TI INDUSTRIA E COMERCIO DE BRINQUEDOS EDUCATIVOS LTDA;30261120000103;4732422225;RUA TIRADENTES;230;;89107000;CENTRO;POMERODE;SC;qualidade3@grupocalesita.com.br;TA TE TI INDUSTRIA E COMERCIO DE BRINQUEDOS EDUCATIVOS LTDA;Andadores Infantis;Portaria Inmetro nº 129 de 19/03/2021;;CE-AND/IQB 000010 55962/23-001;Modelo 5;;N;Brasil;Tateti;Ref.915 - Move Baby Rosa;PP, METAL, TECIDO POLIESTER. DIMENSAO: 70,20X59,83X49,12CM. SIST. TRAVAMENTO:FREIO DIANTEIRO E TRASEIRO. SIST DE MONTAGEM: MANUAL/PARAFUSOS PP. ACESSORIOS:BANDEJA DE BRINQUEDOS;7898664632247;Incluido;02/03/2026
179731/2012;Inativo;;23/05/2025;;;MD COMERCIO DE FERRAGENS LTDA;55274701000100;92981285408;AVENIDA JOAQUIM NABUCO;1094;A;69020030;Centro;Manaus;AM;mdcomerciodeferragensltda@gmail.com;Xingtai Pandelo Technology Co.,Ltd;Andadores Infantis;Portaria Inmetro nº 129 de 19/03/2021;;IN2611025;Modelo 5;;S;China, República Popular;ULTRA BABY;REF: UBW-801H - ANDADOR INFANTIL MUSICAL PARA BEBÊ - BABY PINK / BARBIE PINK, RED / WHITE, ROYAL BLUE / ORANGE / WHITE, GREEN / WHITE;MAT:PP,FERRO E POLIÉSTER/DIM:68X59X52CM/SIS_TRAV:LIBERAÇÃO EM 2 AÇÕES CONSECUTIVAS/SIS_MONTAGEM_E_FERRAGEM:MANUAL(SEM FERRAMENTA)/ACESSÓRIOS: N/A/CARACTERISTICAS_MODELO:ANDADOR COM BRINQUEDO ACOPLADO;7890012361007|7890012361113|7890012368082|7890012369096;Incluido;23/05/2025
287732/1952;Ativo;;07/08/2024;;;AMAZONAS IMPORTADOS LTDA;07269201000138;9691131654;Rua Independência;175;;68900090;Central;Macapa;AP;adriana.abreu@amazonasimportados.com.br;YIWU BALBIAN ELECTRONIC TECHNOLOGICAL CO., LTD;Andadores Infantis;Portaria Inmetro nº 129 de 19/03/2021;;IN2086424-4;;;S;China, República Popular;LÉ PETIT;MODE:BABY WALKER/REF:LP-9917/ CONT: ANDADOR COM BRINQUEDO ACOPLADO/VERSÕES:AZUL,VERMELHO,AMARELO,ROSA.;MAT:PP E POLIÉSTER/DIM:65X54X49CM/SIST DE TRAV:LIBERAÇÃO EM DUAS AÇÕES CONSECUTIVAS/SIST DE MONT E FERRA :MANUAL (SEM FERRAMENTA)/ACES:N/A.CARACTERISTICAS DO MODELO:;7453116024706;Incluido;07/08/2024
473746/1938;Inativo;;11/01/2023;;;COMPANHIA DOREL BRASIL PRODUTOS INFANTIS;10659948000883;2135547024;Av. Nilo Peçanha;1516 ;Galpão 3 ;28030035;Pq dos Rodoviários;Campos dos Goytacaze;RJ;standard@dorel.com.br;Jin Sun Gee Plastics Co., Ltd;Andadores Infantis;Portaria Inmetro nº 129 de 19/03/2021;;IN1701622-4;;;S;Formosa (Taiwan);Voyage;BG1401. Nome comercial: Buggy. Versões: Azul, Rosa.;PP,PVC,Ferro,POM,PU,Pol, 42x58.5x65cm. Trav:Lib.2 ações cons,Mont:Manual, Aces. Brinq.;7898509475206|7898509475213;Incluido;11/01/2023
433918/1967;Ativo;;05/08/2021;;;GALZERANO INDUSTRIA DE CARRINHOS E BERCOS LTDA;43594977000197;19999947357;Via Prefeito Jurandyr Paixão;700;;13481149;Jd. Campo Belo;Limeira;SP;luisfernando.camargo@galzerano.com.br;GALZERANO INDUSTRIA DE CARRINHOS E BERCOS LTDA;Andadores Infantis;Portaria Inmetro nº 129 de 19/03/2021;;CE-AND/IQB 000006 54618/21-001;;;N;Brasil;GALZERANO;Ref.: 4050-Andador Torino. Versões: 4050RO (Rosa), 4050TER (Terracota), 4050EST (Estrela), 4050SPR (Spring) - Material: Tecido poliéster, TNT, Espuma, PP, PA6, Master, Tinta, Tubo de aço, Itens de fixação e aviamentos. Dimensões: CxLxA (cm) 71x62,5x51,5. Sistema de travamento: Trilho plástico com botão de destrave e regulagem de altura;Sistema de montagem/ferragem: Manual. Acessórios que venham com o produto: Bandeja de brinquedos não removível, Características do modelo: Tecidos, Peças plásticas, Tinta, Ferragens;7908200102247|7908200102254|7908200102520|7908200102537;Excluido;17/01/2024
767750/1964;Ativo;;19/06/2023;;;KCARVALHUS COMERCIO E SERVICOS EIRELI;24633386000137;1143798430;Rua Poeta João Cabral De Melo Neto,  Santa Maria - Osasco - SP;77;;06147020; Santa Maria ;Osasco ;SP;carlos.carvalho@kkbebe.com.br;PINGHU SHI XIAOTIANDI CHILDREN?S PRODUCTS FACTORY;Andadores Infantis;Portaria Inmetro nº 129 de 19/03/2021;;IN1823223;;;S;China, República Popular;KK bebê;ANDADOR INFANTIL PASSINHO FORTE / AZUL /ROSA , MATERIAL:PP,FERRO E POLIÉSTER/DIMENSÕES:63X57X53CM;SISTEMA DE TRAVAMENTO:LIBERAÇÃO EM DUAS AÇÕES CONSECUTIVAS/SISTEMA DE MONTAGEM E FERRAGEM: MANUAL (SEM FERRAMENTA)/ACESSÓRIOS:BRINQUEDOS/CARACTERISTICAS DO MODELO: ANDADOR COM BRINQUEDO FIXO ACOPLADO;7898711750108|7898711750115;Incluido;19/06/2023
131099/1993;Inativo;;14/08/2019;;;Companhia Dorel Brasil Produtos Infantis;10659948000107;2135633602;Av. Nilo Peçanha;1516 /1582;Térreo;28030035;Pq dos Rodoviários;Campos dos Goytacaze;RJ;mariana.magalhaes@dorel.com.br;Hua Song Plastic Products Co Ltd;Andadores Infantis;Portaria Inmetro nº 42 de 19/01/2018;;OCAN-AND.145/19-3;;;S;China, República Popular;Safety 1st;11389;Nome Fantasia: Melody Garden. Cor única. Material: Ferro, plástico e PP. 64x55x66 cm. Sistema de Travamento e Montagem: Manual. Acessórios: Bandeja.;9312541727119;Incluido;14/08/2019
061754/1991;Ativo;;14/08/2019;;;BAMBOO COMERCIO, IMPORTAÇÃO E EXPORTAÇÃO EIRELI-EPP;27115224000103;8132419265;Rua. Alegre;154;Galpão A;52120125;Arruda;Recife;PE;bamboo@yescert.com.br;ZHEJIANG KINTEX INTERNATIONAL TRADING CO., LTD;Andadores Infantis;Portaria Inmetro nº 129 de 19/03/2021;;IN1632922;;;S;China, República Popular;BAMBOO;MODELO:MD-18NOME COMERCIAL:ANDAJAR GUGUVERSÕES: Azul (Ref.: MD18.1)Rosa (Ref.: MD18.2)Verde (Ref.: MD18.3)Vermelho (Ref.: MD18.4);Mat: PLAST / MET/FIB TEXTIL,DIM:ABRT:62X56X52CM,FECH:62X56X16,SIST TRAV:LIBER EM 2 ACOES CONSEC,SIST MONT FERRAG: MANUAL(S/FERRAMENTA),ACESS:BANDEJ C/BRINQ E HAST C/PUXADOR;7909312341029;Incluido;22/07/2022
886722/1963;Inativo;;11/11/2022;;;COMPANHIA DOREL BRASIL PRODUTOS INFANTIS;10659948000883;2135547024;Av. Nilo Peçanha;1516 ;Galpão 3 ;28030035;Pq dos Rodoviários;Campos dos Goytacaze;RJ;standard@dorel.com.br;Jin Sun Gee Plastics Co., Ltd;Andadores Infantis;Portaria Inmetro nº 129 de 19/03/2021;;IN1701622-2;;;S;Formosa (Taiwan);Voyage;BG-1518. Nome comercial: Baby Step. Versões: Rosa e Azul.;Ferro,PP e poliéster. 60x49x68cm.Trav:Lib.2 ações consec.,Mont:Encaixe. Aces:Brinquedos;7908238801280|7908238801297;Incluido;11/11/2022
597365/2018;Inativo;;24/09/2019;;;Galzerano Indústria de Carrinhos e Berços Ltda;43594977000197;1934043030;Via Prefeito Jurandyr Paixão;700;;13481149;Jd. Campo Belo;Limeira;SP;luisfernando.camargo@galzerano.com.br;SHEN ZHEN WEI MEI CHILDCARE PRODUCT LIMITED COMPANY;Andadores Infantis;Portaria Inmetro nº 42 de 19/01/2018;;CE-AND/IQB 000006 53504/20-001;;;S;China, República Popular;GALZERANO;Andador de bebê 4 em 1 Funny - Versões: Color (CR), Verde Água (VDA);Mat Tec poli Espum Resin plást Itens fix Dimens 75Cx71Lx55A(cm) Sist trav Dobradiç plást c/ botã acion Sist mont frenag Encaix manua Mod Andador c/ módul sonor Pçs girat Cores divers Acess Brinq remov;7898089221477|7898089221996;Incluido;24/09/2019
355758/2017;Ativo;;29/04/2024;;;TAPUZIM COMERCIAL LTDA;00513418000100;113856906;Av. Monte Celeste;230;250;02561000;Vila S. Maria;São Paulo;SP;sergio@babystylebrasil.com.br;SHEN ZHEN WEI MEI CHILDCARE PRODUCT LIMITED COMPANY;Andadores Infantis;Portaria Inmetro nº 129 de 19/03/2021;;IN2118124-2;;;S;China, República Popular;Baby Style;ANDADOR FOGUETE - FOGUETE CINZA E FOGUETE ROSA;MATERIAL:PP/DIM:62X53X78CM/SISTEMA DE TRAVAME:LIBERA EM 2 AÇÕES CONSECUTIVAS/MANUAL/ACESSÓRIOS:N/A/CARACT DO MODELO:ANDADOR C BRINQUEDO NA BANDEJA;4079337285219|4079337296543;Incluido;29/04/2024
649773/1943;Ativo;;06/03/2023;;;BURIGOTTO S A INDUSTRIA E COMERCIO;51460277000138;1934464813;Rua Martino Dragone;280;;13480308;Jardim Santa Barbara;Liemira;SP;alison.smanioto@burigotto.com;JIN SUN GEE PLASTICS CO., LTD;Andadores Infantis;Portaria Inmetro nº 129 de 19/03/2021;;CE-AND/IQB 000004 55573/23-001;Modelo 5;;S;Formosa (Taiwan);BURIGOTTO;ANDADOR OLÉ CL - REF. IXAN5143CL;PP, AÇO, TECIDO / 590 X 690 X 550 MM / TRILHO PLÁSTICO COM BOTÃO DE TRAVA/DESTRAVA E REGULAGEM DE ALTURA / REBITES, PARAFUSOS E ENCAIXE DE PEÇAS PLÁSTICAS / BANDEJA COM 2 BRINQUEDOS DE PP E NYLON;7896502944248;Incluido;29/04/2026
897693/2022;Inativo;;09/02/2022;;;COMPANHIA DOREL BRASIL PRODUTOS INFANTIS;10659948000107;02135547024;Av. Nilo Peçanha;1516 /1582;Térreo;28030035;Pq dos Rodoviários;Campos dos Goytacaze;RJ;mariana.magalhaes@dorel.com.br;Dong Guan Hua Song Plastic Products Co.Ltd;Andadores Infantis;Portaria Inmetro nº 42 de 19/01/2018;;IN1512522;;;S;China, República Popular;Safety 1st;11389.  Melody Garden;Pol.,PP,Aço. 65x55x66cm. Aut.c/lib.em 2 ações consec.,Manual. Acessórios: Brinquedo(centro de atividades);9312541727119;Incluido;09/02/2022
336654/1929;Ativo;;09/12/2019;;;TAPUZIM COMERCIAL LTDA;00513418000100;1138569063;Av. Monte Celeste;230;250;02561000;Vila S. Maria;São Paulo;SP;ehs0770@hotmail.com;SHEN ZHEN WEI MEI CHILDCARE PRODUCT LIMITED COMPANY;Andadores Infantis;Portaria Inmetro nº 129 de 19/03/2021;;IN2062423;Modelo 5;;S;China, República Popular;Baby Style;MODELO: ANIMAIS VERSÕES: Andador cachorro vermelho - Ref. 33721 Andador cachorro azul - Ref. 33722 Andador abelha rosa - Ref. 33723 Andador abelha azul - Ref. 33724 Andador pianinho rosa Ref: 33725 Andador pianinho azul Ref: 33726;Material: Plástico, metal e tecido, Dimensões: 50 x 70 x 60 cm, Sistema de Travamento: Stoper, Sistema deMontagem e Ferragem: Tesoura, Acessórios: Bandeja musical;4079337218996|4079337228995|4079337238994|4079337248993|4079337251993|4079337261992;Excluido;29/01/2024
649170/1926;Ativo;;29/04/2024;;;TAPUZIM COMERCIAL LTDA;00513418000100;1138569063;Av. Monte Celeste;230;250;02561000;Vila S. Maria;São Paulo;SP;sergio@babystylebrasil.com.br;SHEN ZHEN WEI MEI CHILDCARE PRODUCT LIMITED COMPANY;Andadores Infantis;Portaria Inmetro nº 129 de 19/03/2021;;IN2118124-1;;;S;China, República Popular;Baby Style;ANDADOR SMART - SMART AZUL E SMART ROSA;PP,62 X 53 X 78CM,LIBERAÇÃO EM DUAS AÇÕES CONSECUTIVAS,MANUAL (SEM FERRAMENTA),ACESSÓRIOS:N/A/CARAC MODELO:ANDADOR C BRINQUEDO NA BANDEJA;4079337307416|4079337313325;Incluido;29/04/2024
166872/2000;Ativo;;07/02/2022;;;TUTTI BABY INDUSTRIA E COMERCIO DE ARTIGOS INFANTIS LTDA;06981862000129;4733794000;Rod. Guilherme Jensen, SC413, km13;0;;89108000;Distrito Industrial;Massaranduba;SC;certificacao@tuttibaby.com.br;TUTTI BABY INDUSTRIA E COMERCIO DE ARTIGOS INFANTIS LTDA;Andadores Infantis;Portaria Inmetro nº 129 de 19/03/2021;;IN2869325;Modelo 5;;N;Brasil;Tutti Baby;Andador Safari II Azul/Rosa/Vermelho/Andador Princesa Rosa Coroa/Andador Acqua Explorador Cinza/Roxo;ESTRUT. MET.AÇO.TUBULAR/48x60,5x70CM/SIST.DE TRAV. COM.DUAS.AÇÕES.CONSECUT.PARA.LIBER./PARAFUSOS.E. REBITES/BRINQUEDOS.E.ADESIVOS;7898431501615|7898431501622|7898431501639|7898431501684|7898431501691|7898431501707;Excluido;12/01/2024
943777/1969;Inativo;;23/05/2025;;;MD COMERCIO DE FERRAGENS LTDA;55274701000100;92981285408;AVENIDA JOAQUIM NABUCO;1094;A;69020030;Centro;Manaus;AM;mdcomerciodeferragensltda@gmail.com;Xingtai Pandelo Technology Co.,Ltd;Andadores Infantis;Portaria Inmetro nº 129 de 19/03/2021;;IN2611025;Modelo 5;;S;China, República Popular;ULTRA BABY;REF: UBW-801H - ANDADOR INFANTIL MUSICAL PARA BEBÊ - BABY PINK / BARBIE PINK, RED / WHITE, ROYAL BLUE / ORANGE / WHITE, GREEN / WHITE;MAT:PP,FERRO E POLIÉSTER/DIM:68X59X52CM/SIS_TRAV:LIBERAÇÃO EM 2 AÇÕES CONSECUTIVAS/SIS_MONTAGEM_E_FERRAGEM:MANUAL(SEM FERRAMENTA)/ACESSÓRIOS: N/A/CARACTERISTICAS_MODELO:ANDADOR COM BRINQUEDO ACOPLADO;7890012361007|7890012361113|7890012368082|7890012369096;Incluido;23/05/2025
041689/1926;Inativo;;30/09/2019;;;Tutti Baby Indústria e Comércio de Artigos Infantis Ltda;06981862000129;4733794000;Rod. Guilherme Jensen;s/n;Galpão 01;89108000;Distrito Industrial;Massaranduba;SC;qualidade@tuttibaby.com.br;;Andadores Infantis;Portaria Inmetro nº 42 de 19/01/2018;;CE-AND/IQB 000005 53137/19-001;;;N; ;Tutti Baby;Andador 02003;Material: Estrut. metálica de aço tub, plást. de engenharia, algodão. Dim: 52cmx60cmx70,5cm, sist.de trav: com duas ações consecutivas para liber, sist. de mont.ferrag: rebites e parafusos, aces: brin;17898431495966|17898431495980|17898431496000|17898431496024|17898431500660|17898431500677|17898431500684|7898431495952|7898431495969|7898431495976|7898431495983|7898431495990|7898431496006|7898431496010|7898431496027|7898431500601|7898431500618|7898431500625|7898431500632|7898431500649|7898431500656;Incluido;30/09/2019
019759/2009;Ativo;;01/12/2021;;;FAST TRADING IMPORTACAO, EXPORTACAO E COMERCIO DE BEBIDAS EIRELI;34076058000130;8130191960;AV. GOVERNADOR AGAMENON MAGALHÃES,  EDF. EMPRESSARIAL RENATO DIAS - ANDAR 15º, SALA 1502 ;4318;SALA 1502;52010075;PAISSANDU; RECIFE;PE;ricardo.ferreira@fasttradingimport.com.br;China Zhejiang Techincal Co. Ltd;Andadores Infantis;Portaria Inmetro nº 42 de 19/01/2018;;OCAN-AND.514/21-1;;;S;China, República Popular;Fast;602;Material:	PP, Ferro e Poliester/ Dimensões:	63 x 57 x 53 cm/ Sistema de Travamento: Travamento automático com liberação em duas ações consecutivas/ Sistema de Montagem e Ferragem: Manual	/Acessórios: ;;Incluido;01/12/2021
007469/2013;Ativo;;29/01/2025;;;HCM INDUSTRIA E IMPORTACAO LTDA;12538691000160;3798753533;RUA SERGIPE ;1963;;35591096;SANTA ALEXANDRINA;LAGOA DA PRATA;MG;compras@hcmmalta.com.br;HCM INDUSTRIA E IMPORTACAO LTDA;Andadores Infantis;Portaria Inmetro nº 129 de 19/03/2021;;IN2431224-1;;;N;Brasil;JUMBO BABY;ANDADOR MUSICAL SUPERLUXO JUMBO BABY/Acessórios:Assento,Empurrador,Painel Musical/Caracteristicas do modelo:Andador com brinquedo na bandeja/Versões:AZUL,ROSA,VERMELHO,LARANJA;Mat:POLIPROPILENO (PP)/ACO CARBONO(FERRAGENS)/TECIDO(POLIÉSTER)/Dim:69,5X58,5X14,5/Sist de Trav:Liberação em duas ações consecutivas/Sist de Mont e Fer:Manual(sem ferramenta);7898947715025|7898947715032|7898947715049|7898947715056;Incluido;29/01/2025
426701/2014;Ativo;;14/05/2026;;;UNI-ART IMPORT LTDA.;68168368000105;11952844300;AV DAS INDUSTRIAS ;755;;13288163;DIST.INDL B. STORANI;VINHEDO;SP; www.unitoys.com.br;QINGYUAN XINGLONG BALL PRODUCING CO., LTD.;Andadores Infantis;Portaria Inmetro nº 129 de 19/03/2021;;IN2985326;Modelo 5;;S;China, República Popular;UNITOYS;ANDADOR COM EMPURRADOR - N/A - 3726 AZUL/3726 ROSA;MAT:PP, POLIÉSTER E AÇO/DIM:50X60X102 CM/SIS_TRAV:LIBERAÇÃO EM DUAS AÇÕES CONSECUTIVAS/SIS_MONT E FERRG:MANUAL (SEM FERRAMENTA)/ACESS:N/A/CARACTERISTICAS DO MODELO:ANDADOR COM BANDEJA MUSICAL;7908901504395|7908901504401;Incluido;14/05/2026
237781/1996;Inativo;;30/09/2019;;;Tutti Baby Indústria e Comércio de Artigos Infantis Ltda;06981862000129;4733794000;Rod. Guilherme Jensen;s/n;Galpão 01;89108000;Distrito Industrial;Massaranduba;SC;qualidade@tuttibaby.com.br;;Andadores Infantis;Portaria Inmetro nº 42 de 19/01/2018;;CE-AND/IQB 000005 53137/19-001;;;N; ;Tutti Baby;Andador 02003;Material: Estrut. metálica de aço tub, plást. de engenharia, algodão. Dim: 52cmx60cmx70,5cm, sist.de trav: com duas ações consecutivas para liber, sist. de mont.ferrag: rebites e parafusos, aces: brin;17898431495966|17898431495980|17898431496000|17898431496024|17898431500660|17898431500677|17898431500684|7898431495952|7898431495969|7898431495976|7898431495983|7898431495990|7898431496006|7898431496010|7898431496027|7898431500601|7898431500618|7898431500625|7898431500632|7898431500649|7898431500656;Incluido;30/09/2019
110107/1952;Ativo;;07/03/2024;;;COMPANHIA DOREL BRASIL PRODUTOS INFANTIS;10659948000107;2135547024;Av. Nilo Peçanha;1516;1582;28030035;Pq dos Rodoviários;Campos dos Goytacaze;RJ;standard@dorel.com.br;COMPANHIA DOREL BRASIL PRODUTOS INFANTIS;Andadores Infantis;Portaria Inmetro nº 129 de 19/03/2021;;IN2040823;Modelo 5;;N;Brasil;INFANTI/ COSCO;APPIA/ ZIGGY - HE022 - N/A - AZUL / ROSA / AZUL / ROSA;MAT:PP,PES,PTA,EG,POLIPROPILENO E POLIETILENO/DIM:56,5 X 68 X 60,5 CM/SIST D TRAVAMENTO:LIB EM DUAS AÇÕES CONSEC/SIST DE MNTGM E FERRG:MAN (SEM FER)/ACESS:BAND D BRINQ./CARACT D MODELO:ANDADOR C BRINQ;7908238809774|7908238809781|7908238815812|7908238815829;Incluido;10/04/2026
531785/2022;Cancelado;;24/08/2020;;14/07/2025;Dardara Comercio Importacao e Exportacao Ltda.;07774907000157;1147447248;R VALENTIM MAGALHAES;95;***;03184090;ALTO DA MOOCA;SÃO PAULO;SP;dardara@yescert.com.br;FOSHAN BAOLIMEI CHILD?S VEHICLE CO.LTD;Andadores Infantis;Portaria Inmetro nº 42 de 19/01/2018;;OCAN-AND.134/20-5;;;S;China, República Popular;DARDARA;ANDADOR CARRO (FD-2407);Material: Moldes e peças em plástico P.P.(polipropileno) Adesivos (papel colante) Painel - parte interna: sistema eletrônico (placa, fio colorido, alto falante). Estrutura em metal, Dimensões: 74 x 63;;Incluido;24/08/2020
189820/1996;Ativo;;03/04/2023;;;PLANETA - IMPORTACAO E DISTRIBUICAO DE BRINQUEDOS LTDA;13434272000141;1138951572;AV VASCO MASSAFELI;1000;G1A M1-21;06703600;JARDIM MARIA TEREZA;COTIA;SP;admin@planetadobebe.com.br;HEBEI WANXIN CHILDREN TOYS CO.,LTD.;Andadores Infantis;Portaria Inmetro nº 129 de 19/03/2021;;IN1765923;Modelo 5;;S;China, República Popular;MAXI BABY;ANDADOR LA BAMBA - NW-01 - AZUL #21537/ROSA #21538/VERMELHO #75268;MAT: PP E PAR. ABS, AÇO DE ALT. CARB.-RODA ELAST. TERM.,PVC/DIM:580X680X550(LXCXH)/SIS_TRAV:LIBE.EMDUAS AÇÕES CONS./SIS_MONT E FER:MAN.(S/FER.)/ACES:BAND C BRINQ./CARAC.DO MOD:ANDADOR C BRI.(BAD. MUS.;7898975752689|7899403215370|7899403215387;Excluido;18/03/2026
545929/1970;Ativo;;19/06/2026;;;LILI FLORES ARTESANAIS LTDA;50509301000113;2199999999;R SANTO SEPULCRO;00279;;21350220;MADUREIRA;RIO DE JANEIRO;RJ;xiaoweiliu663@gmail.com;PINGHU XIAOTIANDI CHILDREN''S PRODUCTS FACTORY ;Andadores Infantis;Portaria Inmetro nº 129 de 19/03/2021;;IN3051726;Modelo 5;;S;China, República Popular;LILI;MOD:ANDADOR LL-2931 / CÓD. DE REFERÊNCIA COMERCIAL: LL-2931 / AZUL,ROSA,VERDE;MAT.:PP, POLIÉSTER E POLIETILENO/DIM:56,5X68X60,5CM/ SIST.TRAV.:LIBERAÇÃO EM DUAS AÇÕES CONSECUTIVAS/SIST. MONT.:LIBERAÇÃO EM DUAS AÇÕES CONSECUTIVAS/SEM ACESSÓRIOS/ANDADOR COM BRINQUEDO INTERATIVO;;Incluido;19/06/2026
025378/1967;Inativo;;14/08/2019;;;Companhia Dorel Brasil Produtos Infantis;10659948000107;2135633602;Av. Nilo Peçanha;1516 /1582;Térreo;28030035;Pq dos Rodoviários;Campos dos Goytacaze;RJ;mariana.magalhaes@dorel.com.br;JIN SUN GEE PLASTIC CO.,LTD;Andadores Infantis;Portaria Inmetro nº 42 de 19/01/2018;;OCAN-AND.145/19-4;;;S;Formosa (Taiwan);Voyage;BG1401;Nome Fantasia: Buggy. Cores: Rosa e Azul. Material: Ferro, plástico, PP e PU. 42 x 58.5 x 65 cm. Sistema de Travamento e Montagem: Manual. Acessórios: Bandeja;7898509475206|7898509475213;Incluido;14/08/2019
825800/1948;Ativo;;30/08/2021;;;TA TE TI INDUSTRIA E COMERCIO DE BRINQUEDOS EDUCATIVOS LTDA;30261120000103;4732422225;RUA TIRADENTES;230;;89107000;CENTRO;POMERODE;SC;qualidade3@grupocalesita.com.br;TA TE TI INDUSTRIA E COMERCIO DE BRINQUEDOS EDUCATIVOS LTDA;Andadores Infantis;Portaria Inmetro nº 129 de 19/03/2021;;CE-AND/IQB 000010 55962/23-001;Modelo 5;;N;Brasil;Tateti;Ref.915 - Move Baby Rosa;PP, METAL, TECIDO POLIESTER. DIMENSAO: 70,20X59,83X49,12CM. SIST. TRAVAMENTO:FREIO DIANTEIRO E TRASEIRO. SIST DE MONTAGEM: MANUAL/PARAFUSOS PP. ACESSORIOS:BANDEJA DE BRINQUEDOS;7898664632247;Incluido;02/03/2026
119804/1975;Cancelado;;24/08/2020;;14/07/2025;Dardara Comercio Importacao e Exportacao Ltda.;07774907000157;1147447248;R VALENTIM MAGALHAES;95;***;03184090;ALTO DA MOOCA;SÃO PAULO;SP;dardara@yescert.com.br;FOSHAN BAOLIMEI CHILD?S VEHICLE CO.LTD;Andadores Infantis;Portaria Inmetro nº 42 de 19/01/2018;;OCAN-AND.134/20-5;;;S;China, República Popular;DARDARA;ANDADOR CARRO (FD-2407);Material: Moldes e peças em plástico P.P.(polipropileno) Adesivos (papel colante) Painel - parte interna: sistema eletrônico (placa, fio colorido, alto falante). Estrutura em metal, Dimensões: 74 x 63;;Incluido;24/08/2020
413808/2001;Ativo;;07/03/2024;;;JASSUMAL LTDA;04214425000154;63881924131;AV SETE SETEMBRO;852;;69005140;CENTRO;MANAUS;AM;dgjohnny@gmail.com;PINGHU SHI XIAOTIANDI CHILDREN''S PRODUCTS FACTORY;Andadores Infantis;Portaria Inmetro nº 129 de 19/03/2021;;IN2087524;;;S;China, República Popular;BABY SPORTS;ANDADOR JASSUMAL - BS104 - AZUL CLARO E ESCURO-BS104A/ROSA CLARO E ESCURO-BS104R/VERMELHO E PRETO-BS104VP/ROXO E ROSA ESCURO-BS104RR;MAT.:PP,FERRO E POLIÉSTER/DIM.:63X57X53CM/SIST.TRAVA.:LIBERAÇÃO EM DUAS AÇÕES CONSECUTIVAS/SIST.MONT.FERRA.:MANUAL(SEM FERRAMENTA)/ACESSÓRIOS:N/A/CARACTERISTICAS DO MODELO: ANDADOR COM BRINQUEDO;6901041000155;Incluido;07/03/2024
247836/1979;Ativo;;30/08/2021;;;TA TE TI INDUSTRIA E COMERCIO DE BRINQUEDOS EDUCATIVOS LTDA;30261120000103;4732422225;RUA TIRADENTES;230;;89107000;CENTRO;POMERODE;SC;qualidade3@grupocalesita.com.br;TA TE TI INDUSTRIA E COMERCIO DE BRINQUEDOS EDUCATIVOS LTDA;Andadores Infantis;Portaria Inmetro nº 129 de 19/03/2021;;CE-AND/IQB 000010 55962/23-001;Modelo 5;;N;Brasil;Tateti;Ref.915 - Move Baby Rosa;PP, METAL, TECIDO POLIESTER. DIMENSAO: 70,20X59,83X49,12CM. SIST. TRAVAMENTO:FREIO DIANTEIRO E TRASEIRO. SIST DE MONTAGEM: MANUAL/PARAFUSOS PP. ACESSORIOS:BANDEJA DE BRINQUEDOS;7898664632247;Incluido;02/03/2026
585791/1942;Ativo;;07/08/2024;;;AMAZONAS IMPORTADOS LTDA;07269201000138;9691131654;Rua Independência;175;;68900090;Central;Macapa;AP;adriana.abreu@amazonasimportados.com.br;YIWU BALBIAN ELECTRONIC TECHNOLOGICAL CO., LTD;Andadores Infantis;Portaria Inmetro nº 129 de 19/03/2021;;IN2086424-3;;;S;China, República Popular;LÉ PETIT;MODE,BABY WALKER/REF:LP-9824/ CONT: ANDADOR COM BRINQUEDO ACOPLADO:/VERSÕES:AZUL,VERDE,ROSA.;MATL:PP E POLIÉSTER/DIM:66X54X52CM/SIST DE TRAV:LIBERAÇÃO EM DUAS AÇÕES CONSECUTIVAS/SIST DE MONT E FERR :MANUAL (SEM FERRAMENTA)/ACESSÓRIOS:N/A.CARACT DO MODELO:;7453116003640;Incluido;07/08/2024
237502/1938;Inativo;;19/04/2021;;;COMPANHIA DOREL BRASIL PRODUTOS INFANTIS;10659948000107;02135547024;Av. Nilo Peçanha;1516 /1582;Térreo;28030035;Pq dos Rodoviários;Campos dos Goytacaze;RJ;mariana.magalhaes@dorel.com.br;Jin Sun Gee Plastic Co.,Ltd;Andadores Infantis;Portaria Inmetro nº 42 de 19/01/2018;;OCAN-AND.145/21-5;;;S;Formosa (Taiwan);Safety 1st;HE001. Andador Spacewalker. Cores: Grey e Orange.;PP, Ferro, ABS. 58x65.5x71.5cm.Trav.Manual.Sist.Mont.Fren.Manual. Bandeja de Brinquedos.;7908238803932|7908283803949;Incluido;19/04/2021
707823/1927;Ativo;;07/08/2024;;;AMAZONAS IMPORTADOS LTDA;07269201000138;9691131654;Rua Independência;175;;68900090;Central;Macapa;AP;adriana.abreu@amazonasimportados.com.br;YIWU BALBIAN ELECTRONIC TECHNOLOGICAL CO., LTD;Andadores Infantis;Portaria Inmetro nº 129 de 19/03/2021;;IN2086424-4;;;S;China, República Popular;LÉ PETIT;MODE:BABY WALKER/REF:LP-9917/ CONT: ANDADOR COM BRINQUEDO ACOPLADO/VERSÕES:AZUL,VERMELHO,AMARELO,ROSA.;MAT:PP E POLIÉSTER/DIM:65X54X49CM/SIST DE TRAV:LIBERAÇÃO EM DUAS AÇÕES CONSECUTIVAS/SIST DE MONT E FERRA :MANUAL (SEM FERRAMENTA)/ACES:N/A.CARACTERISTICAS DO MODELO:;7453116024706;Incluido;07/08/2024
324108/1976;Ativo;;24/01/2025;;;PLANETA - IMPORTACAO E DISTRIBUICAO DE BRINQUEDOS LTDA;13434272000141;1138951572;AV VASCO MASSAFELI - GALPAO1 RUA A LADO IMPAR ANEXO;1000;MODULO1/21;06703600;JARDIM MARIA TEREZA;COTIA;SP;admin@planetadobebe.com.br;PLANETA - IMPORTACAO E DISTRIBUICAO DE BRINQUEDOS LTDA;Andadores Infantis;Portaria Inmetro nº 129 de 19/03/2021;;IN2476224;;;N;Brasil;REPLAY KIDS;ANDADOR QUICK/21680 / BELLA/21681 / PUPPY/21682 / ZOO/21683 / SPACE/21684 / RACING;M:POLIPROPILENO, ABS, AÇO,ELASTÔMERO TERMOPLÁSTICO E PVC/D:58X68X55CM/S.D/TRV:MANUAL (SEM FERRAMENTA)/ACS:N/A/CARACTERISTICAS DO MODELO:BANDEJA COM BRINQUEDO/ PLACA MUSICAL/PLACA ANTIDERRAPANTE;7899403216803|7899403216810|7899403216827|7899403216834|7899403216841;Incluido;24/01/2025
898910/1956;Ativo;;07/02/2022;;;TUTTI BABY INDUSTRIA E COMERCIO DE ARTIGOS INFANTIS LTDA;06981862000129;4733794000;Rod. Guilherme Jensen, SC413, km13;0;;89108000;Distrito Industrial;Massaranduba;SC;certificacao@tuttibaby.com.br;TUTTI BABY INDUSTRIA E COMERCIO DE ARTIGOS INFANTIS LTDA;Andadores Infantis;Portaria Inmetro nº 129 de 19/03/2021;;IN2869325;Modelo 5;;N;Brasil;Tutti Baby;Andador Safari II Azul/Rosa/Vermelho/Andador Princesa Rosa Coroa/Andador Acqua Explorador Cinza/Roxo;ESTRUT. MET.AÇO.TUBULAR/48x60,5x70CM/SIST.DE TRAV. COM.DUAS.AÇÕES.CONSECUT.PARA.LIBER./PARAFUSOS.E. REBITES/BRINQUEDOS.E.ADESIVOS;7898431501615|7898431501622|7898431501639|7898431501684|7898431501691|7898431501707;Excluido;12/01/2024
001827/1954;Ativo;;29/04/2024;;;TAPUZIM COMERCIAL LTDA;00513418000100;113856906;Av. Monte Celeste;230;250;02561000;Vila S. Maria;São Paulo;SP;sergio@babystylebrasil.com.br;SHEN ZHEN WEI MEI CHILDCARE PRODUCT LIMITED COMPANY;Andadores Infantis;Portaria Inmetro nº 129 de 19/03/2021;;IN2118124-2;;;S;China, República Popular;Baby Style;ANDADOR FOGUETE - FOGUETE CINZA E FOGUETE ROSA;MATERIAL:PP/DIM:62X53X78CM/SISTEMA DE TRAVAME:LIBERA EM 2 AÇÕES CONSECUTIVAS/MANUAL/ACESSÓRIOS:N/A/CARACT DO MODELO:ANDADOR C BRINQUEDO NA BANDEJA;4079337285219|4079337296543;Incluido;29/04/2024
295831/1980;Ativo;;05/08/2021;;;GALZERANO INDUSTRIA DE CARRINHOS E BERCOS LTDA;43594977000197;19999947357;Via Prefeito Jurandyr Paixão;700;;13481149;Jd. Campo Belo;Limeira;SP;luisfernando.camargo@galzerano.com.br;GALZERANO INDUSTRIA DE CARRINHOS E BERCOS LTDA;Andadores Infantis;Portaria Inmetro nº 129 de 19/03/2021;;CE-AND/IQB 000006 54618/21-001;;;N;Brasil;GALZERANO;Ref.: 4050-Andador Torino. Versões: 4050RO (Rosa), 4050TER (Terracota), 4050EST (Estrela), 4050SPR (Spring) - Material: Tecido poliéster, TNT, Espuma, PP, PA6, Master, Tinta, Tubo de aço, Itens de fixação e aviamentos. Dimensões: CxLxA (cm) 71x62,5x51,5. Sistema de travamento: Trilho plástico com botão de destrave e regulagem de altura;Sistema de montagem/ferragem: Manual. Acessórios que venham com o produto: Bandeja de brinquedos não removível, Características do modelo: Tecidos, Peças plásticas, Tinta, Ferragens;7908200102247|7908200102254|7908200102520|7908200102537;Excluido;17/01/2024
589835/2006;Ativo;;07/02/2022;;;TUTTI BABY INDUSTRIA E COMERCIO DE ARTIGOS INFANTIS LTDA;06981862000129;4733794000;Rod. Guilherme Jensen, SC413, km13;0;;89108000;Distrito Industrial;Massaranduba;SC;certificacao@tuttibaby.com.br;TUTTI BABY INDUSTRIA E COMERCIO DE ARTIGOS INFANTIS LTDA;Andadores Infantis;Portaria Inmetro nº 129 de 19/03/2021;;IN2869325;Modelo 5;;N;Brasil;Tutti Baby;Andador Safari Plus II (Azul / Rosa / Vermelho);ESTRUT. MET.AÇO.TUBULAR/48x60,5x70CM/SIST.DE TRAV. COM.DUAS.AÇÕES.CONSECUT.PARA.LIBER./PARAFUSOS.E. REBITES/BRINQUEDOS.E.ADESIVOS;7898431501615|7898431501622|7898431501639;Excluido;08/04/2022
395307/1930;Ativo;;06/03/2023;;;BURIGOTTO S A INDUSTRIA E COMERCIO;51460277000138;1934464813;Rua Martino Dragone;280;;13480308;Jardim Santa Barbara;Liemira;SP;alison.smanioto@burigotto.com;JIN SUN GEE PLASTICS CO., LTD;Andadores Infantis;Portaria Inmetro nº 129 de 19/03/2021;;CE-AND/IQB 000004 55573/23-001;Modelo 5;;S;Formosa (Taiwan);BURIGOTTO;ANDADOR OLÉ CL - REF. IXAN5143CL;PP, AÇO, TECIDO / 590 X 690 X 550 MM / TRILHO PLÁSTICO COM BOTÃO DE TRAVA/DESTRAVA E REGULAGEM DE ALTURA / REBITES, PARAFUSOS E ENCAIXE DE PEÇAS PLÁSTICAS / BANDEJA COM 2 BRINQUEDOS DE PP E NYLON;7896502944248;Incluido;29/04/2026
883850/1932;Inativo;;02/04/2020;;;Galzerano Indústria de Carrinhos e Berços Ltda;43594977000197;1934043030;Via Prefeito Jurandyr Paixão;700;;13481149;Jd. Campo Belo;Limeira;SP;luisfernando.camargo@galzerano.com.br;FOSHAN SHUNDE QIJUN TOYS CO., LTD;Andadores Infantis;Portaria Inmetro nº 42 de 19/01/2018;;CE-AND/IQB 000006 53487/19-001;;;S;China, República Popular;GALZERANO;Ref.: 4090 - Liam. Versões: 4090CZ (Cinza), 4090PT (Preto);Mat: Tec poli Espum Resin plást Tinta Ferragens. Dim: 70x65x54(cm). Sist Trav: Trilho plást c/ botão destrav e reg de altura. Sist mont/ferragem: Manual. Acess: Bandej brinq não removív e retrovisores;7908200101431|7908200101448;Incluido;02/04/2020
439247/1967;Ativo;;20/10/2022;;;STYLL ADMINISTRACAO, INVESTIMENTOS, LOCACOES & SERVICOS LIMITADA;22475905000231;11994300960;Rua Marcio Carlim;401;;13849226;Parque Industrial;Mogi Guaçu;SP;alexandre@styll.com.br;STYLL ADMINISTRACAO, INVESTIMENTOS, LOCACOES & SERVICOS LIMITADA;Andadores Infantis;Portaria Inmetro nº 129 de 19/03/2021;;IN1679022;Modelo 5;;N;Brasil;STYLL BABY;ANDADOR SOFT WAY / V:V:AZ.SON.(AND-98.001-05)/RO.SON.(AND-98.002-05)/LAR.SON.(AND-98.003-05)/GUARÁ AZ.(AND-50.022-01)/GUARÁ RO.(AND-50.022-02)/GUARÁ LAR.(AND-50.022-03)/VE.SON.(AND-99.009-68)/AZ.CLÁS.(AND-98.001-04)/RO.CLÁS.(AND-98.002-04))/...;MAT:AÇO,POLIPR. E POLIÉ./DIM:640X570X470MM/SIS.DE TRAV:CATRA.EM BAI.DA BAN.(LIBER. EM DU.AÇÕ.CONS.)/SIST.DE MON.E FERR.:MANUAL(COM CHA.PHI.NÃO INCL.)/ACES:BAND.COM BRIN./ CONT.VERSÔES;7898488590037|7898488590440|7898488590457|7898488590464|7898488590624|7898488599849|7898488599856|7898488599863|7898488599870|7898488599887|789848859994;Incluido;20/10/2022
478495/2022;Ativo;;09/12/2019;;;TAPUZIM COMERCIAL LTDA;00513418000100;1138569063;Av. Monte Celeste;230;250;02561000;Vila S. Maria;São Paulo;SP;ehs0770@hotmail.com;SHEN ZHEN WEI MEI CHILDCARE PRODUCT LIMITED COMPANY;Andadores Infantis;Portaria Inmetro nº 129 de 19/03/2021;;IN2062423;Modelo 5;;S;China, República Popular;Baby Style;MODELO: ANIMAIS VERSÕES: Andador cachorro vermelho - Ref. 33721 Andador cachorro azul - Ref. 33722 Andador abelha rosa - Ref. 33723 Andador abelha azul - Ref. 33724 Andador pianinho rosa Ref: 33725 Andador pianinho azul Ref: 33726;Material: Plástico, metal e tecido, Dimensões: 50 x 70 x 60 cm, Sistema de Travamento: Stoper, Sistema deMontagem e Ferragem: Tesoura, Acessórios: Bandeja musical;4079337218996|4079337228995|4079337238994|4079337248993|4079337251993|4079337261992;Excluido;29/01/2024
177854/1959;Ativo;;19/06/2023;;;KCARVALHUS COMERCIO E SERVICOS EIRELI;24633386000137;1143798430;Rua Poeta João Cabral De Melo Neto,  Santa Maria - Osasco - SP;77;;06147020; Santa Maria ;Osasco ;SP;carlos.carvalho@kkbebe.com.br;PINGHU SHI XIAOTIANDI CHILDREN?S PRODUCTS FACTORY;Andadores Infantis;Portaria Inmetro nº 129 de 19/03/2021;;IN1823223;;;S;China, República Popular;KK bebê;ANDADOR INFANTIL PASSINHO FORTE / AZUL /ROSA , MATERIAL:PP,FERRO E POLIÉSTER/DIMENSÕES:63X57X53CM;SISTEMA DE TRAVAMENTO:LIBERAÇÃO EM DUAS AÇÕES CONSECUTIVAS/SISTEMA DE MONTAGEM E FERRAGEM: MANUAL (SEM FERRAMENTA)/ACESSÓRIOS:BRINQUEDOS/CARACTERISTICAS DO MODELO: ANDADOR COM BRINQUEDO FIXO ACOPLADO;7898711750108|7898711750115;Incluido;19/06/2023
471858/1985;Ativo;;03/04/2023;;;PLANETA - IMPORTACAO E DISTRIBUICAO DE BRINQUEDOS LTDA;13434272000141;1138951572;AV VASCO MASSAFELI;1000;G1A M1-21;06703600;JARDIM MARIA TEREZA;COTIA;SP;admin@planetadobebe.com.br;HEBEI WANXIN CHILDREN TOYS CO.,LTD.;Andadores Infantis;Portaria Inmetro nº 129 de 19/03/2021;;IN1765923;Modelo 5;;S;China, República Popular;MAXI BABY;NW-01 - ANDADOR LA BAMBA;MAT:PP PARTES EM ABS, AÇO DE ALTO CARB RODA ELAST.TERMO., PVC/DIM:580X680X550/SIS TRA:LIBERA.EM 2 AÇÕES CONSEC. SIS DE MON E FER:MAN.(S/ FER)/ACE:BANDEJA COM BRINQ/CAR MOD:AND COM BRINQ(BAND.A MUS.);7899403215370|7899403215387;Excluido;22/12/2025
475947/1950;Ativo;;14/08/2019;;;BAMBOO COMERCIO, IMPORTAÇÃO E EXPORTAÇÃO EIRELI-EPP;27115224000103;8132419265;Rua. Alegre;154;Galpão A;52120125;Arruda;Recife;PE;bamboo@yescert.com.br;ZHEJIANG KINTEX INTERNATIONAL TRADING CO., LTD;Andadores Infantis;Portaria Inmetro nº 129 de 19/03/2021;;IN1632922;;;S;China, República Popular;BAMBOO;MODELO:MD-18NOME COMERCIAL:ANDAJAR GUGUVERSÕES: Azul (Ref.: MD18.1)Rosa (Ref.: MD18.2)Verde (Ref.: MD18.3)Vermelho (Ref.: MD18.4);Mat: PLAST / MET/FIB TEXTIL,DIM:ABRT:62X56X52CM,FECH:62X56X16,SIST TRAV:LIBER EM 2 ACOES CONSEC,SIST MONT FERRAG: MANUAL(S/FERRAMENTA),ACESS:BANDEJ C/BRINQ E HAST C/PUXADOR;7909312341029;Incluido;22/07/2022
062391/2009;Ativo;;31/10/2025;;;MD COMERCIO DE FERRAGENS LTDA;55274701000100;92985975259;Avenida Joaquim Nabuco;1094;A;69020030;Centro;Manaus;AM;mdcomerciodeferragensltda@gmail.com;Xingtai Pandelo Technology Co.,Ltd;Andadores Infantis;Portaria Inmetro nº 129 de 19/03/2021;;IN2824825;Modelo 5;;S;China, República Popular;ULTRA BABY;ANDADOR INFANTIL MUSICAL PARA BEBÊ - UBW -305 - N/A - BABY PINK / BARBIE PINK/RED / WHITE/ROYAL BLUE /ORANGE / WHITE/LIGHT BLUE / WHITE;MAT:PP,FERRO E POLIÉ./DIM.:68X59X52 CM/SIST.DE TRAV.:LIB.EM DUAS AÇÕES CONS./SIST.DE MONT. E FERR.:MAN.(S/FERRAM.)/ACESS.:N/A/CARACTERISTICAS DO MODELO:ANDADOR COM BRINQUEDO ACOPLADO;7890012361007|7890012361113|7890012368082|7890012369096;Incluido;31/10/2025
918059/1945;Ativo;;01/12/2021;;;HEMNANI COMERCIO DE VARIEDADES LTDA.;05469291000185;1124143633;Rua Marcílio Dias;304;N/A;69005270;Centro;Manaus;AM;papush@uol.com.br;China Zhejiang Techincal Co. Ltd;Andadores Infantis;Portaria Inmetro nº 42 de 19/01/2018;;OCAN-AND.189/21-1;;;S;China, República Popular;SITA;AKH602;Material: PP, Ferro e Poliester - Dimensões: 655 mm X 560mm X 500 mm - Sistema de Travamento: Travamento automatico com liberação em duas ações consecutivas - Sistema de Montagem e Ferragem: MANUAL;;Incluido;01/12/2021
874466/1968;Inativo;;07/10/2019;;;Galzerano Indústria de Carrinhos e Berços Ltda;43594977000197;1934043030;Via Prefeito Jurandyr Paixão;700;;13481149;Jd. Campo Belo;Limeira;SP;luisfernando.camargo@galzerano.com.br;GUANGDONG ZHIHUI CHILDREN?S PRODUCTS CO.,LTD;Andadores Infantis;Portaria Inmetro nº 42 de 19/01/2018;;CE-AND/IQB 000006 53503/20-001;;;S;China, República Popular;GALZERANO;Andador de bebê Magic - Versão: Cinza (CZ), Preto (PT);Mat Tec poli Espum Resin plást Tint Ferrag 70Cx65Lx54A cm Travam trilho plást com botão de destrav e regul alt Mont/frenag manual Andador com pçs girat e cores diversas Acess Bandej Brinq não removív.;7898089221590|7898089222283;Incluido;07/10/2019
949430/1928;Ativo;;12/04/2021;;;TUTTI BABY INDUSTRIA E COMERCIO DE ARTIGOS INFANT;06981862000129;4733794000;Rod. Guilherme Jensen;0;Galpão 01;89108000;Distrito Industrial;Massaranduba;SC;qualidade@tuttibaby.com.br;TUTTI BABY INDUSTRIA E COMERCIO DE ARTIGOS INFANT;Andadores Infantis;Portaria Inmetro nº 129 de 19/03/2021;;CE-AND/IQB 000005 54149/20-001;Modelo 5;;N;Brasil;Tutti Baby;Andador 40.001;ESTRUT.MET. DE AÇO TUB.PLÁST. DE ENG.ALGODÃO.48CM X60,5CMX70CM,COM DUAS AÇÕESCONSEC PARA LIB.REB.E PARAF.BRINQ. E ADES.BASE SUP.BASE INF.FREIO ANTI-QUEDA E CONJ.DE RODAS,PNEU DA RODA TRAS. E TRAVA ANT;7898431501219|7898431501226|7898431501233;Incluido;12/04/2021
765862/2011;Ativo;;31/10/2025;;;MD COMERCIO DE FERRAGENS LTDA;55274701000100;92985975259;Avenida Joaquim Nabuco;1094;A;69020030;Centro;Manaus;AM;mdcomerciodeferragensltda@gmail.com;Xingtai Pandelo Technology Co.,Ltd;Andadores Infantis;Portaria Inmetro nº 129 de 19/03/2021;;IN2824825;Modelo 5;;S;China, República Popular;ULTRA BABY;ANDADOR INFANTIL MUSICAL PARA BEBÊ - UBW -305 - N/A - BABY PINK / BARBIE PINK/RED / WHITE/ROYAL BLUE /ORANGE / WHITE/LIGHT BLUE / WHITE;MAT:PP,FERRO E POLIÉ./DIM.:68X59X52 CM/SIST.DE TRAV.:LIB.EM DUAS AÇÕES CONS./SIST.DE MONT. E FERR.:MAN.(S/FERRAM.)/ACESS.:N/A/CARACTERISTICAS DO MODELO:ANDADOR COM BRINQUEDO ACOPLADO;7890012361007|7890012361113|7890012368082|7890012369096;Incluido;31/10/2025
739541/1970;Ativo;;07/02/2022;;;TUTTI BABY INDUSTRIA E COMERCIO DE ARTIGOS INFANTIS LTDA;06981862000129;4733794000;Rod. Guilherme Jensen, SC413, km13;0;;89108000;Distrito Industrial;Massaranduba;SC;certificacao@tuttibaby.com.br;TUTTI BABY INDUSTRIA E COMERCIO DE ARTIGOS INFANTIS LTDA;Andadores Infantis;Portaria Inmetro nº 129 de 19/03/2021;;IN2869325;Modelo 5;;N;Brasil;TUTTI BABY;DESIGNAÇÃO COMERC SAFARI II (AZUL/ROSA/VERMELHO),PRINCESA ROSA COROA,ACQUA,EXPLORADOR (CINZA/ ROXO) CÓD D REF COMERC:ANDAD 40.002/40002003/40002004/40002007/40003004/40004002/40004003 CARACT DO MODELO:ANDADOR C BRINQUEDO;MAT:ESTRUTURA METALICA - AÇO TUBULAR/DIM:48X60,5X70CM/SIST DE TRAVA:LIBERAÇ EM 2AÇÕES CONSECUT/SIST DE MONTAGEM E FERRAGEM:PARAFUSOS E REBITES/ACESSÓ:BRINQUEDOS E ADESIVOS;7898431501615|7898431501622|7898431501639|7898431501684|7898431501691|7898431501707;Excluido;10/12/2025
059877/1938;Ativo;;05/08/2021;;;GALZERANO INDUSTRIA DE CARRINHOS E BERCOS LTDA;43594977000197;19999947357;Via Prefeito Jurandyr Paixão;700;;13481149;Jd. Campo Belo;Limeira;SP;luisfernando.camargo@galzerano.com.br;GALZERANO INDUSTRIA DE CARRINHOS E BERCOS LTDA;Andadores Infantis;Portaria Inmetro nº 129 de 19/03/2021;;CE-AND/IQB 000006 54618/21-001;;;N;Brasil;GALZERANO;Ref.: 4050-Andador Torino. Versões: 4050PTR (Preto Rosa), 4050PTT (Preto Terracota);Mat Tec poliest Espum PP PA6 Master Tint Tub aço Itens fix/aviam CxLxA(cm) 71x62,5x51,5 Trav Trilh plást c/ botão destrav e reg alt Acess Band brinq não remove retrov Caract Tec Pçs plást Tint Ferrage;7908200102193|7908200102209;Excluido;01/09/2021
243468/1956;Inativo;;11/11/2022;;;COMPANHIA DOREL BRASIL PRODUTOS INFANTIS;10659948000883;2135547024;Av. Nilo Peçanha;1516 ;Galpão 3 ;28030035;Pq dos Rodoviários;Campos dos Goytacaze;RJ;standard@dorel.com.br;Jin Sun Gee Plastics Co., Ltd;Andadores Infantis;Portaria Inmetro nº 129 de 19/03/2021;;IN1701622-2;;;S;Formosa (Taiwan);Voyage;BG-1518. Nome comercial: Baby Step. Versões: Rosa e Azul.;Ferro,PP e poliéster. 60x49x68cm.Trav:Lib.2 ações consec.,Mont:Encaixe. Aces:Brinquedos;7908238801280|7908238801297;Incluido;11/11/2022
491678/1993;Ativo;;06/09/2024;;;TUTTI BABY INDUSTRIA E COMERCIO DE ARTIGOS INFANTIS LTDA;06981862000129;4733794000;Rod. Guilherme Jensen, SC413, km13;0;Galpão 01;89108000;Distrito Industrial;Massaranduba;SC;certificacao@tuttibaby.com.br;TUTTI BABY INDUSTRIA E COMERCIO DE ARTIGOS INFANTIS LTDA;Andadores Infantis;Portaria Inmetro nº 129 de 19/03/2021;;IN2321524;;;N;Brasil;TUTTI BABY;ANDADOR COMFORT/REF.ANDADOR COMFORT 40.005/40005004/40005003/40005011/40005028/40005007/40005010/40005006/40005029;MAT:PLAST.ENG/ALGODÃO/DIMEN:48X60,5X70CM/SIST.DE TRAV:DOIS DISP.DE TRAV.INDEP.SENDO OP.SIMUL/SIST.DE MONT.FERR:OUTROS:PARAF,MONT.PEÇAS PLAST./ACESS:BANDEIJA C/ BRINQ/CARAC.DO MOD:ANDADOR C/BRINQUEDO;7898431502063|7898431502070|7898431502087|7898431502094|7898431502100|7898431502117|7898431502124|7898431502131;Incluido;06/09/2024
333839/2000;Inativo;;02/04/2020;;;Galzerano Indústria de Carrinhos e Berços Ltda;43594977000197;1934043030;Via Prefeito Jurandyr Paixão;700;;13481149;Jd. Campo Belo;Limeira;SP;luisfernando.camargo@galzerano.com.br;FOSHAN SHUNDE QIJUN TOYS CO., LTD;Andadores Infantis;Portaria Inmetro nº 42 de 19/01/2018;;CE-AND/IQB 000006 53487/19-001;;;S;China, República Popular;GALZERANO;Ref.: 4090 - Liam. Versões: 4090CZ (Cinza), 4090PT (Preto);Mat: Tec poli Espum Resin plást Tinta Ferragens. Dim: 70x65x54(cm). Sist Trav: Trilho plást c/ botão destrav e reg de altura. Sist mont/ferragem: Manual. Acess: Bandej brinq não removív e retrovisores;7908200101431|7908200101448;Incluido;02/04/2020
353881/1964;Ativo;;29/04/2024;;;TAPUZIM COMERCIAL LTDA;00513418000100;113856906;Av. Monte Celeste;230;250;02561000;Vila S. Maria;São Paulo;SP;sergio@babystylebrasil.com.br;SHEN ZHEN WEI MEI CHILDCARE PRODUCT LIMITED COMPANY;Andadores Infantis;Portaria Inmetro nº 129 de 19/03/2021;;IN2118124-2;;;S;China, República Popular;Baby Style;ANDADOR FOGUETE - FOGUETE CINZA E FOGUETE ROSA;MATERIAL:PP/DIM:62X53X78CM/SISTEMA DE TRAVAME:LIBERA EM 2 AÇÕES CONSECUTIVAS/MANUAL/ACESSÓRIOS:N/A/CARACT DO MODELO:ANDADOR C BRINQUEDO NA BANDEJA;4079337285219|4079337296543;Incluido;29/04/2024
064279/1962;Inativo;;19/06/2023;;;VANMAX COMERCIO LTDA;84114198000124;9231337050;RUA CEL SERGIO PESSOA;91;;69005030;CENTRO;MANAUS;AM;GERENTEDEVENDAS@VANMAX.COM.BR;PINGHU SHI XIAOTIANDI CHILDREN´S PRODUCTS FACTORY;Andadores Infantis;Portaria Inmetro nº 129 de 19/03/2021;;IN1811123;;;S;China, República Popular;BRINKMAX;997A/ NOME COMERCIAL: ANDAJÁ/VERSÕES: AZUL - 582597/ROSA - 582596/VERMELHO - 582598/VERMELHO/BRANCO - 582599 - MAT.: FERRO,POLIPROPILENO E POLIÉSTER/DIM.:67X57X54CM;SIST.DE TRAVA.:LIBERAÇÃO EM DUAS AÇÕES CONSECUTIVAS/SIST.DE MONT.E FERR.MAN.(SEM FERRAMENTA)/ACESSÓRIOS: BRINQUEDO/CARACTERISTICAS DO MODELO: ANDADOR INFANTIL COM BRINQUEDO ACOPLADO;7890785825966|7890785825973|7890785825980|7890785825997;Incluido;19/06/2023
647885/1990;Ativo;;09/12/2019;;;TAPUZIM COMERCIAL LTDA;00513418000100;1138569063;Av. Monte Celeste;230;250;02561000;Vila S. Maria;São Paulo;SP;ehs0770@hotmail.com;SHEN ZHEN WEI MEI CHILDCARE PRODUCT LIMITED COMPANY;Andadores Infantis;Portaria Inmetro nº 129 de 19/03/2021;;IN2062423;Modelo 5;;S;China, República Popular;baby style;ANDADOR ANIMAIS;ANIMAISVERSÕES: Andador cachorro vermelho - Ref. 33721 Andador cachorro azul - Ref. 33722 Andador abelha rosa - Ref. 33723 Andador abelha azul - Ref. 33724 . Material: Plástico, metal e tecido. Dimen;4079337218996|4079337228995|4079337238994|4079337248993;Excluido;21/12/2020
941889/2016;Ativo;;13/04/2026;;;VG SHOP COMERCIO ON LINE LTDA;16857384000365;1149690505;RUA PROJETADA SN KM 15 NUCLEO AGUA COMPRIDA;0;KM 15;37600000;AGUA COMPRIDA;CAMBUI;MG;gilson@vgshop.com.br;YONGXING SPORTS LIMITED;Andadores Infantis;Portaria Inmetro nº 129 de 19/03/2021;;IN2982826;Modelo 5;;S;China, República Popular;MULTMAXX;Desig. Com. andador infantil com empurrador Cod. Ref. MTX150 / MTX151 Quant. (aplic. para mod. 1b) n/a Mat: poliéster, abs, pp e borracha Dim. 76x65x65cm Sis. Trav. dois dispositivos independentes sendo operador simultaneamente;Sis. de Mont. e Ferragem: manual (com ferramenta) acess: N/A Car.do mod: andador ccom empurrador e brinquedo musical Vers. MTX150 cinza MTX151 rosa;7898758400394|7898758400400;Incluido;13/04/2026
070245/1980;Ativo;;03/04/2023;;;PLANETA - IMPORTACAO E DISTRIBUICAO DE BRINQUEDOS LTDA;13434272000141;1138951572;AV VASCO MASSAFELI;1000;G1A M1-21;06703600;JARDIM MARIA TEREZA;COTIA;SP;admin@planetadobebe.com.br;HEBEI WANXIN CHILDREN TOYS CO.,LTD.;Andadores Infantis;Portaria Inmetro nº 129 de 19/03/2021;;IN1765923;Modelo 5;;S;China, República Popular;MAXI BABY;NW-01 - ANDADOR LA BAMBA;MAT:PP PARTES EM ABS, AÇO DE ALTO CARB RODA ELAST.TERMO., PVC/DIM:580X680X550/SIS TRA:LIBERA.EM 2 AÇÕES CONSEC. SIS DE MON E FER:MAN.(S/ FER)/ACE:BANDEJA COM BRINQ/CAR MOD:AND COM BRINQ(BAND.A MUS.);7899403215370|7899403215387;Excluido;22/12/2025
064279/1962;Ativo;;27/03/2026;;;HEMNANI COMERCIO DE VARIEDADES LTDA.;05469291000185;9232330121;Rua Marcílio Dias;304;;69005270;Centro;Manaus;AM;hemnanibr@yahoo.com;PINGHU XIAOTIANDI CHILDREN?S PRODUCTS FACTORY;Andadores Infantis;Portaria Inmetro nº 129 de 19/03/2021;;IN2911926;Modelo 5;;S;China, República Popular;SITA;ANDADOR AKH602 - AKH602 - AVIÃO - AVIAO;MAT:PP,FERRO E POLIE./DIM:70 X62.5 X 51 CM/SISTEMA DE TRAVAMENTO:LIBERAÇÃO EM DUAS AÇÕES CONSECUTIVAS/SISTEMA DE MONTAGEM E FERRAGEM:MAN.(S/FERRAM.)/ACESS:BAND.MUSI./CARAC.DO MOD.:AND.COM BAND.MUSI.;0618231660148;Incluido;27/03/2026
235904/1943;Ativo;;31/08/2026;;;TUTTI BABY INDUSTRIA E COMERCIO DE ARTIGOS INFANTIS LTDA;06981862000129;4733794000;Rod. Guilherme Jensen, SC413, km13;0;Galpão 01;89108000;Distrito Industrial;Massaranduba;SC;heloiza.souza@tuttibaby.com.br;TUTTI BABY INDUSTRIA E COMERCIO DE ARTIGOS INFANTIS LTDA;Andadores Infantis;Portaria Inmetro nº 129 de 19/03/2021;;CE-AND/IQB 000013 57036/26-002;Modelo 5;;N;Brasil;TUTTI BABY;ANDADOR COMFORT - 40005004,40005003,40005011,40005028,40005007,40005010,40005006,40005029;ESTRU.METALICA:ACO TUBULAR,BRINQ:PLAST.DE ENG.,REVEST. TEXTIL: ALGODAO/48X60,5X70 CM/DOIS DISP. DE TRAV. INDEP. SENDO OP. SIMULT./PARAFUSOS E MONT. DE PÇS PLAST./BRINQ. CERT. E ADESIVO-57036/26;7898431502063|7898431502070|7898431502087|7898431502094|7898431502100|7898431502117|7898431502124|7898431502131;Incluido;31/08/2026
529908/1969;Inativo;;11/11/2022;;;COMPANHIA DOREL BRASIL PRODUTOS INFANTIS;10659948000883;2135547024;Av. Nilo Peçanha;1516 /1582;Galpão 3 ;28030035;Pq dos Rodoviários;Campos dos Goytacaze;RJ;standard@dorel.com.br;Jin Sun Gee Plastics Co., Ltd;Andadores Infantis;Portaria Inmetro nº 129 de 19/03/2021;;IN1701622-1;;;S;Formosa (Taiwan);Cosco;BG-2023. Nome comercial: Goal Walker 4 em 1. Versões: Rosa e Azul.;Ferro, PP, PU e Pol, 74x44x66,5cm.Trav.real.único acion.,Mont: Manual(c/chave phil,n/inclusa). Aces: Brinq.;7898509478375|7898509478665;Incluido;11/11/2022
823912/1995;Ativo;;02/09/2026;;;BAGATOLI COMERCIO DE REFRIGERACAO LTDA;00897750000108;47984556257;BR-470;8105;;89058020;FORTALEZA ALTA;BLUMENAU;SC;digitalpriceconsultoria@gmail.com;PINGHU XIAOTIANDI CHILDREN?S PRODUCTS FACTORY;Andadores Infantis;Portaria Inmetro nº 129 de 19/03/2021;;IN3155526;Modelo 5;;S;China, República Popular;BAGATOLI KIDS;MOD: ANDADOR INFANTIL PULSE/ N.COM: PULSE/ V.: ROSA, AZUL, CINZA;MAT.:PP,POLIÉSTER,AÇO/DIM.:51X61X69CM/SIST.TRAV.:LIB.2 AÇÕES CONSEC./SIST.MONT.FERR.:REBITES,PARAF.E ENCAIXE PEÇAS PLÁST./ACESS.:BRINQ.NA BANDEJA/CARACT.MOD.:ANDADOR C/BRINQ.;7901030400859|7901030400866|7901030400873;Incluido;02/09/2026
689345/1957;Ativo;;20/12/2019;;;TAPUZIM COMERCIAL LTDA;00513418000100;1138569063;Av. Monte Celeste;230;250;02561000;Vila S. Maria;São Paulo;SP;ehs0770@hotmail.com;SHEN ZHEN WEI MEI CHILDCARE PRODUCT LIMITED COMPANY;Andadores Infantis;Portaria Inmetro nº 42 de 19/01/2018;;OCAN-AND.165/19-2;;;S;China, República Popular;baby style;SPACECAR - VERSÕES: Andador car - Ref. 21302 / Andador space - Ref. 33117;Material: Plástico, metal e tecido. Dimensões: 59 x 59 x 69 cm , Sistema de Travamento: Stoper, Sistema de Montagem e Ferragem: Tesoura, Acessórios: Bandeja musical;4532213022990|4532331172997;Incluido;20/12/2019
474059/1997;Inativo;;19/04/2021;;;COMPANHIA DOREL BRASIL PRODUTOS INFANTIS;10659948000107;02135547024;Av. Nilo Peçanha;1516 /1582;Térreo;28030035;Pq dos Rodoviários;Campos dos Goytacaze;RJ;mariana.magalhaes@dorel.com.br;Jin Sun Gee Plastic Co.,Ltd;Andadores Infantis;Portaria Inmetro nº 42 de 19/01/2018;;OCAN-AND.145/21-5;;;S;Formosa (Taiwan);Safety 1st;HE001. Andador Spacewalker. Cores: Grey e Orange.;PP, Ferro, ABS. 58x65.5x71.5cm.Trav.Manual.Sist.Mont.Fren.Manual. Bandeja de Brinquedos.;7908238803932|7908283803949;Incluido;19/04/2021
117916/2022;Ativo;;07/08/2024;;;AMAZONAS IMPORTADOS LTDA;07269201000138;9691131654;Rua Independência;175;;68900090;Central;Macapa;AP;adriana.abreu@amazonasimportados.com.br;YIWU BALBIAN ELECTRONIC TECHNOLOGICAL CO., LTD;Andadores Infantis;Portaria Inmetro nº 129 de 19/03/2021;;IN2086424-2;;;S;China, República Popular;LÉ PETIT;MODE:BABY WALKER/REF:LP-9618/ CONT: ANDADOR COM BRINQUEDO ACOPLADO/VERSÕES:AZUL,VERDE,ROSA,VERMELHO.;MAT:PP E POLIÉSTER/DIM:65X54X49CM/SIST DE TRAV:LIBERAÇÃO EM DUAS AÇÕES CONSECUTIVAS/SIST DE MONT E FERR:MANUAL (SEM FERRAMENTA)ACE:N/A.CARACTERISTICAS DO MODELO:;7453068240131;Incluido;07/08/2024
411931/1948;Ativo;;27/03/2026;;;HEMNANI COMERCIO DE VARIEDADES LTDA.;05469291000185;9232330121;Rua Marcílio Dias;304;;69005270;Centro;Manaus;AM;hemnanibr@yahoo.com;PINGHU XIAOTIANDI CHILDREN?S PRODUCTS FACTORY;Andadores Infantis;Portaria Inmetro nº 129 de 19/03/2021;;IN2911926;Modelo 5;;S;China, República Popular;SITA;ANDADOR AKH602 - AKH602 - AVIÃO - AVIAO;MAT:PP,FERRO E POLIE./DIM:70 X62.5 X 51 CM/SISTEMA DE TRAVAMENTO:LIBERAÇÃO EM DUAS AÇÕES CONSECUTIVAS/SISTEMA DE MONTAGEM E FERRAGEM:MAN.(S/FERRAM.)/ACESS:BAND.MUSI./CARAC.DO MOD.:AND.COM BAND.MUSI.;0618231660148;Incluido;27/03/2026
705935/1974;Inativo;;11/01/2023;;;COMPANHIA DOREL BRASIL PRODUTOS INFANTIS;10659948000883;2135547024;Av. Nilo Peçanha;1516 ;Galpão 3 ;28030035;Pq dos Rodoviários;Campos dos Goytacaze;RJ;standard@dorel.com.br;Jin Sun Gee Plastics Co., Ltd;Andadores Infantis;Portaria Inmetro nº 129 de 19/03/2021;;IN1701622-4;;;S;Formosa (Taiwan);Voyage;BG1401. Nome comercial: Buggy. Versões: Azul, Rosa.;PP,PVC,Ferro,POM,PU,Pol, 42x58.5x65cm. Trav:Lib.2 ações cons,Mont:Manual, Aces. Brinq.;7898509475206|7898509475213;Incluido;11/01/2023
999939/2000;Ativo;;07/02/2022;;;TUTTI BABY INDUSTRIA E COMERCIO DE ARTIGOS INFANTIS LTDA;06981862000129;4733794000;Rod. Guilherme Jensen, SC413, km13;0;;89108000;Distrito Industrial;Massaranduba;SC;certificacao@tuttibaby.com.br;TUTTI BABY INDUSTRIA E COMERCIO DE ARTIGOS INFANTIS LTDA;Andadores Infantis;Portaria Inmetro nº 129 de 19/03/2021;;IN2869325;Modelo 5;;N;Brasil;Tutti Baby;Andador: VERSÕES: Safari II (Azul/Rosa/Vermelho), Princesa Rosa Coroa, Acqua Explorador (Cinza/Roxo);ESTRUTURA METÁLICA , AÇO TUBULAR / 48 x 60,5 x 70CM / SISTEMA DE TRAVAMENTO COM DUAS AÇÕES CONSECUTIVAS PARA LIBERAÇÃO /SISTEMA DE MONTAGEM/FERRAGEM: PARAFUSOS E REBITES ACESSÓRIOS: BRINQUEDOS E ADESI;7898431501615|7898431501622|7898431501639|7898431501684|7898431501691|7898431501707;Excluido;15/03/2024
746468/1965;Inativo;;11/01/2023;;;COMPANHIA DOREL BRASIL PRODUTOS INFANTIS;10659948000883;2135547024;Av. Nilo Peçanha;1516 ;Galpão 3 ;28030035;Pq dos Rodoviários;Campos dos Goytacaze;RJ;standard@dorel.com.br;Jin Sun Gee Plastics Co., Ltd;Andadores Infantis;Portaria Inmetro nº 129 de 19/03/2021;;IN1701622-4;;;S;Formosa (Taiwan);Voyage;BG1401. Nome comercial: Buggy. Versões: Azul, Rosa.;PP,PVC,Ferro,POM,PU,Pol, 42x58.5x65cm. Trav:Lib.2 ações cons,Mont:Manual, Aces. Brinq.;7898509475206|7898509475213;Incluido;11/01/2023
293954/1927;Ativo;;07/03/2024;;;COMPANHIA DOREL BRASIL PRODUTOS INFANTIS;10659948000107;2135547024;Av. Nilo Peçanha;1516;1582;28030035;Pq dos Rodoviários;Campos dos Goytacaze;RJ;standard@dorel.com.br;COMPANHIA DOREL BRASIL PRODUTOS INFANTIS;Andadores Infantis;Portaria Inmetro nº 129 de 19/03/2021;;IN2040823;Modelo 5;;N;Brasil;INFANTI/ COSCO;APPIA/ ZIGGY - HE022 - N/A - AZUL / ROSA / AZUL / ROSA;MAT:PP,PES,PTA,EG,POLIPROPILENO E POLIETILENO/DIM:56,5 X 68 X 60,5 CM/SIST D TRAVAMENTO:LIB EM DUAS AÇÕES CONSEC/SIST DE MNTGM E FERRG:MAN (SEM FER)/ACESS:BAND D BRINQ./CARACT D MODELO:ANDADOR C BRINQ;7908238809774|7908238809781|7908238815812|7908238815829;Incluido;10/04/2026
390649/1949;Ativo;;07/08/2024;;;AMAZONAS IMPORTADOS LTDA;07269201000138;9691131654;Rua Independência;175;;68900090;Central;Macapa;AP;adriana.abreu@amazonasimportados.com.br;YIWU BALBIAN ELECTRONIC TECHNOLOGICAL CO., LTD;Andadores Infantis;Portaria Inmetro nº 129 de 19/03/2021;;IN2086424-4;;;S;China, República Popular;LÉ PETIT;MODE:BABY WALKER/REF:LP-9917/ CONT: ANDADOR COM BRINQUEDO ACOPLADO/VERSÕES:AZUL,VERMELHO,AMARELO,ROSA.;MAT:PP E POLIÉSTER/DIM:65X54X49CM/SIST DE TRAV:LIBERAÇÃO EM DUAS AÇÕES CONSECUTIVAS/SIST DE MONT E FERRA :MANUAL (SEM FERRAMENTA)/ACES:N/A.CARACTERISTICAS DO MODELO:;7453116024706;Incluido;07/08/2024
381521/1942;Ativo;;05/08/2021;;;GALZERANO INDUSTRIA DE CARRINHOS E BERCOS LTDA;43594977000197;19999947357;Via Prefeito Jurandyr Paixão;700;;13481149;Jd. Campo Belo;Limeira;SP;luisfernando.camargo@galzerano.com.br;GALZERANO INDUSTRIA DE CARRINHOS E BERCOS LTDA;Andadores Infantis;Portaria Inmetro nº 129 de 19/03/2021;;CE-AND/IQB 000006 54618/21-001;;;N;Brasil;GALZERANO;Ref.: 4050-Andador Torino. Versões: 4050RO (Rosa), 4050TER (Terracota), 4050EST (Estrela), 4050SPR (Spring) - Material: Tecido poliéster, TNT, Espuma, PP, PA6, Master, Tinta, Tubo de aço, Itens de fixação e aviamentos. Dimensões: CxLxA (cm) 71x62,5x51,5. Sistema de travamento: Trilho plástico com botão de destrave e regulagem de altura;Sistema de montagem/ferragem: Manual. Acessórios que venham com o produto: Bandeja de brinquedos não removível, Características do modelo: Tecidos, Peças plásticas, Tinta, Ferragens;7908200102247|7908200102254|7908200102520|7908200102537;Excluido;17/01/2024
712572/2011;Ativo;;05/08/2021;;;GALZERANO INDUSTRIA DE CARRINHOS E BERCOS LTDA;43594977000197;19999947357;Via Prefeito Jurandyr Paixão;700;;13481149;Jd. Campo Belo;Limeira;SP;luisfernando.camargo@galzerano.com.br;GALZERANO INDUSTRIA DE CARRINHOS E BERCOS LTDA;Andadores Infantis;Portaria Inmetro nº 129 de 19/03/2021;;CE-AND/IQB 000006 54618/21-001;;;N;Brasil;GALZERANO;Ref.: 4050-Andador Torino. Versões: 4050RO (Rosa), 4050TER (Terracota);Mat Tec poliest TNT Espum PP PA6 Master Tint Tub aço Item fix/aviam CxLxA(cm) 71x62,5x51,5 Trav Trilh plást c/ botão destrav e reg alt Acess Band brinq não remov retrov Carac Tec Pçs plást Tint Ferrag;7908200102247|7908200102254;Excluido;11/05/2022
587958/1953;Ativo;;12/11/2024;;;CACANDO OFERTAS LTDA;23230465000134;11976586700;Rua José Ferreira Crespo;752;Sala 1;08021480;Jardim São Vicente;São Paulo;SP;diegofrancisco22@bol.com.br;STYLL ADMINISTRACAO, INVESTIMENTOS, LOCACOES & SERVICOS LIMITADA;Andadores Infantis;Portaria Inmetro nº 129 de 19/03/2021;;IN2382924;;;N;Brasil;ClickBaby's;Andador Happy baby - Versões AZUL-HAPPY BABY ROSA-HAPPY BABY LARANJA-HAPPY BABY;Mat.Aço Polipropileno.Dim:640x570x470cm.Sist.Trav. Liberação duas ações consecutivas.Sist de Mont e Ferrag:Manual sem ferramenta.Acess: Bandeja c/Brinquedo.Caract/modelo:Andador c/brinquedo na bandeja;7898975097001|7898975097018|7898975097025;Incluido;12/11/2024
881962/1979;Ativo;;07/03/2024;;;COMPANHIA DOREL BRASIL PRODUTOS INFANTIS;10659948000107;2135547024;Av. Nilo Peçanha;1516;1582;28030035;Pq dos Rodoviários;Campos dos Goytacaze;RJ;standard@dorel.com.br;COMPANHIA DOREL BRASIL PRODUTOS INFANTIS;Andadores Infantis;Portaria Inmetro nº 129 de 19/03/2021;;IN2040823;Modelo 5;;N;Brasil;INFANTI/ COSCO;APPIA/ ZIGGY - HE022 - N/A - AZUL / ROSA / AZUL / ROSA;MAT:PP,PES,PTA,EG,POLIPROPILENO E POLIETILENO/DIM:56,5 X 68 X 60,5 CM/SIST D TRAVAMENTO:LIB EM DUAS AÇÕES CONSEC/SIST DE MNTGM E FERRG:MAN (SEM FER)/ACESS:BAND D BRINQ./CARACT D MODELO:ANDADOR C BRINQ;7908238809774|7908238809781|7908238815812|7908238815829;Incluido;10/04/2026
175966/2006;Ativo;;13/04/2026;;;VG SHOP COMERCIO ON LINE LTDA;16857384000365;1149690505;RUA PROJETADA SN KM 15 NUCLEO AGUA COMPRIDA;0;KM 15;37600000;AGUA COMPRIDA;CAMBUI;MG;gilson@vgshop.com.br;YONGXING SPORTS LIMITED;Andadores Infantis;Portaria Inmetro nº 129 de 19/03/2021;;IN2982826;Modelo 5;;S;China, República Popular;MULTMAXX;Desig. Com. andador infantil com empurrador Cod. Ref. MTX150 / MTX151 Quant. (aplic. para mod. 1b) n/a Mat: poliéster, abs, pp e borracha Dim. 76x65x65cm Sis. Trav. dois dispositivos independentes sendo operador simultaneamente;Sis. de Mont. e Ferragem: manual (com ferramenta) acess: N/A Car.do mod: andador ccom empurrador e brinquedo musical Vers. MTX150 cinza MTX151 rosa;7898758400394|7898758400400;Incluido;13/04/2026
799792/1966;Ativo;;06/03/2023;;;BURIGOTTO S A INDUSTRIA E COMERCIO;51460277000138;1934464813;Rua Martino Dragone;280;;13480308;Jardim Santa Barbara;Liemira;SP;alison.smanioto@burigotto.com;JIN SUN GEE PLASTICS CO., LTD;Andadores Infantis;Portaria Inmetro nº 129 de 19/03/2021;;CE-AND/IQB 000004 55573/23-001;Modelo 5;;S;Formosa (Taiwan);BURIGOTTO;ANDADOR OLÉ CL - REF. IXAN5143CL;PP, AÇO, TECIDO / 590 X 690 X 550 MM / TRILHO PLÁSTICO COM BOTÃO DE TRAVA/DESTRAVA E REGULAGEM DE ALTURA / REBITES, PARAFUSOS E ENCAIXE DE PEÇAS PLÁSTICAS / BANDEJA COM 2 BRINQUEDOS DE PP E NYLON;7896502944248;Incluido;29/04/2026
469981/1932;Ativo;;20/12/2019;;;TAPUZIM COMERCIAL LTDA;00513418000100;1138569063;Av. Monte Celeste;230;250;02561000;Vila S. Maria;São Paulo;SP;ehs0770@hotmail.com;SHEN ZHEN WEI MEI CHILDCARE PRODUCT LIMITED COMPANY;Andadores Infantis;Portaria Inmetro nº 42 de 19/01/2018;;OCAN-AND.165/19-2;;;S;China, República Popular;baby style;SPACECAR - VERSÕES: Andador car - Ref. 21302 / Andador space - Ref. 33117;Material: Plástico, metal e tecido. Dimensões: 59 x 59 x 69 cm , Sistema de Travamento: Stoper, Sistema de Montagem e Ferragem: Tesoura, Acessórios: Bandeja musical;4532213022990|4532331172997;Incluido;20/12/2019
763985/1958;Ativo;;13/04/2026;;;VG SHOP COMERCIO ON LINE LTDA;16857384000365;1149690505;RUA PROJETADA SN KM 15 NUCLEO AGUA COMPRIDA;0;KM 15;37600000;AGUA COMPRIDA;CAMBUI;MG;gilson@vgshop.com.br;YONGXING SPORTS LIMITED;Andadores Infantis;Portaria Inmetro nº 129 de 19/03/2021;;IN2982826;Modelo 5;;S;China, República Popular;MULTMAXX;Desig. Com. andador infantil com empurrador Cod. Ref. MTX150 / MTX151 Quant. (aplic. para mod. 1b) n/a Mat: poliéster, abs, pp e borracha Dim. 76x65x65cm Sis. Trav. dois dispositivos independentes sendo operador simultaneamente;Sis. de Mont. e Ferragem: manual (com ferramenta) acess: N/A Car.do mod: andador ccom empurrador e brinquedo musical Vers. MTX150 cinza MTX151 rosa;7898758400394|7898758400400;Incluido;13/04/2026
057989/1985;Ativo;;09/12/2019;;;TAPUZIM COMERCIAL LTDA;00513418000100;1138569063;Av. Monte Celeste;230;250;02561000;Vila S. Maria;São Paulo;SP;ehs0770@hotmail.com;SHEN ZHEN WEI MEI CHILDCARE PRODUCT LIMITED COMPANY;Andadores Infantis;Portaria Inmetro nº 129 de 19/03/2021;;IN2062423;Modelo 5;;S;China, República Popular;Baby Style;MODELO: ANIMAIS VERSÕES: Andador cachorro vermelho - Ref. 33721 Andador cachorro azul - Ref. 33722 Andador abelha rosa - Ref. 33723 Andador abelha azul - Ref. 33724 Andador pianinho rosa Ref: 33725 Andador pianinho azul Ref: 33726;Material: Plástico, metal e tecido, Dimensões: 50 x 70 x 60 cm, Sistema de Travamento: Stoper, Sistema deMontagem e Ferragem: Tesoura, Acessórios: Bandeja musical;4079337218996|4079337228995|4079337238994|4079337248993|4079337251993|4079337261992;Excluido;29/01/2024
351993/2011;Inativo;;14/08/2019;;;Companhia Dorel Brasil Produtos Infantis;10659948000107;2135633602;Av. Nilo Peçanha;1516 /1582;Térreo;28030035;Pq dos Rodoviários;Campos dos Goytacaze;RJ;mariana.magalhaes@dorel.com.br;Hua Song Plastic Products Co Ltd;Andadores Infantis;Portaria Inmetro nº 42 de 19/01/2018;;OCAN-AND.145/19-3;;;S;China, República Popular;Safety 1st;11389;Nome Fantasia: Melody Garden. Cor única. Material: Ferro, plástico e PP. 64x55x66 cm. Sistema de Travamento e Montagem: Manual. Acessórios: Bandeja.;9312541727119;Incluido;14/08/2019
646008/1937;Ativo;;31/10/2025;;;MD COMERCIO DE FERRAGENS LTDA;55274701000100;92985975259;Avenida Joaquim Nabuco;1094;A;69020030;Centro;Manaus;AM;mdcomerciodeferragensltda@gmail.com;Xingtai Pandelo Technology Co.,Ltd;Andadores Infantis;Portaria Inmetro nº 129 de 19/03/2021;;IN2824825;Modelo 5;;S;China, República Popular;ULTRA BABY;ANDADOR INFANTIL MUSICAL PARA BEBÊ - UBW -305 - N/A - BABY PINK / BARBIE PINK/RED / WHITE/ROYAL BLUE /ORANGE / WHITE/LIGHT BLUE / WHITE;MAT:PP,FERRO E POLIÉ./DIM.:68X59X52 CM/SIST.DE TRAV.:LIB.EM DUAS AÇÕES CONS./SIST.DE MONT. E FERR.:MAN.(S/FERRAM.)/ACESS.:N/A/CARACTERISTICAS DO MODELO:ANDADOR COM BRINQUEDO ACOPLADO;7890012361007|7890012361113|7890012368082|7890012369096;Incluido;31/10/2025
959195/1953;Ativo;;20/10/2022;;;STYLL ADMINISTRACAO, INVESTIMENTOS, LOCACOES & SERVICOS LIMITADA;22475905000231;11994300960;Rua Marcio Carlim;401;;13849226;Parque Industrial;Mogi Guaçu;SP;alexandre@styll.com.br;STYLL ADMINISTRACAO, INVESTIMENTOS, LOCACOES & SERVICOS LIMITADA;Andadores Infantis;Portaria Inmetro nº 129 de 19/03/2021;;IN1679022;Modelo 5;;N;Brasil;STYLL BABY;ANDADOR SOFT WAY / V:V:AZ.SON.(AND-98.001-05)/RO.SON.(AND-98.002-05)/LAR.SON.(AND-98.003-05)/GUARÁ AZ.(AND-50.022-01)/GUARÁ RO.(AND-50.022-02)/GUARÁ LAR.(AND-50.022-03)/VE.SON.(AND-99.009-68)/AZ.CLÁS.(AND-98.001-04)/RO.CLÁS.(AND-98.002-04))/...;MAT:AÇO,POLIPR. E POLIÉ./DIM:640X570X470MM/SIS.DE TRAV:CATRA.EM BAI.DA BAN.(LIBER. EM DU.AÇÕ.CONS.)/SIST.DE MON.E FERR.:MANUAL(COM CHA.PHI.NÃO INCL.)/ACES:BAND.COM BRIN./ CONT.VERSÔES;7898488590037|7898488590440|7898488590457|7898488590464|7898488590624|7898488599849|7898488599856|7898488599863|7898488599870|7898488599887|789848859994;Incluido;20/10/2022
940012/1963;Ativo;;07/02/2022;;;TUTTI BABY INDUSTRIA E COMERCIO DE ARTIGOS INFANTIS LTDA;06981862000129;4733794000;Rod. Guilherme Jensen, SC413, km13;0;;89108000;Distrito Industrial;Massaranduba;SC;certificacao@tuttibaby.com.br;TUTTI BABY INDUSTRIA E COMERCIO DE ARTIGOS INFANTIS LTDA;Andadores Infantis;Portaria Inmetro nº 129 de 19/03/2021;;IN2869325;Modelo 5;;N;Brasil;TUTTI BABY;DESIGNAÇÃO COMERC SAFARI II (AZUL/ROSA/VERMELHO),PRINCESA ROSA COROA,ACQUA,EXPLORADOR (CINZA/ ROXO) CÓD D REF COMERC:ANDAD 40.002/40002003/40002004/40002007/40003004/40004002/40004003 CARACT DO MODELO:ANDADOR C BRINQUEDO;MAT:ESTRUTURA METALICA - AÇO TUBULAR/DIM:48X60,5X70CM/SIST DE TRAVA:LIBERAÇ EM 2AÇÕES CONSECUT/SIST DE MONTAGEM E FERRAGEM:PARAFUSOS E REBITES/ACESSÓ:BRINQUEDOS E ADESIVOS;7898431501615|7898431501622|7898431501639|7898431501684|7898431501691|7898431501707;Excluido;10/12/2025
234016/1990;Ativo;;01/07/2026;;;APS IMPORTACAO EXPORTACAO DISTRIBUICAO LTDA;44540981000135;11974642778;EST GERAL DE MEDEIROS;20;SALA 05;88390000;MEDEIROS;BARRA VELHA;SC;orquestra@yescert.com.br;Tengzhou Lebeir Baby Carriage Co., Ltd.;Andadores Infantis;Portaria Inmetro nº 129 de 19/03/2021;;IN3076626;Modelo 5;;S;China, República Popular;TOYS&TOYS;MOD:ANDADOR MUSICAL PARA BEBES/INFANTIL/CÓD DE REFERÊNCIA COMERCIAL: ANDADOR MUSICAL V:CINZA - 310552,MARROM - 310569,AZUL - 310576,ROSA 310583;Mat:PP/Dim:799x660x715mm/Sist de Travam: Dois dispositivos de travam independentes sendo operados simult/Sist de Mont e Ferr:Manual (sem ferram)/Acess:N/A/Caract do modelo:ANDADOR COM BRINQ.MUSICAL AC;7908888310552|7908888310569|7908888310576|7908888310583;Incluido;01/07/2026
528020/2016;Ativo;;13/04/2026;;;VG SHOP COMERCIO ON LINE LTDA;16857384000365;1149690505;RUA PROJETADA SN KM 15 NUCLEO AGUA COMPRIDA;0;KM 15;37600000;AGUA COMPRIDA;CAMBUI;MG;gilson@vgshop.com.br;YONGXING SPORTS LIMITED;Andadores Infantis;Portaria Inmetro nº 129 de 19/03/2021;;IN2982826;Modelo 5;;S;China, República Popular;MULTMAXX;Desig. Com. andador infantil com empurrador Cod. Ref. MTX150 / MTX151 Quant. (aplic. para mod. 1b) n/a Mat: poliéster, abs, pp e borracha Dim. 76x65x65cm Sis. Trav. dois dispositivos independentes sendo operador simultaneamente;Sis. de Mont. e Ferragem: manual (com ferramenta) acess: N/A Car.do mod: andador ccom empurrador e brinquedo musical Vers. MTX150 cinza MTX151 rosa;7898758400394|7898758400400;Incluido;13/04/2026
498571/1987;Ativo;;04/08/2025;;;BAMBINO COMERCIAL LTDA;06006481000129;81987347022;R. 23;175;;53090190;RIO DOCE;OLINDA;PE;bambino.souza@terra.com.br;PINGHU XIAOTIANDI CHILDREN?S PRODUCTS FACTORY;Andadores Infantis;Portaria Inmetro nº 129 de 19/03/2021;;IN2750125;Modelo 5;;S;China, República Popular;BAMBINO;ANDADOR - BA01 - ROSA/AZUL;MAT:PP,FERRO E POLIÉSTER/DIM:70X62.5X51CM/SIS_TRAV:LIBERAÇÃO EM DUAS AÇÕES CONSECUTIVAS/SIS_MONT E FERRG:MANUAL(S/FERRAM.)/ACESS.:BRINQ.CEN.DE ATIVI./CARACT.DO MODELO:ANDADOR COM BANDEJA MUSICAL;7898576907150|7898576907167;Incluido;04/08/2025
822035/1942;Inativo;;14/08/2019;;;Companhia Dorel Brasil Produtos Infantis;10659948000107;2135633602;Av. Nilo Peçanha;1516 /1582;Térreo;28030035;Pq dos Rodoviários;Campos dos Goytacaze;RJ;mariana.magalhaes@dorel.com.br;JIN SUN GEE PLASTIC CO.,LTD;Andadores Infantis;Portaria Inmetro nº 42 de 19/01/2018;;OCAN-AND.145/19-4;;;S;Formosa (Taiwan);Voyage;BG1401;Nome Fantasia: Buggy. Cores: Rosa e Azul. Material: Ferro, plástico, PP e PU. 42 x 58.5 x 65 cm. Sistema de Travamento e Montagem: Manual. Acessórios: Bandeja;7898509475206|7898509475213;Incluido;14/08/2019
116039/1969;Ativo;;19/06/2026;;;LILI FLORES ARTESANAIS LTDA;50509301000113;2199999999;R SANTO SEPULCRO;00279;;21350220;MADUREIRA;RIO DE JANEIRO;RJ;xiaoweiliu663@gmail.com;PINGHU XIAOTIANDI CHILDREN''S PRODUCTS FACTORY ;Andadores Infantis;Portaria Inmetro nº 129 de 19/03/2021;;IN3051726;Modelo 5;;S;China, República Popular;LILI;MOD:ANDADOR LL-2931 / CÓD. DE REFERÊNCIA COMERCIAL: LL-2931 / AZUL,ROSA,VERDE;MAT.:PP, POLIÉSTER E POLIETILENO/DIM:56,5X68X60,5CM/ SIST.TRAV.:LIBERAÇÃO EM DUAS AÇÕES CONSECUTIVAS/SIST. MONT.:LIBERAÇÃO EM DUAS AÇÕES CONSECUTIVAS/SEM ACESSÓRIOS/ANDADOR COM BRINQUEDO INTERATIVO;;Incluido;19/06/2026
410043/1995;Inativo;;11/01/2023;;;COMPANHIA DOREL BRASIL PRODUTOS INFANTIS;10659948000883;2135547024;Av. Nilo Peçanha;1516 ;Galpão 3 ;28030035;Pq dos Rodoviários;Campos dos Goytacaze;RJ;standard@dorel.com.br;Jin Sun Gee Plastics Co., Ltd;Andadores Infantis;Portaria Inmetro nº 129 de 19/03/2021;;IN1722522;;;S;Formosa (Taiwan);Cosco;BG-1518. Nome comercial: Follow. Versões: Azul e Laranja.;Ferro, plástico, PP,PET, PU e poliéster. 60 x 49 x 68 cm.Trav:Lib.2 ações cons., Encaixe,aces: Brinquedos.;7908238808043|7908238808050;Incluido;11/01/2023
704047/2021;Ativo;;12/11/2024;;;CACANDO OFERTAS LTDA;23230465000134;11976586700;Rua José Ferreira Crespo;752;Sala 1;08021480;Jardim São Vicente;São Paulo;SP;diegofrancisco22@bol.com.br;STYLL ADMINISTRACAO, INVESTIMENTOS, LOCACOES & SERVICOS LIMITADA;Andadores Infantis;Portaria Inmetro nº 129 de 19/03/2021;;IN2382924;;;N;Brasil;ClickBaby's;Andador Happy baby - Versões AZUL-HAPPY BABY ROSA-HAPPY BABY LARANJA-HAPPY BABY;Mat.Aço Polipropileno.Dim:640x570x470cm.Sist.Trav. Liberação duas ações consecutivas.Sist de Mont e Ferrag:Manual sem ferramenta.Acess: Bandeja c/Brinquedo.Caract/modelo:Andador c/brinquedo na bandeja;7898975097001|7898975097018|7898975097025;Incluido;12/11/2024
728525/2010;Ativo;;17/06/2024;;;MEGA COMPRAS PRESENTES.COM LTDA;02561195000174;4191284769;RUA ELDORADO;511;511;09550720;PROSPERIDADE;SÃO CAETANO DO SUL;SP;contabilidade@grupogmac.com;HEBEI HAOKU CHILDREN TOYS CO., LTD;Andadores Infantis;Portaria Inmetro nº 129 de 19/03/2021;;IN2152424;;;S;China, República Popular;MEGA COMPRAS;ANDADOR PARA BEBÊS-PREMIUM-REF:MC923/MC923AZ/MC923RS/MC923CZ/MATERIAL:PP E POLIÉSTER/DIMENSÕES:65X 48X46 CM/ CONT: ANDADOR COM BRINQUEDO ACOPLADO;SISTEMA DE TRAVAMENTO:DOIS DISPOSITIVOS DE TRAVAMENTO INDEPENDENTES SENDO OPERADOS SIMULTÂNEAMENTE/SISTEMA DE MONTAGEM E FERRAGEM:MANUAL (SEM FERRAMENTA)/ACESSÓRIOS:BRINQUEDO/CARACTERISTICAS DO MODELO;7898692799028|7898692799578|7898692799585;Incluido;17/06/2024
660175/1986;Inativo;;11/11/2022;;;COMPANHIA DOREL BRASIL PRODUTOS INFANTIS;10659948000883;2135547024;Av. Nilo Peçanha;1516 ;Galpão 3 ;28030035;Pq dos Rodoviários;Campos dos Goytacaze;RJ;standard@dorel.com.br;Jin Sun Gee Plastics Co., Ltd;Andadores Infantis;Portaria Inmetro nº 129 de 19/03/2021;;IN1701622-2;;;S;Formosa (Taiwan);Voyage;BG-1518. Nome comercial: Baby Step. Versões: Rosa e Azul.;Ferro,PP e poliéster. 60x49x68cm.Trav:Lib.2 ações consec.,Mont:Encaixe. Aces:Brinquedos;7908238801280|7908238801297;Incluido;11/11/2022
922785/1928;Ativo;;07/08/2024;;;COMERCIO E IMPORTACAO DENISE LTDA;29963642000178;21997976531;RUA DO MILHO;72;A;21011090;PENHA CIRCULAR;RIO DE JANEIRO;RJ;comerciomybaby@hotmail.com;PING HU BEST CHILDREN?S CARRIER CO.LTD;Andadores Infantis;Portaria Inmetro nº 129 de 19/03/2021;;IN2189524;;;S;China, República Popular;MY BABY;PATO A1 - ROSA LISO, AZUL LISO, ROSA COLORIDO, AZUL COLORIDO - Acessórios: Brinquedos Caracteristicas do modelo: Andador infantil com brinquedo elétrico;Material: Ferro, PP e Poliéster Dimensões: 71 x 62 x 55 cm Sistema de Travamento: Liberação em duas ações consecutivas Sistema de Montagem e Ferragem: Manual (com auxílio de ferramenta);6294013738218|6294013738225|6294013738287|6294013738294;Incluido;07/08/2024
204533/1960;Inativo;;24/09/2019;;;Galzerano Indústria de Carrinhos e Berços Ltda;43594977000197;1934043030;Via Prefeito Jurandyr Paixão;700;;13481149;Jd. Campo Belo;Limeira;SP;luisfernando.camargo@galzerano.com.br;SHEN ZHEN WEI MEI CHILDCARE PRODUCT LIMITED COMPANY;Andadores Infantis;Portaria Inmetro nº 42 de 19/01/2018;;CE-AND/IQB 000006 53504/20-001;;;S;China, República Popular;GALZERANO;Andador de bebê 4 em 1 Funny - Versões: Color (CR), Verde Água (VDA);Mat Tec poli Espum Resin plást Itens fix Dimens 75Cx71Lx55A(cm) Sist trav Dobradiç plást c/ botã acion Sist mont frenag Encaix manua Mod Andador c/ módul sonor Pçs girat Cores divers Acess Brinq remov;7898089221477|7898089221996;Incluido;24/09/2019
272951/1986;Ativo;;31/10/2025;;;MD COMERCIO DE FERRAGENS LTDA;55274701000100;92985975259;Avenida Joaquim Nabuco;1094;A;69020030;Centro;Manaus;AM;mdcomerciodeferragensltda@gmail.com;Xingtai Pandelo Technology Co.,Ltd;Andadores Infantis;Portaria Inmetro nº 129 de 19/03/2021;;IN2824825;Modelo 5;;S;China, República Popular;ULTRA BABY;ANDADOR INFANTIL MUSICAL PARA BEBÊ - UBW -305 - N/A - BABY PINK / BARBIE PINK/RED / WHITE/ROYAL BLUE /ORANGE / WHITE/LIGHT BLUE / WHITE;MAT:PP,FERRO E POLIÉ./DIM.:68X59X52 CM/SIST.DE TRAV.:LIB.EM DUAS AÇÕES CONS./SIST.DE MONT. E FERR.:MAN.(S/FERRAM.)/ACESS.:N/A/CARACTERISTICAS DO MODELO:ANDADOR COM BRINQUEDO ACOPLADO;7890012361007|7890012361113|7890012368082|7890012369096;Incluido;31/10/2025
249724/1932;Ativo;;07/03/2024;;;MADHULA COMERCIO DE ARTIGOS ELETROELETRONICOS LTDA;03838532000190;63881924131;Rua Marcilio Dias;166;;69005270;Centro;Manaus;AM;ltdamcg@gmail.com;PINGHU SHI XIAOTIANDI CHILDREN''S PRODUCTS FACTORY;Andadores Infantis;Portaria Inmetro nº 129 de 19/03/2021;;IN2088024;;;S;China, República Popular;BENMEK;ANDADOR MADHULA - MA101 - ROSA-MA101R/AZUL-MA101A/VERDE-MA101V/LARANJA-MA101L;MAT.:PP,FERRO E POLIÉSTER/DIM.:63X57X53CM/SIST.TRAVA.:LIBERAÇÃO EM DUAS AÇÕES CONSECUTIVAS/SIST.MONT.FERRA.:MANUAL(SEM FERRAMENTA)/ACESSÓRIOS:N/A/CARACTERISTICAS DO MODELO: ANDADOR COM BRINQUEDO;6901031000158;Incluido;07/03/2024
998062/1947;Ativo;;05/08/2021;;;GALZERANO INDUSTRIA DE CARRINHOS E BERCOS LTDA;43594977000197;19999947357;Via Prefeito Jurandyr Paixão;700;;13481149;Jd. Campo Belo;Limeira;SP;luisfernando.camargo@galzerano.com.br;GALZERANO INDUSTRIA DE CARRINHOS E BERCOS LTDA;Andadores Infantis;Portaria Inmetro nº 129 de 19/03/2021;;CE-AND/IQB 000006 54618/21-001;;;N;Brasil;GALZERANO;Ref.: 4050-Andador Torino. Versões: 4050RO (Rosa), 4050TER (Terracota), 4050EST (Estrela), 4050SPR (Spring) - Material: Tecido poliéster, TNT, Espuma, PP, PA6, Master, Tinta, Tubo de aço, Itens de fixação e aviamentos. Dimensões: CxLxA (cm) 71x62,5x51,5. Sistema de travamento: Trilho plástico com botão de destrave e regulagem de altura;Sistema de montagem/ferragem: Manual. Acessórios que venham com o produto: Bandeja de brinquedos não removível, Características do modelo: Tecidos, Peças plásticas, Tinta, Ferragens;7908200102247|7908200102254|7908200102520|7908200102537;Excluido;17/01/2024
292066/1974;Ativo;;07/03/2024;;;COMPANHIA DOREL BRASIL PRODUTOS INFANTIS;10659948000107;2135547024;Av. Nilo Peçanha;1516;1582;28030035;Pq dos Rodoviários;Campos dos Goytacaze;RJ;standard@dorel.com.br;COMPANHIA DOREL BRASIL PRODUTOS INFANTIS;Andadores Infantis;Portaria Inmetro nº 129 de 19/03/2021;;IN2040823;Modelo 5;;N;Brasil;Infanti;APPIA - HE022 - AZUL/ROSA - MAT.:PP, POLIÉSTER,PTA, EG, POLIPROPILENO E POLIETILENO.DIMENSÕES:56,5X68X60,5CM/;SIST. DE TRAVAMENTO: LIBERAÇÃO EM 2 AÇÕES CONSECUTIVAS/SIST. DE MONTAGEM E FERRAGEM: MANUAL (S/ FERRAMENTAS)/ACES.: BANDEJA DE BRINQUEDOS/ANDADOR COM BRINQUEDO;7908238809774|7908238809781;Excluido;10/04/2026
586070/2000;Ativo;;07/03/2024;;;COMPANHIA DOREL BRASIL PRODUTOS INFANTIS;10659948000107;2135547024;Av. Nilo Peçanha;1516;1582;28030035;Pq dos Rodoviários;Campos dos Goytacaze;RJ;standard@dorel.com.br;COMPANHIA DOREL BRASIL PRODUTOS INFANTIS;Andadores Infantis;Portaria Inmetro nº 129 de 19/03/2021;;IN2040823;Modelo 5;;N;Brasil;INFANTI/ COSCO;APPIA/ ZIGGY - HE022 - N/A - AZUL / ROSA / AZUL / ROSA;MAT:PP,PES,PTA,EG,POLIPROPILENO E POLIETILENO/DIM:56,5 X 68 X 60,5 CM/SIST D TRAVAMENTO:LIB EM DUAS AÇÕES CONSEC/SIST DE MNTGM E FERRG:MAN (SEM FER)/ACESS:BAND D BRINQ./CARACT D MODELO:ANDADOR C BRINQ;7908238809774|7908238809781|7908238815812|7908238815829;Incluido;10/04/2026
471579/1927;Ativo;;16/07/2025;;;KIDDO INDUSTRIA E COMERCIO LTDA;60688090000187;1147870744;Rodovia Regis Bittencourt ;3666;;06793000;Jardim Três Marias ;Taboão da Serra;SP;m.nascimento@kiddo.com.br;JIN SUN GEE PLASTIC CO., LTD;Andadores Infantis;Portaria Inmetro nº 129 de 19/03/2021;;IN2735125;Modelo 5;;S;China, República Popular;Whoop;ANDADOR PASSINHOS 2 EM 1 REF. 8701/CINZA/ROSA/AZUL;MATERIAL:PP. POLIES/DIMENSÕES:59,5X68X53CM/SIST.DE.TRAVAM.:LIBER.EM DUAS AÇÕES CONSECUTIVAS/SIST.DE.MONTAG.E.FERRAGEM:MANUAL (SEM AUX. DE FERRAM)/ACESSÓRIOS:BRINQ./CARACT. DO MODELO:ANDADOR C/ BRINQ.;7896517223871|7896517223888|7896517223895;Incluido;16/07/2025
665794/1944;Ativo;;07/02/2022;;;TUTTI BABY INDUSTRIA E COMERCIO DE ARTIGOS INFANTIS LTDA;06981862000129;4733794000;Rod. Guilherme Jensen, SC413, km13;0;;89108000;Distrito Industrial;Massaranduba;SC;certificacao@tuttibaby.com.br;TUTTI BABY INDUSTRIA E COMERCIO DE ARTIGOS INFANTIS LTDA;Andadores Infantis;Portaria Inmetro nº 129 de 19/03/2021;;IN2869325;Modelo 5;;N;Brasil;TUTTI BABY;ANDADOR SAFARI II-ANDADOR 40.002-40002003/40002004/40002007/40003004/40004002/40004003;MAT:PP E ALGODAO/DIM:51X61X70CM/SIS_TRAV:DOIS DISPOS TRAV INDEPEND SENDO OPER SIMULTÂNEAM./SIS_MONT/FERRG:REBITES,PARAFUSOS E ENCAIXE DE PÇS PLAST/ACESS:BAND. COM BRINQ/CARAC. DO MOD.:AND. C/ BRINQ NA;7898431501615|7898431501622|7898431501639|7898431501684|7898431501691|7898431501707;Excluido;27/02/2026
880085/1926;Inativo;;14/01/2021;;;GALZERANO INDUSTRIA DE CARRINHOS E BERCOS LTDA;43594977000197;1934043030;Via Prefeito Jurandyr Paixão;700;;13481149;Jd. Campo Belo;Limeira;SP;luisfernando.camargo@galzerano.com.br;WEIMEI MEI CHILDCARE PRODUCT (HUIZHOU) LTD., CO;Andadores Infantis;Portaria Inmetro nº 42 de 19/01/2018;;CE-AND/IQB 000006 54025/20-001;;;S;China, República Popular;GALZERANO;Ref.: 4030-Andador 4 em 1 Funny. Versões: 4030CR (Color), 4030VDA (Verde Água);Mat Tec polié Espuma Resina plást Itens fixação Dimens 75x71x55(cm) Sist travament dobradiça plást c/ botão acionament Sist montagem/ferragem encaixe manual Acessórios manuais brinquedos removíveis;7898089221477|7898089221996;Incluido;14/01/2021
174089/1953;Inativo;;14/08/2019;;;Companhia Dorel Brasil Produtos Infantis;10659948000107;2135633602;Av. Nilo Peçanha;1516 /1582;Térreo;28030035;Pq dos Rodoviários;Campos dos Goytacaze;RJ;mariana.magalhaes@dorel.com.br;Hua Song Plastic Products Co Ltd;Andadores Infantis;Portaria Inmetro nº 42 de 19/01/2018;;OCAN-AND.145/19-3;;;S;China, República Popular;Safety 1st;11389;Nome Fantasia: Melody Garden. Cor única. Material: Ferro, plástico e PP. 64x55x66 cm. Sistema de Travamento e Montagem: Manual. Acessórios: Bandeja.;9312541727119;Incluido;14/08/2019
073049/2009;Ativo;;27/03/2026;;;HEMNANI COMERCIO DE VARIEDADES LTDA.;05469291000185;9232330121;Rua Marcílio Dias;304;;69005270;Centro;Manaus;AM;hemnanibr@yahoo.com;PINGHU XIAOTIANDI CHILDREN?S PRODUCTS FACTORY;Andadores Infantis;Portaria Inmetro nº 129 de 19/03/2021;;IN2911926;Modelo 5;;S;China, República Popular;SITA;ANDADOR AKH602 - AKH602 - AVIÃO - AVIAO;MAT:PP,FERRO E POLIE./DIM:70 X62.5 X 51 CM/SISTEMA DE TRAVAMENTO:LIBERAÇÃO EM DUAS AÇÕES CONSECUTIVAS/SISTEMA DE MONTAGEM E FERRAGEM:MAN.(S/FERRAM.)/ACESS:BAND.MUSI./CARAC.DO MOD.:AND.COM BAND.MUSI.;0618231660148;Incluido;27/03/2026
400346/1972;Inativo;;23/05/2025;;;MD COMERCIO DE FERRAGENS LTDA;55274701000100;92981285408;AVENIDA JOAQUIM NABUCO;1094;A;69020030;Centro;Manaus;AM;mdcomerciodeferragensltda@gmail.com;Xingtai Pandelo Technology Co.,Ltd;Andadores Infantis;Portaria Inmetro nº 129 de 19/03/2021;;IN2611025;Modelo 5;;S;China, República Popular;ULTRA BABY;REF: UBW-801H - ANDADOR INFANTIL MUSICAL PARA BEBÊ - BABY PINK / BARBIE PINK, RED / WHITE, ROYAL BLUE / ORANGE / WHITE, GREEN / WHITE;MAT:PP,FERRO E POLIÉSTER/DIM:68X59X52CM/SIS_TRAV:LIBERAÇÃO EM 2 AÇÕES CONSECUTIVAS/SIS_MONTAGEM_E_FERRAGEM:MANUAL(SEM FERRAMENTA)/ACESSÓRIOS: N/A/CARACTERISTICAS_MODELO:ANDADOR COM BRINQUEDO ACOPLADO;7890012361007|7890012361113|7890012368082|7890012369096;Incluido;23/05/2025
468093/1979;Ativo;;06/03/2023;;;BURIGOTTO S A INDUSTRIA E COMERCIO;51460277000138;1934464813;Rua Martino Dragone;280;;13480308;Jardim Santa Barbara;Liemira;SP;alison.smanioto@burigotto.com;JIN SUN GEE PLASTICS CO., LTD;Andadores Infantis;Portaria Inmetro nº 129 de 19/03/2021;;CE-AND/IQB 000004 55573/23-001;Modelo 5;;S;Formosa (Taiwan);BURIGOTTO;ANDADOR OLÉ CL (REF.COM.  IXAN5143CL);PP, AÇO, TECIDO / 590 X 690 X 550 MM / TRILHO PLÁSTICO COM BOTÃO DE TRAVA/DESTRAVA E REGULAGEM DE ALTURA / REBITES, PARAFUSOS E ENCAIXE DE PEÇAS PLÁSTICAS / BANDEJA COM 2 BRINQUEDOS DE PP E NYLON;7896502944248;Excluido;29/04/2026
867249/2015;Ativo;;02/09/2026;;;BAGATOLI COMERCIO DE REFRIGERACAO LTDA;00897750000108;47984556257;BR-470;8105;;89058020;FORTALEZA ALTA;BLUMENAU;SC;digitalpriceconsultoria@gmail.com;PINGHU XIAOTIANDI CHILDREN?S PRODUCTS FACTORY;Andadores Infantis;Portaria Inmetro nº 129 de 19/03/2021;;IN3155526;Modelo 5;;S;China, República Popular;BAGATOLI KIDS;MOD: ANDADOR INFANTIL PULSE/ N.COM: PULSE/ V.: ROSA, AZUL, CINZA;MAT.:PP,POLIÉSTER,AÇO/DIM.:51X61X69CM/SIST.TRAV.:LIB.2 AÇÕES CONSEC./SIST.MONT.FERR.:REBITES,PARAF.E ENCAIXE PEÇAS PLÁST./ACESS.:BRINQ.NA BANDEJA/CARACT.MOD.:ANDADOR C/BRINQ.;7901030400859|7901030400866|7901030400873;Incluido;02/09/2026
042963/1962;Ativo;;01/08/2023;;;COMPANHIA DOREL BRASIL PRODUTOS INFANTIS;10659948000883;2135547024;Av. DR  Nilo Peçanha;1516;Galpão 3 ;28030035;Pq dos Rodoviários;Campos dos Goytacaze;RJ;standard@dorel.com.br;ZHONG SHAN SUN LUEN CHONG COMMODITY COMPANY LIMITED;Andadores Infantis;Portaria Inmetro nº 129 de 19/03/2021;;CE-AND/IQB 000011 55435/22-001;Modelo 5;;S;China, República Popular;TINY LOVE;4-in-1 Here I Grow Mobile Activity Center. Ref. 1806501211. ABS, Alumínio, Aço, Poliéster, PP. 70x57x44cm.Sist. de mont.:Manual (s/ ferragem).;Sist. de Trav.:2 disp. de travamento independentes, devem ser operados simultaneamente. Aces.: Brinq. acoplado.;7290108862973;Incluido;01/08/2023
762097/2005;Cancelado;;24/08/2020;;14/07/2025;Dardara Comercio Importacao e Exportacao Ltda.;07774907000157;1147447248;R VALENTIM MAGALHAES;95;***;03184090;ALTO DA MOOCA;SÃO PAULO;SP;dardara@yescert.com.br;FOSHAN BAOLIMEI CHILD?S VEHICLE CO.LTD;Andadores Infantis;Portaria Inmetro nº 42 de 19/01/2018;;OCAN-AND.134/20-5;;;S;China, República Popular;DARDARA;ANDADOR CARRO (FD-2407);Material: Moldes e peças em plástico P.P.(polipropileno) Adesivos (papel colante) Painel - parte interna: sistema eletrônico (placa, fio colorido, alto falante). Estrutura em metal, Dimensões: 74 x 63;;Incluido;24/08/2020
985203/1935;Ativo;;05/08/2021;;;GALZERANO INDUSTRIA DE CARRINHOS E BERCOS LTDA;43594977000197;19999947357;Via Prefeito Jurandyr Paixão;700;;13481149;Jd. Campo Belo;Limeira;SP;luisfernando.camargo@galzerano.com.br;GALZERANO INDUSTRIA DE CARRINHOS E BERCOS LTDA;Andadores Infantis;Portaria Inmetro nº 129 de 19/03/2021;;CE-AND/IQB 000006 54618/21-001;;;N;Brasil;GALZERANO;Ref.: 4050-Andador Torino. Versões: 4050PTR (Preto Rosa), 4050PTT (Preto Terracota);Mat Tec poliest Espum PP PA6 Master Tint Tub aço Itens fix/aviam CxLxA(cm) 71x62,5x51,5 Trav Trilh plást c/ botão destrav e reg alt Acess Band brinq não remove retrov Caract Tec Pçs plást Tint Ferrage;7908200102193|7908200102209;Excluido;01/09/2021
117950/2023;Ativo;;29/01/2025;;;HCM INDUSTRIA E IMPORTACAO LTDA;12538691000160;3798753533;RUA SERGIPE ;1963;;35591096;SANTA ALEXANDRINA;LAGOA DA PRATA;MG;compras@hcmmalta.com.br;HCM INDUSTRIA E IMPORTACAO LTDA;Andadores Infantis;Portaria Inmetro nº 129 de 19/03/2021;;IN2431224-1;;;N;Brasil;JUMBO BABY;ANDADOR MUSICAL SUPERLUXO JUMBO BABY/Acessórios:Assento,Empurrador,Painel Musical/Caracteristicas do modelo:Andador com brinquedo na bandeja/Versões:AZUL,ROSA,VERMELHO,LARANJA;Mat:POLIPROPILENO (PP)/ACO CARBONO(FERRAGENS)/TECIDO(POLIÉSTER)/Dim:69,5X58,5X14,5/Sist de Trav:Liberação em duas ações consecutivas/Sist de Mont e Fer:Manual(sem ferramenta);7898947715025|7898947715032|7898947715049|7898947715056;Incluido;29/01/2025
318745/1975;Inativo;;14/08/2019;;;Companhia Dorel Brasil Produtos Infantis;10659948000107;2135633602;Av. Nilo Peçanha;1516 /1582;Térreo;28030035;Pq dos Rodoviários;Campos dos Goytacaze;RJ;mariana.magalhaes@dorel.com.br;JIN SUN GEE PLASTIC CO.,LTD;Andadores Infantis;Portaria Inmetro nº 42 de 19/01/2018;;OCAN-AND.145/19-2;;;S;Formosa (Taiwan);Cosco;BG-2023;Nome Fantasia: Goal Walker 4 em 1. Cores: Rosa e Azul. Material: Ferro, Plástico, PP e PU. 74 x 44x 66.5 cm. Sistema de Travamento e Montagem: Manual. Acessórios: Bandeja de Brinquedos.;7898509478375|7898509478665;Incluido;14/08/2019
118274/1982;Cancelado;;28/02/2020;;14/07/2025;COMÉRCIO E IMPORTAÇÃO DENISE LTDA;29963642000178;2125843843;RUA DO MILHO;72;A;21011090;PENHA CIRCULAR;RIO DE JANEIRO;RJ;comerciomybaby@hotmail.com;PING HU BEST CHILDREN'S CARRIER CO.LTD;Andadores Infantis;Portaria Inmetro nº 42 de 19/01/2018;;OCAN-AND.329/20-1;;;S;China, República Popular;MY BABY;A-1;VERSÕES: ROSA, AZUL, AZUL COM VERDE, AZUL COM VERMELHO, ROSA COM LILÁS, ROSA COM ROSA ESCURO;;Incluido;28/02/2020
434555/1985;Ativo;;09/12/2019;;;TAPUZIM COMERCIAL LTDA;00513418000100;1138569063;Av. Monte Celeste;230;250;02561000;Vila S. Maria;São Paulo;SP;ehs0770@hotmail.com;SHEN ZHEN WEI MEI CHILDCARE PRODUCT LIMITED COMPANY;Andadores Infantis;Portaria Inmetro nº 129 de 19/03/2021;;IN2062423;Modelo 5;;S;China, República Popular;baby style;ANDADOR ANIMAIS;ANIMAISVERSÕES: Andador cachorro vermelho - Ref. 33721 Andador cachorro azul - Ref. 33722 Andador abelha rosa - Ref. 33723 Andador abelha azul - Ref. 33724 . Material: Plástico, metal e tecido. Dimen;4079337218996|4079337228995|4079337238994|4079337248993;Excluido;21/12/2020
161543/2000;Ativo;;07/03/2024;;;JASSUMAL LTDA;04214425000154;63881924131;AV SETE SETEMBRO;852;;69005140;CENTRO;MANAUS;AM;dgjohnny@gmail.com;PINGHU SHI XIAOTIANDI CHILDREN''S PRODUCTS FACTORY;Andadores Infantis;Portaria Inmetro nº 129 de 19/03/2021;;IN2087524;;;S;China, República Popular;BABY SPORTS;ANDADOR JASSUMAL - BS104 - AZUL CLARO E ESCURO-BS104A/ROSA CLARO E ESCURO-BS104R/VERMELHO E PRETO-BS104VP/ROXO E ROSA ESCURO-BS104RR;MAT.:PP,FERRO E POLIÉSTER/DIM.:63X57X53CM/SIST.TRAVA.:LIBERAÇÃO EM DUAS AÇÕES CONSECUTIVAS/SIST.MONT.FERRA.:MANUAL(SEM FERRAMENTA)/ACESSÓRIOS:N/A/CARACTERISTICAS DO MODELO: ANDADOR COM BRINQUEDO;6901041000155;Incluido;07/03/2024
056112/1932;Ativo;;20/10/2022;;;STYLL ADMINISTRACAO, INVESTIMENTOS, LOCACOES & SERVICOS LIMITADA;22475905000231;11994300960;Rua Marcio Carlim;401;;13849226;Parque Industrial;Mogi Guaçu;SP;alexandre@styll.com.br;STYLL ADMINISTRACAO, INVESTIMENTOS, LOCACOES & SERVICOS LIMITADA;Andadores Infantis;Portaria Inmetro nº 129 de 19/03/2021;;IN1679022;Modelo 5;;N;Brasil;STYLL BABY;ANDADOR SOFT WAY / V:V:AZ.SON.(AND-98.001-05)/RO.SON.(AND-98.002-05)/LAR.SON.(AND-98.003-05)/GUARÁ AZ.(AND-50.022-01)/GUARÁ RO.(AND-50.022-02)/GUARÁ LAR.(AND-50.022-03)/VE.SON.(AND-99.009-68)/AZ.CLÁS.(AND-98.001-04)/RO.CLÁS.(AND-98.002-04))/...;MAT:AÇO,POLIPR. E POLIÉ./DIM:640X570X470MM/SIS.DE TRAV:CATRA.EM BAI.DA BAN.(LIBER. EM DU.AÇÕ.CONS.)/SIST.DE MON.E FERR.:MANUAL(COM CHA.PHI.NÃO INCL.)/ACES:BAND.COM BRIN./ CONT.VERSÔES;7898488590037|7898488590440|7898488590457|7898488590464|7898488590624|7898488599849|7898488599856|7898488599863|7898488599870|7898488599887|789848859994;Incluido;20/10/2022
069642/1963;Ativo;;07/08/2024;;;AMAZONAS IMPORTADOS LTDA;07269201000138;9691131654;Rua Independência;175;;68900090;Central;Macapa;AP;adriana.abreu@amazonasimportados.com.br;YIWU BALBIAN ELECTRONIC TECHNOLOGICAL CO., LTD;Andadores Infantis;Portaria Inmetro nº 129 de 19/03/2021;;IN2086424-4;;;S;China, República Popular;LÉ PETIT;MODE:BABY WALKER/REF:LP-9917/ CONT: ANDADOR COM BRINQUEDO ACOPLADO/VERSÕES:AZUL,VERMELHO,AMARELO,ROSA.;MAT:PP E POLIÉSTER/DIM:65X54X49CM/SIST DE TRAV:LIBERAÇÃO EM DUAS AÇÕES CONSECUTIVAS/SIST DE MONT E FERRA :MANUAL (SEM FERRAMENTA)/ACES:N/A.CARACTERISTICAS DO MODELO:;7453116024706;Incluido;07/08/2024
316578/1964;Inativo;;11/11/2022;;;COMPANHIA DOREL BRASIL PRODUTOS INFANTIS;10659948000883;2135547024;Av. Nilo Peçanha;1516 /1582;Galpão 3 ;28030035;Pq dos Rodoviários;Campos dos Goytacaze;RJ;standard@dorel.com.br;Jin Sun Gee Plastics Co., Ltd;Andadores Infantis;Portaria Inmetro nº 129 de 19/03/2021;;IN1701622-1;;;S;Formosa (Taiwan);Cosco;BG-2023. Nome comercial: Goal Walker 4 em 1. Versões: Rosa e Azul.;Ferro, PP, PU e Pol, 74x44x66,5cm.Trav.real.único acion.,Mont: Manual(c/chave phil,n/inclusa). Aces: Brinq.;7898509478375|7898509478665;Incluido;11/11/2022
262896/2003;Ativo;;15/11/2024;;;HCM INDUSTRIA E IMPORTACAO LTDA;12538691000160;37998767200;RUA SERGIPE ;1963;;35591096;SANTA ALEXANDRINA;LAGOA DA PRATA;MG;compras.hcmmalta@gmail.com;HCM INDUSTRIA E IMPORTACAO LTDA;Andadores Infantis;Portaria Inmetro nº 129 de 19/03/2021;;IN2431224-2;;;N;Brasil;JUMBO BABY;ANDADOR MUSICAL MEGALUXO JUMBO BABY/AZUL/ROSA/VERMELHO/LARANJA, CARAC.D/MODEL:ANDADOR COM BRINQUEDO NA BANDEJA;MAT.:POLIPROPILENO(PP)/ACO CARBONO(FERRAGENS)/TECIDO(POLIÉSTER)/DIM:69,5X58,5X14,5/SIS.D/TRAV.:LIB.EM 2AS.CON./SIS.D/MONT.E FERR.:MAN.(S/FERR.)/ACESS.:ASSE/FORR.P/OS PÉS/EMP./PAI.MUS;7898947715063|7898947715070|7898947715087|7898947715094;Incluido;15/11/2024
350116/1958;Ativo;;09/12/2019;;;TAPUZIM COMERCIAL LTDA;00513418000100;1138569063;Av. Monte Celeste;230;250;02561000;Vila S. Maria;São Paulo;SP;ehs0770@hotmail.com;SHEN ZHEN WEI MEI CHILDCARE PRODUCT LIMITED COMPANY;Andadores Infantis;Portaria Inmetro nº 42 de 19/01/2018;;OCAN-AND.165/19-3;;;S;China, República Popular;baby style;CENTRO DE ATIVIDADES;VERSÕES: Andador play - Ref.5821 Andador meninos - Ref. 515211 Andador meninas - Ref. 51522. Material: Plástico, metal e tecido. Dimensões: 74 x 75 x 18 cm Sistema de Travamento: Stoper Sistema de Mon;4079515211993|4079515222999|4532582122994;Incluido;09/12/2019
292737/1993;Ativo;;17/06/2024;;;MEGA COMPRAS PRESENTES.COM LTDA;02561195000174;4191284769;RUA ELDORADO;511;511;09550720;PROSPERIDADE;SÃO CAETANO DO SUL;SP;contabilidade@grupogmac.com;HEBEI HAOKU CHILDREN TOYS CO., LTD;Andadores Infantis;Portaria Inmetro nº 129 de 19/03/2021;;IN2152424;;;S;China, República Popular;MEGA COMPRAS;ANDADOR PARA BEBÊS-PREMIUM-REF:MC923/MC923AZ/MC923RS/MC923CZ/MATERIAL:PP E POLIÉSTER/DIMENSÕES:65X 48X46 CM/ CONT: ANDADOR COM BRINQUEDO ACOPLADO;SISTEMA DE TRAVAMENTO:DOIS DISPOSITIVOS DE TRAVAMENTO INDEPENDENTES SENDO OPERADOS SIMULTÂNEAMENTE/SISTEMA DE MONTAGEM E FERRAGEM:MANUAL (SEM FERRAMENTA)/ACESSÓRIOS:BRINQUEDO/CARACTERISTICAS DO MODELO;7898692799028|7898692799578|7898692799585;Incluido;17/06/2024
997459/1930;Ativo;;16/09/2024;;;AMAZONAS IMPORTADOS LTDA;07269201000138;9691131654;Rua Independência;175;;68900090;Central;Macapa;AP;adriana.abreu@amazonasimportados.com.br;YIWU BALBIAN ELECTRONIC TECHNOLOGICAL CO., LTD;Andadores Infantis;Portaria Inmetro nº 129 de 19/03/2021;;IN2086424-1;;;S;China, República Popular;LÉ PETIT;MODE:BABY WALKER/REF:LP-9517/ CONT: ANDADOR COM BRINQUEDO ACOPLADO/VERSÕES:AZUL,ROSA,VERDE,;MAT:PP E POLIÉSTER/DIM:62X55,5X50CM/SIST DE TRAV:LIBERAÇÃO EM DUAS AÇÕES CONSECUTIVAS/SIST DE MONT E FERRAGEM:MANUAL (SEM FERRAMENTA)/ACESSÓRIOS:N/A.CARACTERISTICAS DO MODELO:;453068745717;Incluido;16/09/2024
128932/1982;Ativo;;29/01/2025;;;MD COMERCIO DE FERRAGENS LTDA;55274701000100;92981285408;AVENIDA JOAQUIM NABUCO, ;1094;A;69020030;CENTRO;MANAUS;AM;monadowlani@gmail.com;Hebei Zhongtai Bicycle manufacturing Co,. Ltd;Andadores Infantis;Portaria Inmetro nº 129 de 19/03/2021;;IN2520425;;;S;China, República Popular;ULTRA BABY;ANDADOR INFANTIL MUSICAL PARA BEBÊ/REF.:UBW-1026/PINK/GREEN/BLUE;MAT:PU,PP,AÇO,POLIÉSTER,ABS/DIM:70X60X55CM/SIST.DE TRAV.:LIB.EM DUAS AÇÕ.CONS./SIS.DE MONT.E FER.:MAN.(S/FERR.)/ACESS.:BANDE.COM BRINQ./CARAC.DO MODE.:ANDAD.C/BRINQ;7890012365050|7890012366064|7890012367078;Incluido;29/01/2025
644120/1984;Ativo;;09/12/2019;;;TAPUZIM COMERCIAL LTDA;00513418000100;1138569063;Av. Monte Celeste;230;250;02561000;Vila S. Maria;São Paulo;SP;ehs0770@hotmail.com;SHEN ZHEN WEI MEI CHILDCARE PRODUCT LIMITED COMPANY;Andadores Infantis;Portaria Inmetro nº 129 de 19/03/2021;;IN2062423;Modelo 5;;S;China, República Popular;baby style;ANDADOR ANIMAIS;ANIMAISVERSÕES: Andador cachorro vermelho - Ref. 33721 Andador cachorro azul - Ref. 33722 Andador abelha rosa - Ref. 33723 Andador abelha azul - Ref. 33724 . Material: Plástico, metal e tecido. Dimen;4079337218996|4079337228995|4079337238994|4079337248993;Excluido;21/12/2020
515195/2005;Ativo;;14/05/2026;;;UNI-ART IMPORT LTDA.;68168368000105;11952844300;AV DAS INDUSTRIAS ;755;;13288163;DIST.INDL B. STORANI;VINHEDO;SP; www.unitoys.com.br;QINGYUAN XINGLONG BALL PRODUCING CO., LTD.;Andadores Infantis;Portaria Inmetro nº 129 de 19/03/2021;;IN2985326;Modelo 5;;S;China, República Popular;UNITOYS;ANDADOR COM EMPURRADOR - N/A - 3726 AZUL/3726 ROSA;MAT:PP, POLIÉSTER E AÇO/DIM:50X60X102 CM/SIS_TRAV:LIBERAÇÃO EM DUAS AÇÕES CONSECUTIVAS/SIS_MONT E FERRG:MANUAL (SEM FERRAMENTA)/ACESS:N/A/CARACTERISTICAS DO MODELO:ANDADOR COM BANDEJA MUSICAL;7908901504395|7908901504401;Incluido;14/05/2026
049532/1997;Ativo;;20/10/2022;;;STYLL ADMINISTRACAO, INVESTIMENTOS, LOCACOES & SERVICOS LIMITADA;22475905000231;11994300960;Rua Marcio Carlim;401;;13849226;Parque Industrial;Mogi Guaçu;SP;alexandre@styll.com.br;STYLL ADMINISTRACAO, INVESTIMENTOS, LOCACOES & SERVICOS LIMITADA;Andadores Infantis;Portaria Inmetro nº 129 de 19/03/2021;;IN1679022;Modelo 5;;N;Brasil;STYLL BABY;ANDADOR SOFT WAY / V:V:AZ.SON.(AND-98.001-05)/RO.SON.(AND-98.002-05)/LAR.SON.(AND-98.003-05)/GUARÁ AZ.(AND-50.022-01)/GUARÁ RO.(AND-50.022-02)/GUARÁ LAR.(AND-50.022-03)/VE.SON.(AND-99.009-68)/AZ.CLÁS.(AND-98.001-04)/RO.CLÁS.(AND-98.002-04))/...;MAT:AÇO,POLIPR. E POLIÉ./DIM:640X570X470MM/SIS.DE TRAV:CATRA.EM BAI.DA BAN.(LIBER. EM DU.AÇÕ.CONS.)/SIST.DE MON.E FERR.:MANUAL(COM CHA.PHI.NÃO INCL.)/ACES:BAND.COM BRIN./ CONT.VERSÔES;7898488590037|7898488590440|7898488590457|7898488590464|7898488590624|7898488599849|7898488599856|7898488599863|7898488599870|7898488599887|789848859994;Incluido;20/10/2022
530232/1928;Ativo;;05/08/2021;;;GALZERANO INDUSTRIA DE CARRINHOS E BERCOS LTDA;43594977000197;19999947357;Via Prefeito Jurandyr Paixão;700;;13481149;Jd. Campo Belo;Limeira;SP;luisfernando.camargo@galzerano.com.br;GALZERANO INDUSTRIA DE CARRINHOS E BERCOS LTDA;Andadores Infantis;Portaria Inmetro nº 129 de 19/03/2021;;CE-AND/IQB 000006 54618/21-001;;;N;Brasil;GALZERANO;Ref.: 4050-Andador Torino. Versões: 4050RO (Rosa), 4050TER (Terracota), 4050EST (Estrela), 4050SPR (Spring) - Material: Tecido poliéster, TNT, Espuma, PP, PA6, Master, Tinta, Tubo de aço, Itens de fixação e aviamentos. Dimensões: CxLxA (cm) 71x62,5x51,5. Sistema de travamento: Trilho plástico com botão de destrave e regulagem de altura;Sistema de montagem/ferragem: Manual. Acessórios que venham com o produto: Bandeja de brinquedos não removível, Características do modelo: Tecidos, Peças plásticas, Tinta, Ferragens;7908200102247|7908200102254|7908200102520|7908200102537;Excluido;17/01/2024
135501/2017;Ativo;;14/08/2019;;;BAMBOO COMERCIO, IMPORTAÇÃO E EXPORTAÇÃO EIRELI-EPP;27115224000103;8132419265;Rua. Alegre;154;Galpão A;52120125;Arruda;Recife;PE;bamboo@yescert.com.br;ZHEJIANG KINTEX INTERNATIONAL TRADING CO., LTD;Andadores Infantis;Portaria Inmetro nº 129 de 19/03/2021;;IN1632922;;;S;China, República Popular;BAMBOO;NOME FANTASIA: ANDAJAR GUGU MODELO: MD-18 CORES: VERDE;PLÁSTICO, METAL E FIBRA TÊXTIL,520 x 560 x 620 mm,MANUAL,MANUAL,BANDEJA, VOLANTE DO PUXADOR.;7909312341029;Excluido;22/07/2022
938124/2010;Ativo;;05/08/2021;;;GALZERANO INDUSTRIA DE CARRINHOS E BERCOS LTDA;43594977000197;19999947357;Via Prefeito Jurandyr Paixão;700;;13481149;Jd. Campo Belo;Limeira;SP;luisfernando.camargo@galzerano.com.br;GALZERANO INDUSTRIA DE CARRINHOS E BERCOS LTDA;Andadores Infantis;Portaria Inmetro nº 129 de 19/03/2021;;CE-AND/IQB 000006 54618/21-001;;;N;Brasil;GALZERANO;Ref.: 4050-Andador Torino. Versões: 4050PTR (Preto Rosa), 4050PTT (Preto Terracota);Mat Tec poliest Espum PP PA6 Master Tint Tub aço Itens fix/aviam CxLxA(cm) 71x62,5x51,5 Trav Trilh plást c/ botão destrav e reg alt Acess Band brinq não remove retrov Caract Tec Pçs plást Tint Ferrage;7908200102193|7908200102209;Excluido;01/09/2021
359881/1983;Ativo;;03/04/2023;;;PLANETA - IMPORTACAO E DISTRIBUICAO DE BRINQUEDOS LTDA;13434272000141;1138951572;AV VASCO MASSAFELI;1000;G1A M1-21;06703600;JARDIM MARIA TEREZA;COTIA;SP;admin@planetadobebe.com.br;HEBEI WANXIN CHILDREN TOYS CO.,LTD.;Andadores Infantis;Portaria Inmetro nº 129 de 19/03/2021;;IN1765923;Modelo 5;;S;China, República Popular;MAXI BABY;NW-01 - ANDADOR LA BAMBA;MAT:PP PARTES EM ABS, AÇO DE ALTO CARB RODA ELAST.TERMO., PVC/DIM:580X680X550/SIS TRA:LIBERA.EM 2 AÇÕES CONSEC. SIS DE MON E FER:MAN.(S/ FER)/ACE:BANDEJA COM BRINQ/CAR MOD:AND COM BRINQ(BAND.A MUS.);7899403215370|7899403215387;Excluido;22/12/2025
232139/1937;Ativo;;09/12/2019;;;TAPUZIM COMERCIAL LTDA;00513418000100;1138569063;Av. Monte Celeste;230;250;02561000;Vila S. Maria;São Paulo;SP;ehs0770@hotmail.com;SHEN ZHEN WEI MEI CHILDCARE PRODUCT LIMITED COMPANY;Andadores Infantis;Portaria Inmetro nº 129 de 19/03/2021;;IN2062423;Modelo 5;;S;China, República Popular;baby style;ANDADOR ANIMAIS;ANIMAISVERSÕES: Andador cachorro vermelho - Ref. 33721 Andador cachorro azul - Ref. 33722 Andador abelha rosa - Ref. 33723 Andador abelha azul - Ref. 33724 . Material: Plástico, metal e tecido. Dimen;4079337218996|4079337228995|4079337238994|4079337248993;Excluido;21/12/2020
710974/2016;Ativo;;14/08/2019;;;BAMBOO COMERCIO, IMPORTAÇÃO E EXPORTAÇÃO EIRELI-EPP;27115224000103;8132419265;Rua. Alegre;154;Galpão A;52120125;Arruda;Recife;PE;bamboo@yescert.com.br;ZHEJIANG KINTEX INTERNATIONAL TRADING CO., LTD;Andadores Infantis;Portaria Inmetro nº 129 de 19/03/2021;;IN1632922;;;S;China, República Popular;BAMBOO;NOME FANTASIA: ANDAJAR GUGU MODELO: MD-18 CORES: VERDE;PLÁSTICO, METAL E FIBRA TÊXTIL,520 x 560 x 620 mm,MANUAL,MANUAL,BANDEJA, VOLANTE DO PUXADOR.;7909312341029;Excluido;22/07/2022
526143/1963;Inativo;;11/01/2023;;;COMPANHIA DOREL BRASIL PRODUTOS INFANTIS;10659948000883;2135547024;Av. Nilo Peçanha;1516 ;Galpão 3 ;28030035;Pq dos Rodoviários;Campos dos Goytacaze;RJ;standard@dorel.com.br;Jin Sun Gee Plastics Co., Ltd;Andadores Infantis;Portaria Inmetro nº 129 de 19/03/2021;;IN1722522;;;S;Formosa (Taiwan);Cosco;BG-1518. Nome comercial: Follow. Versões: Azul e Laranja.;Ferro, plástico, PP,PET, PU e poliéster. 60 x 49 x 68 cm.Trav:Lib.2 ações cons., Encaixe,aces: Brinquedos.;7908238808043|7908238808050;Incluido;11/01/2023
820147/1989;Ativo;;19/02/2026;;;RGM  COMERCIO E SERVICOS LTDA;18007664000148;11996294240;Avenida Angélica;511;Cj. 904;01227100;Santa Cecilia;São Paulo;SP;papush@uol.com.br;PINGHU XIAOTIANDI CHILDREN?S PRODUCTS FACTORY;Andadores Infantis;Portaria Inmetro nº 129 de 19/03/2021;;IN2911726;Modelo 5;;S;China, República Popular;RGM;ANDADOR DREUX - R602 - AVIÃO - AVIAO;MAT:PP,FERRO E POLIÉ./DIM:70X62.5X51 CM/SIST.DE TRAV.:LIB.EM DUAS AÇÕES CONSECU./SIST.DE MONT.E FERR.:MANUAL (SEM FERRAMENTA)/ACESS:BANDEJA MUSICAL/CARACT.DO MODELO:ANDADOR COM BANDEJA MUSICAL;7898926505616;Incluido;19/02/2026
114151/2016;Ativo;;07/02/2022;;;TUTTI BABY INDUSTRIA E COMERCIO DE ARTIGOS INFANTIS LTDA;06981862000129;4733794000;Rod. Guilherme Jensen, SC413, km13;0;;89108000;Distrito Industrial;Massaranduba;SC;certificacao@tuttibaby.com.br;TUTTI BABY INDUSTRIA E COMERCIO DE ARTIGOS INFANTIS LTDA;Andadores Infantis;Portaria Inmetro nº 129 de 19/03/2021;;IN2869325;Modelo 5;;N;Brasil;TUTTI BABY;ANDADOR SAFARI II-ANDADOR 40.002-40002003/40002004/40002007/40003004/40004002/40004003;MAT:PP E ALGODAO/DIM:51X61X70CM/SIS_TRAV:DOIS DISPOS TRAV INDEPEND SENDO OPER SIMULTÂNEAM./SIS_MONT/FERRG:REBITES,PARAFUSOS E ENCAIXE DE PÇS PLAST/ACESS:BAND. COM BRINQ/CARAC. DO MOD.:AND. C/ BRINQ NA;7898431501615|7898431501622|7898431501639|7898431501684|7898431501691|7898431501707;Excluido;27/02/2026
356406/1935;Ativo;;07/02/2022;;;TUTTI BABY INDUSTRIA E COMERCIO DE ARTIGOS INFANTIS LTDA;06981862000129;4733794000;Rod. Guilherme Jensen, SC413, km13;0;;89108000;Distrito Industrial;Massaranduba;SC;certificacao@tuttibaby.com.br;TUTTI BABY INDUSTRIA E COMERCIO DE ARTIGOS INFANTIS LTDA;Andadores Infantis;Portaria Inmetro nº 129 de 19/03/2021;;IN2869325;Modelo 5;;N;Brasil;Tutti Baby;Andador: VERSÕES: Safari II (Azul/Rosa/Vermelho), Princesa Rosa Coroa, Acqua Explorador (Cinza/Roxo);ESTRUTURA METÁLICA , AÇO TUBULAR / 48 x 60,5 x 70CM / SISTEMA DE TRAVAMENTO COM DUAS AÇÕES CONSECUTIVAS PARA LIBERAÇÃO /SISTEMA DE MONTAGEM/FERRAGEM: PARAFUSOS E REBITES ACESSÓRIOS: BRINQUEDOS E ADESI;7898431501615|7898431501622|7898431501639|7898431501684|7898431501691|7898431501707;Excluido;15/03/2024
316254/2005;Inativo;;11/11/2022;;;COMPANHIA DOREL BRASIL PRODUTOS INFANTIS;10659948000883;2135547024;Av. Nilo Peçanha;1516 ;Galpão 3 ;28030035;Pq dos Rodoviários;Campos dos Goytacaze;RJ;standard@dorel.com.br;Jin Sun Gee Plastics Co., Ltd;Andadores Infantis;Portaria Inmetro nº 129 de 19/03/2021;;IN1701622-2;;;S;Formosa (Taiwan);Voyage;BG-1518. Nome comercial: Baby Step. Versões: Rosa e Azul.;Ferro,PP e poliéster. 60x49x68cm.Trav:Lib.2 ações consec.,Mont:Encaixe. Aces:Brinquedos;7908238801280|7908238801297;Incluido;11/11/2022
849027/2002;Ativo;;19/06/2023;;;KCARVALHUS COMERCIO E SERVICOS EIRELI;24633386000137;1143798430;Rua Poeta João Cabral De Melo Neto,  Santa Maria - Osasco - SP;77;;06147020; Santa Maria ;Osasco ;SP;carlos.carvalho@kkbebe.com.br;PINGHU SHI XIAOTIANDI CHILDREN?S PRODUCTS FACTORY;Andadores Infantis;Portaria Inmetro nº 129 de 19/03/2021;;IN1823223;;;S;China, República Popular;KK bebê;ANDADOR INFANTIL PASSINHO FORTE / AZUL /ROSA , MATERIAL:PP,FERRO E POLIÉSTER/DIMENSÕES:63X57X53CM;SISTEMA DE TRAVAMENTO:LIBERAÇÃO EM DUAS AÇÕES CONSECUTIVAS/SISTEMA DE MONTAGEM E FERRAGEM: MANUAL (SEM FERRAMENTA)/ACESSÓRIOS:BRINQUEDOS/CARACTERISTICAS DO MODELO: ANDADOR COM BRINQUEDO FIXO ACOPLADO;7898711750108|7898711750115;Incluido;19/06/2023
357970/1929;Ativo;;24/01/2025;;;PLANETA - IMPORTACAO E DISTRIBUICAO DE BRINQUEDOS LTDA;13434272000141;1138951572;AV VASCO MASSAFELI - GALPAO1 RUA A LADO IMPAR ANEXO;1000;MODULO1/21;06703600;JARDIM MARIA TEREZA;COTIA;SP;admin@planetadobebe.com.br;PLANETA - IMPORTACAO E DISTRIBUICAO DE BRINQUEDOS LTDA;Andadores Infantis;Portaria Inmetro nº 129 de 19/03/2021;;IN2476224;;;N;Brasil;REPLAY KIDS;ANDADOR QUICK/21680 / BELLA/21681 / PUPPY/21682 / ZOO/21683 / SPACE/21684 / RACING;M:POLIPROPILENO, ABS, AÇO,ELASTÔMERO TERMOPLÁSTICO E PVC/D:58X68X55CM/S.D/TRV:MANUAL (SEM FERRAMENTA)/ACS:N/A/CARACTERISTICAS DO MODELO:BANDEJA COM BRINQUEDO/ PLACA MUSICAL/PLACA ANTIDERRAPANTE;7899403216803|7899403216810|7899403216827|7899403216834|7899403216841;Incluido;24/01/2025
408166/1942;Ativo;;16/09/2024;;;AMAZONAS IMPORTADOS LTDA;07269201000138;9691131654;Rua Independência;175;;68900090;Central;Macapa;AP;adriana.abreu@amazonasimportados.com.br;YIWU BALBIAN ELECTRONIC TECHNOLOGICAL CO., LTD;Andadores Infantis;Portaria Inmetro nº 129 de 19/03/2021;;IN2086424-1;;;S;China, República Popular;LÉ PETIT;MODE:BABY WALKER/REF:LP-9517/ CONT: ANDADOR COM BRINQUEDO ACOPLADO/VERSÕES:AZUL,ROSA,VERDE,;MAT:PP E POLIÉSTER/DIM:62X55,5X50CM/SIST DE TRAV:LIBERAÇÃO EM DUAS AÇÕES CONSECUTIVAS/SIST DE MONT E FERRAGEM:MANUAL (SEM FERRAMENTA)/ACESSÓRIOS:N/A.CARACTERISTICAS DO MODELO:;453068745717;Incluido;16/09/2024
802283/1936;Ativo;;14/08/2019;;;BAMBOO COMERCIO, IMPORTAÇÃO E EXPORTAÇÃO EIRELI-EPP;27115224000103;8132419265;Rua. Alegre;154;Galpão A;52120125;Arruda;Recife;PE;bamboo@yescert.com.br;ZHEJIANG KINTEX INTERNATIONAL TRADING CO., LTD;Andadores Infantis;Portaria Inmetro nº 129 de 19/03/2021;;IN1632922;;;S;China, República Popular;BAMBOO;NOME FANTASIA: ANDAJAR GUGU MODELO: MD-18 CORES: VERDE;PLÁSTICO, METAL E FIBRA TÊXTIL,520 x 560 x 620 mm,MANUAL,MANUAL,BANDEJA, VOLANTE DO PUXADOR.;7909312341029;Excluido;22/07/2022
571334/1935;Ativo;;01/07/2026;;;APS IMPORTACAO EXPORTACAO DISTRIBUICAO LTDA;44540981000135;11974642778;EST GERAL DE MEDEIROS;20;SALA 05;88390000;MEDEIROS;BARRA VELHA;SC;orquestra@yescert.com.br;Tengzhou Lebeir Baby Carriage Co., Ltd.;Andadores Infantis;Portaria Inmetro nº 129 de 19/03/2021;;IN3076626;Modelo 5;;S;China, República Popular;TOYS&TOYS;MOD:ANDADOR MUSICAL PARA BEBES/INFANTIL/CÓD DE REFERÊNCIA COMERCIAL: ANDADOR MUSICAL V:CINZA - 310552,MARROM - 310569,AZUL - 310576,ROSA 310583;Mat:PP/Dim:799x660x715mm/Sist de Travam: Dois dispositivos de travam independentes sendo operados simult/Sist de Mont e Ferr:Manual (sem ferram)/Acess:N/A/Caract do modelo:ANDADOR COM BRINQ.MUSICAL AC;7908888310552|7908888310569|7908888310576|7908888310583;Incluido;01/07/2026
702170/1968;Inativo;;11/01/2023;;;COMPANHIA DOREL BRASIL PRODUTOS INFANTIS;10659948000883;2135547024;Av. Nilo Peçanha;1516 ;Galpão 3 ;28030035;Pq dos Rodoviários;Campos dos Goytacaze;RJ;standard@dorel.com.br;Jin Sun Gee Plastics Co., Ltd;Andadores Infantis;Portaria Inmetro nº 129 de 19/03/2021;;IN1701622-4;;;S;Formosa (Taiwan);Voyage;BG1401. Nome comercial: Buggy. Versões: Azul, Rosa.;PP,PVC,Ferro,POM,PU,Pol, 42x58.5x65cm. Trav:Lib.2 ações cons,Mont:Manual, Aces. Brinq.;7898509475206|7898509475213;Incluido;11/01/2023
996174/1994;Ativo;;12/04/2021;;;TUTTI BABY INDUSTRIA E COMERCIO DE ARTIGOS INFANT;06981862000129;4733794000;Rod. Guilherme Jensen;0;Galpão 01;89108000;Distrito Industrial;Massaranduba;SC;qualidade@tuttibaby.com.br;TUTTI BABY INDUSTRIA E COMERCIO DE ARTIGOS INFANT;Andadores Infantis;Portaria Inmetro nº 129 de 19/03/2021;;CE-AND/IQB 000005 54149/20-001;Modelo 5;;N;Brasil;Tutti Baby;Andador 40.001;ESTRUT.MET. DE AÇO TUB.PLÁST. DE ENG.ALGODÃO.48CM X60,5CMX70CM,COM DUAS AÇÕESCONSEC PARA LIB.REB.E PARAF.BRINQ. E ADES.BASE SUP.BASE INF.FREIO ANTI-QUEDA E CONJ.DE RODAS,PNEU DA RODA TRAS. E TRAVA ANT;7898431501219|7898431501226|7898431501233;Incluido;12/04/2021
118240/1981;Ativo;;30/06/2026;;;MARKETGOOL TRADING IMPORTACAO E EXPORTACAO LTDA;18787076000174;11947652325;ROD RODOLFO JAHN;326;ANEXO 92;89237680; VILA NOVA;JOINVILLE;SC;alexandre.morroni@hotmail.com;PINGHU XIAOTIANDI CHILDREN''S PRODUCTS FACTORY;Andadores Infantis;Portaria Inmetro nº 129 de 19/03/2021;;IN3048926;Modelo 5;;S;China, República Popular;MARKETGOOL;Designação Comercial: Andador Marketgool / Código de referência comercial / MKG-010 / ROSA;Mat: PP, FERRO E POLIÉSTER / Dim: 65X55X45 CM/ SIST DE TRAV: Liberação em duas ações consecutivas/ Acess: Brinquedo do andador/ Caract do mod: Andador com Brinquedo;0070341132777;Incluido;30/06/2026
122676/2006;Ativo;;07/02/2022;;;TUTTI BABY INDUSTRIA E COMERCIO DE ARTIGOS INFANTIS LTDA;06981862000129;4733794000;Rod. Guilherme Jensen, SC413, km13;0;;89108000;Distrito Industrial;Massaranduba;SC;certificacao@tuttibaby.com.br;TUTTI BABY INDUSTRIA E COMERCIO DE ARTIGOS INFANTIS LTDA;Andadores Infantis;Portaria Inmetro nº 129 de 19/03/2021;;IN2869325;Modelo 5;;N;Brasil;TUTTI BABY;ANDADOR SAFARI II-ANDADOR 40.002-40002003/40002004/40002007/40003004/40004002/40004003;MAT:PP E ALGODAO/DIM:51X61X70CM/SIS_TRAV:DOIS DISPOS TRAV INDEPEND SENDO OPER SIMULTÂNEAM./SIS_MONT/FERRG:REBITES,PARAFUSOS E ENCAIXE DE PÇS PLAST/ACESS:BAND. COM BRINQ/CARAC. DO MOD.:AND. C/ BRINQ NA;7898431501615|7898431501622|7898431501639|7898431501684|7898431501691|7898431501707;Excluido;27/02/2026
290178/2021;Ativo;;05/08/2021;;;GALZERANO INDUSTRIA DE CARRINHOS E BERCOS LTDA;43594977000197;19999947357;Via Prefeito Jurandyr Paixão;700;;13481149;Jd. Campo Belo;Limeira;SP;luisfernando.camargo@galzerano.com.br;GALZERANO INDUSTRIA DE CARRINHOS E BERCOS LTDA;Andadores Infantis;Portaria Inmetro nº 129 de 19/03/2021;;CE-AND/IQB 000006 54618/21-001;;;N;Brasil;GALZERANO;Ref.: 4050-Andador Torino. Versões: 4050RO (Rosa), 4050TER (Terracota), 4050EST (Estrela), 4050SPR (Spring) - Material: Tecido poliéster, TNT, Espuma, PP, PA6, Master, Tinta, Tubo de aço, Itens de fixação e aviamentos. Dimensões: CxLxA (cm) 71x62,5x51,5. Sistema de travamento: Trilho plástico com botão de destrave e regulagem de altura;Sistema de montagem/ferragem: Manual. Acessórios que venham com o produto: Bandeja de brinquedos não removível, Características do modelo: Tecidos, Peças plásticas, Tinta, Ferragens;7908200102247|7908200102254|7908200102520|7908200102537;Excluido;17/01/2024
000610/2020;Ativo;;17/06/2024;;;MEGA COMPRAS PRESENTES.COM LTDA;02561195000174;4191284769;RUA ELDORADO;511;511;09550720;PROSPERIDADE;SÃO CAETANO DO SUL;SP;contabilidade@grupogmac.com;HEBEI HAOKU CHILDREN TOYS CO., LTD;Andadores Infantis;Portaria Inmetro nº 129 de 19/03/2021;;IN2152424;;;S;China, República Popular;MEGA COMPRAS;ANDADOR PARA BEBÊS-PREMIUM-REF:MC923/MC923AZ/MC923RS/MC923CZ/MATERIAL:PP E POLIÉSTER/DIMENSÕES:65X 48X46 CM/ CONT: ANDADOR COM BRINQUEDO ACOPLADO;SISTEMA DE TRAVAMENTO:DOIS DISPOSITIVOS DE TRAVAMENTO INDEPENDENTES SENDO OPERADOS SIMULTÂNEAMENTE/SISTEMA DE MONTAGEM E FERRAGEM:MANUAL (SEM FERRAMENTA)/ACESSÓRIOS:BRINQUEDO/CARACTERISTICAS DO MODELO;7898692799028|7898692799578|7898692799585;Incluido;17/06/2024
584193/1947;Inativo;;14/01/2021;;;GALZERANO INDUSTRIA DE CARRINHOS E BERCOS LTDA;43594977000197;1934043030;Via Prefeito Jurandyr Paixão;700;;13481149;Jd. Campo Belo;Limeira;SP;luisfernando.camargo@galzerano.com.br;HUNGSENG HARDWARE PLASTIC (DG) CORP., LTD;Andadores Infantis;Portaria Inmetro nº 42 de 19/01/2018;;CE-AND/IQB 000006 54018/20-001;;;S;China, República Popular;GALZERANO;Ref.: 4015-Andador 3 em 1 Fênix. Versões: 4015CR (Color);Mat Tec polié Espum Resin plást Itens fixação Dimens 103x103x72(cm) Sist travamento suporte plástico c/ encaixe Sist montagem/ferragem encaixes manuais Acessório: Bandeja de brinquedos não removíveis;7908200101936;Incluido;14/01/2021
552219/1947;Ativo;;17/06/2024;;;MEGA COMPRAS PRESENTES.COM LTDA;02561195000174;4191284769;RUA ELDORADO;511;511;09550720;PROSPERIDADE;SÃO CAETANO DO SUL;SP;contabilidade@grupogmac.com;HEBEI HAOKU CHILDREN TOYS CO., LTD;Andadores Infantis;Portaria Inmetro nº 129 de 19/03/2021;;IN2152424;;;S;China, República Popular;MEGA COMPRAS;ANDADOR PARA BEBÊS-PREMIUM-REF:MC923/MC923AZ/MC923RS/MC923CZ/MATERIAL:PP E POLIÉSTER/DIMENSÕES:65X 48X46 CM/ CONT: ANDADOR COM BRINQUEDO ACOPLADO;SISTEMA DE TRAVAMENTO:DOIS DISPOSITIVOS DE TRAVAMENTO INDEPENDENTES SENDO OPERADOS SIMULTÂNEAMENTE/SISTEMA DE MONTAGEM E FERRAGEM:MANUAL (SEM FERRAMENTA)/ACESSÓRIOS:BRINQUEDO/CARACTERISTICAS DO MODELO;7898692799028|7898692799578|7898692799585;Incluido;17/06/2024
166872/2000;Ativo;;07/08/2024;;;AMAZONAS IMPORTADOS LTDA;07269201000138;9691131654;Rua Independência;175;;68900090;Central;Macapa;AP;adriana.abreu@amazonasimportados.com.br;YIWU BALBIAN ELECTRONIC TECHNOLOGICAL CO., LTD;Andadores Infantis;Portaria Inmetro nº 129 de 19/03/2021;;IN2086424-2;;;S;China, República Popular;LÉ PETIT;MODE:BABY WALKER/REF:LP-9618/ CONT: ANDADOR COM BRINQUEDO ACOPLADO/VERSÕES:AZUL,VERDE,ROSA,VERMELHO.;MAT:PP E POLIÉSTER/DIM:65X54X49CM/SIST DE TRAV:LIBERAÇÃO EM DUAS AÇÕES CONSECUTIVAS/SIST DE MONT E FERR:MANUAL (SEM FERRAMENTA)ACE:N/A.CARACTERISTICAS DO MODELO:;7453068240131;Incluido;07/08/2024
170358/1948;Cancelado;;24/08/2020;;14/07/2025;Dardara Comercio Importacao e Exportacao Ltda.;07774907000157;1147447248;R VALENTIM MAGALHAES;95;***;03184090;ALTO DA MOOCA;SÃO PAULO;SP;dardara@yescert.com.br;FOSHAN BAOLIMEI CHILD?S VEHICLE CO.LTD;Andadores Infantis;Portaria Inmetro nº 42 de 19/01/2018;;OCAN-AND.134/20-5;;;S;China, República Popular;DARDARA;ANDADOR CARRO (FD-2407);Material: Moldes e peças em plástico P.P.(polipropileno) Adesivos (papel colante) Painel - parte interna: sistema eletrônico (placa, fio colorido, alto falante). Estrutura em metal, Dimensões: 74 x 63;;Incluido;24/08/2020
503263/1969;Ativo;;05/08/2021;;;GALZERANO INDUSTRIA DE CARRINHOS E BERCOS LTDA;43594977000197;19999947357;Via Prefeito Jurandyr Paixão;700;;13481149;Jd. Campo Belo;Limeira;SP;luisfernando.camargo@galzerano.com.br;GALZERANO INDUSTRIA DE CARRINHOS E BERCOS LTDA;Andadores Infantis;Portaria Inmetro nº 129 de 19/03/2021;;CE-AND/IQB 000006 54618/21-001;;;N;Brasil;GALZERANO;Ref.: 4050-Andador Torino. Versões: 4050EST (Estrela), 4050SPR (Spring);Tecido Pes, TNT, Espuma, PP, PA6, Master, Tinta, Tubo de aço. CxLxA(cm) 71x62,5x51,5 Travamento: Trilho plástico c/ botão de destrave e regulagem de altura. Montagem: Manual. Acess: Brinquedo acoplado;7908200102520|7908200102537;Incluido;17/01/2024
979260/2018;Ativo;;07/08/2024;;;AMAZONAS IMPORTADOS LTDA;07269201000138;9691131654;Rua Independência;175;;68900090;Central;Macapa;AP;adriana.abreu@amazonasimportados.com.br;YIWU BALBIAN ELECTRONIC TECHNOLOGICAL CO., LTD;Andadores Infantis;Portaria Inmetro nº 129 de 19/03/2021;;IN2086424-4;;;S;China, República Popular;LÉ PETIT;MODE:BABY WALKER/REF:LP-9917/ CONT: ANDADOR COM BRINQUEDO ACOPLADO/VERSÕES:AZUL,VERMELHO,AMARELO,ROSA.;MAT:PP E POLIÉSTER/DIM:65X54X49CM/SIST DE TRAV:LIBERAÇÃO EM DUAS AÇÕES CONSECUTIVAS/SIST DE MONT E FERRA :MANUAL (SEM FERRAMENTA)/ACES:N/A.CARACTERISTICAS DO MODELO:;7453116024706;Incluido;07/08/2024
895816/1969;Inativo;;07/10/2019;;;Galzerano Indústria de Carrinhos e Berços Ltda;43594977000197;1934043030;Via Prefeito Jurandyr Paixão;700;;13481149;Jd. Campo Belo;Limeira;SP;luisfernando.camargo@galzerano.com.br;GUANGDONG ZHIHUI CHILDREN?S PRODUCTS CO.,LTD;Andadores Infantis;Portaria Inmetro nº 42 de 19/01/2018;;CE-AND/IQB 000006 53503/20-001;;;S;China, República Popular;GALZERANO;Andador de bebê Magic - Versão: Cinza (CZ), Preto (PT);Mat Tec poli Espum Resin plást Tint Ferrag 70Cx65Lx54A cm Travam trilho plást com botão de destrav e regul alt Mont/frenag manual Andador com pçs girat e cores diversas Acess Bandej Brinq não removív.;7898089221590|7898089222283;Incluido;07/10/2019
878197/1973;Ativo;;01/12/2021;;;HEMNANI COMERCIO DE VARIEDADES LTDA.;05469291000185;1124143633;Rua Marcílio Dias;304;N/A;69005270;Centro;Manaus;AM;papush@uol.com.br;China Zhejiang Techincal Co. Ltd;Andadores Infantis;Portaria Inmetro nº 42 de 19/01/2018;;OCAN-AND.189/21-1;;;S;China, República Popular;SITA;AKH602;Material: PP, Ferro e Poliester - Dimensões: 655 mm X 560mm X 500 mm - Sistema de Travamento: Travamento automatico com liberação em duas ações consecutivas - Sistema de Montagem e Ferragem: MANUAL;;Incluido;01/12/2021
172201/2000;Ativo;;01/12/2021;;;FAST TRADING IMPORTACAO, EXPORTACAO E COMERCIO DE BEBIDAS EIRELI;34076058000130;8130191960;AV. GOVERNADOR AGAMENON MAGALHÃES,  EDF. EMPRESSARIAL RENATO DIAS - ANDAR 15º, SALA 1502 ;4318;SALA 1502;52010075;PAISSANDU; RECIFE;PE;ricardo.ferreira@fasttradingimport.com.br;China Zhejiang Techincal Co. Ltd;Andadores Infantis;Portaria Inmetro nº 42 de 19/01/2018;;OCAN-AND.514/21-1;;;S;China, República Popular;Fast;602;Material:	PP, Ferro e Poliester/ Dimensões:	63 x 57 x 53 cm/ Sistema de Travamento: Travamento automático com liberação em duas ações consecutivas/ Sistema de Montagem e Ferragem: Manual	/Acessórios: ;;Incluido;01/12/2021
466216/1926;Inativo;;11/11/2022;;;COMPANHIA DOREL BRASIL PRODUTOS INFANTIS;10659948000883;2135547024;Av. Nilo Peçanha;1516 /1582;Galpão 3 ;28030035;Pq dos Rodoviários;Campos dos Goytacaze;RJ;standard@dorel.com.br;Jin Sun Gee Plastics Co., Ltd;Andadores Infantis;Portaria Inmetro nº 129 de 19/03/2021;;IN1701622-1;;;S;Formosa (Taiwan);Cosco;BG-2023. Nome comercial: Goal Walker 4 em 1. Versões: Rosa e Azul.;Ferro, PP, PU e Pol, 74x44x66,5cm.Trav.real.único acion.,Mont: Manual(c/chave phil,n/inclusa). Aces: Brinq.;7898509478375|7898509478665;Incluido;11/11/2022
760220/1952;Ativo;;07/08/2024;;;COMERCIO E IMPORTACAO DENISE LTDA;29963642000178;21997976531;RUA DO MILHO;72;A;21011090;PENHA CIRCULAR;RIO DE JANEIRO;RJ;comerciomybaby@hotmail.com;PING HU BEST CHILDREN?S CARRIER CO.LTD;Andadores Infantis;Portaria Inmetro nº 129 de 19/03/2021;;IN2189524;;;S;China, República Popular;MY BABY;PATO A1 - ROSA LISO, AZUL LISO, ROSA COLORIDO, AZUL COLORIDO - Acessórios: Brinquedos Caracteristicas do modelo: Andador infantil com brinquedo elétrico;Material: Ferro, PP e Poliéster Dimensões: 71 x 62 x 55 cm Sistema de Travamento: Liberação em duas ações consecutivas Sistema de Montagem e Ferragem: Manual (com auxílio de ferramenta);6294013738218|6294013738225|6294013738287|6294013738294;Incluido;07/08/2024
823343/1979;Inativo;;12/12/2022;;;COMPANHIA DOREL BRASIL PRODUTOS INFANTIS;10659948000883;2135547024;Av. Nilo Peçanha;1516 ;Galpão 3 ;28030035;Pq dos Rodoviários;Campos dos Goytacaze;RJ;standard@dorel.com.br;Dongguan Xinyeda Hardware Plastic Products Co., Ltd;Andadores Infantis;Portaria Inmetro nº 129 de 19/03/2021;;IN1715922;;;S;China, República Popular;Safety 1st;11389.  Melody Garden;ABS,PP.PVC.Pol.Esp, 64x55x66cm,Trav.Lib.2açoes cons, Mon.Manual. Aces: Brinquedos.;9312541727119;Incluido;12/12/2022
894855/1992;Ativo;;12/11/2024;;;CACANDO OFERTAS LTDA;23230465000134;11976586700;Rua José Ferreira Crespo;752;Sala 1;08021480;Jardim São Vicente;São Paulo;SP;diegofrancisco22@bol.com.br;STYLL ADMINISTRACAO, INVESTIMENTOS, LOCACOES & SERVICOS LIMITADA;Andadores Infantis;Portaria Inmetro nº 129 de 19/03/2021;;IN2382924;;;N;Brasil;ClickBaby's;Andador Happy baby - Versões AZUL-HAPPY BABY ROSA-HAPPY BABY LARANJA-HAPPY BABY;Mat.Aço Polipropileno.Dim:640x570x470cm.Sist.Trav. Liberação duas ações consecutivas.Sist de Mont e Ferrag:Manual sem ferramenta.Acess: Bandeja c/Brinquedo.Caract/modelo:Andador c/brinquedo na bandeja;7898975097001|7898975097018|7898975097025;Incluido;12/11/2024
565715/1977;Ativo;;03/04/2023;;;PLANETA - IMPORTACAO E DISTRIBUICAO DE BRINQUEDOS LTDA;13434272000141;1138951572;AV VASCO MASSAFELI;1000;G1A M1-21;06703600;JARDIM MARIA TEREZA;COTIA;SP;admin@planetadobebe.com.br;HEBEI WANXIN CHILDREN TOYS CO.,LTD.;Andadores Infantis;Portaria Inmetro nº 129 de 19/03/2021;;IN1765923;Modelo 5;;S;China, República Popular;MAXI BABY;NW-01 - ANDADOR LA BAMBA  / (...) COM BRINQUEDOS/CAR MOD:AND COM BRINQUEDO(BANDEJA MUSICAL);MAT:PP E PARTES EM ABS, AÇO DE ALTO CARB RODA ELASTÔMERO TERMOPLÁSTICO, PVC/DIM:580X680X550(LXCXH)/SIS TRA:LIBERAÇÃO EM DUAS AÇÕES CONSECUTIVAS SIS DE MON E FER:MANUAL(S/ FERRAMENTA)/ACE:BANDEJA (...);7899403215370|7899403215387;Excluido;28/02/2025
591723/1959;Ativo;;04/08/2025;;;BAMBINO COMERCIAL LTDA;06006481000129;81987347022;R. 23;175;;53090190;RIO DOCE;OLINDA;PE;bambino.souza@terra.com.br;PINGHU XIAOTIANDI CHILDREN?S PRODUCTS FACTORY;Andadores Infantis;Portaria Inmetro nº 129 de 19/03/2021;;IN2750125;Modelo 5;;S;China, República Popular;BAMBINO;ANDADOR - BA01 - ROSA/AZUL;MAT:PP,FERRO E POLIÉSTER/DIM:70X62.5X51CM/SIS_TRAV:LIBERAÇÃO EM DUAS AÇÕES CONSECUTIVAS/SIS_MONT E FERRG:MANUAL(S/FERRAM.)/ACESS.:BRINQ.CEN.DE ATIVI./CARACT.DO MODELO:ANDADOR COM BANDEJA MUSICAL;7898576907150|7898576907167;Incluido;04/08/2025
309975/1928;Ativo;;20/12/2019;;;TAPUZIM COMERCIAL LTDA;00513418000100;1138569063;Av. Monte Celeste;230;250;02561000;Vila S. Maria;São Paulo;SP;ehs0770@hotmail.com;SHEN ZHEN WEI MEI CHILDCARE PRODUCT LIMITED COMPANY;Andadores Infantis;Portaria Inmetro nº 42 de 19/01/2018;;OCAN-AND.165/19-2;;;S;China, República Popular;baby style;SPACECAR - VERSÕES: Andador car - Ref. 21302 / Andador space - Ref. 33117;Material: Plástico, metal e tecido. Dimensões: 59 x 59 x 69 cm , Sistema de Travamento: Stoper, Sistema de Montagem e Ferragem: Tesoura, Acessórios: Bandeja musical;4532213022990|4532331172997;Incluido;20/12/2019
054224/1979;Ativo;;31/10/2025;;;MD COMERCIO DE FERRAGENS LTDA;55274701000100;92985975259;Avenida Joaquim Nabuco;1094;A;69020030;Centro;Manaus;AM;mdcomerciodeferragensltda@gmail.com;Xingtai Pandelo Technology Co.,Ltd;Andadores Infantis;Portaria Inmetro nº 129 de 19/03/2021;;IN2824825;Modelo 5;;S;China, República Popular;ULTRA BABY;ANDADOR INFANTIL MUSICAL PARA BEBÊ - UBW -305 - N/A - BABY PINK / BARBIE PINK/RED / WHITE/ROYAL BLUE /ORANGE / WHITE/LIGHT BLUE / WHITE;MAT:PP,FERRO E POLIÉ./DIM.:68X59X52 CM/SIST.DE TRAV.:LIB.EM DUAS AÇÕES CONS./SIST.DE MONT. E FERR.:MAN.(S/FERRAM.)/ACESS.:N/A/CARACTERISTICAS DO MODELO:ANDADOR COM BRINQUEDO ACOPLADO;7890012361007|7890012361113|7890012368082|7890012369096;Incluido;31/10/2025
348228/2005;Inativo;;14/08/2019;;;Companhia Dorel Brasil Produtos Infantis;10659948000107;2135633602;Av. Nilo Peçanha;1516 /1582;Térreo;28030035;Pq dos Rodoviários;Campos dos Goytacaze;RJ;mariana.magalhaes@dorel.com.br;JIN SUN GEE PLASTIC CO.,LTD;Andadores Infantis;Portaria Inmetro nº 42 de 19/01/2018;;OCAN-AND.145/19-1;;;S;Formosa (Taiwan);Voyage;BG-1518;Nome Fantasia: Baby Step. Cores: Rosa e Azul. Material: Ferro, Plástico e Polipropileno. 60x49x68cm. Sistema Travamento e Montagem:Manual. Acessórios: Bandeja.;7908238801280|7908238801297;Incluido;14/08/2019
642243/1931;Ativo;;07/02/2022;;;TUTTI BABY INDUSTRIA E COMERCIO DE ARTIGOS INFANTIS LTDA;06981862000129;4733794000;Rod. Guilherme Jensen, SC413, km13;0;;89108000;Distrito Industrial;Massaranduba;SC;certificacao@tuttibaby.com.br;TUTTI BABY INDUSTRIA E COMERCIO DE ARTIGOS INFANTIS LTDA;Andadores Infantis;Portaria Inmetro nº 129 de 19/03/2021;;IN2869325;Modelo 5;;N;Brasil;Tutti Baby;Andador: VERSÕES: Safari II (Azul/Rosa/Vermelho), Princesa Rosa Coroa, Acqua Explorador (Cinza/Roxo);ESTRUTURA METÁLICA , AÇO TUBULAR / 48 x 60,5 x 70CM / SISTEMA DE TRAVAMENTO COM DUAS AÇÕES CONSECUTIVAS PARA LIBERAÇÃO /SISTEMA DE MONTAGEM/FERRAGEM: PARAFUSOS E REBITES ACESSÓRIOS: BRINQUEDOS E ADESI;7898431501615|7898431501622|7898431501639|7898431501684|7898431501691|7898431501707;Excluido;15/03/2024
936247/1957;Ativo;;06/05/2025;;;KAVOD BRASIL COMERCIO E IMPORTACAO DE PRODUTOS DE USO DOMESTICO LTDA;12389993000114;1136612389;Avenida Marquês de São Vicente;2219;Conj 1001;05036040;Água Branca;São Paulo;SP;adm@kababy.com.br;Tengzhou Lebeir Baby Carriage Co., Ltd.;Andadores Infantis;Portaria Inmetro nº 129 de 19/03/2021;;IN2610825;;;S;China, República Popular;KaBaby;DESIGNAÇÃO COMERCIAL: ANDADOR DE EMPURRAR STEP-UP KABABY CINZA/CÓDIGO DE REFERÊNCIA COMERCIAL: ANDADOR/QUANTIDADE: -/;MAT:PP/DIM:799x660x715mm/SIS_TRAV:LIBERAÇÃO EM DUAS AÇÕES CONSECUTIVAS/SIS_MONTAGEM/FERRAGEM:MANUAL SEM AUXILIO DE FERRAMENTA/ACESSORIOS:N/A/CARACT_DO_MODELO:ANDADOR COM BRINQUEDO ACOPLADO;7898605218394;Incluido;06/05/2025
230251/1984;Ativo;;14/08/2019;;;BAMBOO COMERCIO, IMPORTAÇÃO E EXPORTAÇÃO EIRELI-EPP;27115224000103;8132419265;Rua. Alegre;154;Galpão A;52120125;Arruda;Recife;PE;bamboo@yescert.com.br;ZHEJIANG KINTEX INTERNATIONAL TRADING CO., LTD;Andadores Infantis;Portaria Inmetro nº 129 de 19/03/2021;;IN1632922;;;S;China, República Popular;BAMBOO;NOME FANTASIA: ANDAJAR GUGU MODELO: MD-18 CORES: VERDE;PLÁSTICO, METAL E FIBRA TÊXTIL,520 x 560 x 620 mm,MANUAL,MANUAL,BANDEJA, VOLANTE DO PUXADOR.;7909312341029;Excluido;22/07/2022
665794/1944;Ativo;;05/08/2021;;;GALZERANO INDUSTRIA DE CARRINHOS E BERCOS LTDA;43594977000197;19999947357;Via Prefeito Jurandyr Paixão;700;;13481149;Jd. Campo Belo;Limeira;SP;luisfernando.camargo@galzerano.com.br;GALZERANO INDUSTRIA DE CARRINHOS E BERCOS LTDA;Andadores Infantis;Portaria Inmetro nº 129 de 19/03/2021;;CE-AND/IQB 000006 54618/21-001;;;N;Brasil;GALZERANO;Ref.: 4050-Andador Torino. Versões: 4050EST (Estrela), 4050SPR (Spring);Tecido Pes, TNT, Espuma, PP, PA6, Master, Tinta, Tubo de aço. CxLxA(cm) 71x62,5x51,5 Travamento: Trilho plástico c/ botão de destrave e regulagem de altura. Montagem: Manual. Acess: Brinquedo acoplado;7908200102520|7908200102537;Incluido;17/01/2024
934393/2005;Inativo;;11/11/2022;;;COMPANHIA DOREL BRASIL PRODUTOS INFANTIS;10659948000883;2135547024;Av. Nilo Peçanha;1516 /1582;Galpão 3 ;28030035;Pq dos Rodoviários;Campos dos Goytacaze;RJ;standard@dorel.com.br;Jin Sun Gee Plastics Co., Ltd;Andadores Infantis;Portaria Inmetro nº 129 de 19/03/2021;;IN1701622-1;;;S;Formosa (Taiwan);Cosco;BG-2023. Nome comercial: Goal Walker 4 em 1. Versões: Rosa e Azul.;Ferro, PP, PU e Pol, 74x44x66,5cm.Trav.real.único acion.,Mont: Manual(c/chave phil,n/inclusa). Aces: Brinq.;7898509478375|7898509478665;Incluido;11/11/2022
524255/2010;Ativo;;03/04/2023;;;PLANETA - IMPORTACAO E DISTRIBUICAO DE BRINQUEDOS LTDA;13434272000141;1138951572;AV VASCO MASSAFELI;1000;G1A M1-21;06703600;JARDIM MARIA TEREZA;COTIA;SP;admin@planetadobebe.com.br;HEBEI WANXIN CHILDREN TOYS CO.,LTD.;Andadores Infantis;Portaria Inmetro nº 129 de 19/03/2021;;IN1765923;Modelo 5;;S;China, República Popular;MAXI BABY;ANDADOR LA BAMBA - NW-01 - AZUL #21537/ROSA #21538/VERMELHO #75268;MAT:PP E PART.ABS,AÇOD.ALTOCARB.RODAELASTÔM.TERMOP.,PVC/DIM:580X680X550(LXCXH)/SIS_TRAV:LIBER.EM 2 AÇÕES CONS./SIS_MONT E FERRG:MAN.(S/FERM)/ACES:BANDJ C BRI./CARAC.D.M.:ANDAD.C BRINQ.REG.002149/2023 ;7898975752689|7899403215370|7899403215387;Incluido;18/03/2026
161230/1941;Ativo;;15/11/2024;;;HCM INDUSTRIA E IMPORTACAO LTDA;12538691000160;37998767200;RUA SERGIPE ;1963;;35591096;SANTA ALEXANDRINA;LAGOA DA PRATA;MG;compras.hcmmalta@gmail.com;HCM INDUSTRIA E IMPORTACAO LTDA;Andadores Infantis;Portaria Inmetro nº 129 de 19/03/2021;;IN2431224-2;;;N;Brasil;JUMBO BABY;ANDADOR MUSICAL MEGALUXO JUMBO BABY/AZUL/ROSA/VERMELHO/LARANJA, CARAC.D/MODEL:ANDADOR COM BRINQUEDO NA BANDEJA;MAT.:POLIPROPILENO(PP)/ACO CARBONO(FERRAGENS)/TECIDO(POLIÉSTER)/DIM:69,5X58,5X14,5/SIS.D/TRAV.:LIB.EM 2AS.CON./SIS.D/MONT.E FERR.:MAN.(S/FERR.)/ACESS.:ASSE/FORR.P/OS PÉS/EMP./PAI.MUS;7898947715063|7898947715070|7898947715087|7898947715094;Incluido;15/11/2024
818270/1936;Ativo;;06/03/2023;;;BURIGOTTO S A INDUSTRIA E COMERCIO;51460277000138;1934464813;Rua Martino Dragone;280;;13480308;Jardim Santa Barbara;Liemira;SP;alison.smanioto@burigotto.com;JIN SUN GEE PLASTICS CO., LTD;Andadores Infantis;Portaria Inmetro nº 129 de 19/03/2021;;CE-AND/IQB 000004 55573/23-001;Modelo 5;;S;Formosa (Taiwan);BURIGOTTO;ANDADOR OLÉ CL (REF.COM.  IXAN5143CL);PP, AÇO, TECIDO / 590 X 690 X 550 MM / TRILHO PLÁSTICO COM BOTÃO DE TRAVA/DESTRAVA E REGULAGEM DE ALTURA / REBITES, PARAFUSOS E ENCAIXE DE PEÇAS PLÁSTICAS / BANDEJA COM 2 BRINQUEDOS DE PP E NYLON;7896502944248;Excluido;29/04/2026
112274/1963;Ativo;;04/08/2025;;;BAMBINO COMERCIAL LTDA;06006481000129;81987347022;R. 23;175;;53090190;RIO DOCE;OLINDA;PE;bambino.souza@terra.com.br;PINGHU XIAOTIANDI CHILDREN?S PRODUCTS FACTORY;Andadores Infantis;Portaria Inmetro nº 129 de 19/03/2021;;IN2750125;Modelo 5;;S;China, República Popular;BAMBINO;ANDADOR - BA01 - ROSA/AZUL;MAT:PP,FERRO E POLIÉSTER/DIM:70X62.5X51CM/SIS_TRAV:LIBERAÇÃO EM DUAS AÇÕES CONSECUTIVAS/SIS_MONT E FERRG:MANUAL(S/FERRAM.)/ACESS.:BRINQ.CEN.DE ATIVI./CARACT.DO MODELO:ANDADOR COM BANDEJA MUSICAL;7898576907150|7898576907167;Incluido;04/08/2025
406278/1989;Ativo;;07/03/2024;;;COMPANHIA DOREL BRASIL PRODUTOS INFANTIS;10659948000107;2135547024;Av. Nilo Peçanha;1516;1582;28030035;Pq dos Rodoviários;Campos dos Goytacaze;RJ;standard@dorel.com.br;COMPANHIA DOREL BRASIL PRODUTOS INFANTIS;Andadores Infantis;Portaria Inmetro nº 129 de 19/03/2021;;IN2040823;Modelo 5;;N;Brasil;Infanti;APPIA - HE022 - AZUL/ROSA - MAT.:PP, POLIÉSTER,PTA, EG, POLIPROPILENO E POLIETILENO.DIMENSÕES:56,5X68X60,5CM/;SIST. DE TRAVAMENTO: LIBERAÇÃO EM 2 AÇÕES CONSECUTIVAS/SIST. DE MONTAGEM E FERRAGEM: MANUAL (S/ FERRAMENTAS)/ACES.: BANDEJA DE BRINQUEDOS/ANDADOR COM BRINQUEDO;7908238809774|7908238809781;Excluido;10/04/2026
700282/2015;Inativo;;14/01/2021;;;GALZERANO INDUSTRIA DE CARRINHOS E BERCOS LTDA;43594977000197;1934043030;Via Prefeito Jurandyr Paixão;700;;13481149;Jd. Campo Belo;Limeira;SP;luisfernando.camargo@galzerano.com.br;HUNGSENG HARDWARE PLASTIC (DG) CORP., LTD;Andadores Infantis;Portaria Inmetro nº 42 de 19/01/2018;;CE-AND/IQB 000006 54018/20-001;;;S;China, República Popular;GALZERANO;Ref.: 4015-Andador 3 em 1 Fênix. Versões: 4015CR (Color);Mat Tec polié Espum Resin plást Itens fixação Dimens 103x103x72(cm) Sist travamento suporte plástico c/ encaixe Sist montagem/ferragem encaixes manuais Acessório: Bandeja de brinquedos não removíveis;7908200101936;Incluido;14/01/2021
375231/1965;Ativo;;15/12/2023;;;MADHULA COMERCIO DE ARTIGOS ELETROELETRONICOS LTDA;03838532000190;62811924131;Rua Marcilio Dias;166;;69005270;Centro;Manaus;AM;dgjohnny@gmail.com;PINGHU SHI XIAOTIANDI CHILDREN''S PRODUCTS FACTORY;Andadores Infantis;Portaria Inmetro nº 129 de 19/03/2021;;IN1983523;;;S;China, República Popular;BENMEK;ANDADOR MADHULA/REF.: MA100/VERSÕES:Verde e Azul - MA100VA,Rosa e Roxo - MA100RR,Branco e Azul Escuro - MA100BAE,Amarelo e Vermelho - MA100AV;MAT:PP, FERRO E POLIÉSTER/DIMEN.:63 X 57 X 53 CM/SIST. TRAVAMENTO:Liberação em duas ações consecutivas/SIST. MONTAGEM E FERRAGEM:MANUAL(SEM FERRAMENTA)/ACESS.:n/a/CARACTERÍSTICAS: ANDADOR COM BRINQUED;6901031000158;Incluido;15/12/2023
994297/1941;Inativo;;14/08/2019;;;Companhia Dorel Brasil Produtos Infantis;10659948000107;2135633602;Av. Nilo Peçanha;1516 /1582;Térreo;28030035;Pq dos Rodoviários;Campos dos Goytacaze;RJ;mariana.magalhaes@dorel.com.br;JIN SUN GEE PLASTIC CO.,LTD;Andadores Infantis;Portaria Inmetro nº 42 de 19/01/2018;;OCAN-AND.145/19-2;;;S;Formosa (Taiwan);Cosco;BG-2023;Nome Fantasia: Goal Walker 4 em 1. Cores: Rosa e Azul. Material: Ferro, Plástico, PP e PU. 74 x 44x 66.5 cm. Sistema de Travamento e Montagem: Manual. Acessórios: Bandeja de Brinquedos.;7898509478375|7898509478665;Incluido;14/08/2019
810450/1966;Inativo;;11/11/2022;;;COMPANHIA DOREL BRASIL PRODUTOS INFANTIS;10659948000883;2135547024;Av. Nilo Peçanha;1516 /1582;Galpão 3 ;28030035;Pq dos Rodoviários;Campos dos Goytacaze;RJ;standard@dorel.com.br;Jin Sun Gee Plastics Co., Ltd;Andadores Infantis;Portaria Inmetro nº 129 de 19/03/2021;;IN1701622-1;;;S;Formosa (Taiwan);Cosco;BG-2023. Nome comercial: Goal Walker 4 em 1. Versões: Rosa e Azul.;Ferro, PP, PU e Pol, 74x44x66,5cm.Trav.real.único acion.,Mont: Manual(c/chave phil,n/inclusa). Aces: Brinq.;7898509478375|7898509478665;Incluido;11/11/2022
502023/1934;Ativo;;31/08/2026;;;TUTTI BABY INDUSTRIA E COMERCIO DE ARTIGOS INFANTIS LTDA;06981862000129;4733794000;Rod. Guilherme Jensen, SC413, km13;0;Galpão 01;89108000;Distrito Industrial;Massaranduba;SC;heloiza.souza@tuttibaby.com.br;TUTTI BABY INDUSTRIA E COMERCIO DE ARTIGOS INFANTIS LTDA;Andadores Infantis;Portaria Inmetro nº 129 de 19/03/2021;;CE-AND/IQB 000013 57036/26-002;Modelo 5;;N;Brasil;TUTTI BABY;ANDADOR COMFORT - 40005004,40005003,40005011,40005028,40005007,40005010,40005006,40005029;ESTRU.METALICA:ACO TUBULAR,BRINQ:PLAST.DE ENG.,REVEST. TEXTIL: ALGODAO/48X60,5X70 CM/DOIS DISP. DE TRAV. INDEP. SENDO OP. SIMULT./PARAFUSOS E MONT. DE PÇS PLAST./BRINQ. CERT. E ADESIVO-57036/26;7898431502063|7898431502070|7898431502087|7898431502094|7898431502100|7898431502117|7898431502124|7898431502131;Incluido;31/08/2026
563514/1965;Ativo;;06/03/2023;;;BURIGOTTO S A INDUSTRIA E COMERCIO;51460277000138;1934464813;Rua Martino Dragone;280;;13480308;Jardim Santa Barbara;Liemira;SP;alison.smanioto@burigotto.com;JIN SUN GEE PLASTICS CO., LTD;Andadores Infantis;Portaria Inmetro nº 129 de 19/03/2021;;CE-AND/IQB 000004 55573/23-001;Modelo 5;;S;Formosa (Taiwan);BURIGOTTO;ANDADOR OLÉ CL - REF. IXAN5143CL;PP, AÇO, TECIDO / 590 X 690 X 550 MM / TRILHO PLÁSTICO COM BOTÃO DE TRAVA/DESTRAVA E REGULAGEM DE ALTURA / REBITES, PARAFUSOS E ENCAIXE DE PEÇAS PLÁSTICAS / BANDEJA COM 2 BRINQUEDOS DE PP E NYLON;7896502944248;Incluido;29/04/2026
287698/1951;Inativo;;11/01/2023;;;COMPANHIA DOREL BRASIL PRODUTOS INFANTIS;10659948000883;2135547024;Av. Nilo Peçanha;1516 ;Galpão 3 ;28030035;Pq dos Rodoviários;Campos dos Goytacaze;RJ;standard@dorel.com.br;Jin Sun Gee Plastics Co., Ltd;Andadores Infantis;Portaria Inmetro nº 129 de 19/03/2021;;IN1701622-4;;;S;Formosa (Taiwan);Voyage;BG1401. Nome comercial: Buggy. Versões: Azul, Rosa.;PP,PVC,Ferro,POM,PU,Pol, 42x58.5x65cm. Trav:Lib.2 ações cons,Mont:Manual, Aces. Brinq.;7898509475206|7898509475213;Incluido;11/01/2023
288301/1968;Ativo;;14/05/2026;;;UNI-ART IMPORT LTDA.;68168368000105;11952844300;AV DAS INDUSTRIAS ;755;;13288163;DIST.INDL B. STORANI;VINHEDO;SP; www.unitoys.com.br;QINGYUAN XINGLONG BALL PRODUCING CO., LTD.;Andadores Infantis;Portaria Inmetro nº 129 de 19/03/2021;;IN2985326;Modelo 5;;S;China, República Popular;UNITOYS;ANDADOR COM EMPURRADOR - N/A - 3726 AZUL/3726 ROSA;MAT:PP, POLIÉSTER E AÇO/DIM:50X60X102 CM/SIS_TRAV:LIBERAÇÃO EM DUAS AÇÕES CONSECUTIVAS/SIS_MONT E FERRG:MANUAL (SEM FERRAMENTA)/ACESS:N/A/CARACTERISTICAS DO MODELO:ANDADOR COM BANDEJA MUSICAL;7908901504395|7908901504401;Incluido;14/05/2026
582305/1994;Ativo;;03/04/2023;;;PLANETA - IMPORTACAO E DISTRIBUICAO DE BRINQUEDOS LTDA;13434272000141;1138951572;AV VASCO MASSAFELI;1000;G1A M1-21;06703600;JARDIM MARIA TEREZA;COTIA;SP;admin@planetadobebe.com.br;HEBEI WANXIN CHILDREN TOYS CO.,LTD.;Andadores Infantis;Portaria Inmetro nº 129 de 19/03/2021;;IN1765923;Modelo 5;;S;China, República Popular;MAXI BABY;NW-01 - ANDADOR LA BAMBA;MAT:PP PARTES EM ABS, AÇO DE ALTO CARB RODA ELAST.TERMO., PVC/DIM:580X680X550/SIS TRA:LIBERA.EM 2 AÇÕES CONSEC. SIS DE MON E FER:MAN.(S/ FER)/ACE:BANDEJA COM BRINQ/CAR MOD:AND COM BRINQ(BAND.A MUS.);7899403215370|7899403215387;Excluido;22/12/2025
119804/1975;Ativo;;16/09/2024;;;AMAZONAS IMPORTADOS LTDA;07269201000138;9691131654;Rua Independência;175;;68900090;Central;Macapa;AP;adriana.abreu@amazonasimportados.com.br;YIWU BALBIAN ELECTRONIC TECHNOLOGICAL CO., LTD;Andadores Infantis;Portaria Inmetro nº 129 de 19/03/2021;;IN2086424-1;;;S;China, República Popular;LÉ PETIT;MODE:BABY WALKER/REF:LP-9517/ CONT: ANDADOR COM BRINQUEDO ACOPLADO/VERSÕES:AZUL,ROSA,VERDE,;MAT:PP E POLIÉSTER/DIM:62X55,5X50CM/SIST DE TRAV:LIBERAÇÃO EM DUAS AÇÕES CONSECUTIVAS/SIST DE MONT E FERRAGEM:MANUAL (SEM FERRAMENTA)/ACESSÓRIOS:N/A.CARACTERISTICAS DO MODELO:;453068745717;Incluido;16/09/2024
876309/2020;Ativo;;09/12/2019;;;TAPUZIM COMERCIAL LTDA;00513418000100;1138569063;Av. Monte Celeste;230;250;02561000;Vila S. Maria;São Paulo;SP;ehs0770@hotmail.com;SHEN ZHEN WEI MEI CHILDCARE PRODUCT LIMITED COMPANY;Andadores Infantis;Portaria Inmetro nº 129 de 19/03/2021;;IN2062423;Modelo 5;;S;China, República Popular;Baby Style;ANDADOR PIANINHO ROSA - 33725 / ANDADOR PIANINHO AZUL - 33726;ANDADOR PIANINHO RS E AZ, MATERIAL:PLÁSTICO/62 X 53 X 78 CM/LIBERAÇÃO EM DUAS AÇÕES CONSECUTIVAS/MANUAL (SEM FERRAMENTAS)/BRINQUEDO;4079337251993|4079337261992;Incluido;29/01/2024
547527/1965;Inativo;;19/06/2023;;;VANMAX COMERCIO LTDA;84114198000124;9231337050;RUA CEL SERGIO PESSOA;91;;69005030;CENTRO;MANAUS;AM;GERENTEDEVENDAS@VANMAX.COM.BR;PINGHU SHI XIAOTIANDI CHILDREN´S PRODUCTS FACTORY;Andadores Infantis;Portaria Inmetro nº 129 de 19/03/2021;;IN1811123;;;S;China, República Popular;BRINKMAX;997A/ NOME COMERCIAL: ANDAJÁ/VERSÕES: AZUL - 582597/ROSA - 582596/VERMELHO - 582598/VERMELHO/BRANCO - 582599 - MAT.: FERRO,POLIPROPILENO E POLIÉSTER/DIM.:67X57X54CM;SIST.DE TRAVA.:LIBERAÇÃO EM DUAS AÇÕES CONSECUTIVAS/SIST.DE MONT.E FERR.MAN.(SEM FERRAMENTA)/ACESSÓRIOS: BRINQUEDO/CARACTERISTICAS DO MODELO: ANDADOR INFANTIL COM BRINQUEDO ACOPLADO;7890785825966|7890785825973|7890785825980|7890785825997;Incluido;19/06/2023
401586/2007;Inativo;;11/01/2023;;;COMPANHIA DOREL BRASIL PRODUTOS INFANTIS;10659948000883;2135547024;Av. Nilo Peçanha;1516 ;Galpão 3 ;28030035;Pq dos Rodoviários;Campos dos Goytacaze;RJ;standard@dorel.com.br;Jin Sun Gee Plastics Co., Ltd;Andadores Infantis;Portaria Inmetro nº 129 de 19/03/2021;;IN1701622-4;;;S;Formosa (Taiwan);Voyage;BG1401. Nome comercial: Buggy. Versões: Azul, Rosa.;PP,PVC,Ferro,POM,PU,Pol, 42x58.5x65cm. Trav:Lib.2 ações cons,Mont:Manual, Aces. Brinq.;7898509475206|7898509475213;Incluido;11/01/2023
749272/1994;Ativo;;29/01/2025;;;HCM INDUSTRIA E IMPORTACAO LTDA;12538691000160;3798753533;RUA SERGIPE ;1963;;35591096;SANTA ALEXANDRINA;LAGOA DA PRATA;MG;compras@hcmmalta.com.br;HCM INDUSTRIA E IMPORTACAO LTDA;Andadores Infantis;Portaria Inmetro nº 129 de 19/03/2021;;IN2431224-1;;;N;Brasil;JUMBO BABY;ANDADOR MUSICAL SUPERLUXO JUMBO BABY/Acessórios:Assento,Empurrador,Painel Musical/Caracteristicas do modelo:Andador com brinquedo na bandeja/Versões:AZUL,ROSA,VERMELHO,LARANJA;Mat:POLIPROPILENO (PP)/ACO CARBONO(FERRAGENS)/TECIDO(POLIÉSTER)/Dim:69,5X58,5X14,5/Sist de Trav:Liberação em duas ações consecutivas/Sist de Mont e Fer:Manual(sem ferramenta);7898947715025|7898947715032|7898947715049|7898947715056;Incluido;29/01/2025
170324/1947;Ativo;;07/02/2022;;;TUTTI BABY INDUSTRIA E COMERCIO DE ARTIGOS INFANTIS LTDA;06981862000129;4733794000;Rod. Guilherme Jensen, SC413, km13;0;;89108000;Distrito Industrial;Massaranduba;SC;certificacao@tuttibaby.com.br;TUTTI BABY INDUSTRIA E COMERCIO DE ARTIGOS INFANTIS LTDA;Andadores Infantis;Portaria Inmetro nº 129 de 19/03/2021;;IN2869325;Modelo 5;;N;Brasil;Tutti Baby;Andador Safari II Azul/Rosa/Vermelho/Andador Princesa Rosa Coroa/Andador Acqua Explorador Cinza/Roxo;ESTRUT. MET.AÇO.TUBULAR/48x60,5x70CM/SIST.DE TRAV. COM.DUAS.AÇÕES.CONSECUT.PARA.LIBER./PARAFUSOS.E. REBITES/BRINQUEDOS.E.ADESIVOS;7898431501615|7898431501622|7898431501639|7898431501684|7898431501691|7898431501707;Excluido;12/01/2024
794139/2007;Inativo;;12/01/2023;;;COMPANHIA DOREL BRASIL PRODUTOS INFANTIS;10659948000883;2135547024;Av. Nilo Peçanha;1516 ;Galpão 3 ;28030035;Pq dos Rodoviários;Campos dos Goytacaze;RJ;standard@dorel.com.br;Jin Sun Gee Plastics Co., Ltd;Andadores Infantis;Portaria Inmetro nº 129 de 19/03/2021;;IN1701622-3;;;S;Formosa (Taiwan);Safety 1st;HE001. Nome comercial: Spacewalker 3 em 1. Versões: Grey, Orange.;PP,Ferro,Aço,ABS,PVC,POM,TPR,MB475,Pol,65.5x50x71.5cm.Trav:Lib.2ações cons.,Mont:Manual.Aces.Brinq.;7908238803932|7908238803949;Incluido;12/01/2023
115112/1993;Ativo;;09/12/2019;;;TAPUZIM COMERCIAL LTDA;00513418000100;1138569063;Av. Monte Celeste;230;250;02561000;Vila S. Maria;São Paulo;SP;ehs0770@hotmail.com;SHEN ZHEN WEI MEI CHILDCARE PRODUCT LIMITED COMPANY;Andadores Infantis;Portaria Inmetro nº 129 de 19/03/2021;;IN2062423;Modelo 5;;S;China, República Popular;Baby Style;ANDADOR PIANINHO ROSA - 33725 / ANDADOR PIANINHO AZUL - 33726;ANDADOR PIANINHO RS E AZ, MATERIAL:PLÁSTICO/62 X 53 X 78 CM/LIBERAÇÃO EM DUAS AÇÕES CONSECUTIVAS/MANUAL (SEM FERRAMENTAS)/BRINQUEDO;4079337251993|4079337261992;Incluido;29/01/2024
239066/1932;Inativo;;07/10/2019;;;Galzerano Indústria de Carrinhos e Berços Ltda;43594977000197;1934043030;Via Prefeito Jurandyr Paixão;700;;13481149;Jd. Campo Belo;Limeira;SP;luisfernando.camargo@galzerano.com.br;GUANGDONG ZHIHUI CHILDREN?S PRODUCTS CO.,LTD;Andadores Infantis;Portaria Inmetro nº 42 de 19/01/2018;;CE-AND/IQB 000006 53503/20-001;;;S;China, República Popular;GALZERANO;Andador de bebê Magic - Versão: Cinza (CZ), Preto (PT);Mat Tec poli Espum Resin plást Tint Ferrag 70Cx65Lx54A cm Travam trilho plást com botão de destrav e regul alt Mont/frenag manual Andador com pçs girat e cores diversas Acess Bandej Brinq não removív.;7898089221590|7898089222283;Incluido;07/10/2019
464328/1973;Inativo;;23/05/2025;;;MD COMERCIO DE FERRAGENS LTDA;55274701000100;92981285408;AVENIDA JOAQUIM NABUCO;1094;A;69020030;Centro;Manaus;AM;mdcomerciodeferragensltda@gmail.com;Xingtai Pandelo Technology Co.,Ltd;Andadores Infantis;Portaria Inmetro nº 129 de 19/03/2021;;IN2611025;Modelo 5;;S;China, República Popular;ULTRA BABY;REF: UBW-801H - ANDADOR INFANTIL MUSICAL PARA BEBÊ - BABY PINK / BARBIE PINK, RED / WHITE, ROYAL BLUE / ORANGE / WHITE, GREEN / WHITE;MAT:PP,FERRO E POLIÉSTER/DIM:68X59X52CM/SIS_TRAV:LIBERAÇÃO EM 2 AÇÕES CONSECUTIVAS/SIS_MONTAGEM_E_FERRAGEM:MANUAL(SEM FERRAMENTA)/ACESSÓRIOS: N/A/CARACTERISTICAS_MODELO:ANDADOR COM BRINQUEDO ACOPLADO;7890012361007|7890012361113|7890012368082|7890012369096;Incluido;23/05/2025
281408/1974;Ativo;;02/09/2026;;;BAGATOLI COMERCIO DE REFRIGERACAO LTDA;00897750000108;47984556257;BR-470;8105;;89058020;FORTALEZA ALTA;BLUMENAU;SC;digitalpriceconsultoria@gmail.com;PINGHU XIAOTIANDI CHILDREN?S PRODUCTS FACTORY;Andadores Infantis;Portaria Inmetro nº 129 de 19/03/2021;;IN3155526;Modelo 5;;S;China, República Popular;BAGATOLI KIDS;MOD: ANDADOR INFANTIL PULSE/ N.COM: PULSE/ V.: ROSA, AZUL, CINZA;MAT.:PP,POLIÉSTER,AÇO/DIM.:51X61X69CM/SIST.TRAV.:LIB.2 AÇÕES CONSEC./SIST.MONT.FERR.:REBITES,PARAF.E ENCAIXE PEÇAS PLÁST./ACESS.:BRINQ.NA BANDEJA/CARACT.MOD.:ANDADOR C/BRINQ.;7901030400859|7901030400866|7901030400873;Incluido;02/09/2026
876030/1962;Ativo;;30/08/2021;;;TA TE TI INDUSTRIA E COMERCIO DE BRINQUEDOS EDUCATIVOS LTDA;30261120000103;4732422225;RUA TIRADENTES;230;;89107000;CENTRO;POMERODE;SC;qualidade3@grupocalesita.com.br;TA TE TI INDUSTRIA E COMERCIO DE BRINQUEDOS EDUCATIVOS LTDA;Andadores Infantis;Portaria Inmetro nº 129 de 19/03/2021;;CE-AND/IQB 000010 55962/23-001;Modelo 5;;N;Brasil;Tateti;Ref.914 - Move Baby;PP, METAL, TECIDO POLIESTER. DIMENSAO: 70,20X59,83X49,12CM. SIST. TRAVAMENTO:FREIO DIANTEIRO E TRASEIRO. SIST DE MONTAGEM: MANUAL/PARAFUSOS PP. ACESSORIOS:BANDEJA DE BRINQUEDOS;7898664632230;Incluido;02/03/2026
758332/1999;Ativo;;12/04/2021;;;TUTTI BABY INDUSTRIA E COMERCIO DE ARTIGOS INFANT;06981862000129;4733794000;Rod. Guilherme Jensen;0;Galpão 01;89108000;Distrito Industrial;Massaranduba;SC;qualidade@tuttibaby.com.br;TUTTI BABY INDUSTRIA E COMERCIO DE ARTIGOS INFANT;Andadores Infantis;Portaria Inmetro nº 129 de 19/03/2021;;CE-AND/IQB 000005 54149/20-001;Modelo 5;;N;Brasil;Tutti Baby;Andador 40.001;ESTRUT.MET. DE AÇO TUB.PLÁST. DE ENG.ALGODÃO.48CM X60,5CMX70CM,COM DUAS AÇÕESCONSEC PARA LIB.REB.E PARAF.BRINQ. E ADES.BASE SUP.BASE INF.FREIO ANTI-QUEDA E CONJ.DE RODAS,PNEU DA RODA TRAS. E TRAVA ANT;7898431501219|7898431501226|7898431501233;Incluido;12/04/2021
638512/1926;Ativo;;07/02/2022;;;TUTTI BABY INDUSTRIA E COMERCIO DE ARTIGOS INFANTIS LTDA;06981862000129;4733794000;Rod. Guilherme Jensen, SC413, km13;0;;89108000;Distrito Industrial;Massaranduba;SC;certificacao@tuttibaby.com.br;TUTTI BABY INDUSTRIA E COMERCIO DE ARTIGOS INFANTIS LTDA;Andadores Infantis;Portaria Inmetro nº 129 de 19/03/2021;;IN2869325;Modelo 5;;N;Brasil;TUTTI BABY;ANDADOR SAFARI II-ANDADOR 40.002-40002003/40002004/40002007/40003004/40004002/40004003;MAT:PP/ALGODAO/DIM:51X61X70CM/SIS_TRAV:DOIS DISPOS DE TRAV IND. OPER. SIMULTÂNEAMENTE/SIS_MONT/FERRG:REBITES,PARAF,ENCAIXE DE PÇS PLAST/ACESS:BAND. C/ BRINQ/CARAC. DO MOD.:ANDADOR C/ BRINQ NA BAND;7898431501615|7898431501622|7898431501639|7898431501684|7898431501691|7898431501707;Incluido;27/02/2026
052347/1926;Ativo;;06/05/2025;;;KAVOD BRASIL COMERCIO E IMPORTACAO DE PRODUTOS DE USO DOMESTICO LTDA;12389993000114;1136612389;Avenida Marquês de São Vicente;2219;Conj 1001;05036040;Água Branca;São Paulo;SP;adm@kababy.com.br;Tengzhou Lebeir Baby Carriage Co., Ltd.;Andadores Infantis;Portaria Inmetro nº 129 de 19/03/2021;;IN2610825;;;S;China, República Popular;KaBaby;DESIGNAÇÃO COMERCIAL: ANDADOR DE EMPURRAR STEP-UP KABABY CINZA/CÓDIGO DE REFERÊNCIA COMERCIAL: ANDADOR/QUANTIDADE: -/;MAT:PP/DIM:799x660x715mm/SIS_TRAV:LIBERAÇÃO EM DUAS AÇÕES CONSECUTIVAS/SIS_MONTAGEM/FERRAGEM:MANUAL SEM AUXILIO DE FERRAMENTA/ACESSORIOS:N/A/CARACT_DO_MODELO:ANDADOR COM BRINQUEDO ACOPLADO;7898605218394;Incluido;06/05/2025
020976/1943;Ativo;;14/08/2019;;;BAMBOO COMERCIO, IMPORTAÇÃO E EXPORTAÇÃO EIRELI-EPP;27115224000103;8132419265;Rua. Alegre;154;Galpão A;52120125;Arruda;Recife;PE;bamboo@yescert.com.br;ZHEJIANG KINTEX INTERNATIONAL TRADING CO., LTD;Andadores Infantis;Portaria Inmetro nº 129 de 19/03/2021;;IN1632922;;;S;China, República Popular;BAMBOO;NOME FANTASIA: ANDAJAR GUGU MODELO: MD-18 CORES: VERDE;PLÁSTICO, METAL E FIBRA TÊXTIL,520 x 560 x 620 mm,MANUAL,MANUAL,BANDEJA, VOLANTE DO PUXADOR.;7909312341029;Excluido;22/07/2022
879505/2010;Ativo;;20/10/2022;;;STYLL ADMINISTRACAO, INVESTIMENTOS, LOCACOES & SERVICOS LIMITADA;22475905000231;11994300960;Rua Marcio Carlim;401;;13849226;Parque Industrial;Mogi Guaçu;SP;alexandre@styll.com.br;STYLL ADMINISTRACAO, INVESTIMENTOS, LOCACOES & SERVICOS LIMITADA;Andadores Infantis;Portaria Inmetro nº 129 de 19/03/2021;;IN1679022;Modelo 5;;N;Brasil;STYLL BABY;ANDADOR SOFT WAY / V:V:AZ.SON.(AND-98.001-05)/RO.SON.(AND-98.002-05)/LAR.SON.(AND-98.003-05)/GUARÁ AZ.(AND-50.022-01)/GUARÁ RO.(AND-50.022-02)/GUARÁ LAR.(AND-50.022-03)/VE.SON.(AND-99.009-68)/AZ.CLÁS.(AND-98.001-04)/RO.CLÁS.(AND-98.002-04))/...;MAT:AÇO,POLIPR. E POLIÉ./DIM:640X570X470MM/SIS.DE TRAV:CATRA.EM BAI.DA BAN.(LIBER. EM DU.AÇÕ.CONS.)/SIST.DE MON.E FERR.:MANUAL(COM CHA.PHI.NÃO INCL.)/ACES:BAND.COM BRIN./ CONT.VERSÔES;7898488590037|7898488590440|7898488590457|7898488590464|7898488590624|7898488599849|7898488599856|7898488599863|7898488599870|7898488599887|789848859994;Incluido;20/10/2022
377756/1936;Ativo;;19/06/2026;;;LILI FLORES ARTESANAIS LTDA;50509301000113;2199999999;R SANTO SEPULCRO;00279;;21350220;MADUREIRA;RIO DE JANEIRO;RJ;xiaoweiliu663@gmail.com;PINGHU XIAOTIANDI CHILDREN''S PRODUCTS FACTORY ;Andadores Infantis;Portaria Inmetro nº 129 de 19/03/2021;;IN3051726;Modelo 5;;S;China, República Popular;LILI;MOD:ANDADOR LL-2931 / CÓD. DE REFERÊNCIA COMERCIAL: LL-2931 / AZUL,ROSA,VERDE;MAT.:PP, POLIÉSTER E POLIETILENO/DIM:56,5X68X60,5CM/ SIST.TRAV.:LIBERAÇÃO EM DUAS AÇÕES CONSECUTIVAS/SIST. MONT.:LIBERAÇÃO EM DUAS AÇÕES CONSECUTIVAS/SEM ACESSÓRIOS/ANDADOR COM BRINQUEDO INTERATIVO;;Incluido;19/06/2026
213627/1966;Ativo;;16/09/2024;;;AMAZONAS IMPORTADOS LTDA;07269201000138;9691131654;Rua Independência;175;;68900090;Central;Macapa;AP;adriana.abreu@amazonasimportados.com.br;YIWU BALBIAN ELECTRONIC TECHNOLOGICAL CO., LTD;Andadores Infantis;Portaria Inmetro nº 129 de 19/03/2021;;IN2086424-1;;;S;China, República Popular;LÉ PETIT;MODE:BABY WALKER/REF:LP-9517/ CONT: ANDADOR COM BRINQUEDO ACOPLADO/VERSÕES:AZUL,ROSA,VERDE,;MAT:PP E POLIÉSTER/DIM:62X55,5X50CM/SIST DE TRAV:LIBERAÇÃO EM DUAS AÇÕES CONSECUTIVAS/SIST DE MONT E FERRAGEM:MANUAL (SEM FERRAMENTA)/ACESSÓRIOS:N/A.CARACTERISTICAS DO MODELO:;453068745717;Incluido;16/09/2024
139624/1983;Ativo;;19/02/2026;;;RGM  COMERCIO E SERVICOS LTDA;18007664000148;11996294240;Avenida Angélica;511;Cj. 904;01227100;Santa Cecilia;São Paulo;SP;papush@uol.com.br;PINGHU XIAOTIANDI CHILDREN?S PRODUCTS FACTORY;Andadores Infantis;Portaria Inmetro nº 129 de 19/03/2021;;IN2911726;Modelo 5;;S;China, República Popular;RGM;ANDADOR DREUX - R602 - AVIÃO - AVIAO;MAT:PP,FERRO E POLIÉ./DIM:70X62.5X51 CM/SIST.DE TRAV.:LIB.EM DUAS AÇÕES CONSECU./SIST.DE MONT.E FERR.:MANUAL (SEM FERRAMENTA)/ACESS:BANDEJA MUSICAL/CARACT.DO MODELO:ANDADOR COM BANDEJA MUSICAL;7898926505616;Incluido;19/02/2026
543762/1959;Ativo;;20/10/2022;;;STYLL ADMINISTRACAO, INVESTIMENTOS, LOCACOES & SERVICOS LIMITADA;22475905000231;11994300960;Rua Marcio Carlim;401;;13849226;Parque Industrial;Mogi Guaçu;SP;alexandre@styll.com.br;STYLL ADMINISTRACAO, INVESTIMENTOS, LOCACOES & SERVICOS LIMITADA;Andadores Infantis;Portaria Inmetro nº 129 de 19/03/2021;;IN1679022;Modelo 5;;N;Brasil;STYLL BABY;ANDADOR SOFT WAY / V:V:AZ.SON.(AND-98.001-05)/RO.SON.(AND-98.002-05)/LAR.SON.(AND-98.003-05)/GUARÁ AZ.(AND-50.022-01)/GUARÁ RO.(AND-50.022-02)/GUARÁ LAR.(AND-50.022-03)/VE.SON.(AND-99.009-68)/AZ.CLÁS.(AND-98.001-04)/RO.CLÁS.(AND-98.002-04))/...;MAT:AÇO,POLIPR. E POLIÉ./DIM:640X570X470MM/SIS.DE TRAV:CATRA.EM BAI.DA BAN.(LIBER. EM DU.AÇÕ.CONS.)/SIST.DE MON.E FERR.:MANUAL(COM CHA.PHI.NÃO INCL.)/ACES:BAND.COM BRIN./ CONT.VERSÔES;7898488590037|7898488590440|7898488590457|7898488590464|7898488590624|7898488599849|7898488599856|7898488599863|7898488599870|7898488599887|789848859994;Incluido;20/10/2022
195786/2014;Ativo;;19/06/2023;;;KCARVALHUS COMERCIO E SERVICOS EIRELI;24633386000137;1143798430;Rua Poeta João Cabral De Melo Neto,  Santa Maria - Osasco - SP;77;;06147020; Santa Maria ;Osasco ;SP;carlos.carvalho@kkbebe.com.br;PINGHU SHI XIAOTIANDI CHILDREN?S PRODUCTS FACTORY;Andadores Infantis;Portaria Inmetro nº 129 de 19/03/2021;;IN1823223;;;S;China, República Popular;KK bebê;ANDADOR INFANTIL PASSINHO FORTE / AZUL /ROSA , MATERIAL:PP,FERRO E POLIÉSTER/DIMENSÕES:63X57X53CM;SISTEMA DE TRAVAMENTO:LIBERAÇÃO EM DUAS AÇÕES CONSECUTIVAS/SISTEMA DE MONTAGEM E FERRAGEM: MANUAL (SEM FERRAMENTA)/ACESSÓRIOS:BRINQUEDOS/CARACTERISTICAS DO MODELO: ANDADOR COM BRINQUEDO FIXO ACOPLADO;7898711750108|7898711750115;Incluido;19/06/2023
123000/1965;Ativo;;30/06/2026;;;MARKETGOOL TRADING IMPORTACAO E EXPORTACAO LTDA;18787076000174;11947652325;ROD RODOLFO JAHN;326;ANEXO 92;89237680; VILA NOVA;JOINVILLE;SC;alexandre.morroni@hotmail.com;PINGHU XIAOTIANDI CHILDREN''S PRODUCTS FACTORY;Andadores Infantis;Portaria Inmetro nº 129 de 19/03/2021;;IN3048926;Modelo 5;;S;China, República Popular;MARKETGOOL;Designação Comercial: Andador Marketgool / Código de referência comercial / MKG-010 / ROSA;Mat: PP, FERRO E POLIÉSTER / Dim: 65X55X45 CM/ SIST DE TRAV: Liberação em duas ações consecutivas/ Acess: Brinquedo do andador/ Caract do mod: Andador com Brinquedo;0070341132777;Incluido;30/06/2026
867863/1932;Ativo;;29/04/2025;;;MD COMERCIO DE FERRAGENS LTDA;55274701000100;92981285408;AVENIDA JOAQUIM NABUCO;1094;A;69020030;Centro;Manaus;AM;mdcomerciodeferragensltda@gmail.com;PINGHU XIAOTIANDI CHILDREN''S PRODUCTS FACTORY;Andadores Infantis;Portaria Inmetro nº 129 de 19/03/2021;;IN2610925;Modelo 5;;S;China, República Popular;ULTRA BABY;REF: UBW-601 - ANDADOR INFANTIL MUSICAL PARA BEBÊ - NAVY BLUE / RED, GREEN / BLUE, ROYAL BLUE / TEAL, LIGHT PINK / LAVANDER, DARK PURPLE / PINK;MAT:PP,FERRO E POLIÉSTER/DIM:70X62,5X55CM/SIS_TRAV:LIBERAÇÃO EM 2 AÇÕES CONSECUTIVAS/SIS_MONT.E_FERRAGEM:MANUAL(SEM FERRAMENTA)/ACESSÓRIOS: N/A/CARACTERISTICAS_MODELO:ANDADOR COM BRINQUEDO ACOPLADO;7890012361120|7890012361137|7890012361144|7890012361151|7890012361168;Incluido;29/04/2025
628491/1944;Ativo;;16/09/2024;;;AMAZONAS IMPORTADOS LTDA;07269201000138;9691131654;Rua Independência;175;;68900090;Central;Macapa;AP;adriana.abreu@amazonasimportados.com.br;YIWU BALBIAN ELECTRONIC TECHNOLOGICAL CO., LTD;Andadores Infantis;Portaria Inmetro nº 129 de 19/03/2021;;IN2086424-1;;;S;China, República Popular;LÉ PETIT;MODE:BABY WALKER/REF:LP-9517/ CONT: ANDADOR COM BRINQUEDO ACOPLADO/VERSÕES:AZUL,ROSA,VERDE,;MAT:PP E POLIÉSTER/DIM:62X55,5X50CM/SIST DE TRAV:LIBERAÇÃO EM DUAS AÇÕES CONSECUTIVAS/SIST DE MONT E FERRAGEM:MANUAL (SEM FERRAMENTA)/ACESSÓRIOS:N/A.CARACTERISTICAS DO MODELO:;453068745717;Incluido;16/09/2024
346351/1952;Ativo;;06/03/2023;;;BURIGOTTO S A INDUSTRIA E COMERCIO;51460277000138;1934464813;Rua Martino Dragone;280;;13480308;Jardim Santa Barbara;Liemira;SP;alison.smanioto@burigotto.com;JIN SUN GEE PLASTICS CO., LTD;Andadores Infantis;Portaria Inmetro nº 129 de 19/03/2021;;CE-AND/IQB 000004 55573/23-001;Modelo 5;;S;Formosa (Taiwan);BURIGOTTO;ANDADOR OLÉ CL - REF. IXAN5143CL;PP, AÇO, TECIDO / 590 X 690 X 550 MM / TRILHO PLÁSTICO COM BOTÃO DE TRAVA/DESTRAVA E REGULAGEM DE ALTURA / REBITES, PARAFUSOS E ENCAIXE DE PEÇAS PLÁSTICAS / BANDEJA COM 2 BRINQUEDOS DE PP E NYLON;7896502944248;Incluido;29/04/2026
711008/2017;Inativo;;11/11/2022;;;COMPANHIA DOREL BRASIL PRODUTOS INFANTIS;10659948000883;2135547024;Av. Nilo Peçanha;1516 ;Galpão 3 ;28030035;Pq dos Rodoviários;Campos dos Goytacaze;RJ;standard@dorel.com.br;Jin Sun Gee Plastics Co., Ltd;Andadores Infantis;Portaria Inmetro nº 129 de 19/03/2021;;IN1701622-2;;;S;Formosa (Taiwan);Voyage;BG-1518. Nome comercial: Baby Step. Versões: Rosa e Azul.;Ferro,PP e poliéster. 60x49x68cm.Trav:Lib.2 ações consec.,Mont:Encaixe. Aces:Brinquedos;7908238801280|7908238801297;Incluido;11/11/2022
640355/1978;Ativo;;30/08/2021;;;TA TE TI INDUSTRIA E COMERCIO DE BRINQUEDOS EDUCATIVOS LTDA;30261120000103;4732422225;RUA TIRADENTES;230;;89107000;CENTRO;POMERODE;SC;qualidade3@grupocalesita.com.br;TA TE TI INDUSTRIA E COMERCIO DE BRINQUEDOS EDUCATIVOS LTDA;Andadores Infantis;Portaria Inmetro nº 129 de 19/03/2021;;CE-AND/IQB 000010 55962/23-001;Modelo 5;;N;Brasil;Tateti;Ref.915 - Move Baby Rosa;PP, METAL, TECIDO POLIESTER. DIMENSAO: 70,20X59,83X49,12CM. SIST. TRAVAMENTO:FREIO DIANTEIRO E TRASEIRO. SIST DE MONTAGEM: MANUAL/PARAFUSOS PP. ACESSORIOS:BANDEJA DE BRINQUEDOS;7898664632247;Incluido;02/03/2026
206097/1954;Ativo;;29/01/2025;;;HCM INDUSTRIA E IMPORTACAO LTDA;12538691000160;3798753533;RUA SERGIPE ;1963;;35591096;SANTA ALEXANDRINA;LAGOA DA PRATA;MG;compras@hcmmalta.com.br;HCM INDUSTRIA E IMPORTACAO LTDA;Andadores Infantis;Portaria Inmetro nº 129 de 19/03/2021;;IN2431224-1;;;N;Brasil;JUMBO BABY;ANDADOR MUSICAL SUPERLUXO JUMBO BABY/Acessórios:Assento,Empurrador,Painel Musical/Caracteristicas do modelo:Andador com brinquedo na bandeja/Versões:AZUL,ROSA,VERMELHO,LARANJA;Mat:POLIPROPILENO (PP)/ACO CARBONO(FERRAGENS)/TECIDO(POLIÉSTER)/Dim:69,5X58,5X14,5/Sist de Trav:Liberação em duas ações consecutivas/Sist de Mont e Fer:Manual(sem ferramenta);7898947715025|7898947715032|7898947715049|7898947715056;Incluido;29/01/2025
934359/2004;Inativo;;14/01/2021;;;GALZERANO INDUSTRIA DE CARRINHOS E BERCOS LTDA;43594977000197;1934043030;Via Prefeito Jurandyr Paixão;700;;13481149;Jd. Campo Belo;Limeira;SP;luisfernando.camargo@galzerano.com.br;WEIMEI MEI CHILDCARE PRODUCT (HUIZHOU) LTD., CO;Andadores Infantis;Portaria Inmetro nº 42 de 19/01/2018;;CE-AND/IQB 000006 54025/20-001;;;S;China, República Popular;GALZERANO;Ref.: 4030-Andador 4 em 1 Funny. Versões: 4030CR (Color), 4030VDA (Verde Água);Mat Tec polié Espuma Resina plást Itens fixação Dimens 75x71x55(cm) Sist travament dobradiça plást c/ botão acionament Sist montagem/ferragem encaixe manual Acessórios manuais brinquedos removíveis;7898089221477|7898089221996;Incluido;14/01/2021
228374/1931;Inativo;;19/06/2023;;;VANMAX COMERCIO LTDA;84114198000124;9231337050;RUA CEL SERGIO PESSOA;91;;69005030;CENTRO;MANAUS;AM;GERENTEDEVENDAS@VANMAX.COM.BR;PINGHU SHI XIAOTIANDI CHILDREN´S PRODUCTS FACTORY;Andadores Infantis;Portaria Inmetro nº 129 de 19/03/2021;;IN1811123;;;S;China, República Popular;BRINKMAX;997A/ NOME COMERCIAL: ANDAJÁ/VERSÕES: AZUL - 582597/ROSA - 582596/VERMELHO - 582598/VERMELHO/BRANCO - 582599 - MAT.: FERRO,POLIPROPILENO E POLIÉSTER/DIM.:67X57X54CM;SIST.DE TRAVA.:LIBERAÇÃO EM DUAS AÇÕES CONSECUTIVAS/SIST.DE MONT.E FERR.MAN.(SEM FERRAMENTA)/ACESSÓRIOS: BRINQUEDO/CARACTERISTICAS DO MODELO: ANDADOR INFANTIL COM BRINQUEDO ACOPLADO;7890785825966|7890785825973|7890785825980|7890785825997;Incluido;19/06/2023
641316/1955;Ativo;;29/01/2025;;;HCM INDUSTRIA E IMPORTACAO LTDA;12538691000160;3798753533;RUA SERGIPE ;1963;;35591096;SANTA ALEXANDRINA;LAGOA DA PRATA;MG;compras@hcmmalta.com.br;HCM INDUSTRIA E IMPORTACAO LTDA;Andadores Infantis;Portaria Inmetro nº 129 de 19/03/2021;;IN2431224-1;;;N;Brasil;JUMBO BABY;ANDADOR MUSICAL SUPERLUXO JUMBO BABY/Acessórios:Assento,Empurrador,Painel Musical/Caracteristicas do modelo:Andador com brinquedo na bandeja/Versões:AZUL,ROSA,VERMELHO,LARANJA;Mat:POLIPROPILENO (PP)/ACO CARBONO(FERRAGENS)/TECIDO(POLIÉSTER)/Dim:69,5X58,5X14,5/Sist de Trav:Liberação em duas ações consecutivas/Sist de Mont e Fer:Manual(sem ferramenta);7898947715025|7898947715032|7898947715049|7898947715056;Incluido;29/01/2025
