NumeroRegistro;Status;Restricao;DataConcessao;DataValidade;DataCancelamento;RazaoSocial;CnpjCpf;Telefone;Logradouro;Numero;Complemento;Cep;Bairro;Municipio;Uf;Email;Fabricante;Pac;PortariaInmetro;Familia;Certificado;ModeloCertificado;QuantidadeItens;ProdutoImportado;PaisOrigem;ItemMarca;ItemModelo;ItemDescricao;ItemCodigodeBarra;ItemStatus;ItemDataAlteracao
191708/1949;Ativo;;06/03/2023;;;BURIGOTTO S A INDUSTRIA E COMERCIO;51460277000138;1934464813;Rua Martino Dragone;280;;13480308;Jardim Santa Barbara;Liemira;SP;alison.smanioto@burigotto.com;JIN SUN GEE PLASTICS CO., LTD;Andadores Infantis;Portaria Inmetro nº 129 de 19/03/2021;;CE-AND/IQB 000004 55573/23-001;Modelo 5;;S;Formosa (Taiwan);BURIGOTTO;ANDADOR OLÉ CL - REF. IXAN5143CL;PP, AÇO, TECIDO / 590 X 690 X 550 MM / TRILHO PLÁSTICO COM BOTÃO DE TRAVA/DESTRAVA E REGULAGEM DE ALTURA / REBITES, PARAFUSOS E ENCAIXE DE PEÇAS PLÁSTICAS / BANDEJA COM 2 BRINQUEDOS DE PP E NYLON;7896502944248;Incluido;29/04/2026
485712/1975;Inativo;;09/02/2022;;;COMPANHIA DOREL BRASIL PRODUTOS INFANTIS;10659948000107;02135547024;Av. Nilo Peçanha;1516 /1582;Térreo;28030035;Pq dos Rodoviários;Campos dos Goytacaze;RJ;mariana.magalhaes@dorel.com.br;Dong Guan Hua Song Plastic Products Co.Ltd;Andadores Infantis;Portaria Inmetro nº 42 de 19/01/2018;;IN1512522;;;S;China, República Popular;Safety 1st;11389.  Melody Garden;Pol.,PP,Aço. 65x55x66cm. Aut.c/lib.em 2 ações consec.,Manual. Acessórios: Brinquedo(centro de atividades);9312541727119;Incluido;09/02/2022
779716/2001;Ativo;;31/10/2025;;;MD COMERCIO DE FERRAGENS LTDA;55274701000100;92985975259;Avenida Joaquim Nabuco;1094;A;69020030;Centro;Manaus;AM;mdcomerciodeferragensltda@gmail.com;Xingtai Pandelo Technology Co.,Ltd;Andadores Infantis;Portaria Inmetro nº 129 de 19/03/2021;;IN2824825;Modelo 5;;S;China, República Popular;ULTRA BABY;ANDADOR INFANTIL MUSICAL PARA BEBÊ - UBW -305 - N/A - BABY PINK / BARBIE PINK/RED / WHITE/ROYAL BLUE /ORANGE / WHITE/LIGHT BLUE / WHITE;MAT:PP,FERRO E POLIÉ./DIM.:68X59X52 CM/SIST.DE TRAV.:LIB.EM DUAS AÇÕES CONS./SIST.DE MONT. E FERR.:MAN.(S/FERRAM.)/ACESS.:N/A/CARACTERISTICAS DO MODELO:ANDADOR COM BRINQUEDO ACOPLADO;7890012361007|7890012361113|7890012368082|7890012369096;Incluido;31/10/2025
073731/1928;Ativo;;06/09/2024;;;TUTTI BABY INDUSTRIA E COMERCIO DE ARTIGOS INFANTIS LTDA;06981862000129;4733794000;Rod. Guilherme Jensen, SC413, km13;0;Galpão 01;89108000;Distrito Industrial;Massaranduba;SC;certificacao@tuttibaby.com.br;TUTTI BABY INDUSTRIA E COMERCIO DE ARTIGOS INFANTIS LTDA;Andadores Infantis;Portaria Inmetro nº 129 de 19/03/2021;;IN2321524;;;N;Brasil;TUTTI BABY;ANDADOR COMFORT/REF.ANDADOR COMFORT 40.005/40005004/40005003/40005011/40005028/40005007/40005010/40005006/40005029;MAT:PLAST.ENG/ALGODÃO/DIMEN:48X60,5X70CM/SIST.DE TRAV:DOIS DISP.DE TRAV.INDEP.SENDO OP.SIMUL/SIST.DE MONT.FERR:OUTROS:PARAF,MONT.PEÇAS PLAST./ACESS:BANDEIJA C/ BRINQ/CARAC.DO MOD:ANDADOR C/BRINQUEDO;7898431502063|7898431502070|7898431502087|7898431502094|7898431502100|7898431502117|7898431502124|7898431502131;Incluido;06/09/2024
191708/1949;Ativo;;26/07/2024;;;DARDARA COMERCIO IMPORTACAO E EXPORTACAO LTDA;07774907000157;11964220291;R VALENTIM MAGALHAES;95;***;03184090;ALTO DA MOOCA;SÃO PAULO;SP;sac@dardara.com.br;FOSHAN BAOLIMEI BABY CARRIER CO., ;Andadores Infantis;Portaria Inmetro nº 129 de 19/03/2021;;IN2255924;;;S;China, República Popular;DARDARA;ANDADOR CARRO FD-2407 / VERSÕES: AZUL E ROSA;MAT:PP,METAL E POLIÉSTER/DIM:740X630X510MM/SIST DE TRAVA:LIB EM 2 AÇÕES CONSECUT/SIST DE MONT/FERRAG:MANUAL(C/FERRAMENTAS)/ACESSÓRIOS: BRINQ/CARACT DO MODELO:ANDADOR C/BRINQ INTEGRADO;7898572462738|7898572462755;Incluido;26/07/2024
498895/1946;Ativo;;31/08/2026;;;MADHULA COMERCIO DE ARTIGOS ELETROELETRONICOS LTDA;03838532000190;92994433107;Rua Marcilio Dias;166;;69005270;Centro;Manaus;AM;mayapunjwani@gmail.com;PINGHU XIAOTIANDI CHILDRENS PRODUCTS FACTORY;Andadores Infantis;Portaria Inmetro nº 129 de 19/03/2021;;IN3141126-1;Modelo 5;;S;China, República Popular;BENMEK;MADHULA/ MA100/ Verde e Azul - MA100VA/ Rosa e Roxo - MA100RR/ Branco e Azul Escuro - MA100BAE/ Amarelo e Vermelho - MA100AV;MAT.:PP, FERRO E POLIÉSTER/DIM.:63X57X53 CM/SIST. DE TRAV.: LIBERAÇÃO EM DUAS AÇÕES CONSECUTIVAS/SIST. MONT. E FERR.:MANUAL (SEM FERRAMENTA)/ACESS.:BRINQUEDO/CARACT. DO MOD.: ANDADOR COM BRINQUEDO;6901031000158;Incluido;31/08/2026
879192/1951;Inativo;;14/08/2019;;;Companhia Dorel Brasil Produtos Infantis;10659948000107;2135633602;Av. Nilo Peçanha;1516 /1582;Térreo;28030035;Pq dos Rodoviários;Campos dos Goytacaze;RJ;mariana.magalhaes@dorel.com.br;Hua Song Plastic Products Co Ltd;Andadores Infantis;Portaria Inmetro nº 42 de 19/01/2018;;OCAN-AND.145/19-3;;;S;China, República Popular;Safety 1st;11389;Nome Fantasia: Melody Garden. Cor única. Material: Ferro, plástico e PP. 64x55x66 cm. Sistema de Travamento e Montagem: Manual. Acessórios: Bandeja.;9312541727119;Incluido;14/08/2019
367735/1954;Inativo;;24/09/2019;;;Galzerano Indústria de Carrinhos e Berços Ltda;43594977000197;1934043030;Via Prefeito Jurandyr Paixão;700;;13481149;Jd. Campo Belo;Limeira;SP;luisfernando.camargo@galzerano.com.br;SHEN ZHEN WEI MEI CHILDCARE PRODUCT LIMITED COMPANY;Andadores Infantis;Portaria Inmetro nº 42 de 19/01/2018;;CE-AND/IQB 000006 53504/20-001;;;S;China, República Popular;GALZERANO;Andador de bebê 4 em 1 Funny - Versões: Color (CR), Verde Água (VDA);Mat Tec poli Espum Resin plást Itens fix Dimens 75Cx71Lx55A(cm) Sist trav Dobradiç plást c/ botã acion Sist mont frenag Encaix manua Mod Andador c/ módul sonor Pçs girat Cores divers Acess Brinq remov;7898089221477|7898089221996;Incluido;24/09/2019
073731/1928;Ativo;;06/03/2023;;;BURIGOTTO S A INDUSTRIA E COMERCIO;51460277000138;1934464813;Rua Martino Dragone;280;;13480308;Jardim Santa Barbara;Liemira;SP;alison.smanioto@burigotto.com;JIN SUN GEE PLASTICS CO., LTD;Andadores Infantis;Portaria Inmetro nº 129 de 19/03/2021;;CE-AND/IQB 000004 55573/23-001;Modelo 5;;S;Formosa (Taiwan);BURIGOTTO;ANDADOR OLÉ CL - REF. IXAN5143CL;PP, AÇO, TECIDO / 590 X 690 X 550 MM / TRILHO PLÁSTICO COM BOTÃO DE TRAVA/DESTRAVA E REGULAGEM DE ALTURA / REBITES, PARAFUSOS E ENCAIXE DE PEÇAS PLÁSTICAS / BANDEJA COM 2 BRINQUEDOS DE PP E NYLON;7896502944248;Incluido;29/04/2026
661739/1980;Ativo;;06/05/2025;;;KAVOD BRASIL COMERCIO E IMPORTACAO DE PRODUTOS DE USO DOMESTICO LTDA;12389993000114;1136612389;Avenida Marquês de São Vicente;2219;Conj 1001;05036040;Água Branca;São Paulo;SP;adm@kababy.com.br;Tengzhou Lebeir Baby Carriage Co., Ltd.;Andadores Infantis;Portaria Inmetro nº 129 de 19/03/2021;;IN2610825;;;S;China, República Popular;KaBaby;DESIGNAÇÃO COMERCIAL: ANDADOR DE EMPURRAR STEP-UP KABABY CINZA/CÓDIGO DE REFERÊNCIA COMERCIAL: ANDADOR/QUANTIDADE: -/;MAT:PP/DIM:799x660x715mm/SIS_TRAV:LIBERAÇÃO EM DUAS AÇÕES CONSECUTIVAS/SIS_MONTAGEM/FERRAGEM:MANUAL SEM AUXILIO DE FERRAMENTA/ACESSORIOS:N/A/CARACT_DO_MODELO:ANDADOR COM BRINQUEDO ACOPLADO;7898605218394;Incluido;06/05/2025
369936/1966;Ativo;;04/08/2025;;;BAMBINO COMERCIAL LTDA;06006481000129;81987347022;R. 23;175;;53090190;RIO DOCE;OLINDA;PE;bambino.souza@terra.com.br;PINGHU XIAOTIANDI CHILDREN?S PRODUCTS FACTORY;Andadores Infantis;Portaria Inmetro nº 129 de 19/03/2021;;IN2750125;Modelo 5;;S;China, República Popular;BAMBINO;ANDADOR - BA01 - ROSA/AZUL;MAT:PP,FERRO E POLIÉSTER/DIM:70X62.5X51CM/SIS_TRAV:LIBERAÇÃO EM DUAS AÇÕES CONSECUTIVAS/SIS_MONT E FERRG:MANUAL(S/FERRAM.)/ACESS.:BRINQ.CEN.DE ATIVI./CARACT.DO MODELO:ANDADOR COM BANDEJA MUSICAL;7898576907150|7898576907167;Incluido;04/08/2025
283967/1946;Ativo;;31/08/2026;;;TUTTI BABY INDUSTRIA E COMERCIO DE ARTIGOS INFANTIS LTDA;06981862000129;4733794000;Rod. Guilherme Jensen, SC413, km13;0;Galpão 01;89108000;Distrito Industrial;Massaranduba;SC;heloiza.souza@tuttibaby.com.br;TUTTI BABY INDUSTRIA E COMERCIO DE ARTIGOS INFANTIS LTDA;Andadores Infantis;Portaria Inmetro nº 129 de 19/03/2021;;CE-AND/IQB 000013 57036/26-002;Modelo 5;;N;Brasil;TUTTI BABY;ANDADOR COMFORT - 40005004,40005003,40005011,40005028,40005007,40005010,40005006,40005029;ESTRU.METALICA:ACO TUBULAR,BRINQ:PLAST.DE ENG.,REVEST. TEXTIL: ALGODAO/48X60,5X70 CM/DOIS DISP. DE TRAV. INDEP. SENDO OP. SIMULT./PARAFUSOS E MONT. DE PÇS PLAST./BRINQ. CERT. E ADESIVO-57036/26;7898431502063|7898431502070|7898431502087|7898431502094|7898431502100|7898431502117|7898431502124|7898431502131;Incluido;31/08/2026
955743/2006;Ativo;;12/11/2024;;;CACANDO OFERTAS LTDA;23230465000134;11976586700;Rua José Ferreira Crespo;752;Sala 1;08021480;Jardim São Vicente;São Paulo;SP;diegofrancisco22@bol.com.br;STYLL ADMINISTRACAO, INVESTIMENTOS, LOCACOES & SERVICOS LIMITADA;Andadores Infantis;Portaria Inmetro nº 129 de 19/03/2021;;IN2382924;;;N;Brasil;ClickBaby's;Andador Happy baby - Versões AZUL-HAPPY BABY ROSA-HAPPY BABY LARANJA-HAPPY BABY;Mat.Aço Polipropileno.Dim:640x570x470cm.Sist.Trav. Liberação duas ações consecutivas.Sist de Mont e Ferrag:Manual sem ferramenta.Acess: Bandeja c/Brinquedo.Caract/modelo:Andador c/brinquedo na bandeja;7898975097001|7898975097018|7898975097025;Incluido;12/11/2024
026976/1962;Ativo;;07/03/2024;;;COMPANHIA DOREL BRASIL PRODUTOS INFANTIS;10659948000107;2135547024;Av. Nilo Peçanha;1516;1582;28030035;Pq dos Rodoviários;Campos dos Goytacaze;RJ;standard@dorel.com.br;COMPANHIA DOREL BRASIL PRODUTOS INFANTIS;Andadores Infantis;Portaria Inmetro nº 129 de 19/03/2021;;IN2040823;Modelo 5;;N;Brasil;Infanti;APPIA - HE022 - AZUL/ROSA - MAT.:PP, POLIÉSTER,PTA, EG, POLIPROPILENO E POLIETILENO.DIMENSÕES:56,5X68X60,5CM/;SIST. DE TRAVAMENTO: LIBERAÇÃO EM 2 AÇÕES CONSECUTIVAS/SIST. DE MONTAGEM E FERRAGEM: MANUAL (S/ FERRAMENTAS)/ACES.: BANDEJA DE BRINQUEDOS/ANDADOR COM BRINQUEDO;7908238809774|7908238809781;Excluido;10/04/2026
394090/1996;Ativo;;14/08/2019;;;BAMBOO COMERCIO, IMPORTAÇÃO E EXPORTAÇÃO EIRELI-EPP;27115224000103;8132419265;Rua. Alegre;154;Galpão A;52120125;Arruda;Recife;PE;bamboo@yescert.com.br;ZHEJIANG KINTEX INTERNATIONAL TRADING CO., LTD;Andadores Infantis;Portaria Inmetro nº 129 de 19/03/2021;;IN1632922;;;S;China, República Popular;BAMBOO;NOME FANTASIA: ANDAJAR GUGU MODELO: MD-18 CORES: VERDE;PLÁSTICO, METAL E FIBRA TÊXTIL,520 x 560 x 620 mm,MANUAL,MANUAL,BANDEJA, VOLANTE DO PUXADOR.;7909312341029;Excluido;22/07/2022
611543/1967;Inativo;;14/08/2019;;;Companhia Dorel Brasil Produtos Infantis;10659948000107;2135633602;Av. Nilo Peçanha;1516 /1582;Térreo;28030035;Pq dos Rodoviários;Campos dos Goytacaze;RJ;mariana.magalhaes@dorel.com.br;Hua Song Plastic Products Co Ltd;Andadores Infantis;Portaria Inmetro nº 42 de 19/01/2018;;OCAN-AND.145/19-3;;;S;China, República Popular;Safety 1st;11389;Nome Fantasia: Melody Garden. Cor única. Material: Ferro, plástico e PP. 64x55x66 cm. Sistema de Travamento e Montagem: Manual. Acessórios: Bandeja.;9312541727119;Incluido;14/08/2019
534668/1953;Ativo;;12/04/2021;;;TUTTI BABY INDUSTRIA E COMERCIO DE ARTIGOS INFANT;06981862000129;4733794000;Rod. Guilherme Jensen;0;Galpão 01;89108000;Distrito Industrial;Massaranduba;SC;qualidade@tuttibaby.com.br;TUTTI BABY INDUSTRIA E COMERCIO DE ARTIGOS INFANT;Andadores Infantis;Portaria Inmetro nº 129 de 19/03/2021;;CE-AND/IQB 000005 54149/20-001;Modelo 5;;N;Brasil;Tutti Baby;Andador 40.001;ESTRUT.MET. DE AÇO TUB.PLÁST. DE ENG.ALGODÃO.48CM X60,5CMX70CM,COM DUAS AÇÕESCONSEC PARA LIB.REB.E PARAF.BRINQ. E ADES.BASE SUP.BASE INF.FREIO ANTI-QUEDA E CONJ.DE RODAS,PNEU DA RODA TRAS. E TRAVA ANT;7898431501219|7898431501226|7898431501233;Incluido;12/04/2021
094757/1970;Ativo;;07/03/2024;;;JASSUMAL LTDA;04214425000154;63881924131;AV SETE SETEMBRO;852;;69005140;CENTRO;MANAUS;AM;dgjohnny@gmail.com;PINGHU SHI XIAOTIANDI CHILDREN''S PRODUCTS FACTORY;Andadores Infantis;Portaria Inmetro nº 129 de 19/03/2021;;IN2087524;;;S;China, República Popular;BABY SPORTS;ANDADOR JASSUMAL - BS104 - AZUL CLARO E ESCURO-BS104A/ROSA CLARO E ESCURO-BS104R/VERMELHO E PRETO-BS104VP/ROXO E ROSA ESCURO-BS104RR;MAT.:PP,FERRO E POLIÉSTER/DIM.:63X57X53CM/SIST.TRAVA.:LIBERAÇÃO EM DUAS AÇÕES CONSECUTIVAS/SIST.MONT.FERRA.:MANUAL(SEM FERRAMENTA)/ACESSÓRIOS:N/A/CARACTERISTICAS DO MODELO: ANDADOR COM BRINQUEDO;6901041000155;Incluido;07/03/2024
802630/1996;Inativo;;24/09/2019;;;Galzerano Indústria de Carrinhos e Berços Ltda;43594977000197;1934043030;Via Prefeito Jurandyr Paixão;700;;13481149;Jd. Campo Belo;Limeira;SP;luisfernando.camargo@galzerano.com.br;SHEN ZHEN WEI MEI CHILDCARE PRODUCT LIMITED COMPANY;Andadores Infantis;Portaria Inmetro nº 42 de 19/01/2018;;CE-AND/IQB 000006 53504/20-001;;;S;China, República Popular;GALZERANO;Andador de bebê 4 em 1 Funny - Versões: Color (CR), Verde Água (VDA);Mat Tec poli Espum Resin plást Itens fix Dimens 75Cx71Lx55A(cm) Sist trav Dobradiç plást c/ botã acion Sist mont frenag Encaix manua Mod Andador c/ módul sonor Pçs girat Cores divers Acess Brinq remov;7898089221477|7898089221996;Incluido;24/09/2019
351424/1995;Ativo;;19/06/2023;;;KCARVALHUS COMERCIO E SERVICOS EIRELI;24633386000137;1143798430;Rua Poeta João Cabral De Melo Neto,  Santa Maria - Osasco - SP;77;;06147020; Santa Maria ;Osasco ;SP;carlos.carvalho@kkbebe.com.br;PINGHU SHI XIAOTIANDI CHILDREN?S PRODUCTS FACTORY;Andadores Infantis;Portaria Inmetro nº 129 de 19/03/2021;;IN1823223;;;S;China, República Popular;KK bebê;ANDADOR INFANTIL PASSINHO FORTE / AZUL /ROSA , MATERIAL:PP,FERRO E POLIÉSTER/DIMENSÕES:63X57X53CM;SISTEMA DE TRAVAMENTO:LIBERAÇÃO EM DUAS AÇÕES CONSECUTIVAS/SISTEMA DE MONTAGEM E FERRAGEM: MANUAL (SEM FERRAMENTA)/ACESSÓRIOS:BRINQUEDOS/CARACTERISTICAS DO MODELO: ANDADOR COM BRINQUEDO FIXO ACOPLADO;7898711750108|7898711750115;Incluido;19/06/2023
249758/1933;Ativo;;01/08/2023;;;COMPANHIA DOREL BRASIL PRODUTOS INFANTIS;10659948000883;2135547024;Av. DR  Nilo Peçanha;1516;Galpão 3 ;28030035;Pq dos Rodoviários;Campos dos Goytacaze;RJ;standard@dorel.com.br;ZHONG SHAN SUN LUEN CHONG COMMODITY COMPANY LIMITED;Andadores Infantis;Portaria Inmetro nº 129 de 19/03/2021;;CE-AND/IQB 000011 55435/22-001;Modelo 5;;S;China, República Popular;TINY LOVE;4-in-1 Here I Grow Mobile Activity Center. Ref. 1806501211. ABS, Alumínio, Aço, Poliéster, PP. 70x57x44cm.Sist. de mont.:Manual (s/ ferragem).;Sist. de Trav.:2 disp. de travamento independentes, devem ser operados simultaneamente. Aces.: Brinq. acoplado.;7290108862973;Incluido;01/08/2023
543762/1959;Ativo;;07/02/2022;;;TUTTI BABY INDUSTRIA E COMERCIO DE ARTIGOS INFANTIS LTDA;06981862000129;4733794000;Rod. Guilherme Jensen, SC413, km13;0;;89108000;Distrito Industrial;Massaranduba;SC;certificacao@tuttibaby.com.br;TUTTI BABY INDUSTRIA E COMERCIO DE ARTIGOS INFANTIS LTDA;Andadores Infantis;Portaria Inmetro nº 129 de 19/03/2021;;IN2869325;Modelo 5;;N;Brasil;Tutti Baby;Andador Safari II Azul/Rosa/Vermelho/Andador Princesa Rosa Coroa/Andador Acqua Explorador Cinza/Roxo;ESTRUT. MET.AÇO.TUBULAR/48x60,5x70CM/SIST.DE TRAV. COM.DUAS.AÇÕES.CONSECUT.PARA.LIBER./PARAFUSOS.E. REBITES/BRINQUEDOS.E.ADESIVOS;7898431501615|7898431501622|7898431501639|7898431501684|7898431501691|7898431501707;Excluido;12/01/2024
280202/1940;Inativo;;02/04/2020;;;Galzerano Indústria de Carrinhos e Berços Ltda;43594977000197;1934043030;Via Prefeito Jurandyr Paixão;700;;13481149;Jd. Campo Belo;Limeira;SP;luisfernando.camargo@galzerano.com.br;FOSHAN SHUNDE QIJUN TOYS CO., LTD;Andadores Infantis;Portaria Inmetro nº 42 de 19/01/2018;;CE-AND/IQB 000006 53487/19-001;;;S;China, República Popular;GALZERANO;Ref.: 4090 - Liam. Versões: 4090CZ (Cinza), 4090PT (Preto);Mat: Tec poli Espum Resin plást Tinta Ferragens. Dim: 70x65x54(cm). Sist Trav: Trilho plást c/ botão destrav e reg de altura. Sist mont/ferragem: Manual. Acess: Bandej brinq não removív e retrovisores;7908200101431|7908200101448;Incluido;02/04/2020
239100/1933;Ativo;;09/12/2019;;;TAPUZIM COMERCIAL LTDA;00513418000100;1138569063;Av. Monte Celeste;230;250;02561000;Vila S. Maria;São Paulo;SP;ehs0770@hotmail.com;SHEN ZHEN WEI MEI CHILDCARE PRODUCT LIMITED COMPANY;Andadores Infantis;Portaria Inmetro nº 42 de 19/01/2018;;OCAN-AND.165/19-3;;;S;China, República Popular;baby style;CENTRO DE ATIVIDADES;VERSÕES: Andador play - Ref.5821 Andador meninos - Ref. 515211 Andador meninas - Ref. 51522. Material: Plástico, metal e tecido. Dimensões: 74 x 75 x 18 cm Sistema de Travamento: Stoper Sistema de Mon;4079515211993|4079515222999|4532582122994;Incluido;09/12/2019
837766/1985;Ativo;;14/08/2019;;;BAMBOO COMERCIO, IMPORTAÇÃO E EXPORTAÇÃO EIRELI-EPP;27115224000103;8132419265;Rua. Alegre;154;Galpão A;52120125;Arruda;Recife;PE;bamboo@yescert.com.br;ZHEJIANG KINTEX INTERNATIONAL TRADING CO., LTD;Andadores Infantis;Portaria Inmetro nº 129 de 19/03/2021;;IN1632922;;;S;China, República Popular;BAMBOO;NOME FANTASIA: ANDAJAR GUGU MODELO: MD-18 CORES: VERDE;PLÁSTICO, METAL E FIBRA TÊXTIL,520 x 560 x 620 mm,MANUAL,MANUAL,BANDEJA, VOLANTE DO PUXADOR.;7909312341029;Excluido;22/07/2022
131770/2012;Inativo;;14/01/2021;;;GALZERANO INDUSTRIA DE CARRINHOS E BERCOS LTDA;43594977000197;1934043030;Via Prefeito Jurandyr Paixão;700;;13481149;Jd. Campo Belo;Limeira;SP;luisfernando.camargo@galzerano.com.br;HUNGSENG HARDWARE PLASTIC (DG) CORP., LTD;Andadores Infantis;Portaria Inmetro nº 42 de 19/01/2018;;CE-AND/IQB 000006 54018/20-001;;;S;China, República Popular;GALZERANO;Ref.: 4015-Andador 3 em 1 Fênix. Versões: 4015CR (Color);Mat Tec polié Espum Resin plást Itens fixação Dimens 103x103x72(cm) Sist travamento suporte plástico c/ encaixe Sist montagem/ferragem encaixes manuais Acessório: Bandeja de brinquedos não removíveis;7908200101936;Incluido;14/01/2021
931589/1976;Ativo;;05/08/2021;;;GALZERANO INDUSTRIA DE CARRINHOS E BERCOS LTDA;43594977000197;19999947357;Via Prefeito Jurandyr Paixão;700;;13481149;Jd. Campo Belo;Limeira;SP;luisfernando.camargo@galzerano.com.br;GALZERANO INDUSTRIA DE CARRINHOS E BERCOS LTDA;Andadores Infantis;Portaria Inmetro nº 129 de 19/03/2021;;CE-AND/IQB 000006 54618/21-001;;;N;Brasil;GALZERANO;Ref.: 4050-Andador Torino. Versões: 4050PTR (Preto Rosa), 4050PTT (Preto Terracota);Mat Tec poliest Espum PP PA6 Master Tint Tub aço Itens fix/aviam CxLxA(cm) 71x62,5x51,5 Trav Trilh plást c/ botão destrav e reg alt Acess Band brinq não remove retrov Caract Tec Pçs plást Tint Ferrage;7908200102193|7908200102209;Excluido;01/09/2021
425785/1938;Ativo;;19/06/2026;;;LILI FLORES ARTESANAIS LTDA;50509301000113;2199999999;R SANTO SEPULCRO;00279;;21350220;MADUREIRA;RIO DE JANEIRO;RJ;xiaoweiliu663@gmail.com;PINGHU XIAOTIANDI CHILDREN''S PRODUCTS FACTORY ;Andadores Infantis;Portaria Inmetro nº 129 de 19/03/2021;;IN3051726;Modelo 5;;S;China, República Popular;LILI;MOD:ANDADOR LL-2931 / CÓD. DE REFERÊNCIA COMERCIAL: LL-2931 / AZUL,ROSA,VERDE;MAT.:PP, POLIÉSTER E POLIETILENO/DIM:56,5X68X60,5CM/ SIST.TRAV.:LIBERAÇÃO EM DUAS AÇÕES CONSECUTIVAS/SIST. MONT.:LIBERAÇÃO EM DUAS AÇÕES CONSECUTIVAS/SEM ACESSÓRIOS/ANDADOR COM BRINQUEDO INTERATIVO;;Incluido;19/06/2026
693747/1981;Ativo;;29/01/2025;;;HCM INDUSTRIA E IMPORTACAO LTDA;12538691000160;3798753533;RUA SERGIPE ;1963;;35591096;SANTA ALEXANDRINA;LAGOA DA PRATA;MG;compras@hcmmalta.com.br;HCM INDUSTRIA E IMPORTACAO LTDA;Andadores Infantis;Portaria Inmetro nº 129 de 19/03/2021;;IN2431224-1;;;N;Brasil;JUMBO BABY;ANDADOR MUSICAL SUPERLUXO JUMBO BABY/Acessórios:Assento,Empurrador,Painel Musical/Caracteristicas do modelo:Andador com brinquedo na bandeja/Versões:AZUL,ROSA,VERMELHO,LARANJA;Mat:POLIPROPILENO (PP)/ACO CARBONO(FERRAGENS)/TECIDO(POLIÉSTER)/Dim:69,5X58,5X14,5/Sist de Trav:Liberação em duas ações consecutivas/Sist de Mont e Fer:Manual(sem ferramenta);7898947715025|7898947715032|7898947715049|7898947715056;Incluido;29/01/2025
719789/1964;Inativo;;14/08/2019;;;Companhia Dorel Brasil Produtos Infantis;10659948000107;2135633602;Av. Nilo Peçanha;1516 /1582;Térreo;28030035;Pq dos Rodoviários;Campos dos Goytacaze;RJ;mariana.magalhaes@dorel.com.br;Hua Song Plastic Products Co Ltd;Andadores Infantis;Portaria Inmetro nº 42 de 19/01/2018;;OCAN-AND.145/19-3;;;S;China, República Popular;Safety 1st;11389;Nome Fantasia: Melody Garden. Cor única. Material: Ferro, plástico e PP. 64x55x66 cm. Sistema de Travamento e Montagem: Manual. Acessórios: Bandeja.;9312541727119;Incluido;14/08/2019
613420/2020;Ativo;;16/09/2024;;;AMAZONAS IMPORTADOS LTDA;07269201000138;9691131654;Rua Independência;175;;68900090;Central;Macapa;AP;adriana.abreu@amazonasimportados.com.br;YIWU BALBIAN ELECTRONIC TECHNOLOGICAL CO., LTD;Andadores Infantis;Portaria Inmetro nº 129 de 19/03/2021;;IN2086424-1;;;S;China, República Popular;LÉ PETIT;MODE:BABY WALKER/REF:LP-9517/ CONT: ANDADOR COM BRINQUEDO ACOPLADO/VERSÕES:AZUL,ROSA,VERDE,;MAT:PP E POLIÉSTER/DIM:62X55,5X50CM/SIST DE TRAV:LIBERAÇÃO EM DUAS AÇÕES CONSECUTIVAS/SIST DE MONT E FERRAGEM:MANUAL (SEM FERRAMENTA)/ACESSÓRIOS:N/A.CARACTERISTICAS DO MODELO:;453068745717;Incluido;16/09/2024
013793/1991;Ativo;;06/09/2024;;;TUTTI BABY INDUSTRIA E COMERCIO DE ARTIGOS INFANTIS LTDA;06981862000129;4733794000;Rod. Guilherme Jensen, SC413, km13;0;Galpão 01;89108000;Distrito Industrial;Massaranduba;SC;certificacao@tuttibaby.com.br;TUTTI BABY INDUSTRIA E COMERCIO DE ARTIGOS INFANTIS LTDA;Andadores Infantis;Portaria Inmetro nº 129 de 19/03/2021;;IN2321524;;;N;Brasil;TUTTI BABY;ANDADOR COMFORT/REF.ANDADOR COMFORT 40.005/40005004/40005003/40005011/40005028/40005007/40005010/40005006/40005029;MAT:PLAST.ENG/ALGODÃO/DIMEN:48X60,5X70CM/SIST.DE TRAV:DOIS DISP.DE TRAV.INDEP.SENDO OP.SIMUL/SIST.DE MONT.FERR:OUTROS:PARAF,MONT.PEÇAS PLAST./ACESS:BANDEIJA C/ BRINQ/CARAC.DO MOD:ANDADOR C/BRINQUEDO;7898431502063|7898431502070|7898431502087|7898431502094|7898431502100|7898431502117|7898431502124|7898431502131;Incluido;06/09/2024
307797/2017;Inativo;;12/01/2023;;;COMPANHIA DOREL BRASIL PRODUTOS INFANTIS;10659948000883;2135547024;Av. Nilo Peçanha;1516 ;Galpão 3 ;28030035;Pq dos Rodoviários;Campos dos Goytacaze;RJ;standard@dorel.com.br;Jin Sun Gee Plastics Co., Ltd;Andadores Infantis;Portaria Inmetro nº 129 de 19/03/2021;;IN1701622-3;;;S;Formosa (Taiwan);Safety 1st;HE001. Nome comercial: Spacewalker 3 em 1. Versões: Grey, Orange.;PP,Ferro,Aço,ABS,PVC,POM,TPR,MB475,Pol,65.5x50x71.5cm.Trav:Lib.2ações cons.,Mont:Manual.Aces.Brinq.;7908238803932|7908238803949;Incluido;12/01/2023
601812/1943;Ativo;;15/11/2024;;;HCM INDUSTRIA E IMPORTACAO LTDA;12538691000160;37998767200;RUA SERGIPE ;1963;;35591096;SANTA ALEXANDRINA;LAGOA DA PRATA;MG;compras.hcmmalta@gmail.com;HCM INDUSTRIA E IMPORTACAO LTDA;Andadores Infantis;Portaria Inmetro nº 129 de 19/03/2021;;IN2431224-2;;;N;Brasil;JUMBO BABY;ANDADOR MUSICAL MEGALUXO JUMBO BABY/AZUL/ROSA/VERMELHO/LARANJA, CARAC.D/MODEL:ANDADOR COM BRINQUEDO NA BANDEJA;MAT.:POLIPROPILENO(PP)/ACO CARBONO(FERRAGENS)/TECIDO(POLIÉSTER)/DIM:69,5X58,5X14,5/SIS.D/TRAV.:LIB.EM 2AS.CON./SIS.D/MONT.E FERR.:MAN.(S/FERR.)/ACESS.:ASSE/FORR.P/OS PÉS/EMP./PAI.MUS;7898947715063|7898947715070|7898947715087|7898947715094;Incluido;15/11/2024
543762/1959;Ativo;;19/06/2023;;;KCARVALHUS COMERCIO E SERVICOS EIRELI;24633386000137;1143798430;Rua Poeta João Cabral De Melo Neto,  Santa Maria - Osasco - SP;77;;06147020; Santa Maria ;Osasco ;SP;carlos.carvalho@kkbebe.com.br;PINGHU SHI XIAOTIANDI CHILDREN?S PRODUCTS FACTORY;Andadores Infantis;Portaria Inmetro nº 129 de 19/03/2021;;IN1823223;;;S;China, República Popular;KK bebê;ANDADOR INFANTIL PASSINHO FORTE / AZUL /ROSA , MATERIAL:PP,FERRO E POLIÉSTER/DIMENSÕES:63X57X53CM;SISTEMA DE TRAVAMENTO:LIBERAÇÃO EM DUAS AÇÕES CONSECUTIVAS/SISTEMA DE MONTAGEM E FERRAGEM: MANUAL (SEM FERRAMENTA)/ACESSÓRIOS:BRINQUEDOS/CARACTERISTICAS DO MODELO: ANDADOR COM BRINQUEDO FIXO ACOPLADO;7898711750108|7898711750115;Incluido;19/06/2023
133658/1965;Ativo;;09/12/2019;;;TAPUZIM COMERCIAL LTDA;00513418000100;1138569063;Av. Monte Celeste;230;250;02561000;Vila S. Maria;São Paulo;SP;ehs0770@hotmail.com;SHEN ZHEN WEI MEI CHILDCARE PRODUCT LIMITED COMPANY;Andadores Infantis;Portaria Inmetro nº 129 de 19/03/2021;;IN2062423;Modelo 5;;S;China, República Popular;baby style;ANDADOR ANIMAIS;ANIMAISVERSÕES: Andador cachorro vermelho - Ref. 33721 Andador cachorro azul - Ref. 33722 Andador abelha rosa - Ref. 33723 Andador abelha azul - Ref. 33724 . Material: Plástico, metal e tecido. Dimen;4079337218996|4079337228995|4079337238994|4079337248993;Excluido;21/12/2020
895816/1969;Ativo;;07/02/2022;;;TUTTI BABY INDUSTRIA E COMERCIO DE ARTIGOS INFANTIS LTDA;06981862000129;4733794000;Rod. Guilherme Jensen, SC413, km13;0;;89108000;Distrito Industrial;Massaranduba;SC;certificacao@tuttibaby.com.br;TUTTI BABY INDUSTRIA E COMERCIO DE ARTIGOS INFANTIS LTDA;Andadores Infantis;Portaria Inmetro nº 129 de 19/03/2021;;IN2869325;Modelo 5;;N;Brasil;TUTTI BABY;ANDADOR SAFARI II-ANDADOR 40.002-40002003/40002004/40002007/40003004/40004002/40004003;MAT:PP/ALGODAO/DIM:51X61X70CM/SIS_TRAV:DOIS DISPOS DE TRAV IND. OPER. SIMULTÂNEAMENTE/SIS_MONT/FERRG:REBITES,PARAF,ENCAIXE DE PÇS PLAST/ACESS:BAND. C/ BRINQ/CARAC. DO MOD.:ANDADOR C/ BRINQ NA BAND;7898431501615|7898431501622|7898431501639|7898431501684|7898431501691|7898431501707;Incluido;27/02/2026
858479/1968;Ativo;;07/02/2022;;;TUTTI BABY INDUSTRIA E COMERCIO DE ARTIGOS INFANTIS LTDA;06981862000129;4733794000;Rod. Guilherme Jensen, SC413, km13;0;;89108000;Distrito Industrial;Massaranduba;SC;certificacao@tuttibaby.com.br;TUTTI BABY INDUSTRIA E COMERCIO DE ARTIGOS INFANTIS LTDA;Andadores Infantis;Portaria Inmetro nº 129 de 19/03/2021;;IN2869325;Modelo 5;;N;Brasil;TUTTI BABY;DESIGNAÇÃO COMERC SAFARI II (AZUL/ROSA/VERMELHO),PRINCESA ROSA COROA,ACQUA,EXPLORADOR (CINZA/ ROXO) CÓD D REF COMERC:ANDAD 40.002/40002003/40002004/40002007/40003004/40004002/40004003;MAT:ESTRUTURA METALICA - AÇO TUBULAR/DIM:48X60,5X70CM/SIST DE TRAVA:LIBERAÇ EM 2AÇÕES CONSECUT/SIST DE MONTAGEM E FERRAGEM:PARAFUSOS E REBITES/ACESSÓ:BRINQUEDOS E ADESIVOS/CARACT DO MODELO:ANDADOR C B;7898431501615|7898431501622|7898431501639|7898431501684|7898431501691|7898431501707;Excluido;26/04/2024
189820/1996;Inativo;;07/10/2019;;;Galzerano Indústria de Carrinhos e Berços Ltda;43594977000197;1934043030;Via Prefeito Jurandyr Paixão;700;;13481149;Jd. Campo Belo;Limeira;SP;luisfernando.camargo@galzerano.com.br;GUANGDONG ZHIHUI CHILDREN?S PRODUCTS CO.,LTD;Andadores Infantis;Portaria Inmetro nº 42 de 19/01/2018;;CE-AND/IQB 000006 53503/20-001;;;S;China, República Popular;GALZERANO;Andador de bebê Magic - Versão: Cinza (CZ), Preto (PT);Mat Tec poli Espum Resin plást Tint Ferrag 70Cx65Lx54A cm Travam trilho plást com botão de destrav e regul alt Mont/frenag manual Andador com pçs girat e cores diversas Acess Bandej Brinq não removív.;7898089221590|7898089222283;Incluido;07/10/2019
158136/1954;Inativo;;14/08/2019;;;Companhia Dorel Brasil Produtos Infantis;10659948000107;2135633602;Av. Nilo Peçanha;1516 /1582;Térreo;28030035;Pq dos Rodoviários;Campos dos Goytacaze;RJ;mariana.magalhaes@dorel.com.br;JIN SUN GEE PLASTIC CO.,LTD;Andadores Infantis;Portaria Inmetro nº 42 de 19/01/2018;;OCAN-AND.145/19-4;;;S;Formosa (Taiwan);Voyage;BG1401;Nome Fantasia: Buggy. Cores: Rosa e Azul. Material: Ferro, plástico, PP e PU. 42 x 58.5 x 65 cm. Sistema de Travamento e Montagem: Manual. Acessórios: Bandeja;7898509475206|7898509475213;Incluido;14/08/2019
483824/2022;Ativo;;07/03/2024;;;COMPANHIA DOREL BRASIL PRODUTOS INFANTIS;10659948000107;2135547024;Av. Nilo Peçanha;1516;1582;28030035;Pq dos Rodoviários;Campos dos Goytacaze;RJ;standard@dorel.com.br;COMPANHIA DOREL BRASIL PRODUTOS INFANTIS;Andadores Infantis;Portaria Inmetro nº 129 de 19/03/2021;;IN2040823;Modelo 5;;N;Brasil;Infanti;APPIA - HE022 - AZUL/ROSA - MAT.:PP, POLIÉSTER,PTA, EG, POLIPROPILENO E POLIETILENO.DIMENSÕES:56,5X68X60,5CM/;SIST. DE TRAVAMENTO: LIBERAÇÃO EM 2 AÇÕES CONSECUTIVAS/SIST. DE MONTAGEM E FERRAGEM: MANUAL (S/ FERRAMENTAS)/ACES.: BANDEJA DE BRINQUEDOS/ANDADOR COM BRINQUEDO;7908238809774|7908238809781;Excluido;10/04/2026
777839/1948;Ativo;;09/09/2026;;;TUTTI BABY INDUSTRIA E COMERCIO DE ARTIGOS INFANTIS LTDA;06981862000129;4733794000;Rua Vicente Zanotti;177;Galpão 01;89381270;Industrial Zaferino ;Massaranduba;SC;heloiza.souza@tuttibaby.com.br;TUTTI BABY INDUSTRIA E COMERCIO DE ARTIGOS INFANTIS LTDA;Andadores Infantis;Portaria Inmetro nº 129 de 19/03/2021;;CE-AND/IQB 000013 57036/26-001;Modelo 5;;N;Brasil;TUTTI BABY;ANDADOR SAFARI - REF. 40002003,40002004,40002007,40003004,40004002,40004003;ESTRU.MET.:ACO TUBULAR,BRINQ:PLAST. DE ENG.,REVEST. TEXTIL:ALGODAO/51X61X70 CM/DOIS DISP. DE TRAV. INDEPENDENTES SENDO OPERADOS SIMULT./PARAFUSOS E MONT. DE PÇS PLAST./BRINQ. CERTIF.E ADESIVO-57036/26;7898431501615|7898431501622|7898431501639|7898431501684|7898431501691|7898431501707;Incluido;09/09/2026
071843/1975;Ativo;;14/05/2026;;;UNI-ART IMPORT LTDA.;68168368000105;11952844300;AV DAS INDUSTRIAS ;755;;13288163;DIST.INDL B. STORANI;VINHEDO;SP; www.unitoys.com.br;QINGYUAN XINGLONG BALL PRODUCING CO., LTD.;Andadores Infantis;Portaria Inmetro nº 129 de 19/03/2021;;IN2985326;Modelo 5;;S;China, República Popular;UNITOYS;ANDADOR COM EMPURRADOR - N/A - 3726 AZUL/3726 ROSA;MAT:PP, POLIÉSTER E AÇO/DIM:50X60X102 CM/SIS_TRAV:LIBERAÇÃO EM DUAS AÇÕES CONSECUTIVAS/SIS_MONT E FERRG:MANUAL (SEM FERRAMENTA)/ACESS:N/A/CARACTERISTICAS DO MODELO:ANDADOR COM BANDEJA MUSICAL;7908901504395|7908901504401;Incluido;14/05/2026
925936/2017;Ativo;;04/08/2025;;;BAMBINO COMERCIAL LTDA;06006481000129;81987347022;R. 23;175;;53090190;RIO DOCE;OLINDA;PE;bambino.souza@terra.com.br;PINGHU XIAOTIANDI CHILDREN?S PRODUCTS FACTORY;Andadores Infantis;Portaria Inmetro nº 129 de 19/03/2021;;IN2750125;Modelo 5;;S;China, República Popular;BAMBINO;ANDADOR - BA01 - ROSA/AZUL;MAT:PP,FERRO E POLIÉSTER/DIM:70X62.5X51CM/SIS_TRAV:LIBERAÇÃO EM DUAS AÇÕES CONSECUTIVAS/SIS_MONT E FERRG:MANUAL(S/FERRAM.)/ACESS.:BRINQ.CEN.DE ATIVI./CARACT.DO MODELO:ANDADOR COM BANDEJA MUSICAL;7898576907150|7898576907167;Incluido;04/08/2025
772510/1948;Ativo;;07/02/2022;;;TUTTI BABY INDUSTRIA E COMERCIO DE ARTIGOS INFANTIS LTDA;06981862000129;4733794000;Rod. Guilherme Jensen, SC413, km13;0;;89108000;Distrito Industrial;Massaranduba;SC;certificacao@tuttibaby.com.br;TUTTI BABY INDUSTRIA E COMERCIO DE ARTIGOS INFANTIS LTDA;Andadores Infantis;Portaria Inmetro nº 129 de 19/03/2021;;IN2869325;Modelo 5;;N;Brasil;TUTTI BABY;ANDADOR SAFARI II-ANDADOR 40.002-40002003/40002004/40002007/40003004/40004002/40004003;MAT:PP E ALGODAO/DIM:51X61X70CM/SIS_TRAV:DOIS DISPOS TRAV INDEPEND SENDO OPER SIMULTÂNEAM./SIS_MONT/FERRG:REBITES,PARAFUSOS E ENCAIXE DE PÇS PLAST/ACESS:BAND. COM BRINQ/CARAC. DO MOD.:AND. C/ BRINQ NA;7898431501615|7898431501622|7898431501639|7898431501684|7898431501691|7898431501707;Excluido;27/02/2026
467524/1963;Ativo;;07/02/2022;;;TUTTI BABY INDUSTRIA E COMERCIO DE ARTIGOS INFANTIS LTDA;06981862000129;4733794000;Rod. Guilherme Jensen, SC413, km13;0;;89108000;Distrito Industrial;Massaranduba;SC;certificacao@tuttibaby.com.br;TUTTI BABY INDUSTRIA E COMERCIO DE ARTIGOS INFANTIS LTDA;Andadores Infantis;Portaria Inmetro nº 129 de 19/03/2021;;IN2869325;Modelo 5;;N;Brasil;Tutti Baby;Andador Safari Plus II (Azul / Rosa / Vermelho);ESTRUT. MET.AÇO.TUBULAR/48x60,5x70CM/SIST.DE TRAV. COM.DUAS.AÇÕES.CONSECUT.PARA.LIBER./PARAFUSOS.E. REBITES/BRINQUEDOS.E.ADESIVOS;7898431501615|7898431501622|7898431501639;Excluido;08/04/2022
931589/1976;Ativo;;19/02/2026;;;RGM  COMERCIO E SERVICOS LTDA;18007664000148;11996294240;Avenida Angélica;511;Cj. 904;01227100;Santa Cecilia;São Paulo;SP;papush@uol.com.br;PINGHU XIAOTIANDI CHILDREN?S PRODUCTS FACTORY;Andadores Infantis;Portaria Inmetro nº 129 de 19/03/2021;;IN2911726;Modelo 5;;S;China, República Popular;RGM;ANDADOR DREUX - R602 - AVIÃO - AVIAO;MAT:PP,FERRO E POLIÉ./DIM:70X62.5X51 CM/SIST.DE TRAV.:LIB.EM DUAS AÇÕES CONSECU./SIST.DE MONT.E FERR.:MANUAL (SEM FERRAMENTA)/ACESS:BANDEJA MUSICAL/CARACT.DO MODELO:ANDADOR COM BANDEJA MUSICAL;7898926505616;Incluido;19/02/2026
365847/2001;Inativo;;30/09/2019;;;Tutti Baby Indústria e Comércio de Artigos Infantis Ltda;06981862000129;4733794000;Rod. Guilherme Jensen;s/n;Galpão 01;89108000;Distrito Industrial;Massaranduba;SC;qualidade@tuttibaby.com.br;;Andadores Infantis;Portaria Inmetro nº 42 de 19/01/2018;;CE-AND/IQB 000005 53137/19-001;;;N; ;Tutti Baby;Andador 02003;Material: Estrut. metálica de aço tub, plást. de engenharia, algodão. Dim: 52cmx60cmx70,5cm, sist.de trav: com duas ações consecutivas para liber, sist. de mont.ferrag: rebites e parafusos, aces: brin;17898431495966|17898431495980|17898431496000|17898431496024|17898431500660|17898431500677|17898431500684|7898431495952|7898431495969|7898431495976|7898431495983|7898431495990|7898431496006|7898431496010|7898431496027|7898431500601|7898431500618|7898431500625|7898431500632|7898431500649|7898431500656;Incluido;30/09/2019
935678/1941;Ativo;;01/12/2021;;;FAST TRADING IMPORTACAO, EXPORTACAO E COMERCIO DE BEBIDAS EIRELI;34076058000130;8130191960;AV. GOVERNADOR AGAMENON MAGALHÃES,  EDF. EMPRESSARIAL RENATO DIAS - ANDAR 15º, SALA 1502 ;4318;SALA 1502;52010075;PAISSANDU; RECIFE;PE;ricardo.ferreira@fasttradingimport.com.br;China Zhejiang Techincal Co. Ltd;Andadores Infantis;Portaria Inmetro nº 42 de 19/01/2018;;OCAN-AND.514/21-1;;;S;China, República Popular;Fast;602;Material:	PP, Ferro e Poliester/ Dimensões:	63 x 57 x 53 cm/ Sistema de Travamento: Travamento automático com liberação em duas ações consecutivas/ Sistema de Montagem e Ferragem: Manual	/Acessórios: ;;Incluido;01/12/2021
659862/1927;Ativo;;07/08/2024;;;AMAZONAS IMPORTADOS LTDA;07269201000138;9691131654;Rua Independência;175;;68900090;Central;Macapa;AP;adriana.abreu@amazonasimportados.com.br;YIWU BALBIAN ELECTRONIC TECHNOLOGICAL CO., LTD;Andadores Infantis;Portaria Inmetro nº 129 de 19/03/2021;;IN2086424-4;;;S;China, República Popular;LÉ PETIT;MODE:BABY WALKER/REF:LP-9917/ CONT: ANDADOR COM BRINQUEDO ACOPLADO/VERSÕES:AZUL,VERMELHO,AMARELO,ROSA.;MAT:PP E POLIÉSTER/DIM:65X54X49CM/SIST DE TRAV:LIBERAÇÃO EM DUAS AÇÕES CONSECUTIVAS/SIST DE MONT E FERRA :MANUAL (SEM FERRAMENTA)/ACES:N/A.CARACTERISTICAS DO MODELO:;7453116024706;Incluido;07/08/2024
611219/2008;Ativo;;30/08/2021;;;TA TE TI INDUSTRIA E COMERCIO DE BRINQUEDOS EDUCATIVOS LTDA;30261120000103;4732422225;RUA TIRADENTES;230;;89107000;CENTRO;POMERODE;SC;qualidade3@grupocalesita.com.br;TA TE TI INDUSTRIA E COMERCIO DE BRINQUEDOS EDUCATIVOS LTDA;Andadores Infantis;Portaria Inmetro nº 129 de 19/03/2021;;CE-AND/IQB 000010 55962/23-001;Modelo 5;;N;Brasil;Tateti;Ref.915 - Move Baby Rosa;PP, METAL, TECIDO POLIESTER. DIMENSAO: 70,20X59,83X49,12CM. SIST. TRAVAMENTO:FREIO DIANTEIRO E TRASEIRO. SIST DE MONTAGEM: MANUAL/PARAFUSOS PP. ACESSORIOS:BANDEJA DE BRINQUEDOS;7898664632247;Incluido;02/03/2026
055532/2016;Inativo;;11/11/2022;;;COMPANHIA DOREL BRASIL PRODUTOS INFANTIS;10659948000883;2135547024;Av. Nilo Peçanha;1516 ;Galpão 3 ;28030035;Pq dos Rodoviários;Campos dos Goytacaze;RJ;standard@dorel.com.br;Jin Sun Gee Plastics Co., Ltd;Andadores Infantis;Portaria Inmetro nº 129 de 19/03/2021;;IN1701622-2;;;S;Formosa (Taiwan);Voyage;BG-1518. Nome comercial: Baby Step. Versões: Rosa e Azul.;Ferro,PP e poliéster. 60x49x68cm.Trav:Lib.2 ações consec.,Mont:Encaixe. Aces:Brinquedos;7908238801280|7908238801297;Incluido;11/11/2022
283643/1987;Inativo;;07/10/2019;;;Galzerano Indústria de Carrinhos e Berços Ltda;43594977000197;1934043030;Via Prefeito Jurandyr Paixão;700;;13481149;Jd. Campo Belo;Limeira;SP;luisfernando.camargo@galzerano.com.br;GUANGDONG ZHIHUI CHILDREN?S PRODUCTS CO.,LTD;Andadores Infantis;Portaria Inmetro nº 42 de 19/01/2018;;CE-AND/IQB 000006 53503/20-001;;;S;China, República Popular;GALZERANO;Andador de bebê Magic - Versão: Cinza (CZ), Preto (PT);Mat Tec poli Espum Resin plást Tint Ferrag 70Cx65Lx54A cm Travam trilho plást com botão de destrav e regul alt Mont/frenag manual Andador com pçs girat e cores diversas Acess Bandej Brinq não removív.;7898089221590|7898089222283;Incluido;07/10/2019
953866/1953;Inativo;;07/10/2019;;;Galzerano Indústria de Carrinhos e Berços Ltda;43594977000197;1934043030;Via Prefeito Jurandyr Paixão;700;;13481149;Jd. Campo Belo;Limeira;SP;luisfernando.camargo@galzerano.com.br;GUANGDONG ZHIHUI CHILDREN?S PRODUCTS CO.,LTD;Andadores Infantis;Portaria Inmetro nº 42 de 19/01/2018;;CE-AND/IQB 000006 53503/20-001;;;S;China, República Popular;GALZERANO;Andador de bebê Magic - Versão: Cinza (CZ), Preto (PT);Mat Tec poli Espum Resin plást Tint Ferrag 70Cx65Lx54A cm Travam trilho plást com botão de destrav e regul alt Mont/frenag manual Andador com pçs girat e cores diversas Acess Bandej Brinq não removív.;7898089221590|7898089222283;Incluido;07/10/2019
250071/1992;Ativo;;07/03/2024;;;JASSUMAL LTDA;04214425000154;63881924131;AV SETE SETEMBRO;852;;69005140;CENTRO;MANAUS;AM;dgjohnny@gmail.com;PINGHU SHI XIAOTIANDI CHILDREN''S PRODUCTS FACTORY;Andadores Infantis;Portaria Inmetro nº 129 de 19/03/2021;;IN2087524;;;S;China, República Popular;BABY SPORTS;ANDADOR JASSUMAL - BS104 - AZUL CLARO E ESCURO-BS104A/ROSA CLARO E ESCURO-BS104R/VERMELHO E PRETO-BS104VP/ROXO E ROSA ESCURO-BS104RR;MAT.:PP,FERRO E POLIÉSTER/DIM.:63X57X53CM/SIST.TRAVA.:LIBERAÇÃO EM DUAS AÇÕES CONSECUTIVAS/SIST.MONT.FERRA.:MANUAL(SEM FERRAMENTA)/ACESSÓRIOS:N/A/CARACTERISTICAS DO MODELO: ANDADOR COM BRINQUEDO;6901041000155;Incluido;07/03/2024
529015/1994;Ativo;;14/05/2026;;;UNI-ART IMPORT LTDA.;68168368000105;11952844300;AV DAS INDUSTRIAS ;755;;13288163;DIST.INDL B. STORANI;VINHEDO;SP; www.unitoys.com.br;QINGYUAN XINGLONG BALL PRODUCING CO., LTD.;Andadores Infantis;Portaria Inmetro nº 129 de 19/03/2021;;IN2985326;Modelo 5;;S;China, República Popular;UNITOYS;ANDADOR COM EMPURRADOR - N/A - 3726 AZUL/3726 ROSA;MAT:PP, POLIÉSTER E AÇO/DIM:50X60X102 CM/SIS_TRAV:LIBERAÇÃO EM DUAS AÇÕES CONSECUTIVAS/SIS_MONT E FERRG:MANUAL (SEM FERRAMENTA)/ACESS:N/A/CARACTERISTICAS DO MODELO:ANDADOR COM BANDEJA MUSICAL;7908901504395|7908901504401;Incluido;14/05/2026
247870/1980;Ativo;;29/04/2025;;;MD COMERCIO DE FERRAGENS LTDA;55274701000100;92981285408;AVENIDA JOAQUIM NABUCO;1094;A;69020030;Centro;Manaus;AM;mdcomerciodeferragensltda@gmail.com;PINGHU XIAOTIANDI CHILDREN''S PRODUCTS FACTORY;Andadores Infantis;Portaria Inmetro nº 129 de 19/03/2021;;IN2610925;Modelo 5;;S;China, República Popular;ULTRA BABY;REF: UBW-601 - ANDADOR INFANTIL MUSICAL PARA BEBÊ - NAVY BLUE / RED, GREEN / BLUE, ROYAL BLUE / TEAL, LIGHT PINK / LAVANDER, DARK PURPLE / PINK;MAT:PP,FERRO E POLIÉSTER/DIM:70X62,5X55CM/SIS_TRAV:LIBERAÇÃO EM 2 AÇÕES CONSECUTIVAS/SIS_MONT.E_FERRAGEM:MANUAL(SEM FERRAMENTA)/ACESSÓRIOS: N/A/CARACTERISTICAS_MODELO:ANDADOR COM BRINQUEDO ACOPLADO;7890012361120|7890012361137|7890012361144|7890012361151|7890012361168;Incluido;29/04/2025
375265/1966;Ativo;;29/04/2024;;;TAPUZIM COMERCIAL LTDA;00513418000100;113856906;Av. Monte Celeste;230;250;02561000;Vila S. Maria;São Paulo;SP;sergio@babystylebrasil.com.br;SHEN ZHEN WEI MEI CHILDCARE PRODUCT LIMITED COMPANY;Andadores Infantis;Portaria Inmetro nº 129 de 19/03/2021;;IN2118124-2;;;S;China, República Popular;Baby Style;ANDADOR FOGUETE - FOGUETE CINZA E FOGUETE ROSA;MATERIAL:PP/DIM:62X53X78CM/SISTEMA DE TRAVAME:LIBERA EM 2 AÇÕES CONSECUTIVAS/MANUAL/ACESSÓRIOS:N/A/CARACT DO MODELO:ANDADOR C BRINQUEDO NA BANDEJA;4079337285219|4079337296543;Incluido;29/04/2024
604013/1955;Ativo;;04/08/2025;;;BAMBINO COMERCIAL LTDA;06006481000129;81987347022;R. 23;175;;53090190;RIO DOCE;OLINDA;PE;bambino.souza@terra.com.br;PINGHU XIAOTIANDI CHILDREN?S PRODUCTS FACTORY;Andadores Infantis;Portaria Inmetro nº 129 de 19/03/2021;;IN2750125;Modelo 5;;S;China, República Popular;BAMBINO;ANDADOR - BA01 - ROSA/AZUL;MAT:PP,FERRO E POLIÉSTER/DIM:70X62.5X51CM/SIS_TRAV:LIBERAÇÃO EM DUAS AÇÕES CONSECUTIVAS/SIS_MONT E FERRG:MANUAL(S/FERRAM.)/ACESS.:BRINQ.CEN.DE ATIVI./CARACT.DO MODELO:ANDADOR COM BANDEJA MUSICAL;7898576907150|7898576907167;Incluido;04/08/2025
679000/2016;Inativo;;07/10/2019;;;Galzerano Indústria de Carrinhos e Berços Ltda;43594977000197;1934043030;Via Prefeito Jurandyr Paixão;700;;13481149;Jd. Campo Belo;Limeira;SP;luisfernando.camargo@galzerano.com.br;GUANGDONG ZHIHUI CHILDREN?S PRODUCTS CO.,LTD;Andadores Infantis;Portaria Inmetro nº 42 de 19/01/2018;;CE-AND/IQB 000006 53503/20-001;;;S;China, República Popular;GALZERANO;Andador de bebê Magic - Versão: Cinza (CZ), Preto (PT);Mat Tec poli Espum Resin plást Tint Ferrag 70Cx65Lx54A cm Travam trilho plást com botão de destrav e regul alt Mont/frenag manual Andador com pçs girat e cores diversas Acess Bandej Brinq não removív.;7898089221590|7898089222283;Incluido;07/10/2019
669593/1951;Inativo;;09/02/2022;;;COMPANHIA DOREL BRASIL PRODUTOS INFANTIS;10659948000107;02135547024;Av. Nilo Peçanha;1516 /1582;Térreo;28030035;Pq dos Rodoviários;Campos dos Goytacaze;RJ;mariana.magalhaes@dorel.com.br;Dong Guan Hua Song Plastic Products Co.Ltd;Andadores Infantis;Portaria Inmetro nº 42 de 19/01/2018;;IN1512522;;;S;China, República Popular;Safety 1st;11389.  Melody Garden;Pol.,PP,Aço. 65x55x66cm. Aut.c/lib.em 2 ações consec.,Manual. Acessórios: Brinquedo(centro de atividades);9312541727119;Incluido;09/02/2022
351424/1995;Ativo;;29/04/2024;;;TAPUZIM COMERCIAL LTDA;00513418000100;113856906;Av. Monte Celeste;230;250;02561000;Vila S. Maria;São Paulo;SP;sergio@babystylebrasil.com.br;SHEN ZHEN WEI MEI CHILDCARE PRODUCT LIMITED COMPANY;Andadores Infantis;Portaria Inmetro nº 129 de 19/03/2021;;IN2118124-2;;;S;China, República Popular;Baby Style;ANDADOR FOGUETE - FOGUETE CINZA E FOGUETE ROSA;MATERIAL:PP/DIM:62X53X78CM/SISTEMA DE TRAVAME:LIBERA EM 2 AÇÕES CONSECUTIVAS/MANUAL/ACESSÓRIOS:N/A/CARACT DO MODELO:ANDADOR C BRINQUEDO NA BANDEJA;4079337285219|4079337296543;Incluido;29/04/2024
918730/1964;Ativo;;09/09/2026;;;TUTTI BABY INDUSTRIA E COMERCIO DE ARTIGOS INFANTIS LTDA;06981862000129;4733794000;Rua Vicente Zanotti;177;Galpão 01;89381270;Industrial Zaferino ;Massaranduba;SC;heloiza.souza@tuttibaby.com.br;TUTTI BABY INDUSTRIA E COMERCIO DE ARTIGOS INFANTIS LTDA;Andadores Infantis;Portaria Inmetro nº 129 de 19/03/2021;;CE-AND/IQB 000013 57036/26-001;Modelo 5;;N;Brasil;TUTTI BABY;ANDADOR SAFARI - REF. 40002003,40002004,40002007,40003004,40004002,40004003;ESTRU.MET.:ACO TUBULAR,BRINQ:PLAST. DE ENG.,REVEST. TEXTIL:ALGODAO/51X61X70 CM/DOIS DISP. DE TRAV. INDEPENDENTES SENDO OPERADOS SIMULT./PARAFUSOS E MONT. DE PÇS PLAST./BRINQ. CERTIF.E ADESIVO-57036/26;7898431501615|7898431501622|7898431501639|7898431501684|7898431501691|7898431501707;Incluido;09/09/2026
541874/2006;Ativo;;15/11/2024;;;HCM INDUSTRIA E IMPORTACAO LTDA;12538691000160;37998767200;RUA SERGIPE ;1963;;35591096;SANTA ALEXANDRINA;LAGOA DA PRATA;MG;compras.hcmmalta@gmail.com;HCM INDUSTRIA E IMPORTACAO LTDA;Andadores Infantis;Portaria Inmetro nº 129 de 19/03/2021;;IN2431224-2;;;N;Brasil;JUMBO BABY;ANDADOR MUSICAL MEGALUXO JUMBO BABY/AZUL/ROSA/VERMELHO/LARANJA, CARAC.D/MODEL:ANDADOR COM BRINQUEDO NA BANDEJA;MAT.:POLIPROPILENO(PP)/ACO CARBONO(FERRAGENS)/TECIDO(POLIÉSTER)/DIM:69,5X58,5X14,5/SIS.D/TRAV.:LIB.EM 2AS.CON./SIS.D/MONT.E FERR.:MAN.(S/FERR.)/ACESS.:ASSE/FORR.P/OS PÉS/EMP./PAI.MUS;7898947715063|7898947715070|7898947715087|7898947715094;Incluido;15/11/2024
098522/1976;Inativo;;23/05/2025;;;MD COMERCIO DE FERRAGENS LTDA;55274701000100;92981285408;AVENIDA JOAQUIM NABUCO;1094;A;69020030;Centro;Manaus;AM;mdcomerciodeferragensltda@gmail.com;Xingtai Pandelo Technology Co.,Ltd;Andadores Infantis;Portaria Inmetro nº 129 de 19/03/2021;;IN2611025;Modelo 5;;S;China, República Popular;ULTRA BABY;REF: UBW-801H - ANDADOR INFANTIL MUSICAL PARA BEBÊ - BABY PINK / BARBIE PINK, RED / WHITE, ROYAL BLUE / ORANGE / WHITE, GREEN / WHITE;MAT:PP,FERRO E POLIÉSTER/DIM:68X59X52CM/SIS_TRAV:LIBERAÇÃO EM 2 AÇÕES CONSECUTIVAS/SIS_MONTAGEM_E_FERRAGEM:MANUAL(SEM FERRAMENTA)/ACESSÓRIOS: N/A/CARACTERISTICAS_MODELO:ANDADOR COM BRINQUEDO ACOPLADO;7890012361007|7890012361113|7890012368082|7890012369096;Incluido;23/05/2025
935678/1941;Ativo;;12/04/2021;;;TUTTI BABY INDUSTRIA E COMERCIO DE ARTIGOS INFANT;06981862000129;4733794000;Rod. Guilherme Jensen;0;Galpão 01;89108000;Distrito Industrial;Massaranduba;SC;qualidade@tuttibaby.com.br;TUTTI BABY INDUSTRIA E COMERCIO DE ARTIGOS INFANT;Andadores Infantis;Portaria Inmetro nº 129 de 19/03/2021;;CE-AND/IQB 000005 54149/20-001;Modelo 5;;N;Brasil;Tutti Baby;Andador 40.001;ESTRUT.MET. DE AÇO TUB.PLÁST. DE ENG.ALGODÃO.48CM X60,5CMX70CM,COM DUAS AÇÕESCONSEC PARA LIB.REB.E PARAF.BRINQ. E ADES.BASE SUP.BASE INF.FREIO ANTI-QUEDA E CONJ.DE RODAS,PNEU DA RODA TRAS. E TRAVA ANT;7898431501219|7898431501226|7898431501233;Incluido;12/04/2021
835889/1932;Ativo;;04/08/2025;;;BAMBINO COMERCIAL LTDA;06006481000129;81987347022;R. 23;175;;53090190;RIO DOCE;OLINDA;PE;bambino.souza@terra.com.br;PINGHU XIAOTIANDI CHILDREN?S PRODUCTS FACTORY;Andadores Infantis;Portaria Inmetro nº 129 de 19/03/2021;;IN2750125;Modelo 5;;S;China, República Popular;BAMBINO;ANDADOR - BA01 - ROSA/AZUL;MAT:PP,FERRO E POLIÉSTER/DIM:70X62.5X51CM/SIS_TRAV:LIBERAÇÃO EM DUAS AÇÕES CONSECUTIVAS/SIS_MONT E FERRG:MANUAL(S/FERRAM.)/ACESS.:BRINQ.CEN.DE ATIVI./CARACT.DO MODELO:ANDADOR COM BANDEJA MUSICAL;7898576907150|7898576907167;Incluido;04/08/2025
045801/1992;Ativo;;14/08/2019;;;BAMBOO COMERCIO, IMPORTAÇÃO E EXPORTAÇÃO EIRELI-EPP;27115224000103;8132419265;Rua. Alegre;154;Galpão A;52120125;Arruda;Recife;PE;bamboo@yescert.com.br;ZHEJIANG KINTEX INTERNATIONAL TRADING CO., LTD;Andadores Infantis;Portaria Inmetro nº 129 de 19/03/2021;;IN1632922;;;S;China, República Popular;BAMBOO;MODELO:MD-18NOME COMERCIAL:ANDAJAR GUGUVERSÕES: Azul (Ref.: MD18.1)Rosa (Ref.: MD18.2)Verde (Ref.: MD18.3)Vermelho (Ref.: MD18.4);Mat: PLAST / MET/FIB TEXTIL,DIM:ABRT:62X56X52CM,FECH:62X56X16,SIST TRAV:LIBER EM 2 ACOES CONSEC,SIST MONT FERRAG: MANUAL(S/FERRAMENTA),ACESS:BANDEJ C/BRINQ E HAST C/PUXADOR;7909312341029;Incluido;22/07/2022
152483/1995;Ativo;;14/05/2026;;;UNI-ART IMPORT LTDA.;68168368000105;11952844300;AV DAS INDUSTRIAS ;755;;13288163;DIST.INDL B. STORANI;VINHEDO;SP; www.unitoys.com.br;QINGYUAN XINGLONG BALL PRODUCING CO., LTD.;Andadores Infantis;Portaria Inmetro nº 129 de 19/03/2021;;IN2985326;Modelo 5;;S;China, República Popular;UNITOYS;ANDADOR COM EMPURRADOR - N/A - 3726 AZUL/3726 ROSA;MAT:PP, POLIÉSTER E AÇO/DIM:50X60X102 CM/SIS_TRAV:LIBERAÇÃO EM DUAS AÇÕES CONSECUTIVAS/SIS_MONT E FERRG:MANUAL (SEM FERRAMENTA)/ACESS:N/A/CARACTERISTICAS DO MODELO:ANDADOR COM BANDEJA MUSICAL;7908901504395|7908901504401;Incluido;14/05/2026
935678/1941;Ativo;;09/12/2019;;;TAPUZIM COMERCIAL LTDA;00513418000100;1138569063;Av. Monte Celeste;230;250;02561000;Vila S. Maria;São Paulo;SP;ehs0770@hotmail.com;SHEN ZHEN WEI MEI CHILDCARE PRODUCT LIMITED COMPANY;Andadores Infantis;Portaria Inmetro nº 129 de 19/03/2021;;IN2062423;Modelo 5;;S;China, República Popular;Baby Style;MODELO: ANIMAIS VERSÕES: Andador cachorro vermelho - Ref. 33721 Andador cachorro azul - Ref. 33722 Andador abelha rosa - Ref. 33723 Andador abelha azul - Ref. 33724 Andador pianinho rosa Ref: 33725 Andador pianinho azul Ref: 33726;Material: Plástico, metal e tecido, Dimensões: 50 x 70 x 60 cm, Sistema de Travamento: Stoper, Sistema deMontagem e Ferragem: Tesoura, Acessórios: Bandeja musical;4079337218996|4079337228995|4079337238994|4079337248993|4079337251993|4079337261992;Excluido;29/01/2024
475054/1975;Ativo;;14/05/2026;;;UNI-ART IMPORT LTDA.;68168368000105;11952844300;AV DAS INDUSTRIAS ;755;;13288163;DIST.INDL B. STORANI;VINHEDO;SP; www.unitoys.com.br;QINGYUAN XINGLONG BALL PRODUCING CO., LTD.;Andadores Infantis;Portaria Inmetro nº 129 de 19/03/2021;;IN2985326;Modelo 5;;S;China, República Popular;UNITOYS;ANDADOR COM EMPURRADOR - N/A - 3726 AZUL/3726 ROSA;MAT:PP, POLIÉSTER E AÇO/DIM:50X60X102 CM/SIS_TRAV:LIBERAÇÃO EM DUAS AÇÕES CONSECUTIVAS/SIS_MONT E FERRG:MANUAL (SEM FERRAMENTA)/ACESS:N/A/CARACTERISTICAS DO MODELO:ANDADOR COM BANDEJA MUSICAL;7908901504395|7908901504401;Incluido;14/05/2026
129893/1959;Ativo;;06/05/2025;;;KAVOD BRASIL COMERCIO E IMPORTACAO DE PRODUTOS DE USO DOMESTICO LTDA;12389993000114;1136612389;Avenida Marquês de São Vicente;2219;Conj 1001;05036040;Água Branca;São Paulo;SP;adm@kababy.com.br;Tengzhou Lebeir Baby Carriage Co., Ltd.;Andadores Infantis;Portaria Inmetro nº 129 de 19/03/2021;;IN2610825;;;S;China, República Popular;KaBaby;DESIGNAÇÃO COMERCIAL: ANDADOR DE EMPURRAR STEP-UP KABABY CINZA/CÓDIGO DE REFERÊNCIA COMERCIAL: ANDADOR/QUANTIDADE: -/;MAT:PP/DIM:799x660x715mm/SIS_TRAV:LIBERAÇÃO EM DUAS AÇÕES CONSECUTIVAS/SIS_MONTAGEM/FERRAGEM:MANUAL SEM AUXILIO DE FERRAMENTA/ACESSORIOS:N/A/CARACT_DO_MODELO:ANDADOR COM BRINQUEDO ACOPLADO;7898605218394;Incluido;06/05/2025
845296/1997;Ativo;;07/02/2022;;;TUTTI BABY INDUSTRIA E COMERCIO DE ARTIGOS INFANTIS LTDA;06981862000129;4733794000;Rod. Guilherme Jensen, SC413, km13;0;;89108000;Distrito Industrial;Massaranduba;SC;certificacao@tuttibaby.com.br;TUTTI BABY INDUSTRIA E COMERCIO DE ARTIGOS INFANTIS LTDA;Andadores Infantis;Portaria Inmetro nº 129 de 19/03/2021;;IN2869325;Modelo 5;;N;Brasil;TUTTI BABY;DESIGNAÇÃO COMERC SAFARI II (AZUL/ROSA/VERMELHO),PRINCESA ROSA COROA,ACQUA,EXPLORADOR (CINZA/ ROXO) CÓD D REF COMERC:ANDAD 40.002/40002003/40002004/40002007/40003004/40004002/40004003;MAT:ESTRUTURA METALICA - AÇO TUBULAR/DIM:48X60,5X70CM/SIST DE TRAVA:LIBERAÇ EM 2AÇÕES CONSECUT/SIST DE MONTAGEM E FERRAGEM:PARAFUSOS E REBITES/ACESSÓ:BRINQUEDOS E ADESIVOS/CARACT DO MODELO:ANDADOR C B;7898431501615|7898431501622|7898431501639|7898431501684|7898431501691|7898431501707;Excluido;26/04/2024
993717/2025;Ativo;;07/02/2022;;;TUTTI BABY INDUSTRIA E COMERCIO DE ARTIGOS INFANTIS LTDA;06981862000129;4733794000;Rod. Guilherme Jensen, SC413, km13;0;;89108000;Distrito Industrial;Massaranduba;SC;certificacao@tuttibaby.com.br;TUTTI BABY INDUSTRIA E COMERCIO DE ARTIGOS INFANTIS LTDA;Andadores Infantis;Portaria Inmetro nº 129 de 19/03/2021;;IN2869325;Modelo 5;;N;Brasil;TUTTI BABY;ANDADOR SAFARI II-ANDADOR 40.002-40002003/40002004/40002007/40003004/40004002/40004003;MAT:PP/ALGODAO/DIM:51X61X70CM/SIS_TRAV:DOIS DISPOS DE TRAV IND. OPER. SIMULTÂNEAMENTE/SIS_MONT/FERRG:REBITES,PARAF,ENCAIXE DE PÇS PLAST/ACESS:BAND. C/ BRINQ/CARAC. DO MOD.:ANDADOR C/ BRINQ NA BAND;7898431501615|7898431501622|7898431501639|7898431501684|7898431501691|7898431501707;Incluido;27/02/2026
407273/1967;Ativo;;09/12/2019;;;TAPUZIM COMERCIAL LTDA;00513418000100;1138569063;Av. Monte Celeste;230;250;02561000;Vila S. Maria;São Paulo;SP;ehs0770@hotmail.com;SHEN ZHEN WEI MEI CHILDCARE PRODUCT LIMITED COMPANY;Andadores Infantis;Portaria Inmetro nº 42 de 19/01/2018;;OCAN-AND.165/19-3;;;S;China, República Popular;baby style;CENTRO DE ATIVIDADES;VERSÕES: Andador play - Ref.5821 Andador meninos - Ref. 515211 Andador meninas - Ref. 51522. Material: Plástico, metal e tecido. Dimensões: 74 x 75 x 18 cm Sistema de Travamento: Stoper Sistema de Mon;4079515211993|4079515222999|4532582122994;Incluido;09/12/2019
423897/1985;Ativo;;05/08/2021;;;GALZERANO INDUSTRIA DE CARRINHOS E BERCOS LTDA;43594977000197;19999947357;Via Prefeito Jurandyr Paixão;700;;13481149;Jd. Campo Belo;Limeira;SP;luisfernando.camargo@galzerano.com.br;GALZERANO INDUSTRIA DE CARRINHOS E BERCOS LTDA;Andadores Infantis;Portaria Inmetro nº 129 de 19/03/2021;;CE-AND/IQB 000006 54618/21-001;;;N;Brasil;GALZERANO;Ref.: 4050-Andador Torino. Versões: 4050RO (Rosa), 4050TER (Terracota), 4050EST (Estrela), 4050SPR (Spring) - Material: Tecido poliéster, TNT, Espuma, PP, PA6, Master, Tinta, Tubo de aço, Itens de fixação e aviamentos. Dimensões: CxLxA (cm) 71x62,5x51,5. Sistema de travamento: Trilho plástico com botão de destrave e regulagem de altura;Sistema de montagem/ferragem: Manual. Acessórios que venham com o produto: Bandeja de brinquedos não removível, Características do modelo: Tecidos, Peças plásticas, Tinta, Ferragens;7908200102247|7908200102254|7908200102520|7908200102537;Excluido;17/01/2024
719789/1964;Ativo;;03/04/2023;;;PLANETA - IMPORTACAO E DISTRIBUICAO DE BRINQUEDOS LTDA;13434272000141;1138951572;AV VASCO MASSAFELI;1000;G1A M1-21;06703600;JARDIM MARIA TEREZA;COTIA;SP;admin@planetadobebe.com.br;HEBEI WANXIN CHILDREN TOYS CO.,LTD.;Andadores Infantis;Portaria Inmetro nº 129 de 19/03/2021;;IN1765923;Modelo 5;;S;China, República Popular;MAXI BABY;NW-01 - ANDADOR LA BAMBA;MAT:PP PARTES EM ABS, AÇO DE ALTO CARB RODA ELAST.TERMO., PVC/DIM:580X680X550/SIS TRA:LIBERA.EM 2 AÇÕES CONSEC. SIS DE MON E FER:MAN.(S/ FER)/ACE:BANDEJA COM BRINQ/CAR MOD:AND COM BRINQ(BAND.A MUS.);7899403215370|7899403215387;Excluido;22/12/2025
967038/2024;Ativo;;19/02/2026;;;RGM  COMERCIO E SERVICOS LTDA;18007664000148;11996294240;Avenida Angélica;511;Cj. 904;01227100;Santa Cecilia;São Paulo;SP;papush@uol.com.br;PINGHU XIAOTIANDI CHILDREN?S PRODUCTS FACTORY;Andadores Infantis;Portaria Inmetro nº 129 de 19/03/2021;;IN2911726;Modelo 5;;S;China, República Popular;RGM;ANDADOR DREUX - R602 - AVIÃO - AVIAO;MAT:PP,FERRO E POLIÉ./DIM:70X62.5X51 CM/SIST.DE TRAV.:LIB.EM DUAS AÇÕES CONSECU./SIST.DE MONT.E FERR.:MANUAL (SEM FERRAMENTA)/ACESS:BANDEJA MUSICAL/CARACT.DO MODELO:ANDADOR COM BANDEJA MUSICAL;7898926505616;Incluido;19/02/2026
717901/2011;Ativo;;19/06/2023;;;KCARVALHUS COMERCIO E SERVICOS EIRELI;24633386000137;1143798430;Rua Poeta João Cabral De Melo Neto,  Santa Maria - Osasco - SP;77;;06147020; Santa Maria ;Osasco ;SP;carlos.carvalho@kkbebe.com.br;PINGHU SHI XIAOTIANDI CHILDREN?S PRODUCTS FACTORY;Andadores Infantis;Portaria Inmetro nº 129 de 19/03/2021;;IN1823223;;;S;China, República Popular;KK bebê;ANDADOR INFANTIL PASSINHO FORTE / AZUL /ROSA , MATERIAL:PP,FERRO E POLIÉSTER/DIMENSÕES:63X57X53CM;SISTEMA DE TRAVAMENTO:LIBERAÇÃO EM DUAS AÇÕES CONSECUTIVAS/SISTEMA DE MONTAGEM E FERRAGEM: MANUAL (SEM FERRAMENTA)/ACESSÓRIOS:BRINQUEDOS/CARACTERISTICAS DO MODELO: ANDADOR COM BRINQUEDO FIXO ACOPLADO;7898711750108|7898711750115;Incluido;19/06/2023
993404/1966;Ativo;;30/08/2021;;;TA TE TI INDUSTRIA E COMERCIO DE BRINQUEDOS EDUCATIVOS LTDA;30261120000103;4732422225;RUA TIRADENTES;230;;89107000;CENTRO;POMERODE;SC;qualidade3@grupocalesita.com.br;TA TE TI INDUSTRIA E COMERCIO DE BRINQUEDOS EDUCATIVOS LTDA;Andadores Infantis;Portaria Inmetro nº 129 de 19/03/2021;;CE-AND/IQB 000010 55962/23-001;Modelo 5;;N;Brasil;Tateti;Ref.915 - Move Baby Rosa;PP, METAL, TECIDO POLIESTER. DIMENSAO: 70,20X59,83X49,12CM. SIST. TRAVAMENTO:FREIO DIANTEIRO E TRASEIRO. SIST DE MONTAGEM: MANUAL/PARAFUSOS PP. ACESSORIOS:BANDEJA DE BRINQUEDOS;7898664632247;Incluido;02/03/2026
354876/1942;Inativo;;14/08/2019;;;Companhia Dorel Brasil Produtos Infantis;10659948000107;2135633602;Av. Nilo Peçanha;1516 /1582;Térreo;28030035;Pq dos Rodoviários;Campos dos Goytacaze;RJ;mariana.magalhaes@dorel.com.br;Hua Song Plastic Products Co Ltd;Andadores Infantis;Portaria Inmetro nº 42 de 19/01/2018;;OCAN-AND.145/19-3;;;S;China, República Popular;Safety 1st;11389;Nome Fantasia: Melody Garden. Cor única. Material: Ferro, plástico e PP. 64x55x66 cm. Sistema de Travamento e Montagem: Manual. Acessórios: Bandeja.;9312541727119;Incluido;14/08/2019
544075/2018;Ativo;;19/02/2026;;;RGM  COMERCIO E SERVICOS LTDA;18007664000148;11996294240;Avenida Angélica;511;Cj. 904;01227100;Santa Cecilia;São Paulo;SP;papush@uol.com.br;PINGHU XIAOTIANDI CHILDREN?S PRODUCTS FACTORY;Andadores Infantis;Portaria Inmetro nº 129 de 19/03/2021;;IN2911726;Modelo 5;;S;China, República Popular;RGM;ANDADOR DREUX - R602 - AVIÃO - AVIAO;MAT:PP,FERRO E POLIÉ./DIM:70X62.5X51 CM/SIST.DE TRAV.:LIB.EM DUAS AÇÕES CONSECU./SIST.DE MONT.E FERR.:MANUAL (SEM FERRAMENTA)/ACESS:BANDEJA MUSICAL/CARACT.DO MODELO:ANDADOR COM BANDEJA MUSICAL;7898926505616;Incluido;19/02/2026
983986/2001;Ativo;;30/08/2021;;;TA TE TI INDUSTRIA E COMERCIO DE BRINQUEDOS EDUCATIVOS LTDA;30261120000103;4732422225;RUA TIRADENTES;230;;89107000;CENTRO;POMERODE;SC;qualidade3@grupocalesita.com.br;TA TE TI INDUSTRIA E COMERCIO DE BRINQUEDOS EDUCATIVOS LTDA;Andadores Infantis;Portaria Inmetro nº 129 de 19/03/2021;;CE-AND/IQB 000010 55962/23-001;Modelo 5;;N;Brasil;Tateti;Ref.915 - Move Baby Rosa;PP, METAL, TECIDO POLIESTER. DIMENSAO: 70,20X59,83X49,12CM. SIST. TRAVAMENTO:FREIO DIANTEIRO E TRASEIRO. SIST DE MONTAGEM: MANUAL/PARAFUSOS PP. ACESSORIOS:BANDEJA DE BRINQUEDOS;7898664632247;Incluido;02/03/2026
843419/1944;Ativo;;07/02/2022;;;TUTTI BABY INDUSTRIA E COMERCIO DE ARTIGOS INFANTIS LTDA;06981862000129;4733794000;Rod. Guilherme Jensen, SC413, km13;0;;89108000;Distrito Industrial;Massaranduba;SC;certificacao@tuttibaby.com.br;TUTTI BABY INDUSTRIA E COMERCIO DE ARTIGOS INFANTIS LTDA;Andadores Infantis;Portaria Inmetro nº 129 de 19/03/2021;;IN2869325;Modelo 5;;N;Brasil;TUTTI BABY;DESIGNAÇÃO COMERC SAFARI II (AZUL/ROSA/VERMELHO),PRINCESA ROSA COROA,ACQUA,EXPLORADOR (CINZA/ ROXO) CÓD D REF COMERC:ANDAD 40.002/40002003/40002004/40002007/40003004/40004002/40004003;MAT:ESTRUTURA METALICA - AÇO TUBULAR/DIM:48X60,5X70CM/SIST DE TRAVA:LIBERAÇ EM 2AÇÕES CONSECUT/SIST DE MONTAGEM E FERRAGEM:PARAFUSOS E REBITES/ACESSÓ:BRINQUEDOS E ADESIVOS/CARACT DO MODELO:ANDADOR C B;7898431501615|7898431501622|7898431501639|7898431501684|7898431501691|7898431501707;Excluido;26/04/2024
518044/1935;Inativo;;07/10/2019;;;Galzerano Indústria de Carrinhos e Berços Ltda;43594977000197;1934043030;Via Prefeito Jurandyr Paixão;700;;13481149;Jd. Campo Belo;Limeira;SP;luisfernando.camargo@galzerano.com.br;GUANGDONG ZHIHUI CHILDREN?S PRODUCTS CO.,LTD;Andadores Infantis;Portaria Inmetro nº 42 de 19/01/2018;;CE-AND/IQB 000006 53503/20-001;;;S;China, República Popular;GALZERANO;Andador de bebê Magic - Versão: Cinza (CZ), Preto (PT);Mat Tec poli Espum Resin plást Tint Ferrag 70Cx65Lx54A cm Travam trilho plást com botão de destrav e regul alt Mont/frenag manual Andador com pçs girat e cores diversas Acess Bandej Brinq não removív.;7898089221590|7898089222283;Incluido;07/10/2019
011916/1938;Inativo;;19/04/2021;;;COMPANHIA DOREL BRASIL PRODUTOS INFANTIS;10659948000107;02135547024;Av. Nilo Peçanha;1516 /1582;Térreo;28030035;Pq dos Rodoviários;Campos dos Goytacaze;RJ;mariana.magalhaes@dorel.com.br;Jin Sun Gee Plastic Co.,Ltd;Andadores Infantis;Portaria Inmetro nº 42 de 19/01/2018;;OCAN-AND.145/21-5;;;S;Formosa (Taiwan);Safety 1st;HE001. Andador Spacewalker. Cores: Grey e Orange.;PP, Ferro, ABS. 58x65.5x71.5cm.Trav.Manual.Sist.Mont.Fren.Manual. Bandeja de Brinquedos.;7908238803932|7908283803949;Incluido;19/04/2021
019446/1950;Ativo;;12/11/2024;;;CACANDO OFERTAS LTDA;23230465000134;11976586700;Rua José Ferreira Crespo;752;Sala 1;08021480;Jardim São Vicente;São Paulo;SP;diegofrancisco22@bol.com.br;STYLL ADMINISTRACAO, INVESTIMENTOS, LOCACOES & SERVICOS LIMITADA;Andadores Infantis;Portaria Inmetro nº 129 de 19/03/2021;;IN2382924;;;N;Brasil;ClickBaby's;Andador Happy baby - Versões AZUL-HAPPY BABY ROSA-HAPPY BABY LARANJA-HAPPY BABY;Mat.Aço Polipropileno.Dim:640x570x470cm.Sist.Trav. Liberação duas ações consecutivas.Sist de Mont e Ferrag:Manual sem ferramenta.Acess: Bandeja c/Brinquedo.Caract/modelo:Andador c/brinquedo na bandeja;7898975097001|7898975097018|7898975097025;Incluido;12/11/2024
250071/1992;Inativo;;14/08/2019;;;Companhia Dorel Brasil Produtos Infantis;10659948000107;2135633602;Av. Nilo Peçanha;1516 /1582;Térreo;28030035;Pq dos Rodoviários;Campos dos Goytacaze;RJ;mariana.magalhaes@dorel.com.br;JIN SUN GEE PLASTIC CO.,LTD;Andadores Infantis;Portaria Inmetro nº 42 de 19/01/2018;;OCAN-AND.145/19-1;;;S;Formosa (Taiwan);Voyage;BG-1518;Nome Fantasia: Baby Step. Cores: Rosa e Azul. Material: Ferro, Plástico e Polipropileno. 60x49x68cm. Sistema Travamento e Montagem:Manual. Acessórios: Bandeja.;7908238801280|7908238801297;Incluido;14/08/2019
309685/1970;Ativo;;06/05/2025;;;KAVOD BRASIL COMERCIO E IMPORTACAO DE PRODUTOS DE USO DOMESTICO LTDA;12389993000114;1136612389;Avenida Marquês de São Vicente;2219;Conj 1001;05036040;Água Branca;São Paulo;SP;adm@kababy.com.br;Tengzhou Lebeir Baby Carriage Co., Ltd.;Andadores Infantis;Portaria Inmetro nº 129 de 19/03/2021;;IN2610825;;;S;China, República Popular;KaBaby;DESIGNAÇÃO COMERCIAL: ANDADOR DE EMPURRAR STEP-UP KABABY CINZA/CÓDIGO DE REFERÊNCIA COMERCIAL: ANDADOR/QUANTIDADE: -/;MAT:PP/DIM:799x660x715mm/SIS_TRAV:LIBERAÇÃO EM DUAS AÇÕES CONSECUTIVAS/SIS_MONTAGEM/FERRAGEM:MANUAL SEM AUXILIO DE FERRAMENTA/ACESSORIOS:N/A/CARACT_DO_MODELO:ANDADOR COM BRINQUEDO ACOPLADO;7898605218394;Incluido;06/05/2025
305920/1964;Cancelado;;24/08/2020;;14/07/2025;Dardara Comercio Importacao e Exportacao Ltda.;07774907000157;1147447248;R VALENTIM MAGALHAES;95;***;03184090;ALTO DA MOOCA;SÃO PAULO;SP;dardara@yescert.com.br;FOSHAN BAOLIMEI CHILD?S VEHICLE CO.LTD;Andadores Infantis;Portaria Inmetro nº 42 de 19/01/2018;;OCAN-AND.134/20-5;;;S;China, República Popular;DARDARA;ANDADOR CARRO (FD-2407);Material: Moldes e peças em plástico P.P.(polipropileno) Adesivos (papel colante) Painel - parte interna: sistema eletrônico (placa, fio colorido, alto falante). Estrutura em metal, Dimensões: 74 x 63;;Incluido;24/08/2020
193909/1961;Ativo;;03/04/2023;;;PLANETA - IMPORTACAO E DISTRIBUICAO DE BRINQUEDOS LTDA;13434272000141;1138951572;AV VASCO MASSAFELI;1000;G1A M1-21;06703600;JARDIM MARIA TEREZA;COTIA;SP;admin@planetadobebe.com.br;HEBEI WANXIN CHILDREN TOYS CO.,LTD.;Andadores Infantis;Portaria Inmetro nº 129 de 19/03/2021;;IN1765923;Modelo 5;;S;China, República Popular;MAXI BABY;ANDADOR LA BAMBA - NW-01 - AZUL #21537/ROSA #21538/VERMELHO #75268;MAT:PP E PART.ABS,AÇOD.ALTOCARB.RODAELASTÔM.TERMOP.,PVC/DIM:580X680X550(LXCXH)/SIS_TRAV:LIBER.EM 2 AÇÕES CONS./SIS_MONT E FERRG:MAN.(S/FERM)/ACES:BANDJ C BRI./CARAC.D.M.:ANDAD.C BRINQ.REG.002149/2023 ;7898975752689|7899403215370|7899403215387;Incluido;18/03/2026
907435/1946;Ativo;;26/07/2024;;;DARDARA COMERCIO IMPORTACAO E EXPORTACAO LTDA;07774907000157;11964220291;R VALENTIM MAGALHAES;95;***;03184090;ALTO DA MOOCA;SÃO PAULO;SP;sac@dardara.com.br;FOSHAN BAOLIMEI BABY CARRIER CO., ;Andadores Infantis;Portaria Inmetro nº 129 de 19/03/2021;;IN2255924;;;S;China, República Popular;DARDARA;ANDADOR CARRO FD-2407 / VERSÕES: AZUL E ROSA;MAT:PP,METAL E POLIÉSTER/DIM:740X630X510MM/SIST DE TRAVA:LIB EM 2 AÇÕES CONSECUT/SIST DE MONT/FERRAG:MANUAL(C/FERRAMENTAS)/ACESSÓRIOS: BRINQ/CARACT DO MODELO:ANDADOR C/BRINQ INTEGRADO;7898572462738|7898572462755;Incluido;26/07/2024
599924/1990;Ativo;;09/12/2019;;;TAPUZIM COMERCIAL LTDA;00513418000100;1138569063;Av. Monte Celeste;230;250;02561000;Vila S. Maria;São Paulo;SP;ehs0770@hotmail.com;SHEN ZHEN WEI MEI CHILDCARE PRODUCT LIMITED COMPANY;Andadores Infantis;Portaria Inmetro nº 129 de 19/03/2021;;IN2062423;Modelo 5;;S;China, República Popular;Baby Style;ANDADOR PIANINHO ROSA - 33725 / ANDADOR PIANINHO AZUL - 33726;ANDADOR PIANINHO RS E AZ, MATERIAL:PLÁSTICO/62 X 53 X 78 CM/LIBERAÇÃO EM DUAS AÇÕES CONSECUTIVAS/MANUAL (SEM FERRAMENTAS)/BRINQUEDO;4079337251993|4079337261992;Incluido;29/01/2024
893928/2016;Ativo;;31/08/2026;;;MADHULA COMERCIO DE ARTIGOS ELETROELETRONICOS LTDA;03838532000190;92994433107;Rua Marcilio Dias;166;;69005270;Centro;Manaus;AM;mayapunjwani@gmail.com;PINGHU XIAOTIANDI CHILDRENS PRODUCTS FACTORY;Andadores Infantis;Portaria Inmetro nº 129 de 19/03/2021;;IN3141126-1;Modelo 5;;S;China, República Popular;BENMEK;MADHULA/ MA100/ Verde e Azul - MA100VA/ Rosa e Roxo - MA100RR/ Branco e Azul Escuro - MA100BAE/ Amarelo e Vermelho - MA100AV;MAT.:PP, FERRO E POLIÉSTER/DIM.:63X57X53 CM/SIST. DE TRAV.: LIBERAÇÃO EM DUAS AÇÕES CONSECUTIVAS/SIST. MONT. E FERR.:MANUAL (SEM FERRAMENTA)/ACESS.:BRINQUEDO/CARACT. DO MOD.: ANDADOR COM BRINQUEDO;6901031000158;Incluido;31/08/2026
798865/1990;Ativo;;09/09/2026;;;TUTTI BABY INDUSTRIA E COMERCIO DE ARTIGOS INFANTIS LTDA;06981862000129;4733794000;Rua Vicente Zanotti;177;Galpão 01;89381270;Industrial Zaferino ;Massaranduba;SC;heloiza.souza@tuttibaby.com.br;TUTTI BABY INDUSTRIA E COMERCIO DE ARTIGOS INFANTIS LTDA;Andadores Infantis;Portaria Inmetro nº 129 de 19/03/2021;;CE-AND/IQB 000013 57036/26-001;Modelo 5;;N;Brasil;TUTTI BABY;ANDADOR SAFARI - REF. 40002003,40002004,40002007,40003004,40004002,40004003;ESTRU.MET.:ACO TUBULAR,BRINQ:PLAST. DE ENG.,REVEST. TEXTIL:ALGODAO/51X61X70 CM/DOIS DISP. DE TRAV. INDEPENDENTES SENDO OPERADOS SIMULT./PARAFUSOS E MONT. DE PÇS PLAST./BRINQ. CERTIF.E ADESIVO-57036/26;7898431501615|7898431501622|7898431501639|7898431501684|7898431501691|7898431501707;Incluido;09/09/2026
686541/1928;Ativo;;06/03/2023;;;BURIGOTTO S A INDUSTRIA E COMERCIO;51460277000138;1934464813;Rua Martino Dragone;280;;13480308;Jardim Santa Barbara;Liemira;SP;alison.smanioto@burigotto.com;JIN SUN GEE PLASTICS CO., LTD;Andadores Infantis;Portaria Inmetro nº 129 de 19/03/2021;;CE-AND/IQB 000004 55573/23-001;Modelo 5;;S;Formosa (Taiwan);BURIGOTTO;ANDADOR OLÉ CL - REF. IXAN5143CL;PP, AÇO, TECIDO / 590 X 690 X 550 MM / TRILHO PLÁSTICO COM BOTÃO DE TRAVA/DESTRAVA E REGULAGEM DE ALTURA / REBITES, PARAFUSOS E ENCAIXE DE PEÇAS PLÁSTICAS / BANDEJA COM 2 BRINQUEDOS DE PP E NYLON;7896502944248;Incluido;29/04/2026
187943/1943;Ativo;;05/08/2021;;;GALZERANO INDUSTRIA DE CARRINHOS E BERCOS LTDA;43594977000197;19999947357;Via Prefeito Jurandyr Paixão;700;;13481149;Jd. Campo Belo;Limeira;SP;luisfernando.camargo@galzerano.com.br;GALZERANO INDUSTRIA DE CARRINHOS E BERCOS LTDA;Andadores Infantis;Portaria Inmetro nº 129 de 19/03/2021;;CE-AND/IQB 000006 54618/21-001;;;N;Brasil;GALZERANO;Ref.: 4050-Andador Torino. Versões: 4050PTR (Preto Rosa), 4050PTT (Preto Terracota);Mat Tec poliest Espum PP PA6 Master Tint Tub aço Itens fix/aviam CxLxA(cm) 71x62,5x51,5 Trav Trilh plást c/ botão destrav e reg alt Acess Band brinq não remove retrov Caract Tec Pçs plást Tint Ferrage;7908200102193|7908200102209;Excluido;01/09/2021
481947/1969;Ativo;;06/03/2023;;;BURIGOTTO S A INDUSTRIA E COMERCIO;51460277000138;1934464813;Rua Martino Dragone;280;;13480308;Jardim Santa Barbara;Liemira;SP;alison.smanioto@burigotto.com;JIN SUN GEE PLASTICS CO., LTD;Andadores Infantis;Portaria Inmetro nº 129 de 19/03/2021;;CE-AND/IQB 000004 55573/23-001;Modelo 5;;S;Formosa (Taiwan);BURIGOTTO;ANDADOR OLÉ CL (REF.COM.  IXAN5143CL);PP, AÇO, TECIDO / 590 X 690 X 550 MM / TRILHO PLÁSTICO COM BOTÃO DE TRAVA/DESTRAVA E REGULAGEM DE ALTURA / REBITES, PARAFUSOS E ENCAIXE DE PEÇAS PLÁSTICAS / BANDEJA COM 2 BRINQUEDOS DE PP E NYLON;7896502944248;Excluido;29/04/2026
626290/1932;Ativo;;07/02/2022;;;TUTTI BABY INDUSTRIA E COMERCIO DE ARTIGOS INFANTIS LTDA;06981862000129;4733794000;Rod. Guilherme Jensen, SC413, km13;0;;89108000;Distrito Industrial;Massaranduba;SC;certificacao@tuttibaby.com.br;TUTTI BABY INDUSTRIA E COMERCIO DE ARTIGOS INFANTIS LTDA;Andadores Infantis;Portaria Inmetro nº 129 de 19/03/2021;;IN2869325;Modelo 5;;N;Brasil;Tutti Baby;Andador: VERSÕES: Safari II (Azul/Rosa/Vermelho), Princesa Rosa Coroa, Acqua Explorador (Cinza/Roxo);ESTRUTURA METÁLICA , AÇO TUBULAR / 48 x 60,5 x 70CM / SISTEMA DE TRAVAMENTO COM DUAS AÇÕES CONSECUTIVAS PARA LIBERAÇÃO /SISTEMA DE MONTAGEM/FERRAGEM: PARAFUSOS E REBITES ACESSÓRIOS: BRINQUEDOS E ADESI;7898431501615|7898431501622|7898431501639|7898431501684|7898431501691|7898431501707;Excluido;15/03/2024
775951/1995;Ativo;;03/04/2023;;;PLANETA - IMPORTACAO E DISTRIBUICAO DE BRINQUEDOS LTDA;13434272000141;1138951572;AV VASCO MASSAFELI;1000;G1A M1-21;06703600;JARDIM MARIA TEREZA;COTIA;SP;admin@planetadobebe.com.br;HEBEI WANXIN CHILDREN TOYS CO.,LTD.;Andadores Infantis;Portaria Inmetro nº 129 de 19/03/2021;;IN1765923;Modelo 5;;S;China, República Popular;MAXI BABY;ANDADOR LA BAMBA - NW-01 - AZUL #21537/ROSA #21538/VERMELHO #75268;MAT: PP E PAR. ABS, AÇO DE ALT. CARB.-RODA ELAST. TERM.,PVC/DIM:580X680X550(LXCXH)/SIS_TRAV:LIBE.EMDUAS AÇÕES CONS./SIS_MONT E FER:MAN.(S/FER.)/ACES:BAND C BRINQ./CARAC.DO MOD:ANDADOR C BRI.(BAD. MUS.;7898975752689|7899403215370|7899403215387;Excluido;18/03/2026
069955/2022;Inativo;;11/01/2023;;;COMPANHIA DOREL BRASIL PRODUTOS INFANTIS;10659948000883;2135547024;Av. Nilo Peçanha;1516 ;Galpão 3 ;28030035;Pq dos Rodoviários;Campos dos Goytacaze;RJ;standard@dorel.com.br;Jin Sun Gee Plastics Co., Ltd;Andadores Infantis;Portaria Inmetro nº 129 de 19/03/2021;;IN1722522;;;S;Formosa (Taiwan);Cosco;BG-1518. Nome comercial: Follow. Versões: Azul e Laranja.;Ferro, plástico, PP,PET, PU e poliéster. 60 x 49 x 68 cm.Trav:Lib.2 ações cons., Encaixe,aces: Brinquedos.;7908238808043|7908238808050;Incluido;11/01/2023
442722/2015;Ativo;;07/02/2022;;;TUTTI BABY INDUSTRIA E COMERCIO DE ARTIGOS INFANTIS LTDA;06981862000129;4733794000;Rod. Guilherme Jensen, SC413, km13;0;;89108000;Distrito Industrial;Massaranduba;SC;certificacao@tuttibaby.com.br;TUTTI BABY INDUSTRIA E COMERCIO DE ARTIGOS INFANTIS LTDA;Andadores Infantis;Portaria Inmetro nº 129 de 19/03/2021;;IN2869325;Modelo 5;;N;Brasil;Tutti Baby;Andador Safari Plus II (Azul / Rosa / Vermelho);ESTRUT. MET.AÇO.TUBULAR/48x60,5x70CM/SIST.DE TRAV. COM.DUAS.AÇÕES.CONSECUT.PARA.LIBER./PARAFUSOS.E. REBITES/BRINQUEDOS.E.ADESIVOS;7898431501615|7898431501622|7898431501639;Excluido;08/04/2022
363970/1948;Ativo;;07/02/2022;;;TUTTI BABY INDUSTRIA E COMERCIO DE ARTIGOS INFANTIS LTDA;06981862000129;4733794000;Rod. Guilherme Jensen, SC413, km13;0;;89108000;Distrito Industrial;Massaranduba;SC;certificacao@tuttibaby.com.br;TUTTI BABY INDUSTRIA E COMERCIO DE ARTIGOS INFANTIS LTDA;Andadores Infantis;Portaria Inmetro nº 129 de 19/03/2021;;IN2869325;Modelo 5;;N;Brasil;TUTTI BABY;ANDADOR SAFARI II-ANDADOR 40.002-40002003/40002004/40002007/40003004/40004002/40004003;MAT:PP/ALGODAO/DIM:51X61X70CM/SIS_TRAV:DOIS DISPOS DE TRAV IND. OPER. SIMULTÂNEAMENTE/SIS_MONT/FERRG:REBITES,PARAF,ENCAIXE DE PÇS PLAST/ACESS:BAND. C/ BRINQ/CARAC. DO MOD.:ANDADOR C/ BRINQ NA BAND;7898431501615|7898431501622|7898431501639|7898431501684|7898431501691|7898431501707;Incluido;27/02/2026
657974/1974;Ativo;;19/02/2026;;;RGM  COMERCIO E SERVICOS LTDA;18007664000148;11996294240;Avenida Angélica;511;Cj. 904;01227100;Santa Cecilia;São Paulo;SP;papush@uol.com.br;PINGHU XIAOTIANDI CHILDREN?S PRODUCTS FACTORY;Andadores Infantis;Portaria Inmetro nº 129 de 19/03/2021;;IN2911726;Modelo 5;;S;China, República Popular;RGM;ANDADOR DREUX - R602 - AVIÃO - AVIAO;MAT:PP,FERRO E POLIÉ./DIM:70X62.5X51 CM/SIST.DE TRAV.:LIB.EM DUAS AÇÕES CONSECU./SIST.DE MONT.E FERR.:MANUAL (SEM FERRAMENTA)/ACESS:BANDEJA MUSICAL/CARACT.DO MODELO:ANDADOR COM BANDEJA MUSICAL;7898926505616;Incluido;19/02/2026
791335/1978;Inativo;;14/08/2019;;;Companhia Dorel Brasil Produtos Infantis;10659948000107;2135633602;Av. Nilo Peçanha;1516 /1582;Térreo;28030035;Pq dos Rodoviários;Campos dos Goytacaze;RJ;mariana.magalhaes@dorel.com.br;JIN SUN GEE PLASTIC CO.,LTD;Andadores Infantis;Portaria Inmetro nº 42 de 19/01/2018;;OCAN-AND.145/19-4;;;S;Formosa (Taiwan);Voyage;BG1401;Nome Fantasia: Buggy. Cores: Rosa e Azul. Material: Ferro, plástico, PP e PU. 42 x 58.5 x 65 cm. Sistema de Travamento e Montagem: Manual. Acessórios: Bandeja;7898509475206|7898509475213;Incluido;14/08/2019
951978/2000;Ativo;;07/02/2022;;;TUTTI BABY INDUSTRIA E COMERCIO DE ARTIGOS INFANTIS LTDA;06981862000129;4733794000;Rod. Guilherme Jensen, SC413, km13;0;;89108000;Distrito Industrial;Massaranduba;SC;certificacao@tuttibaby.com.br;TUTTI BABY INDUSTRIA E COMERCIO DE ARTIGOS INFANTIS LTDA;Andadores Infantis;Portaria Inmetro nº 129 de 19/03/2021;;IN2869325;Modelo 5;;N;Brasil;TUTTI BABY;ANDADOR SAFARI II-ANDADOR 40.002-40002003/40002004/40002007/40003004/40004002/40004003;MAT:PP E ALGODAO/DIM:51X61X70CM/SIS_TRAV:DOIS DISPOS TRAV INDEPEND SENDO OPER SIMULTÂNEAM./SIS_MONT/FERRG:REBITES,PARAFUSOS E ENCAIXE DE PÇS PLAST/ACESS:BAND. COM BRINQ/CARAC. DO MOD.:AND. C/ BRINQ NA;7898431501615|7898431501622|7898431501639|7898431501684|7898431501691|7898431501707;Excluido;27/02/2026
026976/1962;Ativo;;15/11/2024;;;HCM INDUSTRIA E IMPORTACAO LTDA;12538691000160;37998767200;RUA SERGIPE ;1963;;35591096;SANTA ALEXANDRINA;LAGOA DA PRATA;MG;compras.hcmmalta@gmail.com;HCM INDUSTRIA E IMPORTACAO LTDA;Andadores Infantis;Portaria Inmetro nº 129 de 19/03/2021;;IN2431224-2;;;N;Brasil;JUMBO BABY;ANDADOR MUSICAL MEGALUXO JUMBO BABY/AZUL/ROSA/VERMELHO/LARANJA, CARAC.D/MODEL:ANDADOR COM BRINQUEDO NA BANDEJA;MAT.:POLIPROPILENO(PP)/ACO CARBONO(FERRAGENS)/TECIDO(POLIÉSTER)/DIM:69,5X58,5X14,5/SIS.D/TRAV.:LIB.EM 2AS.CON./SIS.D/MONT.E FERR.:MAN.(S/FERR.)/ACESS.:ASSE/FORR.P/OS PÉS/EMP./PAI.MUS;7898947715063|7898947715070|7898947715087|7898947715094;Incluido;15/11/2024
182614/1943;Ativo;;09/12/2019;;;TAPUZIM COMERCIAL LTDA;00513418000100;1138569063;Av. Monte Celeste;230;250;02561000;Vila S. Maria;São Paulo;SP;ehs0770@hotmail.com;SHEN ZHEN WEI MEI CHILDCARE PRODUCT LIMITED COMPANY;Andadores Infantis;Portaria Inmetro nº 42 de 19/01/2018;;OCAN-AND.165/19-3;;;S;China, República Popular;baby style;CENTRO DE ATIVIDADES;VERSÕES: Andador play - Ref.5821 Andador meninos - Ref. 515211 Andador meninas - Ref. 51522. Material: Plástico, metal e tecido. Dimensões: 74 x 75 x 18 cm Sistema de Travamento: Stoper Sistema de Mon;4079515211993|4079515222999|4532582122994;Incluido;09/12/2019
778152/2007;Ativo;;07/03/2024;;;COMPANHIA DOREL BRASIL PRODUTOS INFANTIS;10659948000107;2135547024;Av. Nilo Peçanha;1516;1582;28030035;Pq dos Rodoviários;Campos dos Goytacaze;RJ;standard@dorel.com.br;COMPANHIA DOREL BRASIL PRODUTOS INFANTIS;Andadores Infantis;Portaria Inmetro nº 129 de 19/03/2021;;IN2040823;Modelo 5;;N;Brasil;INFANTI/ COSCO;APPIA/ ZIGGY - HE022 - N/A - AZUL / ROSA / AZUL / ROSA;MAT:PP,PES,PTA,EG,POLIPROPILENO E POLIETILENO/DIM:56,5 X 68 X 60,5 CM/SIST D TRAVAMENTO:LIB EM DUAS AÇÕES CONSEC/SIST DE MNTGM E FERRG:MAN (SEM FER)/ACESS:BAND D BRINQ./CARACT D MODELO:ANDADOR C BRINQ;7908238809774|7908238809781|7908238815812|7908238815829;Incluido;10/04/2026
933477/1929;Ativo;;07/03/2024;;;COMPANHIA DOREL BRASIL PRODUTOS INFANTIS;10659948000107;2135547024;Av. Nilo Peçanha;1516;1582;28030035;Pq dos Rodoviários;Campos dos Goytacaze;RJ;standard@dorel.com.br;COMPANHIA DOREL BRASIL PRODUTOS INFANTIS;Andadores Infantis;Portaria Inmetro nº 129 de 19/03/2021;;IN2040823;Modelo 5;;N;Brasil;Infanti;APPIA - HE022 - AZUL/ROSA - MAT.:PP, POLIÉSTER,PTA, EG, POLIPROPILENO E POLIETILENO.DIMENSÕES:56,5X68X60,5CM/;SIST. DE TRAVAMENTO: LIBERAÇÃO EM 2 AÇÕES CONSECUTIVAS/SIST. DE MONTAGEM E FERRAGEM: MANUAL (S/ FERRAMENTAS)/ACES.: BANDEJA DE BRINQUEDOS/ANDADOR COM BRINQUEDO;7908238809774|7908238809781;Excluido;10/04/2026
245993/1927;Inativo;;23/05/2025;;;MD COMERCIO DE FERRAGENS LTDA;55274701000100;92981285408;AVENIDA JOAQUIM NABUCO;1094;A;69020030;Centro;Manaus;AM;mdcomerciodeferragensltda@gmail.com;Xingtai Pandelo Technology Co.,Ltd;Andadores Infantis;Portaria Inmetro nº 129 de 19/03/2021;;IN2611025;Modelo 5;;S;China, República Popular;ULTRA BABY;REF: UBW-801H - ANDADOR INFANTIL MUSICAL PARA BEBÊ - BABY PINK / BARBIE PINK, RED / WHITE, ROYAL BLUE / ORANGE / WHITE, GREEN / WHITE;MAT:PP,FERRO E POLIÉSTER/DIM:68X59X52CM/SIS_TRAV:LIBERAÇÃO EM 2 AÇÕES CONSECUTIVAS/SIS_MONTAGEM_E_FERRAGEM:MANUAL(SEM FERRAMENTA)/ACESSÓRIOS: N/A/CARACTERISTICAS_MODELO:ANDADOR COM BRINQUEDO ACOPLADO;7890012361007|7890012361113|7890012368082|7890012369096;Incluido;23/05/2025
539997/1953;Ativo;;14/08/2019;;;BAMBOO COMERCIO, IMPORTAÇÃO E EXPORTAÇÃO EIRELI-EPP;27115224000103;8132419265;Rua. Alegre;154;Galpão A;52120125;Arruda;Recife;PE;bamboo@yescert.com.br;ZHEJIANG KINTEX INTERNATIONAL TRADING CO., LTD;Andadores Infantis;Portaria Inmetro nº 129 de 19/03/2021;;IN1632922;;;S;China, República Popular;BAMBOO;MODELO:MD-18NOME COMERCIAL:ANDAJAR GUGUVERSÕES: Azul (Ref.: MD18.1)Rosa (Ref.: MD18.2)Verde (Ref.: MD18.3)Vermelho (Ref.: MD18.4);Mat: PLAST / MET/FIB TEXTIL,DIM:ABRT:62X56X52CM,FECH:62X56X16,SIST TRAV:LIBER EM 2 ACOES CONSEC,SIST MONT FERRAG: MANUAL(S/FERRAMENTA),ACESS:BANDEJ C/BRINQ E HAST C/PUXADOR;7909312341029;Incluido;22/07/2022
544075/2018;Ativo;;31/08/2026;;;TUTTI BABY INDUSTRIA E COMERCIO DE ARTIGOS INFANTIS LTDA;06981862000129;4733794000;Rod. Guilherme Jensen, SC413, km13;0;Galpão 01;89108000;Distrito Industrial;Massaranduba;SC;heloiza.souza@tuttibaby.com.br;TUTTI BABY INDUSTRIA E COMERCIO DE ARTIGOS INFANTIS LTDA;Andadores Infantis;Portaria Inmetro nº 129 de 19/03/2021;;CE-AND/IQB 000013 57036/26-002;Modelo 5;;N;Brasil;TUTTI BABY;ANDADOR COMFORT - 40005004,40005003,40005011,40005028,40005007,40005010,40005006,40005029;ESTRU.METALICA:ACO TUBULAR,BRINQ:PLAST.DE ENG.,REVEST. TEXTIL: ALGODAO/48X60,5X70 CM/DOIS DISP. DE TRAV. INDEP. SENDO OP. SIMULT./PARAFUSOS E MONT. DE PÇS PLAST./BRINQ. CERT. E ADESIVO-57036/26;7898431502063|7898431502070|7898431502087|7898431502094|7898431502100|7898431502117|7898431502124|7898431502131;Incluido;31/08/2026
104175/1935;Inativo;;14/01/2021;;;GALZERANO INDUSTRIA DE CARRINHOS E BERCOS LTDA;43594977000197;1934043030;Via Prefeito Jurandyr Paixão;700;;13481149;Jd. Campo Belo;Limeira;SP;luisfernando.camargo@galzerano.com.br;HUNGSENG HARDWARE PLASTIC (DG) CORP., LTD;Andadores Infantis;Portaria Inmetro nº 42 de 19/01/2018;;CE-AND/IQB 000006 54018/20-001;;;S;China, República Popular;GALZERANO;Ref.: 4015-Andador 3 em 1 Fênix. Versões: 4015CR (Color);Mat Tec polié Espum Resin plást Itens fixação Dimens 103x103x72(cm) Sist travamento suporte plástico c/ encaixe Sist montagem/ferragem encaixes manuais Acessório: Bandeja de brinquedos não removíveis;7908200101936;Incluido;14/01/2021
751797/1965;Ativo;;30/08/2021;;;TA TE TI INDUSTRIA E COMERCIO DE BRINQUEDOS EDUCATIVOS LTDA;30261120000103;4732422225;RUA TIRADENTES;230;;89107000;CENTRO;POMERODE;SC;qualidade3@grupocalesita.com.br;TA TE TI INDUSTRIA E COMERCIO DE BRINQUEDOS EDUCATIVOS LTDA;Andadores Infantis;Portaria Inmetro nº 129 de 19/03/2021;;CE-AND/IQB 000010 55962/23-001;Modelo 5;;N;Brasil;Tateti;Ref.915 - Move Baby Rosa;PP, METAL, TECIDO POLIESTER. DIMENSAO: 70,20X59,83X49,12CM. SIST. TRAVAMENTO:FREIO DIANTEIRO E TRASEIRO. SIST DE MONTAGEM: MANUAL/PARAFUSOS PP. ACESSORIOS:BANDEJA DE BRINQUEDOS;7898664632247;Incluido;02/03/2026
834001/1979;Inativo;;11/11/2022;;;COMPANHIA DOREL BRASIL PRODUTOS INFANTIS;10659948000883;2135547024;Av. Nilo Peçanha;1516 ;Galpão 3 ;28030035;Pq dos Rodoviários;Campos dos Goytacaze;RJ;standard@dorel.com.br;Jin Sun Gee Plastics Co., Ltd;Andadores Infantis;Portaria Inmetro nº 129 de 19/03/2021;;IN1701622-2;;;S;Formosa (Taiwan);Voyage;BG-1518. Nome comercial: Baby Step. Versões: Rosa e Azul.;Ferro,PP e poliéster. 60x49x68cm.Trav:Lib.2 ações consec.,Mont:Encaixe. Aces:Brinquedos;7908238801280|7908238801297;Incluido;11/11/2022
008464/1991;Inativo;;19/06/2023;;;VANMAX COMERCIO LTDA;84114198000124;9231337050;RUA CEL SERGIO PESSOA;91;;69005030;CENTRO;MANAUS;AM;GERENTEDEVENDAS@VANMAX.COM.BR;PINGHU SHI XIAOTIANDI CHILDREN´S PRODUCTS FACTORY;Andadores Infantis;Portaria Inmetro nº 129 de 19/03/2021;;IN1811123;;;S;China, República Popular;BRINKMAX;997A/ NOME COMERCIAL: ANDAJÁ/VERSÕES: AZUL - 582597/ROSA - 582596/VERMELHO - 582598/VERMELHO/BRANCO - 582599 - MAT.: FERRO,POLIPROPILENO E POLIÉSTER/DIM.:67X57X54CM;SIST.DE TRAVA.:LIBERAÇÃO EM DUAS AÇÕES CONSECUTIVAS/SIST.DE MONT.E FERR.MAN.(SEM FERRAMENTA)/ACESSÓRIOS: BRINQUEDO/CARACTERISTICAS DO MODELO: ANDADOR INFANTIL COM BRINQUEDO ACOPLADO;7890785825966|7890785825973|7890785825980|7890785825997;Incluido;19/06/2023
128005/2006;Ativo;;12/04/2021;;;TUTTI BABY INDUSTRIA E COMERCIO DE ARTIGOS INFANT;06981862000129;4733794000;Rod. Guilherme Jensen;0;Galpão 01;89108000;Distrito Industrial;Massaranduba;SC;qualidade@tuttibaby.com.br;TUTTI BABY INDUSTRIA E COMERCIO DE ARTIGOS INFANT;Andadores Infantis;Portaria Inmetro nº 129 de 19/03/2021;;CE-AND/IQB 000005 54149/20-001;Modelo 5;;N;Brasil;Tutti Baby;Andador 40.001;ESTRUT.MET. DE AÇO TUB.PLÁST. DE ENG.ALGODÃO.48CM X60,5CMX70CM,COM DUAS AÇÕESCONSEC PARA LIB.REB.E PARAF.BRINQ. E ADES.BASE SUP.BASE INF.FREIO ANTI-QUEDA E CONJ.DE RODAS,PNEU DA RODA TRAS. E TRAVA ANT;7898431501219|7898431501226|7898431501233;Incluido;12/04/2021
422020/1932;Ativo;;09/12/2019;;;TAPUZIM COMERCIAL LTDA;00513418000100;1138569063;Av. Monte Celeste;230;250;02561000;Vila S. Maria;São Paulo;SP;ehs0770@hotmail.com;SHEN ZHEN WEI MEI CHILDCARE PRODUCT LIMITED COMPANY;Andadores Infantis;Portaria Inmetro nº 42 de 19/01/2018;;OCAN-AND.165/19-3;;;S;China, República Popular;baby style;CENTRO DE ATIVIDADES;VERSÕES: Andador play - Ref.5821 Andador meninos - Ref. 515211 Andador meninas - Ref. 51522. Material: Plástico, metal e tecido. Dimensões: 74 x 75 x 18 cm Sistema de Travamento: Stoper Sistema de Mon;4079515211993|4079515222999|4532582122994;Incluido;09/12/2019
716024/1958;Inativo;;12/01/2023;;;COMPANHIA DOREL BRASIL PRODUTOS INFANTIS;10659948000883;2135547024;Av. Nilo Peçanha;1516 ;Galpão 3 ;28030035;Pq dos Rodoviários;Campos dos Goytacaze;RJ;standard@dorel.com.br;Jin Sun Gee Plastics Co., Ltd;Andadores Infantis;Portaria Inmetro nº 129 de 19/03/2021;;IN1701622-3;;;S;Formosa (Taiwan);Safety 1st;HE001. Nome comercial: Spacewalker 3 em 1. Versões: Grey, Orange.;PP,Ferro,Aço,ABS,PVC,POM,TPR,MB475,Pol,65.5x50x71.5cm.Trav:Lib.2ações cons.,Mont:Manual.Aces.Brinq.;7908238803932|7908238803949;Incluido;12/01/2023
010028/1985;Ativo;;14/05/2026;;;UNI-ART IMPORT LTDA.;68168368000105;11952844300;AV DAS INDUSTRIAS ;755;;13288163;DIST.INDL B. STORANI;VINHEDO;SP; www.unitoys.com.br;QINGYUAN XINGLONG BALL PRODUCING CO., LTD.;Andadores Infantis;Portaria Inmetro nº 129 de 19/03/2021;;IN2985326;Modelo 5;;S;China, República Popular;UNITOYS;ANDADOR COM EMPURRADOR - N/A - 3726 AZUL/3726 ROSA;MAT:PP, POLIÉSTER E AÇO/DIM:50X60X102 CM/SIS_TRAV:LIBERAÇÃO EM DUAS AÇÕES CONSECUTIVAS/SIS_MONT E FERRG:MANUAL (SEM FERRAMENTA)/ACESS:N/A/CARACTERISTICAS DO MODELO:ANDADOR COM BANDEJA MUSICAL;7908901504395|7908901504401;Incluido;14/05/2026
304032/2011;Inativo;;24/09/2019;;;Galzerano Indústria de Carrinhos e Berços Ltda;43594977000197;1934043030;Via Prefeito Jurandyr Paixão;700;;13481149;Jd. Campo Belo;Limeira;SP;luisfernando.camargo@galzerano.com.br;SHEN ZHEN WEI MEI CHILDCARE PRODUCT LIMITED COMPANY;Andadores Infantis;Portaria Inmetro nº 42 de 19/01/2018;;CE-AND/IQB 000006 53504/20-001;;;S;China, República Popular;GALZERANO;Andador de bebê 4 em 1 Funny - Versões: Color (CR), Verde Água (VDA);Mat Tec poli Espum Resin plást Itens fix Dimens 75Cx71Lx55A(cm) Sist trav Dobradiç plást c/ botã acion Sist mont frenag Encaix manua Mod Andador c/ módul sonor Pçs girat Cores divers Acess Brinq remov;7898089221477|7898089221996;Incluido;24/09/2019
598047/1937;Ativo;;30/08/2021;;;TA TE TI INDUSTRIA E COMERCIO DE BRINQUEDOS EDUCATIVOS LTDA;30261120000103;4732422225;RUA TIRADENTES;230;;89107000;CENTRO;POMERODE;SC;qualidade3@grupocalesita.com.br;TA TE TI INDUSTRIA E COMERCIO DE BRINQUEDOS EDUCATIVOS LTDA;Andadores Infantis;Portaria Inmetro nº 129 de 19/03/2021;;CE-AND/IQB 000010 55962/23-001;Modelo 5;;N;Brasil;Tateti;Ref.914 - Move Baby;PP, METAL, TECIDO POLIESTER. DIMENSAO: 70,20X59,83X49,12CM. SIST. TRAVAMENTO:FREIO DIANTEIRO E TRASEIRO. SIST DE MONTAGEM: MANUAL/PARAFUSOS PP. ACESSORIOS:BANDEJA DE BRINQUEDOS;7898664632230;Incluido;02/03/2026
716024/1958;Ativo;;07/08/2024;;;AMAZONAS IMPORTADOS LTDA;07269201000138;9691131654;Rua Independência;175;;68900090;Central;Macapa;AP;adriana.abreu@amazonasimportados.com.br;YIWU BALBIAN ELECTRONIC TECHNOLOGICAL CO., LTD;Andadores Infantis;Portaria Inmetro nº 129 de 19/03/2021;;IN2086424-4;;;S;China, República Popular;LÉ PETIT;MODE:BABY WALKER/REF:LP-9917/ CONT: ANDADOR COM BRINQUEDO ACOPLADO/VERSÕES:AZUL,VERMELHO,AMARELO,ROSA.;MAT:PP E POLIÉSTER/DIM:65X54X49CM/SIST DE TRAV:LIBERAÇÃO EM DUAS AÇÕES CONSECUTIVAS/SIST DE MONT E FERRA :MANUAL (SEM FERRAMENTA)/ACES:N/A.CARACTERISTICAS DO MODELO:;7453116024706;Incluido;07/08/2024
892051/1963;Ativo;;27/08/2026;;;MADHULA COMERCIO DE ARTIGOS ELETROELETRONICOS LTDA;03838532000190;92994433107;Rua Marcilio Dias;166;;69005270;Centro;Manaus;AM;mayapunjwani@gmail.com;PINGHU XIAOTIANDI CHILDREN?S PRODUCTS FACTORY;Andadores Infantis;Portaria Inmetro nº 129 de 19/03/2021;;IN3141126-2;Modelo 5;;S;China, República Popular;BENMEK;ANDADOR MADHULA/ MA101/ Rosa - MA101R/ Azul - MA101A/ Verde - MA101V/ Laranja - MA101L;MAT.:PP, FERRO E POLIÉSTER/DIM.:63X57X53 CM/SIST. DE TRAV.:LIBERAÇÃO EM DUAS AÇÕES CONSECUTIVAS/SIST. MONT. E FERR.:MANUAL (SEM FERRAMENTA)/ACESS.:BRINQUEDO/CARACT. DO MOD.:ANDADOR COM BRINQUEDO;6901031000158;Incluido;27/08/2026
246306/1986;Ativo;;06/03/2023;;;BURIGOTTO S A INDUSTRIA E COMERCIO;51460277000138;1934464813;Rua Martino Dragone;280;;13480308;Jardim Santa Barbara;Liemira;SP;alison.smanioto@burigotto.com;JIN SUN GEE PLASTICS CO., LTD;Andadores Infantis;Portaria Inmetro nº 129 de 19/03/2021;;CE-AND/IQB 000004 55573/23-001;Modelo 5;;S;Formosa (Taiwan);BURIGOTTO;ANDADOR OLÉ CL (REF.COM.  IXAN5143CL);PP, AÇO, TECIDO / 590 X 690 X 550 MM / TRILHO PLÁSTICO COM BOTÃO DE TRAVA/DESTRAVA E REGULAGEM DE ALTURA / REBITES, PARAFUSOS E ENCAIXE DE PEÇAS PLÁSTICAS / BANDEJA COM 2 BRINQUEDOS DE PP E NYLON;7896502944248;Excluido;29/04/2026
186055/1990;Ativo;;27/08/2026;;;MADHULA COMERCIO DE ARTIGOS ELETROELETRONICOS LTDA;03838532000190;92994433107;Rua Marcilio Dias;166;;69005270;Centro;Manaus;AM;mayapunjwani@gmail.com;PINGHU XIAOTIANDI CHILDREN?S PRODUCTS FACTORY;Andadores Infantis;Portaria Inmetro nº 129 de 19/03/2021;;IN3141126-2;Modelo 5;;S;China, República Popular;BENMEK;ANDADOR MADHULA/ MA101/ Rosa - MA101R/ Azul - MA101A/ Verde - MA101V/ Laranja - MA101L;MAT.:PP, FERRO E POLIÉSTER/DIM.:63X57X53 CM/SIST. DE TRAV.:LIBERAÇÃO EM DUAS AÇÕES CONSECUTIVAS/SIST. MONT. E FERR.:MANUAL (SEM FERRAMENTA)/ACESS.:BRINQUEDO/CARACT. DO MOD.:ANDADOR COM BRINQUEDO;6901031000158;Incluido;27/08/2026
407273/1967;Ativo;;06/05/2025;;;KAVOD BRASIL COMERCIO E IMPORTACAO DE PRODUTOS DE USO DOMESTICO LTDA;12389993000114;1136612389;Avenida Marquês de São Vicente;2219;Conj 1001;05036040;Água Branca;São Paulo;SP;adm@kababy.com.br;Tengzhou Lebeir Baby Carriage Co., Ltd.;Andadores Infantis;Portaria Inmetro nº 129 de 19/03/2021;;IN2610825;;;S;China, República Popular;KaBaby;DESIGNAÇÃO COMERCIAL: ANDADOR DE EMPURRAR STEP-UP KABABY CINZA/CÓDIGO DE REFERÊNCIA COMERCIAL: ANDADOR/QUANTIDADE: -/;MAT:PP/DIM:799x660x715mm/SIS_TRAV:LIBERAÇÃO EM DUAS AÇÕES CONSECUTIVAS/SIS_MONTAGEM/FERRAGEM:MANUAL SEM AUXILIO DE FERRAMENTA/ACESSORIOS:N/A/CARACT_DO_MODELO:ANDADOR COM BRINQUEDO ACOPLADO;7898605218394;Incluido;06/05/2025
480059/2016;Ativo;;19/06/2026;;;LILI FLORES ARTESANAIS LTDA;50509301000113;2199999999;R SANTO SEPULCRO;00279;;21350220;MADUREIRA;RIO DE JANEIRO;RJ;xiaoweiliu663@gmail.com;PINGHU XIAOTIANDI CHILDREN''S PRODUCTS FACTORY ;Andadores Infantis;Portaria Inmetro nº 129 de 19/03/2021;;IN3051726;Modelo 5;;S;China, República Popular;LILI;MOD:ANDADOR LL-2931 / CÓD. DE REFERÊNCIA COMERCIAL: LL-2931 / AZUL,ROSA,VERDE;MAT.:PP, POLIÉSTER E POLIETILENO/DIM:56,5X68X60,5CM/ SIST.TRAV.:LIBERAÇÃO EM DUAS AÇÕES CONSECUTIVAS/SIST. MONT.:LIBERAÇÃO EM DUAS AÇÕES CONSECUTIVAS/SEM ACESSÓRIOS/ANDADOR COM BRINQUEDO INTERATIVO;;Incluido;19/06/2026
920294/1958;Inativo;;24/09/2019;;;Galzerano Indústria de Carrinhos e Berços Ltda;43594977000197;1934043030;Via Prefeito Jurandyr Paixão;700;;13481149;Jd. Campo Belo;Limeira;SP;luisfernando.camargo@galzerano.com.br;SHEN ZHEN WEI MEI CHILDCARE PRODUCT LIMITED COMPANY;Andadores Infantis;Portaria Inmetro nº 42 de 19/01/2018;;CE-AND/IQB 000006 53504/20-001;;;S;China, República Popular;GALZERANO;Andador de bebê 4 em 1 Funny - Versões: Color (CR), Verde Água (VDA);Mat Tec poli Espum Resin plást Itens fix Dimens 75Cx71Lx55A(cm) Sist trav Dobradiç plást c/ botã acion Sist mont frenag Encaix manua Mod Andador c/ módul sonor Pçs girat Cores divers Acess Brinq remov;7898089221477|7898089221996;Incluido;24/09/2019
568553/2007;Ativo;;07/03/2024;;;JASSUMAL LTDA;04214425000154;63881924131;AV SETE SETEMBRO;852;;69005140;CENTRO;MANAUS;AM;dgjohnny@gmail.com;PINGHU SHI XIAOTIANDI CHILDREN''S PRODUCTS FACTORY;Andadores Infantis;Portaria Inmetro nº 129 de 19/03/2021;;IN2087524;;;S;China, República Popular;BABY SPORTS;ANDADOR JASSUMAL - BS104 - AZUL CLARO E ESCURO-BS104A/ROSA CLARO E ESCURO-BS104R/VERMELHO E PRETO-BS104VP/ROXO E ROSA ESCURO-BS104RR;MAT.:PP,FERRO E POLIÉSTER/DIM.:63X57X53CM/SIST.TRAVA.:LIBERAÇÃO EM DUAS AÇÕES CONSECUTIVAS/SIST.MONT.FERRA.:MANUAL(SEM FERRAMENTA)/ACESSÓRIOS:N/A/CARACTERISTICAS DO MODELO: ANDADOR COM BRINQUEDO;6901041000155;Incluido;07/03/2024
774074/1942;Ativo;;07/03/2024;;;MADHULA COMERCIO DE ARTIGOS ELETROELETRONICOS LTDA;03838532000190;63881924131;Rua Marcilio Dias;166;;69005270;Centro;Manaus;AM;ltdamcg@gmail.com;PINGHU SHI XIAOTIANDI CHILDREN''S PRODUCTS FACTORY;Andadores Infantis;Portaria Inmetro nº 129 de 19/03/2021;;IN2088024;;;S;China, República Popular;BENMEK;ANDADOR MADHULA - MA101 - ROSA-MA101R/AZUL-MA101A/VERDE-MA101V/LARANJA-MA101L;MAT.:PP,FERRO E POLIÉSTER/DIM.:63X57X53CM/SIST.TRAVA.:LIBERAÇÃO EM DUAS AÇÕES CONSECUTIVAS/SIST.MONT.FERRA.:MANUAL(SEM FERRAMENTA)/ACESSÓRIOS:N/A/CARACTERISTICAS DO MODELO: ANDADOR COM BRINQUEDO;6901031000158;Incluido;07/03/2024
735173/1947;Ativo;;15/11/2024;;;HCM INDUSTRIA E IMPORTACAO LTDA;12538691000160;37998767200;RUA SERGIPE ;1963;;35591096;SANTA ALEXANDRINA;LAGOA DA PRATA;MG;compras.hcmmalta@gmail.com;HCM INDUSTRIA E IMPORTACAO LTDA;Andadores Infantis;Portaria Inmetro nº 129 de 19/03/2021;;IN2431224-2;;;N;Brasil;JUMBO BABY;ANDADOR MUSICAL MEGALUXO JUMBO BABY/AZUL/ROSA/VERMELHO/LARANJA, CARAC.D/MODEL:ANDADOR COM BRINQUEDO NA BANDEJA;MAT.:POLIPROPILENO(PP)/ACO CARBONO(FERRAGENS)/TECIDO(POLIÉSTER)/DIM:69,5X58,5X14,5/SIS.D/TRAV.:LIB.EM 2AS.CON./SIS.D/MONT.E FERR.:MAN.(S/FERR.)/ACESS.:ASSE/FORR.P/OS PÉS/EMP./PAI.MUS;7898947715063|7898947715070|7898947715087|7898947715094;Incluido;15/11/2024
961396/1965;Inativo;;11/01/2023;;;COMPANHIA DOREL BRASIL PRODUTOS INFANTIS;10659948000883;2135547024;Av. Nilo Peçanha;1516 ;Galpão 3 ;28030035;Pq dos Rodoviários;Campos dos Goytacaze;RJ;standard@dorel.com.br;Jin Sun Gee Plastics Co., Ltd;Andadores Infantis;Portaria Inmetro nº 129 de 19/03/2021;;IN1701622-4;;;S;Formosa (Taiwan);Voyage;BG1401. Nome comercial: Buggy. Versões: Azul, Rosa.;PP,PVC,Ferro,POM,PU,Pol, 42x58.5x65cm. Trav:Lib.2 ações cons,Mont:Manual, Aces. Brinq.;7898509475206|7898509475213;Incluido;11/01/2023
068078/1969;Inativo;;14/01/2021;;;GALZERANO INDUSTRIA DE CARRINHOS E BERCOS LTDA;43594977000197;1934043030;Via Prefeito Jurandyr Paixão;700;;13481149;Jd. Campo Belo;Limeira;SP;luisfernando.camargo@galzerano.com.br;HUNGSENG HARDWARE PLASTIC (DG) CORP., LTD;Andadores Infantis;Portaria Inmetro nº 42 de 19/01/2018;;CE-AND/IQB 000006 54018/20-001;;;S;China, República Popular;GALZERANO;Ref.: 4015-Andador 3 em 1 Fênix. Versões: 4015CR (Color);Mat Tec polié Espum Resin plást Itens fixação Dimens 103x103x72(cm) Sist travamento suporte plástico c/ encaixe Sist montagem/ferragem encaixes manuais Acessório: Bandeja de brinquedos não removíveis;7908200101936;Incluido;14/01/2021
362082/1995;Inativo;;19/04/2021;;;COMPANHIA DOREL BRASIL PRODUTOS INFANTIS;10659948000107;02135547024;Av. Nilo Peçanha;1516 /1582;Térreo;28030035;Pq dos Rodoviários;Campos dos Goytacaze;RJ;mariana.magalhaes@dorel.com.br;Jin Sun Gee Plastic Co.,Ltd;Andadores Infantis;Portaria Inmetro nº 42 de 19/01/2018;;OCAN-AND.145/21-5;;;S;Formosa (Taiwan);Safety 1st;HE001. Andador Spacewalker. Cores: Grey e Orange.;PP, Ferro, ABS. 58x65.5x71.5cm.Trav.Manual.Sist.Mont.Fren.Manual. Bandeja de Brinquedos.;7908238803932|7908283803949;Incluido;19/04/2021
219951/1944;Ativo;;07/02/2022;;;TUTTI BABY INDUSTRIA E COMERCIO DE ARTIGOS INFANTIS LTDA;06981862000129;4733794000;Rod. Guilherme Jensen, SC413, km13;0;;89108000;Distrito Industrial;Massaranduba;SC;certificacao@tuttibaby.com.br;TUTTI BABY INDUSTRIA E COMERCIO DE ARTIGOS INFANTIS LTDA;Andadores Infantis;Portaria Inmetro nº 129 de 19/03/2021;;IN2869325;Modelo 5;;N;Brasil;TUTTI BABY;DESIGNAÇÃO COMERC SAFARI II (AZUL/ROSA/VERMELHO),PRINCESA ROSA COROA,ACQUA,EXPLORADOR (CINZA/ ROXO) CÓD D REF COMERC:ANDAD 40.002/40002003/40002004/40002007/40003004/40004002/40004003 CARACT DO MODELO:ANDADOR C BRINQUEDO;MAT:ESTRUTURA METALICA - AÇO TUBULAR/DIM:48X60,5X70CM/SIST DE TRAVA:LIBERAÇ EM 2AÇÕES CONSECUT/SIST DE MONTAGEM E FERRAGEM:PARAFUSOS E REBITES/ACESSÓ:BRINQUEDOS E ADESIVOS;7898431501615|7898431501622|7898431501639|7898431501684|7898431501691|7898431501707;Excluido;10/12/2025
688094/2022;Inativo;;12/12/2022;;;COMPANHIA DOREL BRASIL PRODUTOS INFANTIS;10659948000883;2135547024;Av. Nilo Peçanha;1516 ;Galpão 3 ;28030035;Pq dos Rodoviários;Campos dos Goytacaze;RJ;standard@dorel.com.br;Dongguan Xinyeda Hardware Plastic Products Co., Ltd;Andadores Infantis;Portaria Inmetro nº 129 de 19/03/2021;;IN1715922;;;S;China, República Popular;Safety 1st;11389.  Melody Garden;ABS,PP.PVC.Pol.Esp, 64x55x66cm,Trav.Lib.2açoes cons, Mon.Manual. Aces: Brinquedos.;9312541727119;Incluido;12/12/2022
656086/2021;Ativo;;27/03/2026;;;HEMNANI COMERCIO DE VARIEDADES LTDA.;05469291000185;9232330121;Rua Marcílio Dias;304;;69005270;Centro;Manaus;AM;hemnanibr@yahoo.com;PINGHU XIAOTIANDI CHILDREN?S PRODUCTS FACTORY;Andadores Infantis;Portaria Inmetro nº 129 de 19/03/2021;;IN2911926;Modelo 5;;S;China, República Popular;SITA;ANDADOR AKH602 - AKH602 - AVIÃO - AVIAO;MAT:PP,FERRO E POLIE./DIM:70 X62.5 X 51 CM/SISTEMA DE TRAVAMENTO:LIBERAÇÃO EM DUAS AÇÕES CONSECUTIVAS/SISTEMA DE MONTAGEM E FERRAGEM:MAN.(S/FERRAM.)/ACESS:BAND.MUSI./CARAC.DO MOD.:AND.COM BAND.MUSI.;0618231660148;Incluido;27/03/2026
751797/1965;Inativo;;23/05/2025;;;MD COMERCIO DE FERRAGENS LTDA;55274701000100;92981285408;AVENIDA JOAQUIM NABUCO;1094;A;69020030;Centro;Manaus;AM;mdcomerciodeferragensltda@gmail.com;Xingtai Pandelo Technology Co.,Ltd;Andadores Infantis;Portaria Inmetro nº 129 de 19/03/2021;;IN2611025;Modelo 5;;S;China, República Popular;ULTRA BABY;REF: UBW-801H - ANDADOR INFANTIL MUSICAL PARA BEBÊ - BABY PINK / BARBIE PINK, RED / WHITE, ROYAL BLUE / ORANGE / WHITE, GREEN / WHITE;MAT:PP,FERRO E POLIÉSTER/DIM:68X59X52CM/SIS_TRAV:LIBERAÇÃO EM 2 AÇÕES CONSECUTIVAS/SIS_MONTAGEM_E_FERRAGEM:MANUAL(SEM FERRAMENTA)/ACESSÓRIOS: N/A/CARACTERISTICAS_MODELO:ANDADOR COM BRINQUEDO ACOPLADO;7890012361007|7890012361113|7890012368082|7890012369096;Incluido;23/05/2025
235011/1968;Ativo;;30/06/2026;;;MARKETGOOL TRADING IMPORTACAO E EXPORTACAO LTDA;18787076000174;11947652325;ROD RODOLFO JAHN;326;ANEXO 92;89237680; VILA NOVA;JOINVILLE;SC;alexandre.morroni@hotmail.com;PINGHU XIAOTIANDI CHILDREN''S PRODUCTS FACTORY;Andadores Infantis;Portaria Inmetro nº 129 de 19/03/2021;;IN3048926;Modelo 5;;S;China, República Popular;MARKETGOOL;Designação Comercial: Andador Marketgool / Código de referência comercial / MKG-010 / ROSA;Mat: PP, FERRO E POLIÉSTER / Dim: 65X55X45 CM/ SIST DE TRAV: Liberação em duas ações consecutivas/ Acess: Brinquedo do andador/ Caract do mod: Andador com Brinquedo;0070341132777;Incluido;30/06/2026
950101/1947;Ativo;;04/08/2025;;;BAMBINO COMERCIAL LTDA;06006481000129;81987347022;R. 23;175;;53090190;RIO DOCE;OLINDA;PE;bambino.souza@terra.com.br;PINGHU XIAOTIANDI CHILDREN?S PRODUCTS FACTORY;Andadores Infantis;Portaria Inmetro nº 129 de 19/03/2021;;IN2750125;Modelo 5;;S;China, República Popular;BAMBINO;ANDADOR - BA01 - ROSA/AZUL;MAT:PP,FERRO E POLIÉSTER/DIM:70X62.5X51CM/SIS_TRAV:LIBERAÇÃO EM DUAS AÇÕES CONSECUTIVAS/SIS_MONT E FERRG:MANUAL(S/FERRAM.)/ACESS.:BRINQ.CEN.DE ATIVI./CARACT.DO MODELO:ANDADOR COM BANDEJA MUSICAL;7898576907150|7898576907167;Incluido;04/08/2025
244105/1974;Ativo;;24/01/2025;;;PLANETA - IMPORTACAO E DISTRIBUICAO DE BRINQUEDOS LTDA;13434272000141;1138951572;AV VASCO MASSAFELI - GALPAO1 RUA A LADO IMPAR ANEXO;1000;MODULO1/21;06703600;JARDIM MARIA TEREZA;COTIA;SP;admin@planetadobebe.com.br;PLANETA - IMPORTACAO E DISTRIBUICAO DE BRINQUEDOS LTDA;Andadores Infantis;Portaria Inmetro nº 129 de 19/03/2021;;IN2476224;;;N;Brasil;REPLAY KIDS;ANDADOR QUICK/21680 / BELLA/21681 / PUPPY/21682 / ZOO/21683 / SPACE/21684 / RACING;M:POLIPROPILENO, ABS, AÇO,ELASTÔMERO TERMOPLÁSTICO E PVC/D:58X68X55CM/S.D/TRV:MANUAL (SEM FERRAMENTA)/ACS:N/A/CARACTERISTICAS DO MODELO:BANDEJA COM BRINQUEDO/ PLACA MUSICAL/PLACA ANTIDERRAPANTE;7899403216803|7899403216810|7899403216827|7899403216834|7899403216841;Incluido;24/01/2025
538109/2000;Inativo;;14/08/2019;;;Companhia Dorel Brasil Produtos Infantis;10659948000107;2135633602;Av. Nilo Peçanha;1516 /1582;Térreo;28030035;Pq dos Rodoviários;Campos dos Goytacaze;RJ;mariana.magalhaes@dorel.com.br;JIN SUN GEE PLASTIC CO.,LTD;Andadores Infantis;Portaria Inmetro nº 42 de 19/01/2018;;OCAN-AND.145/19-1;;;S;Formosa (Taiwan);Voyage;BG-1518;Nome Fantasia: Baby Step. Cores: Rosa e Azul. Material: Ferro, Plástico e Polipropileno. 60x49x68cm. Sistema Travamento e Montagem:Manual. Acessórios: Bandeja.;7908238801280|7908238801297;Incluido;14/08/2019
832124/1926;Ativo;;09/12/2019;;;TAPUZIM COMERCIAL LTDA;00513418000100;1138569063;Av. Monte Celeste;230;250;02561000;Vila S. Maria;São Paulo;SP;ehs0770@hotmail.com;SHEN ZHEN WEI MEI CHILDCARE PRODUCT LIMITED COMPANY;Andadores Infantis;Portaria Inmetro nº 129 de 19/03/2021;;IN2062423;Modelo 5;;S;China, República Popular;Baby Style;ANDADOR PIANINHO ROSA - 33725 / ANDADOR PIANINHO AZUL - 33726;ANDADOR PIANINHO RS E AZ, MATERIAL:PLÁSTICO/62 X 53 X 78 CM/LIBERAÇÃO EM DUAS AÇÕES CONSECUTIVAS/MANUAL (SEM FERRAMENTAS)/BRINQUEDO;4079337251993|4079337261992;Incluido;29/01/2024
978344/1942;Ativo;;07/08/2024;;;AMAZONAS IMPORTADOS LTDA;07269201000138;9691131654;Rua Independência;175;;68900090;Central;Macapa;AP;adriana.abreu@amazonasimportados.com.br;YIWU BALBIAN ELECTRONIC TECHNOLOGICAL CO., LTD;Andadores Infantis;Portaria Inmetro nº 129 de 19/03/2021;;IN2086424-2;;;S;China, República Popular;LÉ PETIT;MODE:BABY WALKER/REF:LP-9618/ CONT: ANDADOR COM BRINQUEDO ACOPLADO/VERSÕES:AZUL,VERDE,ROSA,VERMELHO.;MAT:PP E POLIÉSTER/DIM:65X54X49CM/SIST DE TRAV:LIBERAÇÃO EM DUAS AÇÕES CONSECUTIVAS/SIST DE MONT E FERR:MANUAL (SEM FERRAMENTA)ACE:N/A.CARACTERISTICAS DO MODELO:;7453068240131;Incluido;07/08/2024
360518/2001;Inativo;;19/06/2023;;;VANMAX COMERCIO LTDA;84114198000124;9231337050;RUA CEL SERGIO PESSOA;91;;69005030;CENTRO;MANAUS;AM;GERENTEDEVENDAS@VANMAX.COM.BR;PINGHU SHI XIAOTIANDI CHILDREN´S PRODUCTS FACTORY;Andadores Infantis;Portaria Inmetro nº 129 de 19/03/2021;;IN1811123;;;S;China, República Popular;BRINKMAX;997A/ NOME COMERCIAL: ANDAJÁ/VERSÕES: AZUL - 582597/ROSA - 582596/VERMELHO - 582598/VERMELHO/BRANCO - 582599 - MAT.: FERRO,POLIPROPILENO E POLIÉSTER/DIM.:67X57X54CM;SIST.DE TRAVA.:LIBERAÇÃO EM DUAS AÇÕES CONSECUTIVAS/SIST.DE MONT.E FERR.MAN.(SEM FERRAMENTA)/ACESSÓRIOS: BRINQUEDO/CARACTERISTICAS DO MODELO: ANDADOR INFANTIL COM BRINQUEDO ACOPLADO;7890785825966|7890785825973|7890785825980|7890785825997;Incluido;19/06/2023
244429/1933;Ativo;;09/12/2019;;;TAPUZIM COMERCIAL LTDA;00513418000100;1138569063;Av. Monte Celeste;230;250;02561000;Vila S. Maria;São Paulo;SP;ehs0770@hotmail.com;SHEN ZHEN WEI MEI CHILDCARE PRODUCT LIMITED COMPANY;Andadores Infantis;Portaria Inmetro nº 129 de 19/03/2021;;IN2062423;Modelo 5;;S;China, República Popular;Baby Style;MODELO: ANIMAIS VERSÕES: Andador cachorro vermelho - Ref. 33721 Andador cachorro azul - Ref. 33722 Andador abelha rosa - Ref. 33723 Andador abelha azul - Ref. 33724 Andador pianinho rosa Ref: 33725 Andador pianinho azul Ref: 33726;Material: Plástico, metal e tecido, Dimensões: 50 x 70 x 60 cm, Sistema de Travamento: Stoper, Sistema deMontagem e Ferragem: Tesoura, Acessórios: Bandeja musical;4079337218996|4079337228995|4079337238994|4079337248993|4079337251993|4079337261992;Excluido;29/01/2024
195473/1955;Inativo;;14/01/2021;;;GALZERANO INDUSTRIA DE CARRINHOS E BERCOS LTDA;43594977000197;1934043030;Via Prefeito Jurandyr Paixão;700;;13481149;Jd. Campo Belo;Limeira;SP;luisfernando.camargo@galzerano.com.br;HUNGSENG HARDWARE PLASTIC (DG) CORP., LTD;Andadores Infantis;Portaria Inmetro nº 42 de 19/01/2018;;CE-AND/IQB 000006 54018/20-001;;;S;China, República Popular;GALZERANO;Ref.: 4015-Andador 3 em 1 Fênix. Versões: 4015CR (Color);Mat Tec polié Espum Resin plást Itens fixação Dimens 103x103x72(cm) Sist travamento suporte plástico c/ encaixe Sist montagem/ferragem encaixes manuais Acessório: Bandeja de brinquedos não removíveis;7908200101936;Incluido;14/01/2021
600248/1949;Ativo;;19/06/2023;;;KCARVALHUS COMERCIO E SERVICOS EIRELI;24633386000137;1143798430;Rua Poeta João Cabral De Melo Neto,  Santa Maria - Osasco - SP;77;;06147020; Santa Maria ;Osasco ;SP;carlos.carvalho@kkbebe.com.br;PINGHU SHI XIAOTIANDI CHILDREN?S PRODUCTS FACTORY;Andadores Infantis;Portaria Inmetro nº 129 de 19/03/2021;;IN1823223;;;S;China, República Popular;KK bebê;ANDADOR INFANTIL PASSINHO FORTE / AZUL /ROSA , MATERIAL:PP,FERRO E POLIÉSTER/DIMENSÕES:63X57X53CM;SISTEMA DE TRAVAMENTO:LIBERAÇÃO EM DUAS AÇÕES CONSECUTIVAS/SISTEMA DE MONTAGEM E FERRAGEM: MANUAL (SEM FERRAMENTA)/ACESSÓRIOS:BRINQUEDOS/CARACTERISTICAS DO MODELO: ANDADOR COM BRINQUEDO FIXO ACOPLADO;7898711750108|7898711750115;Incluido;19/06/2023
025412/1968;Ativo;;30/06/2026;;;MARKETGOOL TRADING IMPORTACAO E EXPORTACAO LTDA;18787076000174;11947652325;ROD RODOLFO JAHN;326;ANEXO 92;89237680; VILA NOVA;JOINVILLE;SC;alexandre.morroni@hotmail.com;PINGHU XIAOTIANDI CHILDREN''S PRODUCTS FACTORY;Andadores Infantis;Portaria Inmetro nº 129 de 19/03/2021;;IN3048926;Modelo 5;;S;China, República Popular;MARKETGOOL;Designação Comercial: Andador Marketgool / Código de referência comercial / MKG-010 / ROSA;Mat: PP, FERRO E POLIÉSTER / Dim: 65X55X45 CM/ SIST DE TRAV: Liberação em duas ações consecutivas/ Acess: Brinquedo do andador/ Caract do mod: Andador com Brinquedo;0070341132777;Incluido;30/06/2026
609342/1955;Ativo;;12/04/2021;;;TUTTI BABY INDUSTRIA E COMERCIO DE ARTIGOS INFANT;06981862000129;4733794000;Rod. Guilherme Jensen;0;Galpão 01;89108000;Distrito Industrial;Massaranduba;SC;qualidade@tuttibaby.com.br;TUTTI BABY INDUSTRIA E COMERCIO DE ARTIGOS INFANT;Andadores Infantis;Portaria Inmetro nº 129 de 19/03/2021;;CE-AND/IQB 000005 54149/20-001;Modelo 5;;N;Brasil;Tutti Baby;Andador 40.001;ESTRUT.MET. DE AÇO TUB.PLÁST. DE ENG.ALGODÃO.48CM X60,5CMX70CM,COM DUAS AÇÕESCONSEC PARA LIB.REB.E PARAF.BRINQ. E ADES.BASE SUP.BASE INF.FREIO ANTI-QUEDA E CONJ.DE RODAS,PNEU DA RODA TRAS. E TRAVA ANT;7898431501219|7898431501226|7898431501233;Incluido;12/04/2021
352988/1989;Ativo;;01/12/2021;;;FAST TRADING IMPORTACAO, EXPORTACAO E COMERCIO DE BEBIDAS EIRELI;34076058000130;8130191960;AV. GOVERNADOR AGAMENON MAGALHÃES,  EDF. EMPRESSARIAL RENATO DIAS - ANDAR 15º, SALA 1502 ;4318;SALA 1502;52010075;PAISSANDU; RECIFE;PE;ricardo.ferreira@fasttradingimport.com.br;China Zhejiang Techincal Co. Ltd;Andadores Infantis;Portaria Inmetro nº 42 de 19/01/2018;;OCAN-AND.514/21-1;;;S;China, República Popular;Fast;602;Material:	PP, Ferro e Poliester/ Dimensões:	63 x 57 x 53 cm/ Sistema de Travamento: Travamento automático com liberação em duas ações consecutivas/ Sistema de Montagem e Ferragem: Manual	/Acessórios: ;;Incluido;01/12/2021
126128/1953;Ativo;;20/12/2019;;;TAPUZIM COMERCIAL LTDA;00513418000100;1138569063;Av. Monte Celeste;230;250;02561000;Vila S. Maria;São Paulo;SP;ehs0770@hotmail.com;SHEN ZHEN WEI MEI CHILDCARE PRODUCT LIMITED COMPANY;Andadores Infantis;Portaria Inmetro nº 42 de 19/01/2018;;OCAN-AND.165/19-2;;;S;China, República Popular;baby style;SPACECAR - VERSÕES: Andador car - Ref. 21302 / Andador space - Ref. 33117;Material: Plástico, metal e tecido. Dimensões: 59 x 59 x 69 cm , Sistema de Travamento: Stoper, Sistema de Montagem e Ferragem: Tesoura, Acessórios: Bandeja musical;4532213022990|4532331172997;Incluido;20/12/2019
420132/1979;Ativo;;31/08/2026;;;TUTTI BABY INDUSTRIA E COMERCIO DE ARTIGOS INFANTIS LTDA;06981862000129;4733794000;Rod. Guilherme Jensen, SC413, km13;0;Galpão 01;89108000;Distrito Industrial;Massaranduba;SC;heloiza.souza@tuttibaby.com.br;TUTTI BABY INDUSTRIA E COMERCIO DE ARTIGOS INFANTIS LTDA;Andadores Infantis;Portaria Inmetro nº 129 de 19/03/2021;;CE-AND/IQB 000013 57036/26-002;Modelo 5;;N;Brasil;TUTTI BABY;ANDADOR COMFORT - 40005004,40005003,40005011,40005028,40005007,40005010,40005006,40005029;ESTRU.METALICA:ACO TUBULAR,BRINQ:PLAST.DE ENG.,REVEST. TEXTIL: ALGODAO/48X60,5X70 CM/DOIS DISP. DE TRAV. INDEP. SENDO OP. SIMULT./PARAFUSOS E MONT. DE PÇS PLAST./BRINQ. CERT. E ADESIVO-57036/26;7898431502063|7898431502070|7898431502087|7898431502094|7898431502100|7898431502117|7898431502124|7898431502131;Incluido;31/08/2026
714136/2005;Ativo;;30/09/2019;;;BURIGOTTO SA INDUSTRIA E COMERCIO;51460277000138;1934042000;Rua Martino Dragone;280;;13480308;Jardim Santa Barbara;Limeira;SP;carlos.riva@burigotto.com;JIN SUN GEE PLASTICS. CO., LTD.;Andadores Infantis;Portaria Inmetro nº 42 de 19/01/2018;;CE-AND/IQB 000004 53005/19-001;;;S;Formosa (Taiwan);Burigotto;Andador Baby Coupe (ref. com. IXAN3034PK10-Rosa, IXAN3034AZ19-Azul, IXAN3034CL-CL);Andador Infantil, Mat.: Polipropileno, Nylon, Aço, Tecido e Espuma, Dim: 760X650X640mm, Sist. Trav. Automático, Sistema Montagem/Ferragem Rebites, parafusos e Encaixe de peças plásticas, Acessorio: Ba;7896502916146|7896502916160|7896502935550;Incluido;30/09/2019
008151/1932;Ativo;;30/08/2021;;;TA TE TI INDUSTRIA E COMERCIO DE BRINQUEDOS EDUCATIVOS LTDA;30261120000103;4732422225;RUA TIRADENTES;230;;89107000;CENTRO;POMERODE;SC;qualidade3@grupocalesita.com.br;TA TE TI INDUSTRIA E COMERCIO DE BRINQUEDOS EDUCATIVOS LTDA;Andadores Infantis;Portaria Inmetro nº 129 de 19/03/2021;;CE-AND/IQB 000010 55962/23-001;Modelo 5;;N;Brasil;Tateti;Ref.914 - Move Baby;PP, METAL, TECIDO POLIESTER. DIMENSAO: 70,20X59,83X49,12CM. SIST. TRAVAMENTO:FREIO DIANTEIRO E TRASEIRO. SIST DE MONTAGEM: MANUAL/PARAFUSOS PP. ACESSORIOS:BANDEJA DE BRINQUEDOS;7898664632230;Incluido;02/03/2026
302155/1958;Inativo;;12/01/2023;;;COMPANHIA DOREL BRASIL PRODUTOS INFANTIS;10659948000883;2135547024;Av. Nilo Peçanha;1516 ;Galpão 3 ;28030035;Pq dos Rodoviários;Campos dos Goytacaze;RJ;standard@dorel.com.br;Jin Sun Gee Plastics Co., Ltd;Andadores Infantis;Portaria Inmetro nº 129 de 19/03/2021;;IN1701622-3;;;S;Formosa (Taiwan);Safety 1st;HE001. Nome comercial: Spacewalker 3 em 1. Versões: Grey, Orange.;PP,Ferro,Aço,ABS,PVC,POM,TPR,MB475,Pol,65.5x50x71.5cm.Trav:Lib.2ações cons.,Mont:Manual.Aces.Brinq.;7908238803932|7908238803949;Incluido;12/01/2023
338241/2024;Ativo;;07/02/2022;;;TUTTI BABY INDUSTRIA E COMERCIO DE ARTIGOS INFANTIS LTDA;06981862000129;4733794000;Rod. Guilherme Jensen, SC413, km13;0;;89108000;Distrito Industrial;Massaranduba;SC;certificacao@tuttibaby.com.br;TUTTI BABY INDUSTRIA E COMERCIO DE ARTIGOS INFANTIS LTDA;Andadores Infantis;Portaria Inmetro nº 129 de 19/03/2021;;IN2869325;Modelo 5;;N;Brasil;Tutti Baby;Andador Safari II Azul/Rosa/Vermelho/Andador Princesa Rosa Coroa/Andador Acqua Explorador Cinza/Roxo;ESTRUT. MET.AÇO.TUBULAR/48x60,5x70CM/SIST.DE TRAV. COM.DUAS.AÇÕES.CONSECUT.PARA.LIBER./PARAFUSOS.E. REBITES/BRINQUEDOS.E.ADESIVOS;7898431501615|7898431501622|7898431501639|7898431501684|7898431501691|7898431501707;Excluido;12/01/2024
596159/1984;Inativo;;14/08/2019;;;Companhia Dorel Brasil Produtos Infantis;10659948000107;2135633602;Av. Nilo Peçanha;1516 /1582;Térreo;28030035;Pq dos Rodoviários;Campos dos Goytacaze;RJ;mariana.magalhaes@dorel.com.br;Hua Song Plastic Products Co Ltd;Andadores Infantis;Portaria Inmetro nº 42 de 19/01/2018;;OCAN-AND.145/19-3;;;S;China, República Popular;Safety 1st;11389;Nome Fantasia: Melody Garden. Cor única. Material: Ferro, plástico e PP. 64x55x66 cm. Sistema de Travamento e Montagem: Manual. Acessórios: Bandeja.;9312541727119;Incluido;14/08/2019
890163/2010;Ativo;;22/11/2023;;;JASSUMAL LTDA;04214425000154;62811924131;AV SETE SETEMBRO;852;;69005140;CENTRO;MANAUS;AM;dgjohnny@gmail.com;PINGHU SHI XIAOTIANDI CHILDREN?S PRODUCTS FACTORY;Andadores Infantis;Portaria Inmetro nº 129 de 19/03/2021;;IN1984323;;;S;China, República Popular;BABY SPORTS;ANDADOR JASSUMAL /REF: BS103 /VERSÕES:Azul Claro e Escuro - BS103A/Rosa Claro e Escuro - BS103R/Roxo e Rosa Escuro - BS103RR;MATERIAL:PP, FERRO E POLIÉSTER|DIMENSÕES:63 X 57 X 53 CM|SISTEMA DE TRAVAMENTO:LIBERAÇÃO EM DUAS AÇÕES CONSECUTIVAS|SISTEMA DE MONTAGEM E FERRAGEM:MANUAL (SEM FERRAMENTA)|ACESSÓRIOS:N/A|CARACTERISTICA;6901041000155;Incluido;22/11/2023
787570/1972;Ativo;;09/12/2019;;;TAPUZIM COMERCIAL LTDA;00513418000100;1138569063;Av. Monte Celeste;230;250;02561000;Vila S. Maria;São Paulo;SP;ehs0770@hotmail.com;SHEN ZHEN WEI MEI CHILDCARE PRODUCT LIMITED COMPANY;Andadores Infantis;Portaria Inmetro nº 129 de 19/03/2021;;IN2062423;Modelo 5;;S;China, República Popular;baby style;ANDADOR ANIMAIS;ANIMAISVERSÕES: Andador cachorro vermelho - Ref. 33721 Andador cachorro azul - Ref. 33722 Andador abelha rosa - Ref. 33723 Andador abelha azul - Ref. 33724 . Material: Plástico, metal e tecido. Dimen;4079337218996|4079337228995|4079337238994|4079337248993;Excluido;21/12/2020
615308/1973;Ativo;;07/03/2024;;;COMPANHIA DOREL BRASIL PRODUTOS INFANTIS;10659948000107;2135547024;Av. Nilo Peçanha;1516;1582;28030035;Pq dos Rodoviários;Campos dos Goytacaze;RJ;standard@dorel.com.br;COMPANHIA DOREL BRASIL PRODUTOS INFANTIS;Andadores Infantis;Portaria Inmetro nº 129 de 19/03/2021;;IN2040823;Modelo 5;;N;Brasil;Infanti;APPIA - HE022 - AZUL/ROSA - MAT.:PP, POLIÉSTER,PTA, EG, POLIPROPILENO E POLIETILENO.DIMENSÕES:56,5X68X60,5CM/;SIST. DE TRAVAMENTO: LIBERAÇÃO EM 2 AÇÕES CONSECUTIVAS/SIST. DE MONTAGEM E FERRAGEM: MANUAL (S/ FERRAMENTAS)/ACES.: BANDEJA DE BRINQUEDOS/ANDADOR COM BRINQUEDO;7908238809774|7908238809781;Excluido;10/04/2026
845620/1956;Ativo;;16/07/2025;;;KIDDO INDUSTRIA E COMERCIO LTDA;60688090000187;1147870744;Rodovia Regis Bittencourt ;3666;;06793000;Jardim Três Marias ;Taboão da Serra;SP;m.nascimento@kiddo.com.br;JIN SUN GEE PLASTIC CO., LTD;Andadores Infantis;Portaria Inmetro nº 129 de 19/03/2021;;IN2735125;Modelo 5;;S;China, República Popular;Whoop;ANDADOR PASSINHOS 2 EM 1 REF. 8701/CINZA/ROSA/AZUL;MATERIAL:PP. POLIES/DIMENSÕES:59,5X68X53CM/SIST.DE.TRAVAM.:LIBER.EM DUAS AÇÕES CONSECUTIVAS/SIST.DE.MONTAG.E.FERRAGEM:MANUAL (SEM AUX. DE FERRAM)/ACESSÓRIOS:BRINQ./CARACT. DO MODELO:ANDADOR C/ BRINQ.;7896517223871|7896517223888|7896517223895;Incluido;16/07/2025
454028/1933;Ativo;;07/02/2022;;;TUTTI BABY INDUSTRIA E COMERCIO DE ARTIGOS INFANTIS LTDA;06981862000129;4733794000;Rod. Guilherme Jensen, SC413, km13;0;;89108000;Distrito Industrial;Massaranduba;SC;certificacao@tuttibaby.com.br;TUTTI BABY INDUSTRIA E COMERCIO DE ARTIGOS INFANTIS LTDA;Andadores Infantis;Portaria Inmetro nº 129 de 19/03/2021;;IN2869325;Modelo 5;;N;Brasil;Tutti Baby;Andador: VERSÕES: Safari II (Azul/Rosa/Vermelho), Princesa Rosa Coroa, Acqua Explorador (Cinza/Roxo);ESTRUTURA METÁLICA , AÇO TUBULAR / 48 x 60,5 x 70CM / SISTEMA DE TRAVAMENTO COM DUAS AÇÕES CONSECUTIVAS PARA LIBERAÇÃO /SISTEMA DE MONTAGEM/FERRAGEM: PARAFUSOS E REBITES ACESSÓRIOS: BRINQUEDOS E ADESI;7898431501615|7898431501622|7898431501639|7898431501684|7898431501691|7898431501707;Excluido;15/03/2024
184178/1937;Inativo;;19/04/2021;;;COMPANHIA DOREL BRASIL PRODUTOS INFANTIS;10659948000107;02135547024;Av. Nilo Peçanha;1516 /1582;Térreo;28030035;Pq dos Rodoviários;Campos dos Goytacaze;RJ;mariana.magalhaes@dorel.com.br;Jin Sun Gee Plastic Co.,Ltd;Andadores Infantis;Portaria Inmetro nº 42 de 19/01/2018;;OCAN-AND.145/21-5;;;S;Formosa (Taiwan);Safety 1st;HE001. Andador Spacewalker. Cores: Grey e Orange.;PP, Ferro, ABS. 58x65.5x71.5cm.Trav.Manual.Sist.Mont.Fren.Manual. Bandeja de Brinquedos.;7908238803932|7908283803949;Incluido;19/04/2021
832437/1985;Ativo;;19/06/2026;;;LILI FLORES ARTESANAIS LTDA;50509301000113;2199999999;R SANTO SEPULCRO;00279;;21350220;MADUREIRA;RIO DE JANEIRO;RJ;xiaoweiliu663@gmail.com;PINGHU XIAOTIANDI CHILDREN''S PRODUCTS FACTORY ;Andadores Infantis;Portaria Inmetro nº 129 de 19/03/2021;;IN3051726;Modelo 5;;S;China, República Popular;LILI;MOD:ANDADOR LL-2931 / CÓD. DE REFERÊNCIA COMERCIAL: LL-2931 / AZUL,ROSA,VERDE;MAT.:PP, POLIÉSTER E POLIETILENO/DIM:56,5X68X60,5CM/ SIST.TRAV.:LIBERAÇÃO EM DUAS AÇÕES CONSECUTIVAS/SIST. MONT.:LIBERAÇÃO EM DUAS AÇÕES CONSECUTIVAS/SEM ACESSÓRIOS/ANDADOR COM BRINQUEDO INTERATIVO;;Incluido;19/06/2026
409474/1979;Ativo;;29/04/2024;;;TAPUZIM COMERCIAL LTDA;00513418000100;1138569063;Av. Monte Celeste;230;250;02561000;Vila S. Maria;São Paulo;SP;sergio@babystylebrasil.com.br;SHEN ZHEN WEI MEI CHILDCARE PRODUCT LIMITED COMPANY;Andadores Infantis;Portaria Inmetro nº 129 de 19/03/2021;;IN2118124-1;;;S;China, República Popular;Baby Style;ANDADOR SMART - SMART AZUL E SMART ROSA;PP,62 X 53 X 78CM,LIBERAÇÃO EM DUAS AÇÕES CONSECUTIVAS,MANUAL (SEM FERRAMENTA),ACESSÓRIOS:N/A/CARAC MODELO:ANDADOR C BRINQUEDO NA BANDEJA;4079337307416|4079337313325;Incluido;29/04/2024
235011/1968;Ativo;;07/08/2024;;;COMERCIO E IMPORTACAO DENISE LTDA;29963642000178;21997976531;RUA DO MILHO;72;A;21011090;PENHA CIRCULAR;RIO DE JANEIRO;RJ;comerciomybaby@hotmail.com;PING HU BEST CHILDREN?S CARRIER CO.LTD;Andadores Infantis;Portaria Inmetro nº 129 de 19/03/2021;;IN2189524;;;S;China, República Popular;MY BABY;PATO A1 - ROSA LISO, AZUL LISO, ROSA COLORIDO, AZUL COLORIDO - Acessórios: Brinquedos Caracteristicas do modelo: Andador infantil com brinquedo elétrico;Material: Ferro, PP e Poliéster Dimensões: 71 x 62 x 55 cm Sistema de Travamento: Liberação em duas ações consecutivas Sistema de Montagem e Ferragem: Manual (com auxílio de ferramenta);6294013738218|6294013738225|6294013738287|6294013738294;Incluido;07/08/2024
487600/1928;Inativo;;11/01/2023;;;COMPANHIA DOREL BRASIL PRODUTOS INFANTIS;10659948000883;2135547024;Av. Nilo Peçanha;1516 ;Galpão 3 ;28030035;Pq dos Rodoviários;Campos dos Goytacaze;RJ;standard@dorel.com.br;Jin Sun Gee Plastics Co., Ltd;Andadores Infantis;Portaria Inmetro nº 129 de 19/03/2021;;IN1722522;;;S;Formosa (Taiwan);Cosco;BG-1518. Nome comercial: Follow. Versões: Azul e Laranja.;Ferro, plástico, PP,PET, PU e poliéster. 60 x 49 x 68 cm.Trav:Lib.2 ações cons., Encaixe,aces: Brinquedos.;7908238808043|7908238808050;Incluido;11/01/2023
126441/2012;Ativo;;29/01/2025;;;HCM INDUSTRIA E IMPORTACAO LTDA;12538691000160;3798753533;RUA SERGIPE ;1963;;35591096;SANTA ALEXANDRINA;LAGOA DA PRATA;MG;compras@hcmmalta.com.br;HCM INDUSTRIA E IMPORTACAO LTDA;Andadores Infantis;Portaria Inmetro nº 129 de 19/03/2021;;IN2431224-1;;;N;Brasil;JUMBO BABY;ANDADOR MUSICAL SUPERLUXO JUMBO BABY/Acessórios:Assento,Empurrador,Painel Musical/Caracteristicas do modelo:Andador com brinquedo na bandeja/Versões:AZUL,ROSA,VERMELHO,LARANJA;Mat:POLIPROPILENO (PP)/ACO CARBONO(FERRAGENS)/TECIDO(POLIÉSTER)/Dim:69,5X58,5X14,5/Sist de Trav:Liberação em duas ações consecutivas/Sist de Mont e Fer:Manual(sem ferramenta);7898947715025|7898947715032|7898947715049|7898947715056;Incluido;29/01/2025
220264/2003;Ativo;;29/01/2025;;;MD COMERCIO DE FERRAGENS LTDA;55274701000100;92981285408;AVENIDA JOAQUIM NABUCO, ;1094;A;69020030;CENTRO;MANAUS;AM;monadowlani@gmail.com;Hebei Zhongtai Bicycle manufacturing Co,. Ltd;Andadores Infantis;Portaria Inmetro nº 129 de 19/03/2021;;IN2520425;;;S;China, República Popular;ULTRA BABY;ANDADOR INFANTIL MUSICAL PARA BEBÊ/REF.:UBW-1026/PINK/GREEN/BLUE;MAT:PU,PP,AÇO,POLIÉSTER,ABS/DIM:70X60X55CM/SIST.DE TRAV.:LIB.EM DUAS AÇÕ.CONS./SIS.DE MONT.E FER.:MAN.(S/FERR.)/ACESS.:BANDE.COM BRINQ./CARAC.DO MODE.:ANDAD.C/BRINQ;7890012365050|7890012366064|7890012367078;Incluido;29/01/2025
920607/2017;Ativo;;05/08/2021;;;GALZERANO INDUSTRIA DE CARRINHOS E BERCOS LTDA;43594977000197;19999947357;Via Prefeito Jurandyr Paixão;700;;13481149;Jd. Campo Belo;Limeira;SP;luisfernando.camargo@galzerano.com.br;GALZERANO INDUSTRIA DE CARRINHOS E BERCOS LTDA;Andadores Infantis;Portaria Inmetro nº 129 de 19/03/2021;;CE-AND/IQB 000006 54618/21-001;;;N;Brasil;GALZERANO;Ref.: 4050-Andador Torino. Versões: 4050EST (Estrela), 4050SPR (Spring);Tecido Pes, TNT, Espuma, PP, PA6, Master, Tinta, Tubo de aço. CxLxA(cm) 71x62,5x51,5 Travamento: Trilho plástico c/ botão de destrave e regulagem de altura. Montagem: Manual. Acess: Brinquedo acoplado;7908200102520|7908200102537;Incluido;17/01/2024
257601/2004;Ativo;;07/02/2022;;;TUTTI BABY INDUSTRIA E COMERCIO DE ARTIGOS INFANTIS LTDA;06981862000129;4733794000;Rod. Guilherme Jensen, SC413, km13;0;;89108000;Distrito Industrial;Massaranduba;SC;certificacao@tuttibaby.com.br;TUTTI BABY INDUSTRIA E COMERCIO DE ARTIGOS INFANTIS LTDA;Andadores Infantis;Portaria Inmetro nº 129 de 19/03/2021;;IN2869325;Modelo 5;;N;Brasil;TUTTI BABY;DESIGNAÇÃO COMERC SAFARI II (AZUL/ROSA/VERMELHO),PRINCESA ROSA COROA,ACQUA,EXPLORADOR (CINZA/ ROXO) CÓD D REF COMERC:ANDAD 40.002/40002003/40002004/40002007/40003004/40004002/40004003 CARACT DO MODELO:ANDADOR C BRINQUEDO;MAT:ESTRUTURA METALICA - AÇO TUBULAR/DIM:48X60,5X70CM/SIST DE TRAVA:LIBERAÇ EM 2AÇÕES CONSECUT/SIST DE MONTAGEM E FERRAGEM:PARAFUSOS E REBITES/ACESSÓ:BRINQUEDOS E ADESIVOS;7898431501615|7898431501622|7898431501639|7898431501684|7898431501691|7898431501707;Excluido;10/12/2025
991840/1972;Ativo;;01/08/2023;;;COMPANHIA DOREL BRASIL PRODUTOS INFANTIS;10659948000883;2135547024;Av. DR  Nilo Peçanha;1516;Galpão 3 ;28030035;Pq dos Rodoviários;Campos dos Goytacaze;RJ;standard@dorel.com.br;ZHONG SHAN SUN LUEN CHONG COMMODITY COMPANY LIMITED;Andadores Infantis;Portaria Inmetro nº 129 de 19/03/2021;;CE-AND/IQB 000011 55435/22-001;Modelo 5;;S;China, República Popular;TINY LOVE;4-in-1 Here I Grow Mobile Activity Center. Ref. 1806501211. ABS, Alumínio, Aço, Poliéster, PP. 70x57x44cm.Sist. de mont.:Manual (s/ ferragem).;Sist. de Trav.:2 disp. de travamento independentes, devem ser operados simultaneamente. Aces.: Brinq. acoplado.;7290108862973;Incluido;01/08/2023
457793/1939;Ativo;;02/09/2026;;;BAGATOLI COMERCIO DE REFRIGERACAO LTDA;00897750000108;47984556257;BR-470;8105;;89058020;FORTALEZA ALTA;BLUMENAU;SC;digitalpriceconsultoria@gmail.com;PINGHU XIAOTIANDI CHILDREN?S PRODUCTS FACTORY;Andadores Infantis;Portaria Inmetro nº 129 de 19/03/2021;;IN3155526;Modelo 5;;S;China, República Popular;BAGATOLI KIDS;MOD: ANDADOR INFANTIL PULSE/ N.COM: PULSE/ V.: ROSA, AZUL, CINZA;MAT.:PP,POLIÉSTER,AÇO/DIM.:51X61X69CM/SIST.TRAV.:LIB.2 AÇÕES CONSEC./SIST.MONT.FERR.:REBITES,PARAF.E ENCAIXE PEÇAS PLÁST./ACESS.:BRINQ.NA BANDEJA/CARACT.MOD.:ANDADOR C/BRINQ.;7901030400859|7901030400866|7901030400873;Incluido;02/09/2026
478182/1963;Ativo;;07/02/2022;;;TUTTI BABY INDUSTRIA E COMERCIO DE ARTIGOS INFANTIS LTDA;06981862000129;4733794000;Rod. Guilherme Jensen, SC413, km13;0;;89108000;Distrito Industrial;Massaranduba;SC;certificacao@tuttibaby.com.br;TUTTI BABY INDUSTRIA E COMERCIO DE ARTIGOS INFANTIS LTDA;Andadores Infantis;Portaria Inmetro nº 129 de 19/03/2021;;IN2869325;Modelo 5;;N;Brasil;TUTTI BABY;DESIGNAÇÃO COMERC SAFARI II (AZUL/ROSA/VERMELHO),PRINCESA ROSA COROA,ACQUA,EXPLORADOR (CINZA/ ROXO) CÓD D REF COMERC:ANDAD 40.002/40002003/40002004/40002007/40003004/40004002/40004003 CARACT DO MODELO:ANDADOR C BRINQUEDO;MAT:ESTRUTURA METALICA - AÇO TUBULAR/DIM:48X60,5X70CM/SIST DE TRAVA:LIBERAÇ EM 2AÇÕES CONSECUT/SIST DE MONTAGEM E FERRAGEM:PARAFUSOS E REBITES/ACESSÓ:BRINQUEDOS E ADESIVOS;7898431501615|7898431501622|7898431501639|7898431501684|7898431501691|7898431501707;Excluido;10/12/2025
772186/1989;Ativo;;06/03/2023;;;BURIGOTTO S A INDUSTRIA E COMERCIO;51460277000138;1934464813;Rua Martino Dragone;280;;13480308;Jardim Santa Barbara;Liemira;SP;alison.smanioto@burigotto.com;JIN SUN GEE PLASTICS CO., LTD;Andadores Infantis;Portaria Inmetro nº 129 de 19/03/2021;;CE-AND/IQB 000004 55573/23-001;Modelo 5;;S;Formosa (Taiwan);BURIGOTTO;ANDADOR OLÉ CL - REF. IXAN5143CL;PP, AÇO, TECIDO / 590 X 690 X 550 MM / TRILHO PLÁSTICO COM BOTÃO DE TRAVA/DESTRAVA E REGULAGEM DE ALTURA / REBITES, PARAFUSOS E ENCAIXE DE PEÇAS PLÁSTICAS / BANDEJA COM 2 BRINQUEDOS DE PP E NYLON;7896502944248;Incluido;29/04/2026
066190/2016;Ativo;;01/08/2023;;;COMPANHIA DOREL BRASIL PRODUTOS INFANTIS;10659948000883;2135547024;Av. DR  Nilo Peçanha;1516;Galpão 3 ;28030035;Pq dos Rodoviários;Campos dos Goytacaze;RJ;standard@dorel.com.br;ZHONG SHAN SUN LUEN CHONG COMMODITY COMPANY LIMITED;Andadores Infantis;Portaria Inmetro nº 129 de 19/03/2021;;CE-AND/IQB 000011 55435/22-001;Modelo 5;;S;China, República Popular;TINY LOVE;4-in-1 Here I Grow Mobile Activity Center. Ref. 1806501211. ABS, Alumínio, Aço, Poliéster, PP. 70x57x44cm.Sist. de mont.:Manual (s/ ferragem).;Sist. de Trav.:2 disp. de travamento independentes, devem ser operados simultaneamente. Aces.: Brinq. acoplado.;7290108862973;Incluido;01/08/2023
476618/1969;Ativo;;07/03/2024;;;COMPANHIA DOREL BRASIL PRODUTOS INFANTIS;10659948000107;2135547024;Av. Nilo Peçanha;1516;1582;28030035;Pq dos Rodoviários;Campos dos Goytacaze;RJ;standard@dorel.com.br;COMPANHIA DOREL BRASIL PRODUTOS INFANTIS;Andadores Infantis;Portaria Inmetro nº 129 de 19/03/2021;;IN2040823;Modelo 5;;N;Brasil;INFANTI/ COSCO;APPIA/ ZIGGY - HE022 - N/A - AZUL / ROSA / AZUL / ROSA;MAT:PP,PES,PTA,EG,POLIPROPILENO E POLIETILENO/DIM:56,5 X 68 X 60,5 CM/SIST D TRAVAMENTO:LIB EM DUAS AÇÕES CONSEC/SIST DE MNTGM E FERRG:MAN (SEM FER)/ACESS:BAND D BRINQ./CARACT D MODELO:ANDADOR C BRINQ;7908238809774|7908238809781|7908238815812|7908238815829;Incluido;10/04/2026
360205/1942;Ativo;;09/12/2019;;;TAPUZIM COMERCIAL LTDA;00513418000100;1138569063;Av. Monte Celeste;230;250;02561000;Vila S. Maria;São Paulo;SP;ehs0770@hotmail.com;SHEN ZHEN WEI MEI CHILDCARE PRODUCT LIMITED COMPANY;Andadores Infantis;Portaria Inmetro nº 129 de 19/03/2021;;IN2062423;Modelo 5;;S;China, República Popular;Baby Style;ANDADOR PIANINHO ROSA - 33725 / ANDADOR PIANINHO AZUL - 33726;ANDADOR PIANINHO RS E AZ, MATERIAL:PLÁSTICO/62 X 53 X 78 CM/LIBERAÇÃO EM DUAS AÇÕES CONSECUTIVAS/MANUAL (SEM FERRAMENTAS)/BRINQUEDO;4079337251993|4079337261992;Incluido;29/01/2024
871662/1939;Ativo;;07/02/2022;;;TUTTI BABY INDUSTRIA E COMERCIO DE ARTIGOS INFANTIS LTDA;06981862000129;4733794000;Rod. Guilherme Jensen, SC413, km13;0;;89108000;Distrito Industrial;Massaranduba;SC;certificacao@tuttibaby.com.br;TUTTI BABY INDUSTRIA E COMERCIO DE ARTIGOS INFANTIS LTDA;Andadores Infantis;Portaria Inmetro nº 129 de 19/03/2021;;IN2869325;Modelo 5;;N;Brasil;TUTTI BABY;ANDADOR SAFARI II-ANDADOR 40.002-40002003/40002004/40002007/40003004/40004002/40004003;MAT:PP E ALGODAO/DIM:51X61X70CM/SIS_TRAV:DOIS DISPOS TRAV INDEPEND SENDO OPER SIMULTÂNEAM./SIS_MONT/FERRG:REBITES,PARAFUSOS E ENCAIXE DE PÇS PLAST/ACESS:BAND. COM BRINQ/CARAC. DO MOD.:AND. C/ BRINQ NA;7898431501615|7898431501622|7898431501639|7898431501684|7898431501691|7898431501707;Excluido;27/02/2026
654209/1968;Ativo;;07/02/2022;;;TUTTI BABY INDUSTRIA E COMERCIO DE ARTIGOS INFANTIS LTDA;06981862000129;4733794000;Rod. Guilherme Jensen, SC413, km13;0;;89108000;Distrito Industrial;Massaranduba;SC;certificacao@tuttibaby.com.br;TUTTI BABY INDUSTRIA E COMERCIO DE ARTIGOS INFANTIS LTDA;Andadores Infantis;Portaria Inmetro nº 129 de 19/03/2021;;IN2869325;Modelo 5;;N;Brasil;TUTTI BABY;ANDADOR SAFARI II-ANDADOR 40.002-40002003/40002004/40002007/40003004/40004002/40004003;MAT:PP E ALGODAO/DIM:51X61X70CM/SIS_TRAV:DOIS DISPOS TRAV INDEPEND SENDO OPER SIMULTÂNEAM./SIS_MONT/FERRG:REBITES,PARAFUSOS E ENCAIXE DE PÇS PLAST/ACESS:BAND. COM BRINQ/CARAC. DO MOD.:AND. C/ BRINQ NA;7898431501615|7898431501622|7898431501639|7898431501684|7898431501691|7898431501707;Excluido;27/02/2026
750233/1971;Inativo;;14/08/2019;;;Companhia Dorel Brasil Produtos Infantis;10659948000107;2135633602;Av. Nilo Peçanha;1516 /1582;Térreo;28030035;Pq dos Rodoviários;Campos dos Goytacaze;RJ;mariana.magalhaes@dorel.com.br;JIN SUN GEE PLASTIC CO.,LTD;Andadores Infantis;Portaria Inmetro nº 42 de 19/01/2018;;OCAN-AND.145/19-1;;;S;Formosa (Taiwan);Voyage;BG-1518;Nome Fantasia: Baby Step. Cores: Rosa e Azul. Material: Ferro, Plástico e Polipropileno. 60x49x68cm. Sistema Travamento e Montagem:Manual. Acessórios: Bandeja.;7908238801280|7908238801297;Incluido;14/08/2019
154684/2007;Ativo;;07/03/2024;;;COMPANHIA DOREL BRASIL PRODUTOS INFANTIS;10659948000107;2135547024;Av. Nilo Peçanha;1516;1582;28030035;Pq dos Rodoviários;Campos dos Goytacaze;RJ;standard@dorel.com.br;COMPANHIA DOREL BRASIL PRODUTOS INFANTIS;Andadores Infantis;Portaria Inmetro nº 129 de 19/03/2021;;IN2040823;Modelo 5;;N;Brasil;Infanti;APPIA - HE022 - AZUL/ROSA - MAT.:PP, POLIÉSTER,PTA, EG, POLIPROPILENO E POLIETILENO.DIMENSÕES:56,5X68X60,5CM/;SIST. DE TRAVAMENTO: LIBERAÇÃO EM 2 AÇÕES CONSECUTIVAS/SIST. DE MONTAGEM E FERRAGEM: MANUAL (S/ FERRAMENTAS)/ACES.: BANDEJA DE BRINQUEDOS/ANDADOR COM BRINQUEDO;7908238809774|7908238809781;Excluido;10/04/2026
541874/2006;Ativo;;31/08/2026;;;TUTTI BABY INDUSTRIA E COMERCIO DE ARTIGOS INFANTIS LTDA;06981862000129;4733794000;Rod. Guilherme Jensen, SC413, km13;0;Galpão 01;89108000;Distrito Industrial;Massaranduba;SC;heloiza.souza@tuttibaby.com.br;TUTTI BABY INDUSTRIA E COMERCIO DE ARTIGOS INFANTIS LTDA;Andadores Infantis;Portaria Inmetro nº 129 de 19/03/2021;;CE-AND/IQB 000013 57036/26-002;Modelo 5;;N;Brasil;TUTTI BABY;ANDADOR COMFORT - 40005004,40005003,40005011,40005028,40005007,40005010,40005006,40005029;ESTRU.METALICA:ACO TUBULAR,BRINQ:PLAST.DE ENG.,REVEST. TEXTIL: ALGODAO/48X60,5X70 CM/DOIS DISP. DE TRAV. INDEP. SENDO OP. SIMULT./PARAFUSOS E MONT. DE PÇS PLAST./BRINQ. CERT. E ADESIVO-57036/26;7898431502063|7898431502070|7898431502087|7898431502094|7898431502100|7898431502117|7898431502124|7898431502131;Incluido;31/08/2026
911200/1952;Ativo;;30/09/2019;;;BURIGOTTO SA INDUSTRIA E COMERCIO;51460277000138;1934042000;Rua Martino Dragone;280;;13480308;Jardim Santa Barbara;Limeira;SP;carlos.riva@burigotto.com;JIN SUN GEE PLASTICS. CO., LTD.;Andadores Infantis;Portaria Inmetro nº 42 de 19/01/2018;;CE-AND/IQB 000004 53005/19-001;;;S;Formosa (Taiwan);Burigotto;Andador Baby Coupe (ref. com. IXAN3034PK10-Rosa, IXAN3034AZ19-Azul, IXAN3034CL-CL);Andador Infantil, Mat.: Polipropileno, Nylon, Aço, Tecido e Espuma, Dim: 760X650X640mm, Sist. Trav. Automático, Sistema Montagem/Ferragem Rebites, parafusos e Encaixe de peças plásticas, Acessorio: Ba;7896502916146|7896502916160|7896502935550;Incluido;30/09/2019
948213/1994;Ativo;;20/12/2019;;;TAPUZIM COMERCIAL LTDA;00513418000100;1138569063;Av. Monte Celeste;230;250;02561000;Vila S. Maria;São Paulo;SP;ehs0770@hotmail.com;SHEN ZHEN WEI MEI CHILDCARE PRODUCT LIMITED COMPANY;Andadores Infantis;Portaria Inmetro nº 42 de 19/01/2018;;OCAN-AND.165/19-2;;;S;China, República Popular;baby style;SPACECAR - VERSÕES: Andador car - Ref. 21302 / Andador space - Ref. 33117;Material: Plástico, metal e tecido. Dimensões: 59 x 59 x 69 cm , Sistema de Travamento: Stoper, Sistema de Montagem e Ferragem: Tesoura, Acessórios: Bandeja musical;4532213022990|4532331172997;Incluido;20/12/2019
090668/2005;Ativo;;29/04/2024;;;TAPUZIM COMERCIAL LTDA;00513418000100;113856906;Av. Monte Celeste;230;250;02561000;Vila S. Maria;São Paulo;SP;sergio@babystylebrasil.com.br;SHEN ZHEN WEI MEI CHILDCARE PRODUCT LIMITED COMPANY;Andadores Infantis;Portaria Inmetro nº 129 de 19/03/2021;;IN2118124-2;;;S;China, República Popular;Baby Style;ANDADOR FOGUETE - FOGUETE CINZA E FOGUETE ROSA;MATERIAL:PP/DIM:62X53X78CM/SISTEMA DE TRAVAME:LIBERA EM 2 AÇÕES CONSECUTIVAS/MANUAL/ACESSÓRIOS:N/A/CARACT DO MODELO:ANDADOR C BRINQUEDO NA BANDEJA;4079337285219|4079337296543;Incluido;29/04/2024
242217/2021;Ativo;;22/11/2023;;;JASSUMAL LTDA;04214425000154;62811924131;AV SETE SETEMBRO;852;;69005140;CENTRO;MANAUS;AM;dgjohnny@gmail.com;PINGHU SHI XIAOTIANDI CHILDREN?S PRODUCTS FACTORY;Andadores Infantis;Portaria Inmetro nº 129 de 19/03/2021;;IN1984323;;;S;China, República Popular;BABY SPORTS;ANDADOR JASSUMAL /REF: BS103 /VERSÕES:Azul Claro e Escuro - BS103A/Rosa Claro e Escuro - BS103R/Roxo e Rosa Escuro - BS103RR;MATERIAL:PP, FERRO E POLIÉSTER|DIMENSÕES:63 X 57 X 53 CM|SISTEMA DE TRAVAMENTO:LIBERAÇÃO EM DUAS AÇÕES CONSECUTIVAS|SISTEMA DE MONTAGEM E FERRAGEM:MANUAL (SEM FERRAMENTA)|ACESSÓRIOS:N/A|CARACTERISTICA;6901041000155;Incluido;22/11/2023
536232/1947;Ativo;;01/12/2021;;;HEMNANI COMERCIO DE VARIEDADES LTDA.;05469291000185;1124143633;Rua Marcílio Dias;304;N/A;69005270;Centro;Manaus;AM;papush@uol.com.br;China Zhejiang Techincal Co. Ltd;Andadores Infantis;Portaria Inmetro nº 42 de 19/01/2018;;OCAN-AND.189/21-1;;;S;China, República Popular;SITA;AKH602;Material: PP, Ferro e Poliester - Dimensões: 655 mm X 560mm X 500 mm - Sistema de Travamento: Travamento automatico com liberação em duas ações consecutivas - Sistema de Montagem e Ferragem: MANUAL;;Incluido;01/12/2021
830236/1973;Inativo;;24/09/2019;;;Galzerano Indústria de Carrinhos e Berços Ltda;43594977000197;1934043030;Via Prefeito Jurandyr Paixão;700;;13481149;Jd. Campo Belo;Limeira;SP;luisfernando.camargo@galzerano.com.br;SHEN ZHEN WEI MEI CHILDCARE PRODUCT LIMITED COMPANY;Andadores Infantis;Portaria Inmetro nº 42 de 19/01/2018;;CE-AND/IQB 000006 53504/20-001;;;S;China, República Popular;GALZERANO;Andador de bebê 4 em 1 Funny - Versões: Color (CR), Verde Água (VDA);Mat Tec poli Espum Resin plást Itens fix Dimens 75Cx71Lx55A(cm) Sist trav Dobradiç plást c/ botã acion Sist mont frenag Encaix manua Mod Andador c/ módul sonor Pçs girat Cores divers Acess Brinq remov;7898089221477|7898089221996;Incluido;24/09/2019
124240/2000;Ativo;;17/06/2024;;;MEGA COMPRAS PRESENTES.COM LTDA;02561195000174;4191284769;RUA ELDORADO;511;511;09550720;PROSPERIDADE;SÃO CAETANO DO SUL;SP;contabilidade@grupogmac.com;HEBEI HAOKU CHILDREN TOYS CO., LTD;Andadores Infantis;Portaria Inmetro nº 129 de 19/03/2021;;IN2152424;;;S;China, República Popular;MEGA COMPRAS;ANDADOR PARA BEBÊS-PREMIUM-REF:MC923/MC923AZ/MC923RS/MC923CZ/MATERIAL:PP E POLIÉSTER/DIMENSÕES:65X 48X46 CM/ CONT: ANDADOR COM BRINQUEDO ACOPLADO;SISTEMA DE TRAVAMENTO:DOIS DISPOSITIVOS DE TRAVAMENTO INDEPENDENTES SENDO OPERADOS SIMULTÂNEAMENTE/SISTEMA DE MONTAGEM E FERRAGEM:MANUAL (SEM FERRAMENTA)/ACESSÓRIOS:BRINQUEDO/CARACTERISTICAS DO MODELO;7898692799028|7898692799578|7898692799585;Incluido;17/06/2024
418255/1926;Ativo;;07/02/2022;;;TUTTI BABY INDUSTRIA E COMERCIO DE ARTIGOS INFANTIS LTDA;06981862000129;4733794000;Rod. Guilherme Jensen, SC413, km13;0;;89108000;Distrito Industrial;Massaranduba;SC;certificacao@tuttibaby.com.br;TUTTI BABY INDUSTRIA E COMERCIO DE ARTIGOS INFANTIS LTDA;Andadores Infantis;Portaria Inmetro nº 129 de 19/03/2021;;IN2869325;Modelo 5;;N;Brasil;TUTTI BABY;DESIGNAÇÃO COMERC SAFARI II (AZUL/ROSA/VERMELHO),PRINCESA ROSA COROA,ACQUA,EXPLORADOR (CINZA/ ROXO) CÓD D REF COMERC:ANDAD 40.002/40002003/40002004/40002007/40003004/40004002/40004003 CARACT DO MODELO:ANDADOR C BRINQUEDO;MAT:ESTRUTURA METALICA - AÇO TUBULAR/DIM:48X60,5X70CM/SIST DE TRAVA:LIBERAÇ EM 2AÇÕES CONSECUT/SIST DE MONTAGEM E FERRAGEM:PARAFUSOS E REBITES/ACESSÓ:BRINQUEDOS E ADESIVOS;7898431501615|7898431501622|7898431501639|7898431501684|7898431501691|7898431501707;Excluido;10/12/2025
631932/1991;Ativo;;14/05/2026;;;UNI-ART IMPORT LTDA.;68168368000105;11952844300;AV DAS INDUSTRIAS ;755;;13288163;DIST.INDL B. STORANI;VINHEDO;SP; www.unitoys.com.br;QINGYUAN XINGLONG BALL PRODUCING CO., LTD.;Andadores Infantis;Portaria Inmetro nº 129 de 19/03/2021;;IN2985326;Modelo 5;;S;China, República Popular;UNITOYS;ANDADOR COM EMPURRADOR - N/A - 3726 AZUL/3726 ROSA;MAT:PP, POLIÉSTER E AÇO/DIM:50X60X102 CM/SIS_TRAV:LIBERAÇÃO EM DUAS AÇÕES CONSECUTIVAS/SIS_MONT E FERRG:MANUAL (SEM FERRAMENTA)/ACESS:N/A/CARACTERISTICAS DO MODELO:ANDADOR COM BANDEJA MUSICAL;7908901504395|7908901504401;Incluido;14/05/2026
515832/2023;Ativo;;31/08/2026;;;TUTTI BABY INDUSTRIA E COMERCIO DE ARTIGOS INFANTIS LTDA;06981862000129;4733794000;Rod. Guilherme Jensen, SC413, km13;0;Galpão 01;89108000;Distrito Industrial;Massaranduba;SC;heloiza.souza@tuttibaby.com.br;TUTTI BABY INDUSTRIA E COMERCIO DE ARTIGOS INFANTIS LTDA;Andadores Infantis;Portaria Inmetro nº 129 de 19/03/2021;;CE-AND/IQB 000013 57036/26-002;Modelo 5;;N;Brasil;TUTTI BABY;ANDADOR COMFORT - 40005004,40005003,40005011,40005028,40005007,40005010,40005006,40005029;ESTRU.METALICA:ACO TUBULAR,BRINQ:PLAST.DE ENG.,REVEST. TEXTIL: ALGODAO/48X60,5X70 CM/DOIS DISP. DE TRAV. INDEP. SENDO OP. SIMULT./PARAFUSOS E MONT. DE PÇS PLAST./BRINQ. CERT. E ADESIVO-57036/26;7898431502063|7898431502070|7898431502087|7898431502094|7898431502100|7898431502117|7898431502124|7898431502131;Incluido;31/08/2026
712259/1952;Ativo;;20/10/2022;;;STYLL ADMINISTRACAO, INVESTIMENTOS, LOCACOES & SERVICOS LIMITADA;22475905000231;11994300960;Rua Marcio Carlim;401;;13849226;Parque Industrial;Mogi Guaçu;SP;alexandre@styll.com.br;STYLL ADMINISTRACAO, INVESTIMENTOS, LOCACOES & SERVICOS LIMITADA;Andadores Infantis;Portaria Inmetro nº 129 de 19/03/2021;;IN1679022;Modelo 5;;N;Brasil;STYLL BABY;ANDADOR SOFT WAY / V:V:AZ.SON.(AND-98.001-05)/RO.SON.(AND-98.002-05)/LAR.SON.(AND-98.003-05)/GUARÁ AZ.(AND-50.022-01)/GUARÁ RO.(AND-50.022-02)/GUARÁ LAR.(AND-50.022-03)/VE.SON.(AND-99.009-68)/AZ.CLÁS.(AND-98.001-04)/RO.CLÁS.(AND-98.002-04))/...;MAT:AÇO,POLIPR. E POLIÉ./DIM:640X570X470MM/SIS.DE TRAV:CATRA.EM BAI.DA BAN.(LIBER. EM DU.AÇÕ.CONS.)/SIST.DE MON.E FERR.:MANUAL(COM CHA.PHI.NÃO INCL.)/ACES:BAND.COM BRIN./ CONT.VERSÔES;7898488590037|7898488590440|7898488590457|7898488590464|7898488590624|7898488599849|7898488599856|7898488599863|7898488599870|7898488599887|789848859994;Incluido;20/10/2022
006263/1979;Ativo;;07/02/2022;;;TUTTI BABY INDUSTRIA E COMERCIO DE ARTIGOS INFANTIS LTDA;06981862000129;4733794000;Rod. Guilherme Jensen, SC413, km13;0;;89108000;Distrito Industrial;Massaranduba;SC;certificacao@tuttibaby.com.br;TUTTI BABY INDUSTRIA E COMERCIO DE ARTIGOS INFANTIS LTDA;Andadores Infantis;Portaria Inmetro nº 129 de 19/03/2021;;IN2869325;Modelo 5;;N;Brasil;Tutti Baby;Andador: VERSÕES: Safari II (Azul/Rosa/Vermelho), Princesa Rosa Coroa, Acqua Explorador (Cinza/Roxo);ESTRUTURA METÁLICA , AÇO TUBULAR / 48 x 60,5 x 70CM / SISTEMA DE TRAVAMENTO COM DUAS AÇÕES CONSECUTIVAS PARA LIBERAÇÃO /SISTEMA DE MONTAGEM/FERRAGEM: PARAFUSOS E REBITES ACESSÓRIOS: BRINQUEDOS E ADESI;7898431501615|7898431501622|7898431501639|7898431501684|7898431501691|7898431501707;Excluido;15/03/2024
835889/1932;Ativo;;03/04/2023;;;PLANETA - IMPORTACAO E DISTRIBUICAO DE BRINQUEDOS LTDA;13434272000141;1138951572;AV VASCO MASSAFELI;1000;G1A M1-21;06703600;JARDIM MARIA TEREZA;COTIA;SP;admin@planetadobebe.com.br;HEBEI WANXIN CHILDREN TOYS CO.,LTD.;Andadores Infantis;Portaria Inmetro nº 129 de 19/03/2021;;IN1765923;Modelo 5;;S;China, República Popular;MAXI BABY;NW-01 - ANDADOR LA BAMBA  / (...) COM BRINQUEDOS/CAR MOD:AND COM BRINQUEDO(BANDEJA MUSICAL);MAT:PP E PARTES EM ABS, AÇO DE ALTO CARB RODA ELASTÔMERO TERMOPLÁSTICO, PVC/DIM:580X680X550(LXCXH)/SIS TRA:LIBERAÇÃO EM DUAS AÇÕES CONSECUTIVAS SIS DE MON E FER:MANUAL(S/ FERRAMENTA)/ACE:BANDEJA (...);7899403215370|7899403215387;Excluido;28/02/2025
458106/1998;Ativo;;22/11/2023;;;JASSUMAL LTDA;04214425000154;62811924131;AV SETE SETEMBRO;852;;69005140;CENTRO;MANAUS;AM;dgjohnny@gmail.com;PINGHU SHI XIAOTIANDI CHILDREN?S PRODUCTS FACTORY;Andadores Infantis;Portaria Inmetro nº 129 de 19/03/2021;;IN1984323;;;S;China, República Popular;BABY SPORTS;ANDADOR JASSUMAL /REF: BS103 /VERSÕES:Azul Claro e Escuro - BS103A/Rosa Claro e Escuro - BS103R/Roxo e Rosa Escuro - BS103RR;MATERIAL:PP, FERRO E POLIÉSTER|DIMENSÕES:63 X 57 X 53 CM|SISTEMA DE TRAVAMENTO:LIBERAÇÃO EM DUAS AÇÕES CONSECUTIVAS|SISTEMA DE MONTAGEM E FERRAGEM:MANUAL (SEM FERRAMENTA)|ACESSÓRIOS:N/A|CARACTERISTICA;6901041000155;Incluido;22/11/2023
300267/2005;Ativo;;07/08/2024;;;AMAZONAS IMPORTADOS LTDA;07269201000138;9691131654;Rua Independência;175;;68900090;Central;Macapa;AP;adriana.abreu@amazonasimportados.com.br;YIWU BALBIAN ELECTRONIC TECHNOLOGICAL CO., LTD;Andadores Infantis;Portaria Inmetro nº 129 de 19/03/2021;;IN2086424-2;;;S;China, República Popular;LÉ PETIT;MODE:BABY WALKER/REF:LP-9618/ CONT: ANDADOR COM BRINQUEDO ACOPLADO/VERSÕES:AZUL,VERDE,ROSA,VERMELHO.;MAT:PP E POLIÉSTER/DIM:65X54X49CM/SIST DE TRAV:LIBERAÇÃO EM DUAS AÇÕES CONSECUTIVAS/SIST DE MONT E FERR:MANUAL (SEM FERRAMENTA)ACE:N/A.CARACTERISTICAS DO MODELO:;7453068240131;Incluido;07/08/2024
109504/1935;Ativo;;09/09/2026;;;TUTTI BABY INDUSTRIA E COMERCIO DE ARTIGOS INFANTIS LTDA;06981862000129;4733794000;Rua Vicente Zanotti;177;Galpão 01;89381270;Industrial Zaferino ;Massaranduba;SC;heloiza.souza@tuttibaby.com.br;TUTTI BABY INDUSTRIA E COMERCIO DE ARTIGOS INFANTIS LTDA;Andadores Infantis;Portaria Inmetro nº 129 de 19/03/2021;;CE-AND/IQB 000013 57036/26-001;Modelo 5;;N;Brasil;TUTTI BABY;ANDADOR SAFARI - REF. 40002003,40002004,40002007,40003004,40004002,40004003;ESTRU.MET.:ACO TUBULAR,BRINQ:PLAST. DE ENG.,REVEST. TEXTIL:ALGODAO/51X61X70 CM/DOIS DISP. DE TRAV. INDEPENDENTES SENDO OPERADOS SIMULT./PARAFUSOS E MONT. DE PÇS PLAST./BRINQ. CERTIF.E ADESIVO-57036/26;7898431501615|7898431501622|7898431501639|7898431501684|7898431501691|7898431501707;Incluido;09/09/2026
594282/1931;Ativo;;03/04/2023;;;PLANETA - IMPORTACAO E DISTRIBUICAO DE BRINQUEDOS LTDA;13434272000141;1138951572;AV VASCO MASSAFELI;1000;G1A M1-21;06703600;JARDIM MARIA TEREZA;COTIA;SP;admin@planetadobebe.com.br;HEBEI WANXIN CHILDREN TOYS CO.,LTD.;Andadores Infantis;Portaria Inmetro nº 129 de 19/03/2021;;IN1765923;Modelo 5;;S;China, República Popular;MAXI BABY;ANDADOR LA BAMBA - NW-01 - AZUL #21537/ROSA #21538/VERMELHO #75268;MAT:PP E PART.ABS,AÇOD.ALTOCARB.RODAELASTÔM.TERMOP.,PVC/DIM:580X680X550(LXCXH)/SIS_TRAV:LIBER.EM 2 AÇÕES CONS./SIS_MONT E FERRG:MAN.(S/FERM)/ACES:BANDJ C BRI./CARAC.D.M.:ANDAD.C BRINQ.REG.002149/2023 ;7898975752689|7899403215370|7899403215387;Incluido;18/03/2026
993404/1966;Ativo;;20/10/2022;;;STYLL ADMINISTRACAO, INVESTIMENTOS, LOCACOES & SERVICOS LIMITADA;22475905000231;11994300960;Rua Marcio Carlim;401;;13849226;Parque Industrial;Mogi Guaçu;SP;alexandre@styll.com.br;STYLL ADMINISTRACAO, INVESTIMENTOS, LOCACOES & SERVICOS LIMITADA;Andadores Infantis;Portaria Inmetro nº 129 de 19/03/2021;;IN1679022;Modelo 5;;N;Brasil;STYLL BABY;ANDADOR SOFT WAY / V:V:AZ.SON.(AND-98.001-05)/RO.SON.(AND-98.002-05)/LAR.SON.(AND-98.003-05)/GUARÁ AZ.(AND-50.022-01)/GUARÁ RO.(AND-50.022-02)/GUARÁ LAR.(AND-50.022-03)/VE.SON.(AND-99.009-68)/AZ.CLÁS.(AND-98.001-04)/RO.CLÁS.(AND-98.002-04))/...;MAT:AÇO,POLIPR. E POLIÉ./DIM:640X570X470MM/SIS.DE TRAV:CATRA.EM BAI.DA BAN.(LIBER. EM DU.AÇÕ.CONS.)/SIST.DE MON.E FERR.:MANUAL(COM CHA.PHI.NÃO INCL.)/ACES:BAND.COM BRIN./ CONT.VERSÔES;7898488590037|7898488590440|7898488590457|7898488590464|7898488590624|7898488599849|7898488599856|7898488599863|7898488599870|7898488599887|789848859994;Incluido;20/10/2022
995281/2019;Inativo;;30/09/2019;;;Tutti Baby Indústria e Comércio de Artigos Infantis Ltda;06981862000129;4733794000;Rod. Guilherme Jensen;s/n;Galpão 01;89108000;Distrito Industrial;Massaranduba;SC;qualidade@tuttibaby.com.br;;Andadores Infantis;Portaria Inmetro nº 42 de 19/01/2018;;CE-AND/IQB 000005 53137/19-001;;;N; ;Tutti Baby;Andador 02003;Material: Estrut. metálica de aço tub, plást. de engenharia, algodão. Dim: 52cmx60cmx70,5cm, sist.de trav: com duas ações consecutivas para liber, sist. de mont.ferrag: rebites e parafusos, aces: brin;17898431495966|17898431495980|17898431496000|17898431496024|17898431500660|17898431500677|17898431500684|7898431495952|7898431495969|7898431495976|7898431495983|7898431495990|7898431496006|7898431496010|7898431496027|7898431500601|7898431500618|7898431500625|7898431500632|7898431500649|7898431500656;Incluido;30/09/2019
150919/2001;Ativo;;12/04/2021;;;TUTTI BABY INDUSTRIA E COMERCIO DE ARTIGOS INFANT;06981862000129;4733794000;Rod. Guilherme Jensen;0;Galpão 01;89108000;Distrito Industrial;Massaranduba;SC;qualidade@tuttibaby.com.br;TUTTI BABY INDUSTRIA E COMERCIO DE ARTIGOS INFANT;Andadores Infantis;Portaria Inmetro nº 129 de 19/03/2021;;CE-AND/IQB 000005 54149/20-001;Modelo 5;;N;Brasil;Tutti Baby;Andador 40.001;ESTRUT.MET. DE AÇO TUB.PLÁST. DE ENG.ALGODÃO.48CM X60,5CMX70CM,COM DUAS AÇÕESCONSEC PARA LIB.REB.E PARAF.BRINQ. E ADES.BASE SUP.BASE INF.FREIO ANTI-QUEDA E CONJ.DE RODAS,PNEU DA RODA TRAS. E TRAVA ANT;7898431501219|7898431501226|7898431501233;Incluido;12/04/2021
369936/1966;Ativo;;07/02/2022;;;TUTTI BABY INDUSTRIA E COMERCIO DE ARTIGOS INFANTIS LTDA;06981862000129;4733794000;Rod. Guilherme Jensen, SC413, km13;0;;89108000;Distrito Industrial;Massaranduba;SC;certificacao@tuttibaby.com.br;TUTTI BABY INDUSTRIA E COMERCIO DE ARTIGOS INFANTIS LTDA;Andadores Infantis;Portaria Inmetro nº 129 de 19/03/2021;;IN2869325;Modelo 5;;N;Brasil;TUTTI BABY;ANDADOR SAFARI II-ANDADOR 40.002-40002003/40002004/40002007/40003004/40004002/40004003;MAT:PP/ALGODAO/DIM:51X61X70CM/SIS_TRAV:DOIS DISPOS DE TRAV IND. OPER. SIMULTÂNEAMENTE/SIS_MONT/FERRG:REBITES,PARAF,ENCAIXE DE PÇS PLAST/ACESS:BAND. C/ BRINQ/CARAC. DO MOD.:ANDADOR C/ BRINQ NA BAND;7898431501615|7898431501622|7898431501639|7898431501684|7898431501691|7898431501707;Incluido;27/02/2026
422333/1991;Ativo;;14/08/2019;;;BAMBOO COMERCIO, IMPORTAÇÃO E EXPORTAÇÃO EIRELI-EPP;27115224000103;8132419265;Rua. Alegre;154;Galpão A;52120125;Arruda;Recife;PE;bamboo@yescert.com.br;ZHEJIANG KINTEX INTERNATIONAL TRADING CO., LTD;Andadores Infantis;Portaria Inmetro nº 129 de 19/03/2021;;IN1632922;;;S;China, República Popular;BAMBOO;MODELO:MD-18NOME COMERCIAL:ANDAJAR GUGUVERSÕES: Azul (Ref.: MD18.1)Rosa (Ref.: MD18.2)Verde (Ref.: MD18.3)Vermelho (Ref.: MD18.4);Mat: PLAST / MET/FIB TEXTIL,DIM:ABRT:62X56X52CM,FECH:62X56X16,SIST TRAV:LIBER EM 2 ACOES CONSEC,SIST MONT FERRAG: MANUAL(S/FERRAMENTA),ACESS:BANDEJ C/BRINQ E HAST C/PUXADOR;7909312341029;Incluido;22/07/2022
888286/1957;Ativo;;07/03/2024;;;COMPANHIA DOREL BRASIL PRODUTOS INFANTIS;10659948000107;2135547024;Av. Nilo Peçanha;1516;1582;28030035;Pq dos Rodoviários;Campos dos Goytacaze;RJ;standard@dorel.com.br;COMPANHIA DOREL BRASIL PRODUTOS INFANTIS;Andadores Infantis;Portaria Inmetro nº 129 de 19/03/2021;;IN2040823;Modelo 5;;N;Brasil;INFANTI/ COSCO;APPIA/ ZIGGY - HE022 - N/A - AZUL / ROSA / AZUL / ROSA;MAT:PP,PES,PTA,EG,POLIPROPILENO E POLIETILENO/DIM:56,5 X 68 X 60,5 CM/SIST D TRAVAMENTO:LIB EM DUAS AÇÕES CONSEC/SIST DE MNTGM E FERRG:MAN (SEM FER)/ACESS:BAND D BRINQ./CARACT D MODELO:ANDADOR C BRINQ;7908238809774|7908238809781|7908238815812|7908238815829;Incluido;10/04/2026
326946/2006;Ativo;;12/11/2024;;;CACANDO OFERTAS LTDA;23230465000134;11976586700;Rua José Ferreira Crespo;752;Sala 1;08021480;Jardim São Vicente;São Paulo;SP;diegofrancisco22@bol.com.br;STYLL ADMINISTRACAO, INVESTIMENTOS, LOCACOES & SERVICOS LIMITADA;Andadores Infantis;Portaria Inmetro nº 129 de 19/03/2021;;IN2382924;;;N;Brasil;ClickBaby's;Andador Happy baby - Versões AZUL-HAPPY BABY ROSA-HAPPY BABY LARANJA-HAPPY BABY;Mat.Aço Polipropileno.Dim:640x570x470cm.Sist.Trav. Liberação duas ações consecutivas.Sist de Mont e Ferrag:Manual sem ferramenta.Acess: Bandeja c/Brinquedo.Caract/modelo:Andador c/brinquedo na bandeja;7898975097001|7898975097018|7898975097025;Incluido;12/11/2024
182290/1984;Ativo;;09/12/2019;;;TAPUZIM COMERCIAL LTDA;00513418000100;1138569063;Av. Monte Celeste;230;250;02561000;Vila S. Maria;São Paulo;SP;ehs0770@hotmail.com;SHEN ZHEN WEI MEI CHILDCARE PRODUCT LIMITED COMPANY;Andadores Infantis;Portaria Inmetro nº 129 de 19/03/2021;;IN2062423;Modelo 5;;S;China, República Popular;Baby Style;MODELO: ANIMAIS VERSÕES: Andador cachorro vermelho - Ref. 33721 Andador cachorro azul - Ref. 33722 Andador abelha rosa - Ref. 33723 Andador abelha azul - Ref. 33724 Andador pianinho rosa Ref: 33725 Andador pianinho azul Ref: 33726;Material: Plástico, metal e tecido, Dimensões: 50 x 70 x 60 cm, Sistema de Travamento: Stoper, Sistema deMontagem e Ferragem: Tesoura, Acessórios: Bandeja musical;4079337218996|4079337228995|4079337238994|4079337248993|4079337251993|4079337261992;Excluido;29/01/2024
255724/1951;Ativo;;14/05/2026;;;UNI-ART IMPORT LTDA.;68168368000105;11952844300;AV DAS INDUSTRIAS ;755;;13288163;DIST.INDL B. STORANI;VINHEDO;SP; www.unitoys.com.br;QINGYUAN XINGLONG BALL PRODUCING CO., LTD.;Andadores Infantis;Portaria Inmetro nº 129 de 19/03/2021;;IN2985326;Modelo 5;;S;China, República Popular;UNITOYS;ANDADOR COM EMPURRADOR - N/A - 3726 AZUL/3726 ROSA;MAT:PP, POLIÉSTER E AÇO/DIM:50X60X102 CM/SIS_TRAV:LIBERAÇÃO EM DUAS AÇÕES CONSECUTIVAS/SIS_MONT E FERRG:MANUAL (SEM FERRAMENTA)/ACESS:N/A/CARACTERISTICAS DO MODELO:ANDADOR COM BANDEJA MUSICAL;7908901504395|7908901504401;Incluido;14/05/2026
476294/2010;Ativo;;06/03/2023;;;BURIGOTTO S A INDUSTRIA E COMERCIO;51460277000138;1934464813;Rua Martino Dragone;280;;13480308;Jardim Santa Barbara;Liemira;SP;alison.smanioto@burigotto.com;JIN SUN GEE PLASTICS CO., LTD;Andadores Infantis;Portaria Inmetro nº 129 de 19/03/2021;;CE-AND/IQB 000004 55573/23-001;Modelo 5;;S;Formosa (Taiwan);BURIGOTTO;ANDADOR OLÉ CL - REF. IXAN5143CL;PP, AÇO, TECIDO / 590 X 690 X 550 MM / TRILHO PLÁSTICO COM BOTÃO DE TRAVA/DESTRAVA E REGULAGEM DE ALTURA / REBITES, PARAFUSOS E ENCAIXE DE PEÇAS PLÁSTICAS / BANDEJA COM 2 BRINQUEDOS DE PP E NYLON;7896502944248;Incluido;29/04/2026
770309/1936;Ativo;;03/04/2023;;;PLANETA - IMPORTACAO E DISTRIBUICAO DE BRINQUEDOS LTDA;13434272000141;1138951572;AV VASCO MASSAFELI;1000;G1A M1-21;06703600;JARDIM MARIA TEREZA;COTIA;SP;admin@planetadobebe.com.br;HEBEI WANXIN CHILDREN TOYS CO.,LTD.;Andadores Infantis;Portaria Inmetro nº 129 de 19/03/2021;;IN1765923;Modelo 5;;S;China, República Popular;MAXI BABY;NW-01 - ANDADOR LA BAMBA  / (...) COM BRINQUEDOS/CAR MOD:AND COM BRINQUEDO(BANDEJA MUSICAL);MAT:PP E PARTES EM ABS, AÇO DE ALTO CARB RODA ELASTÔMERO TERMOPLÁSTICO, PVC/DIM:580X680X550(LXCXH)/SIS TRA:LIBERAÇÃO EM DUAS AÇÕES CONSECUTIVAS SIS DE MON E FER:MANUAL(S/ FERRAMENTA)/ACE:BANDEJA (...);7899403215370|7899403215387;Excluido;28/02/2025
199238/1961;Ativo;;07/08/2024;;;COMERCIO E IMPORTACAO DENISE LTDA;29963642000178;21997976531;RUA DO MILHO;72;A;21011090;PENHA CIRCULAR;RIO DE JANEIRO;RJ;comerciomybaby@hotmail.com;PING HU BEST CHILDREN?S CARRIER CO.LTD;Andadores Infantis;Portaria Inmetro nº 129 de 19/03/2021;;IN2189524;;;S;China, República Popular;MY BABY;PATO A1 - ROSA LISO, AZUL LISO, ROSA COLORIDO, AZUL COLORIDO - Acessórios: Brinquedos Caracteristicas do modelo: Andador infantil com brinquedo elétrico;Material: Ferro, PP e Poliéster Dimensões: 71 x 62 x 55 cm Sistema de Travamento: Liberação em duas ações consecutivas Sistema de Montagem e Ferragem: Manual (com auxílio de ferramenta);6294013738218|6294013738225|6294013738287|6294013738294;Incluido;07/08/2024
064313/1963;Inativo;;12/12/2022;;;COMPANHIA DOREL BRASIL PRODUTOS INFANTIS;10659948000883;2135547024;Av. Nilo Peçanha;1516 ;Galpão 3 ;28030035;Pq dos Rodoviários;Campos dos Goytacaze;RJ;standard@dorel.com.br;Dongguan Xinyeda Hardware Plastic Products Co., Ltd;Andadores Infantis;Portaria Inmetro nº 129 de 19/03/2021;;IN1715922;;;S;China, República Popular;Safety 1st;11389.  Melody Garden;ABS,PP.PVC.Pol.Esp, 64x55x66cm,Trav.Lib.2açoes cons, Mon.Manual. Aces: Brinquedos.;9312541727119;Incluido;12/12/2022
886722/1963;Inativo;;14/08/2019;;;Companhia Dorel Brasil Produtos Infantis;10659948000107;2135633602;Av. Nilo Peçanha;1516 /1582;Térreo;28030035;Pq dos Rodoviários;Campos dos Goytacaze;RJ;mariana.magalhaes@dorel.com.br;JIN SUN GEE PLASTIC CO.,LTD;Andadores Infantis;Portaria Inmetro nº 42 de 19/01/2018;;OCAN-AND.145/19-1;;;S;Formosa (Taiwan);Voyage;BG-1518;Nome Fantasia: Baby Step. Cores: Rosa e Azul. Material: Ferro, Plástico e Polipropileno. 60x49x68cm. Sistema Travamento e Montagem:Manual. Acessórios: Bandeja.;7908238801280|7908238801297;Incluido;14/08/2019
189820/1996;Ativo;;12/11/2024;;;CACANDO OFERTAS LTDA;23230465000134;11976586700;Rua José Ferreira Crespo;752;Sala 1;08021480;Jardim São Vicente;São Paulo;SP;diegofrancisco22@bol.com.br;STYLL ADMINISTRACAO, INVESTIMENTOS, LOCACOES & SERVICOS LIMITADA;Andadores Infantis;Portaria Inmetro nº 129 de 19/03/2021;;IN2382924;;;N;Brasil;ClickBaby's;Andador Happy baby - Versões AZUL-HAPPY BABY ROSA-HAPPY BABY LARANJA-HAPPY BABY;Mat.Aço Polipropileno.Dim:640x570x470cm.Sist.Trav. Liberação duas ações consecutivas.Sist de Mont e Ferrag:Manual sem ferramenta.Acess: Bandeja c/Brinquedo.Caract/modelo:Andador c/brinquedo na bandeja;7898975097001|7898975097018|7898975097025;Incluido;12/11/2024
806395/2002;Ativo;;03/04/2023;;;PLANETA - IMPORTACAO E DISTRIBUICAO DE BRINQUEDOS LTDA;13434272000141;1138951572;AV VASCO MASSAFELI;1000;G1A M1-21;06703600;JARDIM MARIA TEREZA;COTIA;SP;admin@planetadobebe.com.br;HEBEI WANXIN CHILDREN TOYS CO.,LTD.;Andadores Infantis;Portaria Inmetro nº 129 de 19/03/2021;;IN1765923;Modelo 5;;S;China, República Popular;MAXI BABY;ANDADOR LA BAMBA - NW-01 - AZUL #21537/ROSA #21538/VERMELHO #75268;MAT:PP E PART.ABS,AÇOD.ALTOCARB.RODAELASTÔM.TERMOP.,PVC/DIM:580X680X550(LXCXH)/SIS_TRAV:LIBER.EM 2 AÇÕES CONS./SIS_MONT E FERRG:MAN.(S/FERM)/ACES:BANDJ C BRI./CARAC.D.M.:ANDAD.C BRINQ.REG.002149/2023 ;7898975752689|7899403215370|7899403215387;Incluido;18/03/2026
358317/1989;Ativo;;12/11/2024;;;CACANDO OFERTAS LTDA;23230465000134;11976586700;Rua José Ferreira Crespo;752;Sala 1;08021480;Jardim São Vicente;São Paulo;SP;diegofrancisco22@bol.com.br;STYLL ADMINISTRACAO, INVESTIMENTOS, LOCACOES & SERVICOS LIMITADA;Andadores Infantis;Portaria Inmetro nº 129 de 19/03/2021;;IN2382924;;;N;Brasil;ClickBaby's;Andador Happy baby - Versões AZUL-HAPPY BABY ROSA-HAPPY BABY LARANJA-HAPPY BABY;Mat.Aço Polipropileno.Dim:640x570x470cm.Sist.Trav. Liberação duas ações consecutivas.Sist de Mont e Ferrag:Manual sem ferramenta.Acess: Bandeja c/Brinquedo.Caract/modelo:Andador c/brinquedo na bandeja;7898975097001|7898975097018|7898975097025;Incluido;12/11/2024
961396/1965;Ativo;;09/12/2019;;;TAPUZIM COMERCIAL LTDA;00513418000100;1138569063;Av. Monte Celeste;230;250;02561000;Vila S. Maria;São Paulo;SP;ehs0770@hotmail.com;SHEN ZHEN WEI MEI CHILDCARE PRODUCT LIMITED COMPANY;Andadores Infantis;Portaria Inmetro nº 129 de 19/03/2021;;IN2062423;Modelo 5;;S;China, República Popular;baby style;ANDADOR ANIMAIS;ANIMAISVERSÕES: Andador cachorro vermelho - Ref. 33721 Andador cachorro azul - Ref. 33722 Andador abelha rosa - Ref. 33723 Andador abelha azul - Ref. 33724 . Material: Plástico, metal e tecido. Dimen;4079337218996|4079337228995|4079337238994|4079337248993;Excluido;21/12/2020
671470/2004;Ativo;;07/02/2022;;;TUTTI BABY INDUSTRIA E COMERCIO DE ARTIGOS INFANTIS LTDA;06981862000129;4733794000;Rod. Guilherme Jensen, SC413, km13;0;;89108000;Distrito Industrial;Massaranduba;SC;certificacao@tuttibaby.com.br;TUTTI BABY INDUSTRIA E COMERCIO DE ARTIGOS INFANTIS LTDA;Andadores Infantis;Portaria Inmetro nº 129 de 19/03/2021;;IN2869325;Modelo 5;;N;Brasil;TUTTI BABY;ANDADOR SAFARI II-ANDADOR 40.002-40002003/40002004/40002007/40003004/40004002/40004003;MAT:PP E ALGODAO/DIM:51X61X70CM/SIS_TRAV:DOIS DISPOS TRAV INDEPEND SENDO OPER SIMULTÂNEAM./SIS_MONT/FERRG:REBITES,PARAFUSOS E ENCAIXE DE PÇS PLAST/ACESS:BAND. COM BRINQ/CARAC. DO MOD.:AND. C/ BRINQ NA;7898431501615|7898431501622|7898431501639|7898431501684|7898431501691|7898431501707;Excluido;27/02/2026
072167/1934;Ativo;;24/01/2025;;;PLANETA - IMPORTACAO E DISTRIBUICAO DE BRINQUEDOS LTDA;13434272000141;1138951572;AV VASCO MASSAFELI - GALPAO1 RUA A LADO IMPAR ANEXO;1000;MODULO1/21;06703600;JARDIM MARIA TEREZA;COTIA;SP;admin@planetadobebe.com.br;PLANETA - IMPORTACAO E DISTRIBUICAO DE BRINQUEDOS LTDA;Andadores Infantis;Portaria Inmetro nº 129 de 19/03/2021;;IN2476224;;;N;Brasil;REPLAY KIDS;ANDADOR QUICK/21680 / BELLA/21681 / PUPPY/21682 / ZOO/21683 / SPACE/21684 / RACING;M:POLIPROPILENO, ABS, AÇO,ELASTÔMERO TERMOPLÁSTICO E PVC/D:58X68X55CM/S.D/TRV:MANUAL (SEM FERRAMENTA)/ACS:N/A/CARACTERISTICAS DO MODELO:BANDEJA COM BRINQUEDO/ PLACA MUSICAL/PLACA ANTIDERRAPANTE;7899403216803|7899403216810|7899403216827|7899403216834|7899403216841;Incluido;24/01/2025
652321/2015;Ativo;;05/08/2021;;;GALZERANO INDUSTRIA DE CARRINHOS E BERCOS LTDA;43594977000197;19999947357;Via Prefeito Jurandyr Paixão;700;;13481149;Jd. Campo Belo;Limeira;SP;luisfernando.camargo@galzerano.com.br;GALZERANO INDUSTRIA DE CARRINHOS E BERCOS LTDA;Andadores Infantis;Portaria Inmetro nº 129 de 19/03/2021;;CE-AND/IQB 000006 54618/21-001;;;N;Brasil;GALZERANO;Ref.: 4050-Andador Torino. Versões: 4050EST (Estrela), 4050SPR (Spring);Tecido Pes, TNT, Espuma, PP, PA6, Master, Tinta, Tubo de aço. CxLxA(cm) 71x62,5x51,5 Travamento: Trilho plástico c/ botão de destrave e regulagem de altura. Montagem: Manual. Acess: Brinquedo acoplado;7908200102520|7908200102537;Incluido;17/01/2024
946336/1941;Ativo;;19/06/2023;;;KCARVALHUS COMERCIO E SERVICOS EIRELI;24633386000137;1143798430;Rua Poeta João Cabral De Melo Neto,  Santa Maria - Osasco - SP;77;;06147020; Santa Maria ;Osasco ;SP;carlos.carvalho@kkbebe.com.br;PINGHU SHI XIAOTIANDI CHILDREN?S PRODUCTS FACTORY;Andadores Infantis;Portaria Inmetro nº 129 de 19/03/2021;;IN1823223;;;S;China, República Popular;KK bebê;ANDADOR INFANTIL PASSINHO FORTE / AZUL /ROSA , MATERIAL:PP,FERRO E POLIÉSTER/DIMENSÕES:63X57X53CM;SISTEMA DE TRAVAMENTO:LIBERAÇÃO EM DUAS AÇÕES CONSECUTIVAS/SISTEMA DE MONTAGEM E FERRAGEM: MANUAL (SEM FERRAMENTA)/ACESSÓRIOS:BRINQUEDOS/CARACTERISTICAS DO MODELO: ANDADOR COM BRINQUEDO FIXO ACOPLADO;7898711750108|7898711750115;Incluido;19/06/2023
409150/2020;Ativo;;09/12/2019;;;TAPUZIM COMERCIAL LTDA;00513418000100;1138569063;Av. Monte Celeste;230;250;02561000;Vila S. Maria;São Paulo;SP;ehs0770@hotmail.com;SHEN ZHEN WEI MEI CHILDCARE PRODUCT LIMITED COMPANY;Andadores Infantis;Portaria Inmetro nº 129 de 19/03/2021;;IN2062423;Modelo 5;;S;China, República Popular;Baby Style;MODELO: ANIMAIS VERSÕES: Andador cachorro vermelho - Ref. 33721 Andador cachorro azul - Ref. 33722 Andador abelha rosa - Ref. 33723 Andador abelha azul - Ref. 33724 Andador pianinho rosa Ref: 33725 Andador pianinho azul Ref: 33726;Material: Plástico, metal e tecido, Dimensões: 50 x 70 x 60 cm, Sistema de Travamento: Stoper, Sistema deMontagem e Ferragem: Tesoura, Acessórios: Bandeja musical;4079337218996|4079337228995|4079337238994|4079337248993|4079337251993|4079337261992;Excluido;29/01/2024
875740/2004;Ativo;;30/06/2026;;;MARKETGOOL TRADING IMPORTACAO E EXPORTACAO LTDA;18787076000174;11947652325;ROD RODOLFO JAHN;326;ANEXO 92;89237680; VILA NOVA;JOINVILLE;SC;alexandre.morroni@hotmail.com;PINGHU XIAOTIANDI CHILDREN''S PRODUCTS FACTORY;Andadores Infantis;Portaria Inmetro nº 129 de 19/03/2021;;IN3048926;Modelo 5;;S;China, República Popular;MARKETGOOL;Designação Comercial: Andador Marketgool / Código de referência comercial / MKG-010 / ROSA;Mat: PP, FERRO E POLIÉSTER / Dim: 65X55X45 CM/ SIST DE TRAV: Liberação em duas ações consecutivas/ Acess: Brinquedo do andador/ Caract do mod: Andador com Brinquedo;0070341132777;Incluido;30/06/2026
437080/1956;Ativo;;16/09/2024;;;AMAZONAS IMPORTADOS LTDA;07269201000138;9691131654;Rua Independência;175;;68900090;Central;Macapa;AP;adriana.abreu@amazonasimportados.com.br;YIWU BALBIAN ELECTRONIC TECHNOLOGICAL CO., LTD;Andadores Infantis;Portaria Inmetro nº 129 de 19/03/2021;;IN2086424-1;;;S;China, República Popular;LÉ PETIT;MODE:BABY WALKER/REF:LP-9517/ CONT: ANDADOR COM BRINQUEDO ACOPLADO/VERSÕES:AZUL,ROSA,VERDE,;MAT:PP E POLIÉSTER/DIM:62X55,5X50CM/SIST DE TRAV:LIBERAÇÃO EM DUAS AÇÕES CONSECUTIVAS/SIST DE MONT E FERRAGEM:MANUAL (SEM FERRAMENTA)/ACESSÓRIOS:N/A.CARACTERISTICAS DO MODELO:;453068745717;Incluido;16/09/2024
293061/1952;Inativo;;19/06/2023;;;VANMAX COMERCIO LTDA;84114198000124;9231337050;RUA CEL SERGIO PESSOA;91;;69005030;CENTRO;MANAUS;AM;GERENTEDEVENDAS@VANMAX.COM.BR;PINGHU SHI XIAOTIANDI CHILDREN´S PRODUCTS FACTORY;Andadores Infantis;Portaria Inmetro nº 129 de 19/03/2021;;IN1811123;;;S;China, República Popular;BRINKMAX;997A/ NOME COMERCIAL: ANDAJÁ/VERSÕES: AZUL - 582597/ROSA - 582596/VERMELHO - 582598/VERMELHO/BRANCO - 582599 - MAT.: FERRO,POLIPROPILENO E POLIÉSTER/DIM.:67X57X54CM;SIST.DE TRAVA.:LIBERAÇÃO EM DUAS AÇÕES CONSECUTIVAS/SIST.DE MONT.E FERR.MAN.(SEM FERRAMENTA)/ACESSÓRIOS: BRINQUEDO/CARACTERISTICAS DO MODELO: ANDADOR INFANTIL COM BRINQUEDO ACOPLADO;7890785825966|7890785825973|7890785825980|7890785825997;Incluido;19/06/2023
240340/1968;Inativo;;19/06/2023;;;VANMAX COMERCIO LTDA;84114198000124;9231337050;RUA CEL SERGIO PESSOA;91;;69005030;CENTRO;MANAUS;AM;GERENTEDEVENDAS@VANMAX.COM.BR;PINGHU SHI XIAOTIANDI CHILDREN´S PRODUCTS FACTORY;Andadores Infantis;Portaria Inmetro nº 129 de 19/03/2021;;IN1811123;;;S;China, República Popular;BRINKMAX;997A/ NOME COMERCIAL: ANDAJÁ/VERSÕES: AZUL - 582597/ROSA - 582596/VERMELHO - 582598/VERMELHO/BRANCO - 582599 - MAT.: FERRO,POLIPROPILENO E POLIÉSTER/DIM.:67X57X54CM;SIST.DE TRAVA.:LIBERAÇÃO EM DUAS AÇÕES CONSECUTIVAS/SIST.DE MONT.E FERR.MAN.(SEM FERRAMENTA)/ACESSÓRIOS: BRINQUEDO/CARACTERISTICAS DO MODELO: ANDADOR INFANTIL COM BRINQUEDO ACOPLADO;7890785825966|7890785825973|7890785825980|7890785825997;Incluido;19/06/2023
302468/2017;Inativo;;02/04/2020;;;Galzerano Indústria de Carrinhos e Berços Ltda;43594977000197;1934043030;Via Prefeito Jurandyr Paixão;700;;13481149;Jd. Campo Belo;Limeira;SP;luisfernando.camargo@galzerano.com.br;FOSHAN SHUNDE QIJUN TOYS CO., LTD;Andadores Infantis;Portaria Inmetro nº 42 de 19/01/2018;;CE-AND/IQB 000006 53487/19-001;;;S;China, República Popular;GALZERANO;Ref.: 4090 - Liam. Versões: 4090CZ (Cinza), 4090PT (Preto);Mat: Tec poli Espum Resin plást Tinta Ferragens. Dim: 70x65x54(cm). Sist Trav: Trilho plást c/ botão destrav e reg de altura. Sist mont/ferragem: Manual. Acess: Bandej brinq não removív e retrovisores;7908200101431|7908200101448;Incluido;02/04/2020
619073/1979;Inativo;;11/01/2023;;;COMPANHIA DOREL BRASIL PRODUTOS INFANTIS;10659948000883;2135547024;Av. Nilo Peçanha;1516 ;Galpão 3 ;28030035;Pq dos Rodoviários;Campos dos Goytacaze;RJ;standard@dorel.com.br;Jin Sun Gee Plastics Co., Ltd;Andadores Infantis;Portaria Inmetro nº 129 de 19/03/2021;;IN1722522;;;S;Formosa (Taiwan);Cosco;BG-1518. Nome comercial: Follow. Versões: Azul e Laranja.;Ferro, plástico, PP,PET, PU e poliéster. 60 x 49 x 68 cm.Trav:Lib.2 ações cons., Encaixe,aces: Brinquedos.;7908238808043|7908238808050;Incluido;11/01/2023
534344/1994;Ativo;;14/05/2026;;;UNI-ART IMPORT LTDA.;68168368000105;11952844300;AV DAS INDUSTRIAS ;755;;13288163;DIST.INDL B. STORANI;VINHEDO;SP; www.unitoys.com.br;QINGYUAN XINGLONG BALL PRODUCING CO., LTD.;Andadores Infantis;Portaria Inmetro nº 129 de 19/03/2021;;IN2985326;Modelo 5;;S;China, República Popular;UNITOYS;ANDADOR COM EMPURRADOR - N/A - 3726 AZUL/3726 ROSA;MAT:PP, POLIÉSTER E AÇO/DIM:50X60X102 CM/SIS_TRAV:LIBERAÇÃO EM DUAS AÇÕES CONSECUTIVAS/SIS_MONT E FERRG:MANUAL (SEM FERRAMENTA)/ACESS:N/A/CARACTERISTICAS DO MODELO:ANDADOR COM BANDEJA MUSICAL;7908901504395|7908901504401;Incluido;14/05/2026
356753/1995;Inativo;;14/08/2019;;;Companhia Dorel Brasil Produtos Infantis;10659948000107;2135633602;Av. Nilo Peçanha;1516 /1582;Térreo;28030035;Pq dos Rodoviários;Campos dos Goytacaze;RJ;mariana.magalhaes@dorel.com.br;Hua Song Plastic Products Co Ltd;Andadores Infantis;Portaria Inmetro nº 42 de 19/01/2018;;OCAN-AND.145/19-3;;;S;China, República Popular;Safety 1st;11389;Nome Fantasia: Melody Garden. Cor única. Material: Ferro, plástico e PP. 64x55x66 cm. Sistema de Travamento e Montagem: Manual. Acessórios: Bandeja.;9312541727119;Incluido;14/08/2019
828348/2020;Cancelado;;24/08/2020;;14/07/2025;Dardara Comercio Importacao e Exportacao Ltda.;07774907000157;1147447248;R VALENTIM MAGALHAES;95;***;03184090;ALTO DA MOOCA;SÃO PAULO;SP;dardara@yescert.com.br;FOSHAN BAOLIMEI CHILD?S VEHICLE CO.LTD;Andadores Infantis;Portaria Inmetro nº 42 de 19/01/2018;;OCAN-AND.134/20-5;;;S;China, República Popular;DARDARA;ANDADOR CARRO (FD-2407);Material: Moldes e peças em plástico P.P.(polipropileno) Adesivos (papel colante) Painel - parte interna: sistema eletrônico (placa, fio colorido, alto falante). Estrutura em metal, Dimensões: 74 x 63;;Incluido;24/08/2020
122363/1947;Inativo;;24/09/2019;;;Galzerano Indústria de Carrinhos e Berços Ltda;43594977000197;1934043030;Via Prefeito Jurandyr Paixão;700;;13481149;Jd. Campo Belo;Limeira;SP;luisfernando.camargo@galzerano.com.br;SHEN ZHEN WEI MEI CHILDCARE PRODUCT LIMITED COMPANY;Andadores Infantis;Portaria Inmetro nº 42 de 19/01/2018;;CE-AND/IQB 000006 53504/20-001;;;S;China, República Popular;GALZERANO;Andador de bebê 4 em 1 Funny - Versões: Color (CR), Verde Água (VDA);Mat Tec poli Espum Resin plást Itens fix Dimens 75Cx71Lx55A(cm) Sist trav Dobradiç plást c/ botã acion Sist mont frenag Encaix manua Mod Andador c/ módul sonor Pçs girat Cores divers Acess Brinq remov;7898089221477|7898089221996;Incluido;24/09/2019
531216/2006;Inativo;;12/01/2023;;;COMPANHIA DOREL BRASIL PRODUTOS INFANTIS;10659948000883;2135547024;Av. Nilo Peçanha;1516 ;Galpão 3 ;28030035;Pq dos Rodoviários;Campos dos Goytacaze;RJ;standard@dorel.com.br;Jin Sun Gee Plastics Co., Ltd;Andadores Infantis;Portaria Inmetro nº 129 de 19/03/2021;;IN1701622-3;;;S;Formosa (Taiwan);Safety 1st;HE001. Nome comercial: Spacewalker 3 em 1. Versões: Grey, Orange.;PP,Ferro,Aço,ABS,PVC,POM,TPR,MB475,Pol,65.5x50x71.5cm.Trav:Lib.2ações cons.,Mont:Manual.Aces.Brinq.;7908238803932|7908238803949;Incluido;12/01/2023
688094/2022;Inativo;;30/09/2019;;;Tutti Baby Indústria e Comércio de Artigos Infantis Ltda;06981862000129;4733794000;Rod. Guilherme Jensen;s/n;Galpão 01;89108000;Distrito Industrial;Massaranduba;SC;qualidade@tuttibaby.com.br;;Andadores Infantis;Portaria Inmetro nº 42 de 19/01/2018;;CE-AND/IQB 000005 53137/19-001;;;N; ;Tutti Baby;Andador 02003;Material: Estrut. metálica de aço tub, plást. de engenharia, algodão. Dim: 52cmx60cmx70,5cm, sist.de trav: com duas ações consecutivas para liber, sist. de mont.ferrag: rebites e parafusos, aces: brin;17898431495966|17898431495980|17898431496000|17898431496024|17898431500660|17898431500677|17898431500684|7898431495952|7898431495969|7898431495976|7898431495983|7898431495990|7898431496006|7898431496010|7898431496027|7898431500601|7898431500618|7898431500625|7898431500632|7898431500649|7898431500656;Incluido;30/09/2019
398179/1961;Ativo;;04/08/2025;;;BAMBINO COMERCIAL LTDA;06006481000129;81987347022;R. 23;175;;53090190;RIO DOCE;OLINDA;PE;bambino.souza@terra.com.br;PINGHU XIAOTIANDI CHILDREN?S PRODUCTS FACTORY;Andadores Infantis;Portaria Inmetro nº 129 de 19/03/2021;;IN2750125;Modelo 5;;S;China, República Popular;BAMBINO;ANDADOR - BA01 - ROSA/AZUL;MAT:PP,FERRO E POLIÉSTER/DIM:70X62.5X51CM/SIS_TRAV:LIBERAÇÃO EM DUAS AÇÕES CONSECUTIVAS/SIS_MONT E FERRG:MANUAL(S/FERRAM.)/ACESS.:BRINQ.CEN.DE ATIVI./CARACT.DO MODELO:ANDADOR COM BANDEJA MUSICAL;7898576907150|7898576907167;Incluido;04/08/2025
416367/1973;Ativo;;27/03/2026;;;HEMNANI COMERCIO DE VARIEDADES LTDA.;05469291000185;9232330121;Rua Marcílio Dias;304;;69005270;Centro;Manaus;AM;hemnanibr@yahoo.com;PINGHU XIAOTIANDI CHILDREN?S PRODUCTS FACTORY;Andadores Infantis;Portaria Inmetro nº 129 de 19/03/2021;;IN2911926;Modelo 5;;S;China, República Popular;SITA;ANDADOR AKH602 - AKH602 - AVIÃO - AVIAO;MAT:PP,FERRO E POLIE./DIM:70 X62.5 X 51 CM/SISTEMA DE TRAVAMENTO:LIBERAÇÃO EM DUAS AÇÕES CONSECUTIVAS/SISTEMA DE MONTAGEM E FERRAGEM:MAN.(S/FERRAM.)/ACESS:BAND.MUSI./CARAC.DO MOD.:AND.COM BAND.MUSI.;0618231660148;Incluido;27/03/2026
019446/1950;Ativo;;12/11/2024;;;CACANDO OFERTAS LTDA;23230465000134;11976586700;Rua José Ferreira Crespo;752;Sala 1;08021480;Jardim São Vicente;São Paulo;SP;diegofrancisco22@bol.com.br;STYLL ADMINISTRACAO, INVESTIMENTOS, LOCACOES & SERVICOS LIMITADA;Andadores Infantis;Portaria Inmetro nº 129 de 19/03/2021;;IN2382924;;;N;Brasil;ClickBaby's;Andador Happy baby - Versões AZUL-HAPPY BABY ROSA-HAPPY BABY LARANJA-HAPPY BABY;Mat.Aço Polipropileno.Dim:640x570x470cm.Sist.Trav. Liberação duas ações consecutivas.Sist de Mont e Ferrag:Manual sem ferramenta.Acess: Bandeja c/Brinquedo.Caract/modelo:Andador c/brinquedo na bandeja;7898975097001|7898975097018|7898975097025;Incluido;12/11/2024
710371/1999;Ativo;;05/08/2021;;;GALZERANO INDUSTRIA DE CARRINHOS E BERCOS LTDA;43594977000197;19999947357;Via Prefeito Jurandyr Paixão;700;;13481149;Jd. Campo Belo;Limeira;SP;luisfernando.camargo@galzerano.com.br;GALZERANO INDUSTRIA DE CARRINHOS E BERCOS LTDA;Andadores Infantis;Portaria Inmetro nº 129 de 19/03/2021;;CE-AND/IQB 000006 54618/21-001;;;N;Brasil;GALZERANO;Ref.: 4050-Andador Torino. Versões: 4050RO (Rosa), 4050TER (Terracota), 4050EST (Estrela), 4050SPR (Spring) - Material: Tecido poliéster, TNT, Espuma, PP, PA6, Master, Tinta, Tubo de aço, Itens de fixação e aviamentos. Dimensões: CxLxA (cm) 71x62,5x51,5. Sistema de travamento: Trilho plástico com botão de destrave e regulagem de altura;Sistema de montagem/ferragem: Manual. Acessórios que venham com o produto: Bandeja de brinquedos não removível, Características do modelo: Tecidos, Peças plásticas, Tinta, Ferragens;7908200102247|7908200102254|7908200102520|7908200102537;Excluido;17/01/2024
384683/1931;Ativo;;14/08/2019;;;BAMBOO COMERCIO, IMPORTAÇÃO E EXPORTAÇÃO EIRELI-EPP;27115224000103;8132419265;Rua. Alegre;154;Galpão A;52120125;Arruda;Recife;PE;bamboo@yescert.com.br;ZHEJIANG KINTEX INTERNATIONAL TRADING CO., LTD;Andadores Infantis;Portaria Inmetro nº 129 de 19/03/2021;;IN1632922;;;S;China, República Popular;BAMBOO;MODELO:MD-18NOME COMERCIAL:ANDAJAR GUGUVERSÕES: Azul (Ref.: MD18.1)Rosa (Ref.: MD18.2)Verde (Ref.: MD18.3)Vermelho (Ref.: MD18.4);Mat: PLAST / MET/FIB TEXTIL,DIM:ABRT:62X56X52CM,FECH:62X56X16,SIST TRAV:LIBER EM 2 ACOES CONSEC,SIST MONT FERRAG: MANUAL(S/FERRAMENTA),ACESS:BANDEJ C/BRINQ E HAST C/PUXADOR;7909312341029;Incluido;22/07/2022
004386/1926;Inativo;;14/08/2019;;;Companhia Dorel Brasil Produtos Infantis;10659948000107;2135633602;Av. Nilo Peçanha;1516 /1582;Térreo;28030035;Pq dos Rodoviários;Campos dos Goytacaze;RJ;mariana.magalhaes@dorel.com.br;JIN SUN GEE PLASTIC CO.,LTD;Andadores Infantis;Portaria Inmetro nº 42 de 19/01/2018;;OCAN-AND.145/19-4;;;S;Formosa (Taiwan);Voyage;BG1401;Nome Fantasia: Buggy. Cores: Rosa e Azul. Material: Ferro, plástico, PP e PU. 42 x 58.5 x 65 cm. Sistema de Travamento e Montagem: Manual. Acessórios: Bandeja;7898509475206|7898509475213;Incluido;14/08/2019
298390/1952;Ativo;;07/02/2022;;;TUTTI BABY INDUSTRIA E COMERCIO DE ARTIGOS INFANTIS LTDA;06981862000129;4733794000;Rod. Guilherme Jensen, SC413, km13;0;;89108000;Distrito Industrial;Massaranduba;SC;certificacao@tuttibaby.com.br;TUTTI BABY INDUSTRIA E COMERCIO DE ARTIGOS INFANTIS LTDA;Andadores Infantis;Portaria Inmetro nº 129 de 19/03/2021;;IN2869325;Modelo 5;;N;Brasil;Tutti Baby;Andador Safari II Azul/Rosa/Vermelho/Andador Princesa Rosa Coroa/Andador Acqua Explorador Cinza/Roxo;ESTRUT. MET.AÇO.TUBULAR/48x60,5x70CM/SIST.DE TRAV. COM.DUAS.AÇÕES.CONSECUT.PARA.LIBER./PARAFUSOS.E. REBITES/BRINQUEDOS.E.ADESIVOS;7898431501615|7898431501622|7898431501639|7898431501684|7898431501691|7898431501707;Excluido;12/01/2024
066838/1934;Inativo;;07/10/2019;;;Galzerano Indústria de Carrinhos e Berços Ltda;43594977000197;1934043030;Via Prefeito Jurandyr Paixão;700;;13481149;Jd. Campo Belo;Limeira;SP;luisfernando.camargo@galzerano.com.br;GUANGDONG ZHIHUI CHILDREN?S PRODUCTS CO.,LTD;Andadores Infantis;Portaria Inmetro nº 42 de 19/01/2018;;CE-AND/IQB 000006 53503/20-001;;;S;China, República Popular;GALZERANO;Andador de bebê Magic - Versão: Cinza (CZ), Preto (PT);Mat Tec poli Espum Resin plást Tint Ferrag 70Cx65Lx54A cm Travam trilho plást com botão de destrav e regul alt Mont/frenag manual Andador com pçs girat e cores diversas Acess Bandej Brinq não removív.;7898089221590|7898089222283;Incluido;07/10/2019
330398/1953;Ativo;;27/08/2026;;;MADHULA COMERCIO DE ARTIGOS ELETROELETRONICOS LTDA;03838532000190;92994433107;Rua Marcilio Dias;166;;69005270;Centro;Manaus;AM;mayapunjwani@gmail.com;PINGHU XIAOTIANDI CHILDREN?S PRODUCTS FACTORY;Andadores Infantis;Portaria Inmetro nº 129 de 19/03/2021;;IN3141126-2;Modelo 5;;S;China, República Popular;BENMEK;ANDADOR MADHULA/ MA101/ Rosa - MA101R/ Azul - MA101A/ Verde - MA101V/ Laranja - MA101L;MAT.:PP, FERRO E POLIÉSTER/DIM.:63X57X53 CM/SIST. DE TRAV.:LIBERAÇÃO EM DUAS AÇÕES CONSECUTIVAS/SIST. MONT. E FERR.:MANUAL (SEM FERRAMENTA)/ACESS.:BRINQUEDO/CARACT. DO MOD.:ANDADOR COM BRINQUEDO;6901031000158;Incluido;27/08/2026
592394/1978;Ativo;;29/04/2024;;;TAPUZIM COMERCIAL LTDA;00513418000100;1138569063;Av. Monte Celeste;230;250;02561000;Vila S. Maria;São Paulo;SP;sergio@babystylebrasil.com.br;SHEN ZHEN WEI MEI CHILDCARE PRODUCT LIMITED COMPANY;Andadores Infantis;Portaria Inmetro nº 129 de 19/03/2021;;IN2118124-1;;;S;China, República Popular;Baby Style;ANDADOR SMART - SMART AZUL E SMART ROSA;PP,62 X 53 X 78CM,LIBERAÇÃO EM DUAS AÇÕES CONSECUTIVAS,MANUAL (SEM FERRAMENTA),ACESSÓRIOS:N/A/CARAC MODELO:ANDADOR C BRINQUEDO NA BANDEJA;4079337307416|4079337313325;Incluido;29/04/2024
886398/2004;Ativo;;17/06/2024;;;MEGA COMPRAS PRESENTES.COM LTDA;02561195000174;4191284769;RUA ELDORADO;511;511;09550720;PROSPERIDADE;SÃO CAETANO DO SUL;SP;contabilidade@grupogmac.com;HEBEI HAOKU CHILDREN TOYS CO., LTD;Andadores Infantis;Portaria Inmetro nº 129 de 19/03/2021;;IN2152424;;;S;China, República Popular;MEGA COMPRAS;ANDADOR PARA BEBÊS-PREMIUM-REF:MC923/MC923AZ/MC923RS/MC923CZ/MATERIAL:PP E POLIÉSTER/DIMENSÕES:65X 48X46 CM/ CONT: ANDADOR COM BRINQUEDO ACOPLADO;SISTEMA DE TRAVAMENTO:DOIS DISPOSITIVOS DE TRAVAMENTO INDEPENDENTES SENDO OPERADOS SIMULTÂNEAMENTE/SISTEMA DE MONTAGEM E FERRAGEM:MANUAL (SEM FERRAMENTA)/ACESSÓRIOS:BRINQUEDO/CARACTERISTICAS DO MODELO;7898692799028|7898692799578|7898692799585;Incluido;17/06/2024
206768/1973;Ativo;;27/03/2026;;;HEMNANI COMERCIO DE VARIEDADES LTDA.;05469291000185;9232330121;Rua Marcílio Dias;304;;69005270;Centro;Manaus;AM;hemnanibr@yahoo.com;PINGHU XIAOTIANDI CHILDREN?S PRODUCTS FACTORY;Andadores Infantis;Portaria Inmetro nº 129 de 19/03/2021;;IN2911926;Modelo 5;;S;China, República Popular;SITA;ANDADOR AKH602 - AKH602 - AVIÃO - AVIAO;MAT:PP,FERRO E POLIE./DIM:70 X62.5 X 51 CM/SISTEMA DE TRAVAMENTO:LIBERAÇÃO EM DUAS AÇÕES CONSECUTIVAS/SISTEMA DE MONTAGEM E FERRAGEM:MAN.(S/FERRAM.)/ACESS:BAND.MUSI./CARAC.DO MOD.:AND.COM BAND.MUSI.;0618231660148;Incluido;27/03/2026
562911/1948;Inativo;;12/01/2023;;;COMPANHIA DOREL BRASIL PRODUTOS INFANTIS;10659948000883;2135547024;Av. Nilo Peçanha;1516 ;Galpão 3 ;28030035;Pq dos Rodoviários;Campos dos Goytacaze;RJ;standard@dorel.com.br;Jin Sun Gee Plastics Co., Ltd;Andadores Infantis;Portaria Inmetro nº 129 de 19/03/2021;;IN1701622-3;;;S;Formosa (Taiwan);Safety 1st;HE001. Nome comercial: Spacewalker 3 em 1. Versões: Grey, Orange.;PP,Ferro,Aço,ABS,PVC,POM,TPR,MB475,Pol,65.5x50x71.5cm.Trav:Lib.2ações cons.,Mont:Manual.Aces.Brinq.;7908238803932|7908238803949;Incluido;12/01/2023
180413/1931;Ativo;;29/04/2025;;;MD COMERCIO DE FERRAGENS LTDA;55274701000100;92981285408;AVENIDA JOAQUIM NABUCO;1094;A;69020030;Centro;Manaus;AM;mdcomerciodeferragensltda@gmail.com;PINGHU XIAOTIANDI CHILDREN''S PRODUCTS FACTORY;Andadores Infantis;Portaria Inmetro nº 129 de 19/03/2021;;IN2610925;Modelo 5;;S;China, República Popular;ULTRA BABY;REF: UBW-601 - ANDADOR INFANTIL MUSICAL PARA BEBÊ - NAVY BLUE / RED, GREEN / BLUE, ROYAL BLUE / TEAL, LIGHT PINK / LAVANDER, DARK PURPLE / PINK;MAT:PP,FERRO E POLIÉSTER/DIM:70X62,5X55CM/SIS_TRAV:LIBERAÇÃO EM 2 AÇÕES CONSECUTIVAS/SIS_MONT.E_FERRAGEM:MANUAL(SEM FERRAMENTA)/ACESSÓRIOS: N/A/CARACTERISTICAS_MODELO:ANDADOR COM BRINQUEDO ACOPLADO;7890012361120|7890012361137|7890012361144|7890012361151|7890012361168;Incluido;29/04/2025
474417/1957;Inativo;;14/01/2021;;;GALZERANO INDUSTRIA DE CARRINHOS E BERCOS LTDA;43594977000197;1934043030;Via Prefeito Jurandyr Paixão;700;;13481149;Jd. Campo Belo;Limeira;SP;luisfernando.camargo@galzerano.com.br;HUNGSENG HARDWARE PLASTIC (DG) CORP., LTD;Andadores Infantis;Portaria Inmetro nº 42 de 19/01/2018;;CE-AND/IQB 000006 54018/20-001;;;S;China, República Popular;GALZERANO;Ref.: 4015-Andador 3 em 1 Fênix. Versões: 4015CR (Color);Mat Tec polié Espum Resin plást Itens fixação Dimens 103x103x72(cm) Sist travamento suporte plástico c/ encaixe Sist montagem/ferragem encaixes manuais Acessório: Bandeja de brinquedos não removíveis;7908200101936;Incluido;14/01/2021
199238/1961;Inativo;;07/10/2019;;;Galzerano Indústria de Carrinhos e Berços Ltda;43594977000197;1934043030;Via Prefeito Jurandyr Paixão;700;;13481149;Jd. Campo Belo;Limeira;SP;luisfernando.camargo@galzerano.com.br;GUANGDONG ZHIHUI CHILDREN?S PRODUCTS CO.,LTD;Andadores Infantis;Portaria Inmetro nº 42 de 19/01/2018;;CE-AND/IQB 000006 53503/20-001;;;S;China, República Popular;GALZERANO;Andador de bebê Magic - Versão: Cinza (CZ), Preto (PT);Mat Tec poli Espum Resin plást Tint Ferrag 70Cx65Lx54A cm Travam trilho plást com botão de destrav e regul alt Mont/frenag manual Andador com pçs girat e cores diversas Acess Bandej Brinq não removív.;7898089221590|7898089222283;Incluido;07/10/2019
768421/1983;Ativo;;31/08/2026;;;TUTTI BABY INDUSTRIA E COMERCIO DE ARTIGOS INFANTIS LTDA;06981862000129;4733794000;Rod. Guilherme Jensen, SC413, km13;0;Galpão 01;89108000;Distrito Industrial;Massaranduba;SC;heloiza.souza@tuttibaby.com.br;TUTTI BABY INDUSTRIA E COMERCIO DE ARTIGOS INFANTIS LTDA;Andadores Infantis;Portaria Inmetro nº 129 de 19/03/2021;;CE-AND/IQB 000013 57036/26-002;Modelo 5;;N;Brasil;TUTTI BABY;ANDADOR COMFORT - 40005004,40005003,40005011,40005028,40005007,40005010,40005006,40005029;ESTRU.METALICA:ACO TUBULAR,BRINQ:PLAST.DE ENG.,REVEST. TEXTIL: ALGODAO/48X60,5X70 CM/DOIS DISP. DE TRAV. INDEP. SENDO OP. SIMULT./PARAFUSOS E MONT. DE PÇS PLAST./BRINQ. CERT. E ADESIVO-57036/26;7898431502063|7898431502070|7898431502087|7898431502094|7898431502100|7898431502117|7898431502124|7898431502131;Incluido;31/08/2026
062425/2010;Ativo;;07/02/2022;;;TUTTI BABY INDUSTRIA E COMERCIO DE ARTIGOS INFANTIS LTDA;06981862000129;4733794000;Rod. Guilherme Jensen, SC413, km13;0;;89108000;Distrito Industrial;Massaranduba;SC;certificacao@tuttibaby.com.br;TUTTI BABY INDUSTRIA E COMERCIO DE ARTIGOS INFANTIS LTDA;Andadores Infantis;Portaria Inmetro nº 129 de 19/03/2021;;IN2869325;Modelo 5;;N;Brasil;Tutti Baby;Andador Safari Plus II (Azul / Rosa / Vermelho);ESTRUT. MET.AÇO.TUBULAR/48x60,5x70CM/SIST.DE TRAV. COM.DUAS.AÇÕES.CONSECUT.PARA.LIBER./PARAFUSOS.E. REBITES/BRINQUEDOS.E.ADESIVOS;7898431501615|7898431501622|7898431501639;Excluido;08/04/2022
152483/1995;Inativo;;14/01/2021;;;GALZERANO INDUSTRIA DE CARRINHOS E BERCOS LTDA;43594977000197;1934043030;Via Prefeito Jurandyr Paixão;700;;13481149;Jd. Campo Belo;Limeira;SP;luisfernando.camargo@galzerano.com.br;WEIMEI MEI CHILDCARE PRODUCT (HUIZHOU) LTD., CO;Andadores Infantis;Portaria Inmetro nº 42 de 19/01/2018;;CE-AND/IQB 000006 54025/20-001;;;S;China, República Popular;GALZERANO;Ref.: 4030-Andador 4 em 1 Funny. Versões: 4030CR (Color), 4030VDA (Verde Água);Mat Tec polié Espuma Resina plást Itens fixação Dimens 75x71x55(cm) Sist travament dobradiça plást c/ botão acionament Sist montagem/ferragem encaixe manual Acessórios manuais brinquedos removíveis;7898089221477|7898089221996;Incluido;14/01/2021
356440/1936;Ativo;;19/02/2026;;;RGM  COMERCIO E SERVICOS LTDA;18007664000148;11996294240;Avenida Angélica;511;Cj. 904;01227100;Santa Cecilia;São Paulo;SP;papush@uol.com.br;PINGHU XIAOTIANDI CHILDREN?S PRODUCTS FACTORY;Andadores Infantis;Portaria Inmetro nº 129 de 19/03/2021;;IN2911726;Modelo 5;;S;China, República Popular;RGM;ANDADOR DREUX - R602 - AVIÃO - AVIAO;MAT:PP,FERRO E POLIÉ./DIM:70X62.5X51 CM/SIST.DE TRAV.:LIB.EM DUAS AÇÕES CONSECU./SIST.DE MONT.E FERR.:MANUAL (SEM FERRAMENTA)/ACESS:BANDEJA MUSICAL/CARACT.DO MODELO:ANDADOR COM BANDEJA MUSICAL;7898926505616;Incluido;19/02/2026
545963/1971;Inativo;;11/01/2023;;;COMPANHIA DOREL BRASIL PRODUTOS INFANTIS;10659948000883;2135547024;Av. Nilo Peçanha;1516 ;Galpão 3 ;28030035;Pq dos Rodoviários;Campos dos Goytacaze;RJ;standard@dorel.com.br;Jin Sun Gee Plastics Co., Ltd;Andadores Infantis;Portaria Inmetro nº 129 de 19/03/2021;;IN1701622-4;;;S;Formosa (Taiwan);Voyage;BG1401. Nome comercial: Buggy. Versões: Azul, Rosa.;PP,PVC,Ferro,POM,PU,Pol, 42x58.5x65cm. Trav:Lib.2 ações cons,Mont:Manual, Aces. Brinq.;7898509475206|7898509475213;Incluido;11/01/2023
650444/1962;Ativo;;24/01/2025;;;PLANETA - IMPORTACAO E DISTRIBUICAO DE BRINQUEDOS LTDA;13434272000141;1138951572;AV VASCO MASSAFELI - GALPAO1 RUA A LADO IMPAR ANEXO;1000;MODULO1/21;06703600;JARDIM MARIA TEREZA;COTIA;SP;admin@planetadobebe.com.br;PLANETA - IMPORTACAO E DISTRIBUICAO DE BRINQUEDOS LTDA;Andadores Infantis;Portaria Inmetro nº 129 de 19/03/2021;;IN2476224;;;N;Brasil;REPLAY KIDS;ANDADOR QUICK/21680 / BELLA/21681 / PUPPY/21682 / ZOO/21683 / SPACE/21684 / RACING;M:POLIPROPILENO, ABS, AÇO,ELASTÔMERO TERMOPLÁSTICO E PVC/D:58X68X55CM/S.D/TRV:MANUAL (SEM FERRAMENTA)/ACS:N/A/CARACTERISTICAS DO MODELO:BANDEJA COM BRINQUEDO/ PLACA MUSICAL/PLACA ANTIDERRAPANTE;7899403216803|7899403216810|7899403216827|7899403216834|7899403216841;Incluido;24/01/2025
944448/1988;Ativo;;29/01/2025;;;MD COMERCIO DE FERRAGENS LTDA;55274701000100;92981285408;AVENIDA JOAQUIM NABUCO, ;1094;A;69020030;CENTRO;MANAUS;AM;monadowlani@gmail.com;Hebei Zhongtai Bicycle manufacturing Co,. Ltd;Andadores Infantis;Portaria Inmetro nº 129 de 19/03/2021;;IN2520425;;;S;China, República Popular;ULTRA BABY;ANDADOR INFANTIL MUSICAL PARA BEBÊ/REF.:UBW-1026/PINK/GREEN/BLUE;MAT:PU,PP,AÇO,POLIÉSTER,ABS/DIM:70X60X55CM/SIST.DE TRAV.:LIB.EM DUAS AÇÕ.CONS./SIS.DE MONT.E FER.:MAN.(S/FERR.)/ACESS.:BANDE.COM BRINQ./CARAC.DO MODE.:ANDAD.C/BRINQ;7890012365050|7890012366064|7890012367078;Incluido;29/01/2025
332599/1965;Ativo;;27/03/2026;;;HEMNANI COMERCIO DE VARIEDADES LTDA.;05469291000185;9232330121;Rua Marcílio Dias;304;;69005270;Centro;Manaus;AM;hemnanibr@yahoo.com;PINGHU XIAOTIANDI CHILDREN?S PRODUCTS FACTORY;Andadores Infantis;Portaria Inmetro nº 129 de 19/03/2021;;IN2911926;Modelo 5;;S;China, República Popular;SITA;ANDADOR AKH602 - AKH602 - AVIÃO - AVIAO;MAT:PP,FERRO E POLIE./DIM:70 X62.5 X 51 CM/SISTEMA DE TRAVAMENTO:LIBERAÇÃO EM DUAS AÇÕES CONSECUTIVAS/SISTEMA DE MONTAGEM E FERRAGEM:MAN.(S/FERRAM.)/ACESS:BAND.MUSI./CARAC.DO MOD.:AND.COM BAND.MUSI.;0618231660148;Incluido;27/03/2026
238452/2015;Cancelado;;28/02/2020;;14/07/2025;COMÉRCIO E IMPORTAÇÃO DENISE LTDA;29963642000178;2125843843;RUA DO MILHO;72;A;21011090;PENHA CIRCULAR;RIO DE JANEIRO;RJ;comerciomybaby@hotmail.com;PING HU BEST CHILDREN'S CARRIER CO.LTD;Andadores Infantis;Portaria Inmetro nº 42 de 19/01/2018;;OCAN-AND.329/20-1;;;S;China, República Popular;MY BABY;A-1;VERSÕES: ROSA, AZUL, AZUL COM VERDE, AZUL COM VERMELHO, ROSA COM LILÁS, ROSA COM ROSA ESCURO;;Incluido;28/02/2020
532467/1941;Inativo;;19/06/2023;;;VANMAX COMERCIO LTDA;84114198000124;9231337050;RUA CEL SERGIO PESSOA;91;;69005030;CENTRO;MANAUS;AM;GERENTEDEVENDAS@VANMAX.COM.BR;PINGHU SHI XIAOTIANDI CHILDREN´S PRODUCTS FACTORY;Andadores Infantis;Portaria Inmetro nº 129 de 19/03/2021;;IN1811123;;;S;China, República Popular;BRINKMAX;997A/ NOME COMERCIAL: ANDAJÁ/VERSÕES: AZUL - 582597/ROSA - 582596/VERMELHO - 582598/VERMELHO/BRANCO - 582599 - MAT.: FERRO,POLIPROPILENO E POLIÉSTER/DIM.:67X57X54CM;SIST.DE TRAVA.:LIBERAÇÃO EM DUAS AÇÕES CONSECUTIVAS/SIST.DE MONT.E FERR.MAN.(SEM FERRAMENTA)/ACESSÓRIOS: BRINQUEDO/CARACTERISTICAS DO MODELO: ANDADOR INFANTIL COM BRINQUEDO ACOPLADO;7890785825966|7890785825973|7890785825980|7890785825997;Incluido;19/06/2023
804194/1990;Inativo;;14/01/2021;;;GALZERANO INDUSTRIA DE CARRINHOS E BERCOS LTDA;43594977000197;1934043030;Via Prefeito Jurandyr Paixão;700;;13481149;Jd. Campo Belo;Limeira;SP;luisfernando.camargo@galzerano.com.br;HUNGSENG HARDWARE PLASTIC (DG) CORP., LTD;Andadores Infantis;Portaria Inmetro nº 42 de 19/01/2018;;CE-AND/IQB 000006 54018/20-001;;;S;China, República Popular;GALZERANO;Ref.: 4015-Andador 3 em 1 Fênix. Versões: 4015CR (Color);Mat Tec polié Espum Resin plást Itens fixação Dimens 103x103x72(cm) Sist travamento suporte plástico c/ encaixe Sist montagem/ferragem encaixes manuais Acessório: Bandeja de brinquedos não removíveis;7908200101936;Incluido;14/01/2021
826471/1967;Ativo;;07/08/2024;;;AMAZONAS IMPORTADOS LTDA;07269201000138;9691131654;Rua Independência;175;;68900090;Central;Macapa;AP;adriana.abreu@amazonasimportados.com.br;YIWU BALBIAN ELECTRONIC TECHNOLOGICAL CO., LTD;Andadores Infantis;Portaria Inmetro nº 129 de 19/03/2021;;IN2086424-3;;;S;China, República Popular;LÉ PETIT;MODE,BABY WALKER/REF:LP-9824/ CONT: ANDADOR COM BRINQUEDO ACOPLADO:/VERSÕES:AZUL,VERDE,ROSA.;MATL:PP E POLIÉSTER/DIM:66X54X52CM/SIST DE TRAV:LIBERAÇÃO EM DUAS AÇÕES CONSECUTIVAS/SIST DE MONT E FERR :MANUAL (SEM FERRAMENTA)/ACESSÓRIOS:N/A.CARACT DO MODELO:;7453116003640;Incluido;07/08/2024
120475/1994;Inativo;;11/01/2023;;;COMPANHIA DOREL BRASIL PRODUTOS INFANTIS;10659948000883;2135547024;Av. Nilo Peçanha;1516 ;Galpão 3 ;28030035;Pq dos Rodoviários;Campos dos Goytacaze;RJ;standard@dorel.com.br;Jin Sun Gee Plastics Co., Ltd;Andadores Infantis;Portaria Inmetro nº 129 de 19/03/2021;;IN1701622-4;;;S;Formosa (Taiwan);Voyage;BG1401. Nome comercial: Buggy. Versões: Azul, Rosa.;PP,PVC,Ferro,POM,PU,Pol, 42x58.5x65cm. Trav:Lib.2 ações cons,Mont:Manual, Aces. Brinq.;7898509475206|7898509475213;Incluido;11/01/2023
414479/2020;Ativo;;07/03/2024;;;COMPANHIA DOREL BRASIL PRODUTOS INFANTIS;10659948000107;2135547024;Av. Nilo Peçanha;1516;1582;28030035;Pq dos Rodoviários;Campos dos Goytacaze;RJ;standard@dorel.com.br;COMPANHIA DOREL BRASIL PRODUTOS INFANTIS;Andadores Infantis;Portaria Inmetro nº 129 de 19/03/2021;;IN2040823;Modelo 5;;N;Brasil;INFANTI/ COSCO;APPIA/ ZIGGY - HE022 - N/A - AZUL / ROSA / AZUL / ROSA;MAT:PP,PES,PTA,EG,POLIPROPILENO E POLIETILENO/DIM:56,5 X 68 X 60,5 CM/SIST D TRAVAMENTO:LIB EM DUAS AÇÕES CONSEC/SIST DE MNTGM E FERRG:MAN (SEM FER)/ACESS:BAND D BRINQ./CARACT D MODELO:ANDADOR C BRINQ;7908238809774|7908238809781|7908238815812|7908238815829;Incluido;10/04/2026
708494/1946;Ativo;;07/02/2022;;;TUTTI BABY INDUSTRIA E COMERCIO DE ARTIGOS INFANTIS LTDA;06981862000129;4733794000;Rod. Guilherme Jensen, SC413, km13;0;;89108000;Distrito Industrial;Massaranduba;SC;certificacao@tuttibaby.com.br;TUTTI BABY INDUSTRIA E COMERCIO DE ARTIGOS INFANTIS LTDA;Andadores Infantis;Portaria Inmetro nº 129 de 19/03/2021;;IN2869325;Modelo 5;;N;Brasil;Tutti Baby;Andador Safari Plus II (Azul / Rosa / Vermelho);ESTRUT. MET.AÇO.TUBULAR/48x60,5x70CM/SIST.DE TRAV. COM.DUAS.AÇÕES.CONSECUT.PARA.LIBER./PARAFUSOS.E. REBITES/BRINQUEDOS.E.ADESIVOS;7898431501615|7898431501622|7898431501639;Excluido;08/04/2022
278001/1928;Ativo;;09/12/2019;;;TAPUZIM COMERCIAL LTDA;00513418000100;1138569063;Av. Monte Celeste;230;250;02561000;Vila S. Maria;São Paulo;SP;ehs0770@hotmail.com;SHEN ZHEN WEI MEI CHILDCARE PRODUCT LIMITED COMPANY;Andadores Infantis;Portaria Inmetro nº 129 de 19/03/2021;;IN2062423;Modelo 5;;S;China, República Popular;baby style;ANDADOR ANIMAIS;ANIMAISVERSÕES: Andador cachorro vermelho - Ref. 33721 Andador cachorro azul - Ref. 33722 Andador abelha rosa - Ref. 33723 Andador abelha azul - Ref. 33724 . Material: Plástico, metal e tecido. Dimen;4079337218996|4079337228995|4079337238994|4079337248993;Excluido;21/12/2020
677123/1963;Inativo;;11/01/2023;;;COMPANHIA DOREL BRASIL PRODUTOS INFANTIS;10659948000883;2135547024;Av. Nilo Peçanha;1516 ;Galpão 3 ;28030035;Pq dos Rodoviários;Campos dos Goytacaze;RJ;standard@dorel.com.br;Jin Sun Gee Plastics Co., Ltd;Andadores Infantis;Portaria Inmetro nº 129 de 19/03/2021;;IN1722522;;;S;Formosa (Taiwan);Cosco;BG-1518. Nome comercial: Follow. Versões: Azul e Laranja.;Ferro, plástico, PP,PET, PU e poliéster. 60 x 49 x 68 cm.Trav:Lib.2 ações cons., Encaixe,aces: Brinquedos.;7908238808043|7908238808050;Incluido;11/01/2023
002498/1973;Ativo;;29/04/2024;;;TAPUZIM COMERCIAL LTDA;00513418000100;113856906;Av. Monte Celeste;230;250;02561000;Vila S. Maria;São Paulo;SP;sergio@babystylebrasil.com.br;SHEN ZHEN WEI MEI CHILDCARE PRODUCT LIMITED COMPANY;Andadores Infantis;Portaria Inmetro nº 129 de 19/03/2021;;IN2118124-2;;;S;China, República Popular;Baby Style;ANDADOR FOGUETE - FOGUETE CINZA E FOGUETE ROSA;MATERIAL:PP/DIM:62X53X78CM/SISTEMA DE TRAVAME:LIBERA EM 2 AÇÕES CONSECUTIVAS/MANUAL/ACESSÓRIOS:N/A/CARACT DO MODELO:ANDADOR C BRINQUEDO NA BANDEJA;4079337285219|4079337296543;Incluido;29/04/2024
710695/1958;Inativo;;14/01/2021;;;GALZERANO INDUSTRIA DE CARRINHOS E BERCOS LTDA;43594977000197;1934043030;Via Prefeito Jurandyr Paixão;700;;13481149;Jd. Campo Belo;Limeira;SP;luisfernando.camargo@galzerano.com.br;WEIMEI MEI CHILDCARE PRODUCT (HUIZHOU) LTD., CO;Andadores Infantis;Portaria Inmetro nº 42 de 19/01/2018;;CE-AND/IQB 000006 54025/20-001;;;S;China, República Popular;GALZERANO;Ref.: 4030-Andador 4 em 1 Funny. Versões: 4030CR (Color), 4030VDA (Verde Água);Mat Tec polié Espuma Resina plást Itens fixação Dimens 75x71x55(cm) Sist travament dobradiça plást c/ botão acionament Sist montagem/ferragem encaixe manual Acessórios manuais brinquedos removíveis;7898089221477|7898089221996;Incluido;14/01/2021
809847/1949;Ativo;;07/02/2022;;;TUTTI BABY INDUSTRIA E COMERCIO DE ARTIGOS INFANTIS LTDA;06981862000129;4733794000;Rod. Guilherme Jensen, SC413, km13;0;;89108000;Distrito Industrial;Massaranduba;SC;certificacao@tuttibaby.com.br;TUTTI BABY INDUSTRIA E COMERCIO DE ARTIGOS INFANTIS LTDA;Andadores Infantis;Portaria Inmetro nº 129 de 19/03/2021;;IN2869325;Modelo 5;;N;Brasil;Tutti Baby;Andador Safari II Azul/Rosa/Vermelho/Andador Princesa Rosa Coroa/Andador Acqua Explorador Cinza/Roxo;ESTRUT. MET.AÇO.TUBULAR/48x60,5x70CM/SIST.DE TRAV. COM.DUAS.AÇÕES.CONSECUT.PARA.LIBER./PARAFUSOS.E. REBITES/BRINQUEDOS.E.ADESIVOS;7898431501615|7898431501622|7898431501639|7898431501684|7898431501691|7898431501707;Excluido;12/01/2024
485712/1975;Ativo;;05/08/2021;;;GALZERANO INDUSTRIA DE CARRINHOS E BERCOS LTDA;43594977000197;19999947357;Via Prefeito Jurandyr Paixão;700;;13481149;Jd. Campo Belo;Limeira;SP;luisfernando.camargo@galzerano.com.br;GALZERANO INDUSTRIA DE CARRINHOS E BERCOS LTDA;Andadores Infantis;Portaria Inmetro nº 129 de 19/03/2021;;CE-AND/IQB 000006 54618/21-001;;;N;Brasil;GALZERANO;Ref.: 4050-Andador Torino. Versões: 4050RO (Rosa), 4050TER (Terracota), 4050EST (Estrela), 4050SPR (Spring) - Material: Tecido poliéster, TNT, Espuma, PP, PA6, Master, Tinta, Tubo de aço, Itens de fixação e aviamentos. Dimensões: CxLxA (cm) 71x62,5x51,5. Sistema de travamento: Trilho plástico com botão de destrave e regulagem de altura;Sistema de montagem/ferragem: Manual. Acessórios que venham com o produto: Bandeja de brinquedos não removível, Características do modelo: Tecidos, Peças plásticas, Tinta, Ferragens;7908200102247|7908200102254|7908200102520|7908200102537;Excluido;17/01/2024
123000/1965;Ativo;;30/09/2019;;;BURIGOTTO SA INDUSTRIA E COMERCIO;51460277000138;1934042000;Rua Martino Dragone;280;;13480308;Jardim Santa Barbara;Limeira;SP;carlos.riva@burigotto.com;JIN SUN GEE PLASTICS. CO., LTD.;Andadores Infantis;Portaria Inmetro nº 42 de 19/01/2018;;CE-AND/IQB 000004 53005/19-001;;;S;Formosa (Taiwan);Burigotto;Andador Baby Coupe (ref. com. IXAN3034PK10-Rosa, IXAN3034AZ19-Azul, IXAN3034CL-CL);Andador Infantil, Mat.: Polipropileno, Nylon, Aço, Tecido e Espuma, Dim: 760X650X640mm, Sist. Trav. Automático, Sistema Montagem/Ferragem Rebites, parafusos e Encaixe de peças plásticas, Acessorio: Ba;7896502916146|7896502916160|7896502935550;Incluido;30/09/2019
296502/1999;Inativo;;11/01/2023;;;COMPANHIA DOREL BRASIL PRODUTOS INFANTIS;10659948000883;2135547024;Av. Nilo Peçanha;1516 ;Galpão 3 ;28030035;Pq dos Rodoviários;Campos dos Goytacaze;RJ;standard@dorel.com.br;Jin Sun Gee Plastics Co., Ltd;Andadores Infantis;Portaria Inmetro nº 129 de 19/03/2021;;IN1701622-4;;;S;Formosa (Taiwan);Voyage;BG1401. Nome comercial: Buggy. Versões: Azul, Rosa.;PP,PVC,Ferro,POM,PU,Pol, 42x58.5x65cm. Trav:Lib.2 ações cons,Mont:Manual, Aces. Brinq.;7898509475206|7898509475213;Incluido;11/01/2023
800753/1943;Ativo;;17/06/2024;;;MEGA COMPRAS PRESENTES.COM LTDA;02561195000174;4191284769;RUA ELDORADO;511;511;09550720;PROSPERIDADE;SÃO CAETANO DO SUL;SP;contabilidade@grupogmac.com;HEBEI HAOKU CHILDREN TOYS CO., LTD;Andadores Infantis;Portaria Inmetro nº 129 de 19/03/2021;;IN2152424;;;S;China, República Popular;MEGA COMPRAS;ANDADOR PARA BEBÊS-PREMIUM-REF:MC923/MC923AZ/MC923RS/MC923CZ/MATERIAL:PP E POLIÉSTER/DIMENSÕES:65X 48X46 CM/ CONT: ANDADOR COM BRINQUEDO ACOPLADO;SISTEMA DE TRAVAMENTO:DOIS DISPOSITIVOS DE TRAVAMENTO INDEPENDENTES SENDO OPERADOS SIMULTÂNEAMENTE/SISTEMA DE MONTAGEM E FERRAGEM:MANUAL (SEM FERRAMENTA)/ACESSÓRIOS:BRINQUEDO/CARACTERISTICAS DO MODELO;7898692799028|7898692799578|7898692799585;Incluido;17/06/2024
864132/1927;Ativo;;07/02/2022;;;TUTTI BABY INDUSTRIA E COMERCIO DE ARTIGOS INFANTIS LTDA;06981862000129;4733794000;Rod. Guilherme Jensen, SC413, km13;0;;89108000;Distrito Industrial;Massaranduba;SC;certificacao@tuttibaby.com.br;TUTTI BABY INDUSTRIA E COMERCIO DE ARTIGOS INFANTIS LTDA;Andadores Infantis;Portaria Inmetro nº 129 de 19/03/2021;;IN2869325;Modelo 5;;N;Brasil;Tutti Baby;Andador: VERSÕES: Safari II (Azul/Rosa/Vermelho), Princesa Rosa Coroa, Acqua Explorador (Cinza/Roxo);ESTRUTURA METÁLICA , AÇO TUBULAR / 48 x 60,5 x 70CM / SISTEMA DE TRAVAMENTO COM DUAS AÇÕES CONSECUTIVAS PARA LIBERAÇÃO /SISTEMA DE MONTAGEM/FERRAGEM: PARAFUSOS E REBITES ACESSÓRIOS: BRINQUEDOS E ADESI;7898431501615|7898431501622|7898431501639|7898431501684|7898431501691|7898431501707;Excluido;15/03/2024
590506/2025;Ativo;;12/11/2024;;;CACANDO OFERTAS LTDA;23230465000134;11976586700;Rua José Ferreira Crespo;752;Sala 1;08021480;Jardim São Vicente;São Paulo;SP;diegofrancisco22@bol.com.br;STYLL ADMINISTRACAO, INVESTIMENTOS, LOCACOES & SERVICOS LIMITADA;Andadores Infantis;Portaria Inmetro nº 129 de 19/03/2021;;IN2382924;;;N;Brasil;ClickBaby's;Andador Happy baby - Versões AZUL-HAPPY BABY ROSA-HAPPY BABY LARANJA-HAPPY BABY;Mat.Aço Polipropileno.Dim:640x570x470cm.Sist.Trav. Liberação duas ações consecutivas.Sist de Mont e Ferrag:Manual sem ferramenta.Acess: Bandeja c/Brinquedo.Caract/modelo:Andador c/brinquedo na bandeja;7898975097001|7898975097018|7898975097025;Incluido;12/11/2024
884521/1951;Ativo;;03/04/2023;;;PLANETA - IMPORTACAO E DISTRIBUICAO DE BRINQUEDOS LTDA;13434272000141;1138951572;AV VASCO MASSAFELI;1000;G1A M1-21;06703600;JARDIM MARIA TEREZA;COTIA;SP;admin@planetadobebe.com.br;HEBEI WANXIN CHILDREN TOYS CO.,LTD.;Andadores Infantis;Portaria Inmetro nº 129 de 19/03/2021;;IN1765923;Modelo 5;;S;China, República Popular;MAXI BABY;NW-01 - ANDADOR LA BAMBA  / (...) COM BRINQUEDOS/CAR MOD:AND COM BRINQUEDO(BANDEJA MUSICAL);MAT:PP E PARTES EM ABS, AÇO DE ALTO CARB RODA ELASTÔMERO TERMOPLÁSTICO, PVC/DIM:580X680X550(LXCXH)/SIS TRA:LIBERAÇÃO EM DUAS AÇÕES CONSECUTIVAS SIS DE MON E FER:MANUAL(S/ FERRAMENTA)/ACE:BANDEJA (...);7899403215370|7899403215387;Excluido;28/02/2025
914965/1958;Ativo;;07/02/2022;;;TUTTI BABY INDUSTRIA E COMERCIO DE ARTIGOS INFANTIS LTDA;06981862000129;4733794000;Rod. Guilherme Jensen, SC413, km13;0;;89108000;Distrito Industrial;Massaranduba;SC;certificacao@tuttibaby.com.br;TUTTI BABY INDUSTRIA E COMERCIO DE ARTIGOS INFANTIS LTDA;Andadores Infantis;Portaria Inmetro nº 129 de 19/03/2021;;IN2869325;Modelo 5;;N;Brasil;TUTTI BABY;DESIGNAÇÃO COMERC SAFARI II (AZUL/ROSA/VERMELHO),PRINCESA ROSA COROA,ACQUA,EXPLORADOR (CINZA/ ROXO) CÓD D REF COMERC:ANDAD 40.002/40002003/40002004/40002007/40003004/40004002/40004003 CARACT DO MODELO:ANDADOR C BRINQUEDO;MAT:ESTRUTURA METALICA - AÇO TUBULAR/DIM:48X60,5X70CM/SIST DE TRAVA:LIBERAÇ EM 2AÇÕES CONSECUT/SIST DE MONTAGEM E FERRAGEM:PARAFUSOS E REBITES/ACESSÓ:BRINQUEDOS E ADESIVOS;7898431501615|7898431501622|7898431501639|7898431501684|7898431501691|7898431501707;Excluido;10/12/2025
178525/1978;Ativo;;06/03/2023;;;BURIGOTTO S A INDUSTRIA E COMERCIO;51460277000138;1934464813;Rua Martino Dragone;280;;13480308;Jardim Santa Barbara;Liemira;SP;alison.smanioto@burigotto.com;JIN SUN GEE PLASTICS CO., LTD;Andadores Infantis;Portaria Inmetro nº 129 de 19/03/2021;;CE-AND/IQB 000004 55573/23-001;Modelo 5;;S;Formosa (Taiwan);BURIGOTTO;ANDADOR OLÉ CL - REF. IXAN5143CL;PP, AÇO, TECIDO / 590 X 690 X 550 MM / TRILHO PLÁSTICO COM BOTÃO DE TRAVA/DESTRAVA E REGULAGEM DE ALTURA / REBITES, PARAFUSOS E ENCAIXE DE PEÇAS PLÁSTICAS / BANDEJA COM 2 BRINQUEDOS DE PP E NYLON;7896502944248;Incluido;29/04/2026
220264/2003;Inativo;;11/01/2023;;;COMPANHIA DOREL BRASIL PRODUTOS INFANTIS;10659948000883;2135547024;Av. Nilo Peçanha;1516 ;Galpão 3 ;28030035;Pq dos Rodoviários;Campos dos Goytacaze;RJ;standard@dorel.com.br;Jin Sun Gee Plastics Co., Ltd;Andadores Infantis;Portaria Inmetro nº 129 de 19/03/2021;;IN1701622-4;;;S;Formosa (Taiwan);Voyage;BG1401. Nome comercial: Buggy. Versões: Azul, Rosa.;PP,PVC,Ferro,POM,PU,Pol, 42x58.5x65cm. Trav:Lib.2 ações cons,Mont:Manual, Aces. Brinq.;7898509475206|7898509475213;Incluido;11/01/2023
991840/1972;Ativo;;06/03/2023;;;BURIGOTTO S A INDUSTRIA E COMERCIO;51460277000138;1934464813;Rua Martino Dragone;280;;13480308;Jardim Santa Barbara;Liemira;SP;alison.smanioto@burigotto.com;JIN SUN GEE PLASTICS CO., LTD;Andadores Infantis;Portaria Inmetro nº 129 de 19/03/2021;;CE-AND/IQB 000004 55573/23-001;Modelo 5;;S;Formosa (Taiwan);BURIGOTTO;ANDADOR OLÉ CL (REF.COM.  IXAN5143CL);PP, AÇO, TECIDO / 590 X 690 X 550 MM / TRILHO PLÁSTICO COM BOTÃO DE TRAVA/DESTRAVA E REGULAGEM DE ALTURA / REBITES, PARAFUSOS E ENCAIXE DE PEÇAS PLÁSTICAS / BANDEJA COM 2 BRINQUEDOS DE PP E NYLON;7896502944248;Excluido;29/04/2026
472529/2004;Ativo;;07/02/2022;;;TUTTI BABY INDUSTRIA E COMERCIO DE ARTIGOS INFANTIS LTDA;06981862000129;4733794000;Rod. Guilherme Jensen, SC413, km13;0;;89108000;Distrito Industrial;Massaranduba;SC;certificacao@tuttibaby.com.br;TUTTI BABY INDUSTRIA E COMERCIO DE ARTIGOS INFANTIS LTDA;Andadores Infantis;Portaria Inmetro nº 129 de 19/03/2021;;IN2869325;Modelo 5;;N;Brasil;Tutti Baby;Andador: VERSÕES: Safari II (Azul/Rosa/Vermelho), Princesa Rosa Coroa, Acqua Explorador (Cinza/Roxo);ESTRUTURA METÁLICA , AÇO TUBULAR / 48 x 60,5 x 70CM / SISTEMA DE TRAVAMENTO COM DUAS AÇÕES CONSECUTIVAS PARA LIBERAÇÃO /SISTEMA DE MONTAGEM/FERRAGEM: PARAFUSOS E REBITES ACESSÓRIOS: BRINQUEDOS E ADESI;7898431501615|7898431501622|7898431501639|7898431501684|7898431501691|7898431501707;Excluido;15/03/2024
766544/1930;Inativo;;11/11/2022;;;COMPANHIA DOREL BRASIL PRODUTOS INFANTIS;10659948000883;2135547024;Av. Nilo Peçanha;1516 ;Galpão 3 ;28030035;Pq dos Rodoviários;Campos dos Goytacaze;RJ;standard@dorel.com.br;Jin Sun Gee Plastics Co., Ltd;Andadores Infantis;Portaria Inmetro nº 129 de 19/03/2021;;IN1701622-2;;;S;Formosa (Taiwan);Voyage;BG-1518. Nome comercial: Baby Step. Versões: Rosa e Azul.;Ferro,PP e poliéster. 60x49x68cm.Trav:Lib.2 ações consec.,Mont:Encaixe. Aces:Brinquedos;7908238801280|7908238801297;Incluido;11/11/2022
060548/1957;Inativo;;02/04/2020;;;Galzerano Indústria de Carrinhos e Berços Ltda;43594977000197;1934043030;Via Prefeito Jurandyr Paixão;700;;13481149;Jd. Campo Belo;Limeira;SP;luisfernando.camargo@galzerano.com.br;FOSHAN SHUNDE QIJUN TOYS CO., LTD;Andadores Infantis;Portaria Inmetro nº 42 de 19/01/2018;;CE-AND/IQB 000006 53487/19-001;;;S;China, República Popular;GALZERANO;Ref.: 4090 - Liam. Versões: 4090CZ (Cinza), 4090PT (Preto);Mat: Tec poli Espum Resin plást Tinta Ferragens. Dim: 70x65x54(cm). Sist Trav: Trilho plást c/ botão destrav e reg de altura. Sist mont/ferragem: Manual. Acess: Bandej brinq não removív e retrovisores;7908200101431|7908200101448;Incluido;02/04/2020
845296/1997;Ativo;;05/08/2021;;;GALZERANO INDUSTRIA DE CARRINHOS E BERCOS LTDA;43594977000197;19999947357;Via Prefeito Jurandyr Paixão;700;;13481149;Jd. Campo Belo;Limeira;SP;luisfernando.camargo@galzerano.com.br;GALZERANO INDUSTRIA DE CARRINHOS E BERCOS LTDA;Andadores Infantis;Portaria Inmetro nº 129 de 19/03/2021;;CE-AND/IQB 000006 54618/21-001;;;N;Brasil;GALZERANO;Ref.: 4050-Andador Torino. Versões: 4050PTR (Preto Rosa), 4050PTT (Preto Terracota);Mat Tec poliest Espum PP PA6 Master Tint Tub aço Itens fix/aviam CxLxA(cm) 71x62,5x51,5 Trav Trilh plást c/ botão destrav e reg alt Acess Band brinq não remove retrov Caract Tec Pçs plást Tint Ferrage;7908200102193|7908200102209;Excluido;01/09/2021
354552/1983;Ativo;;01/08/2023;;;COMPANHIA DOREL BRASIL PRODUTOS INFANTIS;10659948000883;2135547024;Av. DR  Nilo Peçanha;1516;Galpão 3 ;28030035;Pq dos Rodoviários;Campos dos Goytacaze;RJ;standard@dorel.com.br;ZHONG SHAN SUN LUEN CHONG COMMODITY COMPANY LIMITED;Andadores Infantis;Portaria Inmetro nº 129 de 19/03/2021;;CE-AND/IQB 000011 55435/22-001;Modelo 5;;S;China, República Popular;TINY LOVE;4-in-1 Here I Grow Mobile Activity Center. Ref. 1806501211. ABS, Alumínio, Aço, Poliéster, PP. 70x57x44cm.Sist. de mont.:Manual (s/ ferragem).;Sist. de Trav.:2 disp. de travamento independentes, devem ser operados simultaneamente. Aces.: Brinq. acoplado.;7290108862973;Incluido;01/08/2023
066838/1934;Inativo;;14/08/2019;;;Companhia Dorel Brasil Produtos Infantis;10659948000107;2135633602;Av. Nilo Peçanha;1516 /1582;Térreo;28030035;Pq dos Rodoviários;Campos dos Goytacaze;RJ;mariana.magalhaes@dorel.com.br;JIN SUN GEE PLASTIC CO.,LTD;Andadores Infantis;Portaria Inmetro nº 42 de 19/01/2018;;OCAN-AND.145/19-4;;;S;Formosa (Taiwan);Voyage;BG1401;Nome Fantasia: Buggy. Cores: Rosa e Azul. Material: Ferro, plástico, PP e PU. 42 x 58.5 x 65 cm. Sistema de Travamento e Montagem: Manual. Acessórios: Bandeja;7898509475206|7898509475213;Incluido;14/08/2019
648556/2009;Ativo;;07/03/2024;;;COMPANHIA DOREL BRASIL PRODUTOS INFANTIS;10659948000107;2135547024;Av. Nilo Peçanha;1516;1582;28030035;Pq dos Rodoviários;Campos dos Goytacaze;RJ;standard@dorel.com.br;COMPANHIA DOREL BRASIL PRODUTOS INFANTIS;Andadores Infantis;Portaria Inmetro nº 129 de 19/03/2021;;IN2040823;Modelo 5;;N;Brasil;Infanti;APPIA - HE022 - AZUL/ROSA - MAT.:PP, POLIÉSTER,PTA, EG, POLIPROPILENO E POLIETILENO.DIMENSÕES:56,5X68X60,5CM/;SIST. DE TRAVAMENTO: LIBERAÇÃO EM 2 AÇÕES CONSECUTIVAS/SIST. DE MONTAGEM E FERRAGEM: MANUAL (S/ FERRAMENTAS)/ACES.: BANDEJA DE BRINQUEDOS/ANDADOR COM BRINQUEDO;7908238809774|7908238809781;Excluido;10/04/2026
942571/1935;Ativo;;29/01/2025;;;HCM INDUSTRIA E IMPORTACAO LTDA;12538691000160;3798753533;RUA SERGIPE ;1963;;35591096;SANTA ALEXANDRINA;LAGOA DA PRATA;MG;compras@hcmmalta.com.br;HCM INDUSTRIA E IMPORTACAO LTDA;Andadores Infantis;Portaria Inmetro nº 129 de 19/03/2021;;IN2431224-1;;;N;Brasil;JUMBO BABY;ANDADOR MUSICAL SUPERLUXO JUMBO BABY/Acessórios:Assento,Empurrador,Painel Musical/Caracteristicas do modelo:Andador com brinquedo na bandeja/Versões:AZUL,ROSA,VERMELHO,LARANJA;Mat:POLIPROPILENO (PP)/ACO CARBONO(FERRAGENS)/TECIDO(POLIÉSTER)/Dim:69,5X58,5X14,5/Sist de Trav:Liberação em duas ações consecutivas/Sist de Mont e Fer:Manual(sem ferramenta);7898947715025|7898947715032|7898947715049|7898947715056;Incluido;29/01/2025
236575/1962;Ativo;;01/12/2021;;;FAST TRADING IMPORTACAO, EXPORTACAO E COMERCIO DE BEBIDAS EIRELI;34076058000130;8130191960;AV. GOVERNADOR AGAMENON MAGALHÃES,  EDF. EMPRESSARIAL RENATO DIAS - ANDAR 15º, SALA 1502 ;4318;SALA 1502;52010075;PAISSANDU; RECIFE;PE;ricardo.ferreira@fasttradingimport.com.br;China Zhejiang Techincal Co. Ltd;Andadores Infantis;Portaria Inmetro nº 42 de 19/01/2018;;OCAN-AND.514/21-1;;;S;China, República Popular;Fast;602;Material:	PP, Ferro e Poliester/ Dimensões:	63 x 57 x 53 cm/ Sistema de Travamento: Travamento automático com liberação em duas ações consecutivas/ Sistema de Montagem e Ferragem: Manual	/Acessórios: ;;Incluido;01/12/2021
819254/2014;Ativo;;07/08/2024;;;AMAZONAS IMPORTADOS LTDA;07269201000138;9691131654;Rua Independência;175;;68900090;Central;Macapa;AP;adriana.abreu@amazonasimportados.com.br;YIWU BALBIAN ELECTRONIC TECHNOLOGICAL CO., LTD;Andadores Infantis;Portaria Inmetro nº 129 de 19/03/2021;;IN2086424-2;;;S;China, República Popular;LÉ PETIT;MODE:BABY WALKER/REF:LP-9618/ CONT: ANDADOR COM BRINQUEDO ACOPLADO/VERSÕES:AZUL,VERDE,ROSA,VERMELHO.;MAT:PP E POLIÉSTER/DIM:65X54X49CM/SIST DE TRAV:LIBERAÇÃO EM DUAS AÇÕES CONSECUTIVAS/SIST DE MONT E FERR:MANUAL (SEM FERRAMENTA)ACE:N/A.CARACTERISTICAS DO MODELO:;7453068240131;Incluido;07/08/2024
686217/1969;Ativo;;30/08/2021;;;TA TE TI INDUSTRIA E COMERCIO DE BRINQUEDOS EDUCATIVOS LTDA;30261120000103;4732422225;RUA TIRADENTES;230;;89107000;CENTRO;POMERODE;SC;qualidade3@grupocalesita.com.br;TA TE TI INDUSTRIA E COMERCIO DE BRINQUEDOS EDUCATIVOS LTDA;Andadores Infantis;Portaria Inmetro nº 129 de 19/03/2021;;CE-AND/IQB 000010 55962/23-001;Modelo 5;;N;Brasil;Tateti;Ref.914 - Move Baby;PP, METAL, TECIDO POLIESTER. DIMENSAO: 70,20X59,83X49,12CM. SIST. TRAVAMENTO:FREIO DIANTEIRO E TRASEIRO. SIST DE MONTAGEM: MANUAL/PARAFUSOS PP. ACESSORIOS:BANDEJA DE BRINQUEDOS;7898664632230;Incluido;02/03/2026
772186/1989;Ativo;;12/04/2021;;;TUTTI BABY INDUSTRIA E COMERCIO DE ARTIGOS INFANT;06981862000129;4733794000;Rod. Guilherme Jensen;0;Galpão 01;89108000;Distrito Industrial;Massaranduba;SC;qualidade@tuttibaby.com.br;TUTTI BABY INDUSTRIA E COMERCIO DE ARTIGOS INFANT;Andadores Infantis;Portaria Inmetro nº 129 de 19/03/2021;;CE-AND/IQB 000005 54149/20-001;Modelo 5;;N;Brasil;Tutti Baby;Andador 40.001;ESTRUT.MET. DE AÇO TUB.PLÁST. DE ENG.ALGODÃO.48CM X60,5CMX70CM,COM DUAS AÇÕESCONSEC PARA LIB.REB.E PARAF.BRINQ. E ADES.BASE SUP.BASE INF.FREIO ANTI-QUEDA E CONJ.DE RODAS,PNEU DA RODA TRAS. E TRAVA ANT;7898431501219|7898431501226|7898431501233;Incluido;12/04/2021
220264/2003;Ativo;;07/03/2024;;;COMPANHIA DOREL BRASIL PRODUTOS INFANTIS;10659948000107;2135547024;Av. Nilo Peçanha;1516;1582;28030035;Pq dos Rodoviários;Campos dos Goytacaze;RJ;standard@dorel.com.br;COMPANHIA DOREL BRASIL PRODUTOS INFANTIS;Andadores Infantis;Portaria Inmetro nº 129 de 19/03/2021;;IN2040823;Modelo 5;;N;Brasil;Infanti;APPIA - HE022 - AZUL/ROSA - MAT.:PP, POLIÉSTER,PTA, EG, POLIPROPILENO E POLIETILENO.DIMENSÕES:56,5X68X60,5CM/;SIST. DE TRAVAMENTO: LIBERAÇÃO EM 2 AÇÕES CONSECUTIVAS/SIST. DE MONTAGEM E FERRAGEM: MANUAL (S/ FERRAMENTAS)/ACES.: BANDEJA DE BRINQUEDOS/ANDADOR COM BRINQUEDO;7908238809774|7908238809781;Excluido;10/04/2026
101963/2023;Ativo;;13/04/2026;;;VG SHOP COMERCIO ON LINE LTDA;16857384000365;1149690505;RUA PROJETADA SN KM 15 NUCLEO AGUA COMPRIDA;0;KM 15;37600000;AGUA COMPRIDA;CAMBUI;MG;gilson@vgshop.com.br;YONGXING SPORTS LIMITED;Andadores Infantis;Portaria Inmetro nº 129 de 19/03/2021;;IN2982826;Modelo 5;;S;China, República Popular;MULTMAXX;Desig. Com. andador infantil com empurrador Cod. Ref. MTX150 / MTX151 Quant. (aplic. para mod. 1b) n/a Mat: poliéster, abs, pp e borracha Dim. 76x65x65cm Sis. Trav. dois dispositivos independentes sendo operador simultaneamente;Sis. de Mont. e Ferragem: manual (com ferramenta) acess: N/A Car.do mod: andador ccom empurrador e brinquedo musical Vers. MTX150 cinza MTX151 rosa;7898758400394|7898758400400;Incluido;13/04/2026
530579/1988;Inativo;;07/10/2019;;;Galzerano Indústria de Carrinhos e Berços Ltda;43594977000197;1934043030;Via Prefeito Jurandyr Paixão;700;;13481149;Jd. Campo Belo;Limeira;SP;luisfernando.camargo@galzerano.com.br;GUANGDONG ZHIHUI CHILDREN?S PRODUCTS CO.,LTD;Andadores Infantis;Portaria Inmetro nº 42 de 19/01/2018;;CE-AND/IQB 000006 53503/20-001;;;S;China, República Popular;GALZERANO;Andador de bebê Magic - Versão: Cinza (CZ), Preto (PT);Mat Tec poli Espum Resin plást Tint Ferrag 70Cx65Lx54A cm Travam trilho plást com botão de destrav e regul alt Mont/frenag manual Andador com pçs girat e cores diversas Acess Bandej Brinq não removív.;7898089221590|7898089222283;Incluido;07/10/2019
824583/2014;Ativo;;30/08/2021;;;TA TE TI INDUSTRIA E COMERCIO DE BRINQUEDOS EDUCATIVOS LTDA;30261120000103;4732422225;RUA TIRADENTES;230;;89107000;CENTRO;POMERODE;SC;qualidade3@grupocalesita.com.br;TA TE TI INDUSTRIA E COMERCIO DE BRINQUEDOS EDUCATIVOS LTDA;Andadores Infantis;Portaria Inmetro nº 129 de 19/03/2021;;CE-AND/IQB 000010 55962/23-001;Modelo 5;;N;Brasil;Tateti;Ref.915 - Move Baby Rosa;PP, METAL, TECIDO POLIESTER. DIMENSAO: 70,20X59,83X49,12CM. SIST. TRAVAMENTO:FREIO DIANTEIRO E TRASEIRO. SIST DE MONTAGEM: MANUAL/PARAFUSOS PP. ACESSORIOS:BANDEJA DE BRINQUEDOS;7898664632247;Incluido;02/03/2026
118598/1941;Ativo;;04/08/2025;;;BAMBINO COMERCIAL LTDA;06006481000129;81987347022;R. 23;175;;53090190;RIO DOCE;OLINDA;PE;bambino.souza@terra.com.br;PINGHU XIAOTIANDI CHILDREN?S PRODUCTS FACTORY;Andadores Infantis;Portaria Inmetro nº 129 de 19/03/2021;;IN2750125;Modelo 5;;S;China, República Popular;BAMBINO;ANDADOR - BA01 - ROSA/AZUL;MAT:PP,FERRO E POLIÉSTER/DIM:70X62.5X51CM/SIS_TRAV:LIBERAÇÃO EM DUAS AÇÕES CONSECUTIVAS/SIS_MONT E FERRG:MANUAL(S/FERRAM.)/ACESS.:BRINQ.CEN.DE ATIVI./CARACT.DO MODELO:ANDADOR COM BANDEJA MUSICAL;7898576907150|7898576907167;Incluido;04/08/2025
634133/2003;Inativo;;09/02/2022;;;COMPANHIA DOREL BRASIL PRODUTOS INFANTIS;10659948000107;02135547024;Av. Nilo Peçanha;1516 /1582;Térreo;28030035;Pq dos Rodoviários;Campos dos Goytacaze;RJ;mariana.magalhaes@dorel.com.br;Dong Guan Hua Song Plastic Products Co.Ltd;Andadores Infantis;Portaria Inmetro nº 42 de 19/01/2018;;IN1512522;;;S;China, República Popular;Safety 1st;11389.  Melody Garden;Pol.,PP,Aço. 65x55x66cm. Aut.c/lib.em 2 ações consec.,Manual. Acessórios: Brinquedo(centro de atividades);9312541727119;Incluido;09/02/2022
515832/2023;Ativo;;04/08/2025;;;BAMBINO COMERCIAL LTDA;06006481000129;81987347022;R. 23;175;;53090190;RIO DOCE;OLINDA;PE;bambino.souza@terra.com.br;PINGHU XIAOTIANDI CHILDREN?S PRODUCTS FACTORY;Andadores Infantis;Portaria Inmetro nº 129 de 19/03/2021;;IN2750125;Modelo 5;;S;China, República Popular;BAMBINO;ANDADOR - BA01 - ROSA/AZUL;MAT:PP,FERRO E POLIÉSTER/DIM:70X62.5X51CM/SIS_TRAV:LIBERAÇÃO EM DUAS AÇÕES CONSECUTIVAS/SIS_MONT E FERRG:MANUAL(S/FERRAM.)/ACESS.:BRINQ.CEN.DE ATIVI./CARACT.DO MODELO:ANDADOR COM BANDEJA MUSICAL;7898576907150|7898576907167;Incluido;04/08/2025
073731/1928;Ativo;;15/11/2024;;;HCM INDUSTRIA E IMPORTACAO LTDA;12538691000160;37998767200;RUA SERGIPE ;1963;;35591096;SANTA ALEXANDRINA;LAGOA DA PRATA;MG;compras.hcmmalta@gmail.com;HCM INDUSTRIA E IMPORTACAO LTDA;Andadores Infantis;Portaria Inmetro nº 129 de 19/03/2021;;IN2431224-2;;;N;Brasil;JUMBO BABY;ANDADOR MUSICAL MEGALUXO JUMBO BABY/AZUL/ROSA/VERMELHO/LARANJA, CARAC.D/MODEL:ANDADOR COM BRINQUEDO NA BANDEJA;MAT.:POLIPROPILENO(PP)/ACO CARBONO(FERRAGENS)/TECIDO(POLIÉSTER)/DIM:69,5X58,5X14,5/SIS.D/TRAV.:LIB.EM 2AS.CON./SIS.D/MONT.E FERR.:MAN.(S/FERR.)/ACESS.:ASSE/FORR.P/OS PÉS/EMP./PAI.MUS;7898947715063|7898947715070|7898947715087|7898947715094;Incluido;15/11/2024
879192/1951;Ativo;;17/06/2024;;;MEGA COMPRAS PRESENTES.COM LTDA;02561195000174;4191284769;RUA ELDORADO;511;511;09550720;PROSPERIDADE;SÃO CAETANO DO SUL;SP;contabilidade@grupogmac.com;HEBEI HAOKU CHILDREN TOYS CO., LTD;Andadores Infantis;Portaria Inmetro nº 129 de 19/03/2021;;IN2152424;;;S;China, República Popular;MEGA COMPRAS;ANDADOR PARA BEBÊS-PREMIUM-REF:MC923/MC923AZ/MC923RS/MC923CZ/MATERIAL:PP E POLIÉSTER/DIMENSÕES:65X 48X46 CM/ CONT: ANDADOR COM BRINQUEDO ACOPLADO;SISTEMA DE TRAVAMENTO:DOIS DISPOSITIVOS DE TRAVAMENTO INDEPENDENTES SENDO OPERADOS SIMULTÂNEAMENTE/SISTEMA DE MONTAGEM E FERRAGEM:MANUAL (SEM FERRAMENTA)/ACESSÓRIOS:BRINQUEDO/CARACTERISTICAS DO MODELO;7898692799028|7898692799578|7898692799585;Incluido;17/06/2024
959832/1971;Ativo;;31/08/2026;;;TUTTI BABY INDUSTRIA E COMERCIO DE ARTIGOS INFANTIS LTDA;06981862000129;4733794000;Rod. Guilherme Jensen, SC413, km13;0;Galpão 01;89108000;Distrito Industrial;Massaranduba;SC;heloiza.souza@tuttibaby.com.br;TUTTI BABY INDUSTRIA E COMERCIO DE ARTIGOS INFANTIS LTDA;Andadores Infantis;Portaria Inmetro nº 129 de 19/03/2021;;CE-AND/IQB 000013 57036/26-002;Modelo 5;;N;Brasil;TUTTI BABY;ANDADOR COMFORT - 40005004,40005003,40005011,40005028,40005007,40005010,40005006,40005029;ESTRU.METALICA:ACO TUBULAR,BRINQ:PLAST.DE ENG.,REVEST. TEXTIL: ALGODAO/48X60,5X70 CM/DOIS DISP. DE TRAV. INDEP. SENDO OP. SIMULT./PARAFUSOS E MONT. DE PÇS PLAST./BRINQ. CERT. E ADESIVO-57036/26;7898431502063|7898431502070|7898431502087|7898431502094|7898431502100|7898431502117|7898431502124|7898431502131;Incluido;31/08/2026
412602/1967;Ativo;;07/03/2024;;;COMPANHIA DOREL BRASIL PRODUTOS INFANTIS;10659948000107;2135547024;Av. Nilo Peçanha;1516;1582;28030035;Pq dos Rodoviários;Campos dos Goytacaze;RJ;standard@dorel.com.br;COMPANHIA DOREL BRASIL PRODUTOS INFANTIS;Andadores Infantis;Portaria Inmetro nº 129 de 19/03/2021;;IN2040823;Modelo 5;;N;Brasil;Infanti;APPIA - HE022 - AZUL/ROSA - MAT.:PP, POLIÉSTER,PTA, EG, POLIPROPILENO E POLIETILENO.DIMENSÕES:56,5X68X60,5CM/;SIST. DE TRAVAMENTO: LIBERAÇÃO EM 2 AÇÕES CONSECUTIVAS/SIST. DE MONTAGEM E FERRAGEM: MANUAL (S/ FERRAMENTAS)/ACES.: BANDEJA DE BRINQUEDOS/ANDADOR COM BRINQUEDO;7908238809774|7908238809781;Excluido;10/04/2026
523373/1935;Inativo;;11/11/2022;;;COMPANHIA DOREL BRASIL PRODUTOS INFANTIS;10659948000883;2135547024;Av. Nilo Peçanha;1516 ;Galpão 3 ;28030035;Pq dos Rodoviários;Campos dos Goytacaze;RJ;standard@dorel.com.br;Jin Sun Gee Plastics Co., Ltd;Andadores Infantis;Portaria Inmetro nº 129 de 19/03/2021;;IN1701622-2;;;S;Formosa (Taiwan);Voyage;BG-1518. Nome comercial: Baby Step. Versões: Rosa e Azul.;Ferro,PP e poliéster. 60x49x68cm.Trav:Lib.2 ações consec.,Mont:Encaixe. Aces:Brinquedos;7908238801280|7908238801297;Incluido;11/11/2022
706606/1993;Ativo;;30/08/2021;;;TA TE TI INDUSTRIA E COMERCIO DE BRINQUEDOS EDUCATIVOS LTDA;30261120000103;4732422225;RUA TIRADENTES;230;;89107000;CENTRO;POMERODE;SC;qualidade3@grupocalesita.com.br;TA TE TI INDUSTRIA E COMERCIO DE BRINQUEDOS EDUCATIVOS LTDA;Andadores Infantis;Portaria Inmetro nº 129 de 19/03/2021;;CE-AND/IQB 000010 55962/23-001;Modelo 5;;N;Brasil;Tateti;Ref.914 - Move Baby;PP, METAL, TECIDO POLIESTER. DIMENSAO: 70,20X59,83X49,12CM. SIST. TRAVAMENTO:FREIO DIANTEIRO E TRASEIRO. SIST DE MONTAGEM: MANUAL/PARAFUSOS PP. ACESSORIOS:BANDEJA DE BRINQUEDOS;7898664632230;Incluido;02/03/2026
411038/1973;Inativo;;14/08/2019;;;Companhia Dorel Brasil Produtos Infantis;10659948000107;2135633602;Av. Nilo Peçanha;1516 /1582;Térreo;28030035;Pq dos Rodoviários;Campos dos Goytacaze;RJ;mariana.magalhaes@dorel.com.br;JIN SUN GEE PLASTIC CO.,LTD;Andadores Infantis;Portaria Inmetro nº 42 de 19/01/2018;;OCAN-AND.145/19-1;;;S;Formosa (Taiwan);Voyage;BG-1518;Nome Fantasia: Baby Step. Cores: Rosa e Azul. Material: Ferro, Plástico e Polipropileno. 60x49x68cm. Sistema Travamento e Montagem:Manual. Acessórios: Bandeja.;7908238801280|7908238801297;Incluido;14/08/2019
000610/2020;Inativo;;11/01/2023;;;COMPANHIA DOREL BRASIL PRODUTOS INFANTIS;10659948000883;2135547024;Av. Nilo Peçanha;1516 ;Galpão 3 ;28030035;Pq dos Rodoviários;Campos dos Goytacaze;RJ;standard@dorel.com.br;Jin Sun Gee Plastics Co., Ltd;Andadores Infantis;Portaria Inmetro nº 129 de 19/03/2021;;IN1722522;;;S;Formosa (Taiwan);Cosco;BG-1518. Nome comercial: Follow. Versões: Azul e Laranja.;Ferro, plástico, PP,PET, PU e poliéster. 60 x 49 x 68 cm.Trav:Lib.2 ações cons., Encaixe,aces: Brinquedos.;7908238808043|7908238808050;Incluido;11/01/2023
294625/1946;Ativo;;01/07/2026;;;APS IMPORTACAO EXPORTACAO DISTRIBUICAO LTDA;44540981000135;11974642778;EST GERAL DE MEDEIROS;20;SALA 05;88390000;MEDEIROS;BARRA VELHA;SC;orquestra@yescert.com.br;Tengzhou Lebeir Baby Carriage Co., Ltd.;Andadores Infantis;Portaria Inmetro nº 129 de 19/03/2021;;IN3076626;Modelo 5;;S;China, República Popular;TOYS&TOYS;MOD:ANDADOR MUSICAL PARA BEBES/INFANTIL/CÓD DE REFERÊNCIA COMERCIAL: ANDADOR MUSICAL V:CINZA - 310552,MARROM - 310569,AZUL - 310576,ROSA 310583;Mat:PP/Dim:799x660x715mm/Sist de Travam: Dois dispositivos de travam independentes sendo operados simult/Sist de Mont e Ferr:Manual (sem ferram)/Acess:N/A/Caract do modelo:ANDADOR COM BRINQ.MUSICAL AC;7908888310552|7908888310569|7908888310576|7908888310583;Incluido;01/07/2026
588629/1972;Ativo;;06/03/2023;;;BURIGOTTO S A INDUSTRIA E COMERCIO;51460277000138;1934464813;Rua Martino Dragone;280;;13480308;Jardim Santa Barbara;Liemira;SP;alison.smanioto@burigotto.com;JIN SUN GEE PLASTICS CO., LTD;Andadores Infantis;Portaria Inmetro nº 129 de 19/03/2021;;CE-AND/IQB 000004 55573/23-001;Modelo 5;;S;Formosa (Taiwan);BURIGOTTO;ANDADOR OLÉ CL (REF.COM.  IXAN5143CL);PP, AÇO, TECIDO / 590 X 690 X 550 MM / TRILHO PLÁSTICO COM BOTÃO DE TRAVA/DESTRAVA E REGULAGEM DE ALTURA / REBITES, PARAFUSOS E ENCAIXE DE PEÇAS PLÁSTICAS / BANDEJA COM 2 BRINQUEDOS DE PP E NYLON;7896502944248;Excluido;29/04/2026
882633/1998;Ativo;;07/02/2022;;;TUTTI BABY INDUSTRIA E COMERCIO DE ARTIGOS INFANTIS LTDA;06981862000129;4733794000;Rod. Guilherme Jensen, SC413, km13;0;;89108000;Distrito Industrial;Massaranduba;SC;certificacao@tuttibaby.com.br;TUTTI BABY INDUSTRIA E COMERCIO DE ARTIGOS INFANTIS LTDA;Andadores Infantis;Portaria Inmetro nº 129 de 19/03/2021;;IN2869325;Modelo 5;;N;Brasil;TUTTI BABY;ANDADOR SAFARI II-ANDADOR 40.002-40002003/40002004/40002007/40003004/40004002/40004003;MAT:PP/ALGODAO/DIM:51X61X70CM/SIS_TRAV:DOIS DISPOS DE TRAV IND. OPER. SIMULTÂNEAMENTE/SIS_MONT/FERRG:REBITES,PARAF,ENCAIXE DE PÇS PLAST/ACESS:BAND. C/ BRINQ/CARAC. DO MOD.:ANDADOR C/ BRINQ NA BAND;7898431501615|7898431501622|7898431501639|7898431501684|7898431501691|7898431501707;Incluido;27/02/2026
631932/1991;Ativo;;05/08/2021;;;GALZERANO INDUSTRIA DE CARRINHOS E BERCOS LTDA;43594977000197;19999947357;Via Prefeito Jurandyr Paixão;700;;13481149;Jd. Campo Belo;Limeira;SP;luisfernando.camargo@galzerano.com.br;GALZERANO INDUSTRIA DE CARRINHOS E BERCOS LTDA;Andadores Infantis;Portaria Inmetro nº 129 de 19/03/2021;;CE-AND/IQB 000006 54618/21-001;;;N;Brasil;GALZERANO;Ref.: 4050-Andador Torino. Versões: 4050EST (Estrela), 4050SPR (Spring);Tecido Pes, TNT, Espuma, PP, PA6, Master, Tinta, Tubo de aço. CxLxA(cm) 71x62,5x51,5 Travamento: Trilho plástico c/ botão de destrave e regulagem de altura. Montagem: Manual. Acess: Brinquedo acoplado;7908200102520|7908200102537;Incluido;17/01/2024
338241/2024;Inativo;;14/08/2019;;;Companhia Dorel Brasil Produtos Infantis;10659948000107;2135633602;Av. Nilo Peçanha;1516 /1582;Térreo;28030035;Pq dos Rodoviários;Campos dos Goytacaze;RJ;mariana.magalhaes@dorel.com.br;JIN SUN GEE PLASTIC CO.,LTD;Andadores Infantis;Portaria Inmetro nº 42 de 19/01/2018;;OCAN-AND.145/19-1;;;S;Formosa (Taiwan);Voyage;BG-1518;Nome Fantasia: Baby Step. Cores: Rosa e Azul. Material: Ferro, Plástico e Polipropileno. 60x49x68cm. Sistema Travamento e Montagem:Manual. Acessórios: Bandeja.;7908238801280|7908238801297;Incluido;14/08/2019
291497/1958;Ativo;;09/12/2019;;;TAPUZIM COMERCIAL LTDA;00513418000100;1138569063;Av. Monte Celeste;230;250;02561000;Vila S. Maria;São Paulo;SP;ehs0770@hotmail.com;SHEN ZHEN WEI MEI CHILDCARE PRODUCT LIMITED COMPANY;Andadores Infantis;Portaria Inmetro nº 129 de 19/03/2021;;IN2062423;Modelo 5;;S;China, República Popular;Baby Style;MODELO: ANIMAIS VERSÕES: Andador cachorro vermelho - Ref. 33721 Andador cachorro azul - Ref. 33722 Andador abelha rosa - Ref. 33723 Andador abelha azul - Ref. 33724 Andador pianinho rosa Ref: 33725 Andador pianinho azul Ref: 33726;Material: Plástico, metal e tecido, Dimensões: 50 x 70 x 60 cm, Sistema de Travamento: Stoper, Sistema deMontagem e Ferragem: Tesoura, Acessórios: Bandeja musical;4079337218996|4079337228995|4079337238994|4079337248993|4079337251993|4079337261992;Excluido;29/01/2024
176637/2025;Ativo;;31/08/2026;;;MADHULA COMERCIO DE ARTIGOS ELETROELETRONICOS LTDA;03838532000190;92994433107;Rua Marcilio Dias;166;;69005270;Centro;Manaus;AM;mayapunjwani@gmail.com;PINGHU XIAOTIANDI CHILDRENS PRODUCTS FACTORY;Andadores Infantis;Portaria Inmetro nº 129 de 19/03/2021;;IN3141126-1;Modelo 5;;S;China, República Popular;BENMEK;MADHULA/ MA100/ Verde e Azul - MA100VA/ Rosa e Roxo - MA100RR/ Branco e Azul Escuro - MA100BAE/ Amarelo e Vermelho - MA100AV;MAT.:PP, FERRO E POLIÉSTER/DIM.:63X57X53 CM/SIST. DE TRAV.: LIBERAÇÃO EM DUAS AÇÕES CONSECUTIVAS/SIST. MONT. E FERR.:MANUAL (SEM FERRAMENTA)/ACESS.:BRINQUEDO/CARACT. DO MOD.: ANDADOR COM BRINQUEDO;6901031000158;Incluido;31/08/2026
689982/1975;Ativo;;06/03/2023;;;BURIGOTTO S A INDUSTRIA E COMERCIO;51460277000138;1934464813;Rua Martino Dragone;280;;13480308;Jardim Santa Barbara;Liemira;SP;alison.smanioto@burigotto.com;JIN SUN GEE PLASTICS CO., LTD;Andadores Infantis;Portaria Inmetro nº 129 de 19/03/2021;;CE-AND/IQB 000004 55573/23-001;Modelo 5;;S;Formosa (Taiwan);BURIGOTTO;ANDADOR OLÉ CL (REF.COM.  IXAN5143CL);PP, AÇO, TECIDO / 590 X 690 X 550 MM / TRILHO PLÁSTICO COM BOTÃO DE TRAVA/DESTRAVA E REGULAGEM DE ALTURA / REBITES, PARAFUSOS E ENCAIXE DE PEÇAS PLÁSTICAS / BANDEJA COM 2 BRINQUEDOS DE PP E NYLON;7896502944248;Excluido;29/04/2026
470652/1951;Ativo;;07/02/2022;;;TUTTI BABY INDUSTRIA E COMERCIO DE ARTIGOS INFANTIS LTDA;06981862000129;4733794000;Rod. Guilherme Jensen, SC413, km13;0;;89108000;Distrito Industrial;Massaranduba;SC;certificacao@tuttibaby.com.br;TUTTI BABY INDUSTRIA E COMERCIO DE ARTIGOS INFANTIS LTDA;Andadores Infantis;Portaria Inmetro nº 129 de 19/03/2021;;IN2869325;Modelo 5;;N;Brasil;TUTTI BABY;DESIGNAÇÃO COMERC SAFARI II (AZUL/ROSA/VERMELHO),PRINCESA ROSA COROA,ACQUA,EXPLORADOR (CINZA/ ROXO) CÓD D REF COMERC:ANDAD 40.002/40002003/40002004/40002007/40003004/40004002/40004003 CARACT DO MODELO:ANDADOR C BRINQUEDO;MAT:ESTRUTURA METALICA - AÇO TUBULAR/DIM:48X60,5X70CM/SIST DE TRAVA:LIBERAÇ EM 2AÇÕES CONSECUT/SIST DE MONTAGEM E FERRAGEM:PARAFUSOS E REBITES/ACESSÓ:BRINQUEDOS E ADESIVOS;7898431501615|7898431501622|7898431501639|7898431501684|7898431501691|7898431501707;Excluido;10/12/2025
459670/1992;Ativo;;12/11/2024;;;CACANDO OFERTAS LTDA;23230465000134;11976586700;Rua José Ferreira Crespo;752;Sala 1;08021480;Jardim São Vicente;São Paulo;SP;diegofrancisco22@bol.com.br;STYLL ADMINISTRACAO, INVESTIMENTOS, LOCACOES & SERVICOS LIMITADA;Andadores Infantis;Portaria Inmetro nº 129 de 19/03/2021;;IN2382924;;;N;Brasil;ClickBaby's;Andador Happy baby - Versões AZUL-HAPPY BABY ROSA-HAPPY BABY LARANJA-HAPPY BABY;Mat.Aço Polipropileno.Dim:640x570x470cm.Sist.Trav. Liberação duas ações consecutivas.Sist de Mont e Ferrag:Manual sem ferramenta.Acess: Bandeja c/Brinquedo.Caract/modelo:Andador c/brinquedo na bandeja;7898975097001|7898975097018|7898975097025;Incluido;12/11/2024
764656/1977;Ativo;;19/02/2026;;;RGM  COMERCIO E SERVICOS LTDA;18007664000148;11996294240;Avenida Angélica;511;Cj. 904;01227100;Santa Cecilia;São Paulo;SP;papush@uol.com.br;PINGHU XIAOTIANDI CHILDREN?S PRODUCTS FACTORY;Andadores Infantis;Portaria Inmetro nº 129 de 19/03/2021;;IN2911726;Modelo 5;;S;China, República Popular;RGM;ANDADOR DREUX - R602 - AVIÃO - AVIAO;MAT:PP,FERRO E POLIÉ./DIM:70X62.5X51 CM/SIST.DE TRAV.:LIB.EM DUAS AÇÕES CONSECU./SIST.DE MONT.E FERR.:MANUAL (SEM FERRAMENTA)/ACESS:BANDEJA MUSICAL/CARACT.DO MODELO:ANDADOR COM BANDEJA MUSICAL;7898926505616;Incluido;19/02/2026
019759/2009;Ativo;;05/08/2021;;;GALZERANO INDUSTRIA DE CARRINHOS E BERCOS LTDA;43594977000197;19999947357;Via Prefeito Jurandyr Paixão;700;;13481149;Jd. Campo Belo;Limeira;SP;luisfernando.camargo@galzerano.com.br;GALZERANO INDUSTRIA DE CARRINHOS E BERCOS LTDA;Andadores Infantis;Portaria Inmetro nº 129 de 19/03/2021;;CE-AND/IQB 000006 54618/21-001;;;N;Brasil;GALZERANO;Ref.: 4050-Andador Torino. Versões: 4050PTR (Preto Rosa), 4050PTT (Preto Terracota);Mat Tec poliest Espum PP PA6 Master Tint Tub aço Itens fix/aviam CxLxA(cm) 71x62,5x51,5 Trav Trilh plást c/ botão destrav e reg alt Acess Band brinq não remove retrov Caract Tec Pçs plást Tint Ferrage;7908200102193|7908200102209;Excluido;01/09/2021
207092/1932;Ativo;;17/06/2024;;;MEGA COMPRAS PRESENTES.COM LTDA;02561195000174;4191284769;RUA ELDORADO;511;511;09550720;PROSPERIDADE;SÃO CAETANO DO SUL;SP;contabilidade@grupogmac.com;HEBEI HAOKU CHILDREN TOYS CO., LTD;Andadores Infantis;Portaria Inmetro nº 129 de 19/03/2021;;IN2152424;;;S;China, República Popular;MEGA COMPRAS;ANDADOR PARA BEBÊS-PREMIUM-REF:MC923/MC923AZ/MC923RS/MC923CZ/MATERIAL:PP E POLIÉSTER/DIMENSÕES:65X 48X46 CM/ CONT: ANDADOR COM BRINQUEDO ACOPLADO;SISTEMA DE TRAVAMENTO:DOIS DISPOSITIVOS DE TRAVAMENTO INDEPENDENTES SENDO OPERADOS SIMULTÂNEAMENTE/SISTEMA DE MONTAGEM E FERRAGEM:MANUAL (SEM FERRAMENTA)/ACESSÓRIOS:BRINQUEDO/CARACTERISTICAS DO MODELO;7898692799028|7898692799578|7898692799585;Incluido;17/06/2024
690306/1934;Ativo;;20/10/2022;;;STYLL ADMINISTRACAO, INVESTIMENTOS, LOCACOES & SERVICOS LIMITADA;22475905000231;11994300960;Rua Marcio Carlim;401;;13849226;Parque Industrial;Mogi Guaçu;SP;alexandre@styll.com.br;STYLL ADMINISTRACAO, INVESTIMENTOS, LOCACOES & SERVICOS LIMITADA;Andadores Infantis;Portaria Inmetro nº 129 de 19/03/2021;;IN1679022;Modelo 5;;N;Brasil;STYLL BABY;ANDADOR SOFT WAY / V:V:AZ.SON.(AND-98.001-05)/RO.SON.(AND-98.002-05)/LAR.SON.(AND-98.003-05)/GUARÁ AZ.(AND-50.022-01)/GUARÁ RO.(AND-50.022-02)/GUARÁ LAR.(AND-50.022-03)/VE.SON.(AND-99.009-68)/AZ.CLÁS.(AND-98.001-04)/RO.CLÁS.(AND-98.002-04))/...;MAT:AÇO,POLIPR. E POLIÉ./DIM:640X570X470MM/SIS.DE TRAV:CATRA.EM BAI.DA BAN.(LIBER. EM DU.AÇÕ.CONS.)/SIST.DE MON.E FERR.:MANUAL(COM CHA.PHI.NÃO INCL.)/ACES:BAND.COM BRIN./ CONT.VERSÔES;7898488590037|7898488590440|7898488590457|7898488590464|7898488590624|7898488599849|7898488599856|7898488599863|7898488599870|7898488599887|789848859994;Incluido;20/10/2022
259165/1998;Inativo;;14/08/2019;;;Companhia Dorel Brasil Produtos Infantis;10659948000107;2135633602;Av. Nilo Peçanha;1516 /1582;Térreo;28030035;Pq dos Rodoviários;Campos dos Goytacaze;RJ;mariana.magalhaes@dorel.com.br;JIN SUN GEE PLASTIC CO.,LTD;Andadores Infantis;Portaria Inmetro nº 42 de 19/01/2018;;OCAN-AND.145/19-1;;;S;Formosa (Taiwan);Voyage;BG-1518;Nome Fantasia: Baby Step. Cores: Rosa e Azul. Material: Ferro, Plástico e Polipropileno. 60x49x68cm. Sistema Travamento e Montagem:Manual. Acessórios: Bandeja.;7908238801280|7908238801297;Incluido;14/08/2019
150919/2001;Ativo;;07/08/2024;;;AMAZONAS IMPORTADOS LTDA;07269201000138;9691131654;Rua Independência;175;;68900090;Central;Macapa;AP;adriana.abreu@amazonasimportados.com.br;YIWU BALBIAN ELECTRONIC TECHNOLOGICAL CO., LTD;Andadores Infantis;Portaria Inmetro nº 129 de 19/03/2021;;IN2086424-2;;;S;China, República Popular;LÉ PETIT;MODE:BABY WALKER/REF:LP-9618/ CONT: ANDADOR COM BRINQUEDO ACOPLADO/VERSÕES:AZUL,VERDE,ROSA,VERMELHO.;MAT:PP E POLIÉSTER/DIM:65X54X49CM/SIST DE TRAV:LIBERAÇÃO EM DUAS AÇÕES CONSECUTIVAS/SIST DE MONT E FERR:MANUAL (SEM FERRAMENTA)ACE:N/A.CARACTERISTICAS DO MODELO:;7453068240131;Incluido;07/08/2024
058660/2004;Inativo;;14/08/2019;;;Companhia Dorel Brasil Produtos Infantis;10659948000107;2135633602;Av. Nilo Peçanha;1516 /1582;Térreo;28030035;Pq dos Rodoviários;Campos dos Goytacaze;RJ;mariana.magalhaes@dorel.com.br;Hua Song Plastic Products Co Ltd;Andadores Infantis;Portaria Inmetro nº 42 de 19/01/2018;;OCAN-AND.145/19-3;;;S;China, República Popular;Safety 1st;11389;Nome Fantasia: Melody Garden. Cor única. Material: Ferro, plástico e PP. 64x55x66 cm. Sistema de Travamento e Montagem: Manual. Acessórios: Bandeja.;9312541727119;Incluido;14/08/2019
924059/1964;Inativo;;23/05/2025;;;MD COMERCIO DE FERRAGENS LTDA;55274701000100;92981285408;AVENIDA JOAQUIM NABUCO;1094;A;69020030;Centro;Manaus;AM;mdcomerciodeferragensltda@gmail.com;Xingtai Pandelo Technology Co.,Ltd;Andadores Infantis;Portaria Inmetro nº 129 de 19/03/2021;;IN2611025;Modelo 5;;S;China, República Popular;ULTRA BABY;REF: UBW-801H - ANDADOR INFANTIL MUSICAL PARA BEBÊ - BABY PINK / BARBIE PINK, RED / WHITE, ROYAL BLUE / ORANGE / WHITE, GREEN / WHITE;MAT:PP,FERRO E POLIÉSTER/DIM:68X59X52CM/SIS_TRAV:LIBERAÇÃO EM 2 AÇÕES CONSECUTIVAS/SIS_MONTAGEM_E_FERRAGEM:MANUAL(SEM FERRAMENTA)/ACESSÓRIOS: N/A/CARACTERISTICAS_MODELO:ANDADOR COM BRINQUEDO ACOPLADO;7890012361007|7890012361113|7890012368082|7890012369096;Incluido;23/05/2025
821466/1926;Ativo;;30/09/2019;;;BURIGOTTO SA INDUSTRIA E COMERCIO;51460277000138;1934042000;Rua Martino Dragone;280;;13480308;Jardim Santa Barbara;Limeira;SP;carlos.riva@burigotto.com;JIN SUN GEE PLASTICS. CO., LTD.;Andadores Infantis;Portaria Inmetro nº 42 de 19/01/2018;;CE-AND/IQB 000004 53005/19-001;;;S;Formosa (Taiwan);Burigotto;Andador Baby Coupe (ref. com. IXAN3034PK10-Rosa, IXAN3034AZ19-Azul, IXAN3034CL-CL);Andador Infantil, Mat.: Polipropileno, Nylon, Aço, Tecido e Espuma, Dim: 760X650X640mm, Sist. Trav. Automático, Sistema Montagem/Ferragem Rebites, parafusos e Encaixe de peças plásticas, Acessorio: Ba;7896502916146|7896502916160|7896502935550;Incluido;30/09/2019
352675/1930;Ativo;;07/08/2024;;;AMAZONAS IMPORTADOS LTDA;07269201000138;9691131654;Rua Independência;175;;68900090;Central;Macapa;AP;adriana.abreu@amazonasimportados.com.br;YIWU BALBIAN ELECTRONIC TECHNOLOGICAL CO., LTD;Andadores Infantis;Portaria Inmetro nº 129 de 19/03/2021;;IN2086424-3;;;S;China, República Popular;LÉ PETIT;MODE,BABY WALKER/REF:LP-9824/ CONT: ANDADOR COM BRINQUEDO ACOPLADO:/VERSÕES:AZUL,VERDE,ROSA.;MATL:PP E POLIÉSTER/DIM:66X54X52CM/SIST DE TRAV:LIBERAÇÃO EM DUAS AÇÕES CONSECUTIVAS/SIST DE MONT E FERR :MANUAL (SEM FERRAMENTA)/ACESSÓRIOS:N/A.CARACT DO MODELO:;7453116003640;Incluido;07/08/2024
662063/1939;Ativo;;15/11/2024;;;HCM INDUSTRIA E IMPORTACAO LTDA;12538691000160;37998767200;RUA SERGIPE ;1963;;35591096;SANTA ALEXANDRINA;LAGOA DA PRATA;MG;compras.hcmmalta@gmail.com;HCM INDUSTRIA E IMPORTACAO LTDA;Andadores Infantis;Portaria Inmetro nº 129 de 19/03/2021;;IN2431224-2;;;N;Brasil;JUMBO BABY;ANDADOR MUSICAL MEGALUXO JUMBO BABY/AZUL/ROSA/VERMELHO/LARANJA, CARAC.D/MODEL:ANDADOR COM BRINQUEDO NA BANDEJA;MAT.:POLIPROPILENO(PP)/ACO CARBONO(FERRAGENS)/TECIDO(POLIÉSTER)/DIM:69,5X58,5X14,5/SIS.D/TRAV.:LIB.EM 2AS.CON./SIS.D/MONT.E FERR.:MAN.(S/FERR.)/ACESS.:ASSE/FORR.P/OS PÉS/EMP./PAI.MUS;7898947715063|7898947715070|7898947715087|7898947715094;Incluido;15/11/2024
646679/1956;Ativo;;03/04/2023;;;PLANETA - IMPORTACAO E DISTRIBUICAO DE BRINQUEDOS LTDA;13434272000141;1138951572;AV VASCO MASSAFELI;1000;G1A M1-21;06703600;JARDIM MARIA TEREZA;COTIA;SP;admin@planetadobebe.com.br;HEBEI WANXIN CHILDREN TOYS CO.,LTD.;Andadores Infantis;Portaria Inmetro nº 129 de 19/03/2021;;IN1765923;Modelo 5;;S;China, República Popular;MAXI BABY;NW-01 - ANDADOR LA BAMBA;MAT:PP PARTES EM ABS, AÇO DE ALTO CARB RODA ELAST.TERMO., PVC/DIM:580X680X550/SIS TRA:LIBERA.EM 2 AÇÕES CONSEC. SIS DE MON E FER:MAN.(S/ FER)/ACE:BANDEJA COM BRINQ/CAR MOD:AND COM BRINQ(BAND.A MUS.);7899403215370|7899403215387;Excluido;22/12/2025
034506/1974;Ativo;;02/09/2026;;;BAGATOLI COMERCIO DE REFRIGERACAO LTDA;00897750000108;47984556257;BR-470;8105;;89058020;FORTALEZA ALTA;BLUMENAU;SC;digitalpriceconsultoria@gmail.com;PINGHU XIAOTIANDI CHILDREN?S PRODUCTS FACTORY;Andadores Infantis;Portaria Inmetro nº 129 de 19/03/2021;;IN3155526;Modelo 5;;S;China, República Popular;BAGATOLI KIDS;MOD: ANDADOR INFANTIL PULSE/ N.COM: PULSE/ V.: ROSA, AZUL, CINZA;MAT.:PP,POLIÉSTER,AÇO/DIM.:51X61X69CM/SIST.TRAV.:LIB.2 AÇÕES CONSEC./SIST.MONT.FERR.:REBITES,PARAF.E ENCAIXE PEÇAS PLÁST./ACESS.:BRINQ.NA BANDEJA/CARACT.MOD.:ANDADOR C/BRINQ.;7901030400859|7901030400866|7901030400873;Incluido;02/09/2026
104175/1935;Inativo;;11/11/2022;;;COMPANHIA DOREL BRASIL PRODUTOS INFANTIS;10659948000883;2135547024;Av. Nilo Peçanha;1516 ;Galpão 3 ;28030035;Pq dos Rodoviários;Campos dos Goytacaze;RJ;standard@dorel.com.br;Jin Sun Gee Plastics Co., Ltd;Andadores Infantis;Portaria Inmetro nº 129 de 19/03/2021;;IN1701622-2;;;S;Formosa (Taiwan);Voyage;BG-1518. Nome comercial: Baby Step. Versões: Rosa e Azul.;Ferro,PP e poliéster. 60x49x68cm.Trav:Lib.2 ações consec.,Mont:Encaixe. Aces:Brinquedos;7908238801280|7908238801297;Incluido;11/11/2022
437080/1956;Inativo;;12/12/2022;;;COMPANHIA DOREL BRASIL PRODUTOS INFANTIS;10659948000883;2135547024;Av. Nilo Peçanha;1516 ;Galpão 3 ;28030035;Pq dos Rodoviários;Campos dos Goytacaze;RJ;standard@dorel.com.br;Dongguan Xinyeda Hardware Plastic Products Co., Ltd;Andadores Infantis;Portaria Inmetro nº 129 de 19/03/2021;;IN1715922;;;S;China, República Popular;Safety 1st;11389.  Melody Garden;ABS,PP.PVC.Pol.Esp, 64x55x66cm,Trav.Lib.2açoes cons, Mon.Manual. Aces: Brinquedos.;9312541727119;Incluido;12/12/2022
940683/1982;Inativo;;24/09/2019;;;Galzerano Indústria de Carrinhos e Berços Ltda;43594977000197;1934043030;Via Prefeito Jurandyr Paixão;700;;13481149;Jd. Campo Belo;Limeira;SP;luisfernando.camargo@galzerano.com.br;SHEN ZHEN WEI MEI CHILDCARE PRODUCT LIMITED COMPANY;Andadores Infantis;Portaria Inmetro nº 42 de 19/01/2018;;CE-AND/IQB 000006 53504/20-001;;;S;China, República Popular;GALZERANO;Andador de bebê 4 em 1 Funny - Versões: Color (CR), Verde Água (VDA);Mat Tec poli Espum Resin plást Itens fix Dimens 75Cx71Lx55A(cm) Sist trav Dobradiç plást c/ botã acion Sist mont frenag Encaix manua Mod Andador c/ módul sonor Pçs girat Cores divers Acess Brinq remov;7898089221477|7898089221996;Incluido;24/09/2019
234687/2009;Ativo;;06/05/2025;;;KAVOD BRASIL COMERCIO E IMPORTACAO DE PRODUTOS DE USO DOMESTICO LTDA;12389993000114;1136612389;Avenida Marquês de São Vicente;2219;Conj 1001;05036040;Água Branca;São Paulo;SP;adm@kababy.com.br;Tengzhou Lebeir Baby Carriage Co., Ltd.;Andadores Infantis;Portaria Inmetro nº 129 de 19/03/2021;;IN2610825;;;S;China, República Popular;KaBaby;DESIGNAÇÃO COMERCIAL: ANDADOR DE EMPURRAR STEP-UP KABABY CINZA/CÓDIGO DE REFERÊNCIA COMERCIAL: ANDADOR/QUANTIDADE: -/;MAT:PP/DIM:799x660x715mm/SIS_TRAV:LIBERAÇÃO EM DUAS AÇÕES CONSECUTIVAS/SIS_MONTAGEM/FERRAGEM:MANUAL SEM AUXILIO DE FERRAMENTA/ACESSORIOS:N/A/CARACT_DO_MODELO:ANDADOR COM BRINQUEDO ACOPLADO;7898605218394;Incluido;06/05/2025
514279/1929;Ativo;;07/02/2022;;;TUTTI BABY INDUSTRIA E COMERCIO DE ARTIGOS INFANTIS LTDA;06981862000129;4733794000;Rod. Guilherme Jensen, SC413, km13;0;;89108000;Distrito Industrial;Massaranduba;SC;certificacao@tuttibaby.com.br;TUTTI BABY INDUSTRIA E COMERCIO DE ARTIGOS INFANTIS LTDA;Andadores Infantis;Portaria Inmetro nº 129 de 19/03/2021;;IN2869325;Modelo 5;;N;Brasil;Tutti Baby;Andador: VERSÕES: Safari II (Azul/Rosa/Vermelho), Princesa Rosa Coroa, Acqua Explorador (Cinza/Roxo);ESTRUTURA METÁLICA , AÇO TUBULAR / 48 x 60,5 x 70CM / SISTEMA DE TRAVAMENTO COM DUAS AÇÕES CONSECUTIVAS PARA LIBERAÇÃO /SISTEMA DE MONTAGEM/FERRAGEM: PARAFUSOS E REBITES ACESSÓRIOS: BRINQUEDOS E ADESI;7898431501615|7898431501622|7898431501639|7898431501684|7898431501691|7898431501707;Excluido;15/03/2024
528702/1935;Ativo;;07/03/2024;;;COMPANHIA DOREL BRASIL PRODUTOS INFANTIS;10659948000107;2135547024;Av. Nilo Peçanha;1516;1582;28030035;Pq dos Rodoviários;Campos dos Goytacaze;RJ;standard@dorel.com.br;COMPANHIA DOREL BRASIL PRODUTOS INFANTIS;Andadores Infantis;Portaria Inmetro nº 129 de 19/03/2021;;IN2040823;Modelo 5;;N;Brasil;Infanti;APPIA - HE022 - AZUL/ROSA - MAT.:PP, POLIÉSTER,PTA, EG, POLIPROPILENO E POLIETILENO.DIMENSÕES:56,5X68X60,5CM/;SIST. DE TRAVAMENTO: LIBERAÇÃO EM 2 AÇÕES CONSECUTIVAS/SIST. DE MONTAGEM E FERRAGEM: MANUAL (S/ FERRAMENTAS)/ACES.: BANDEJA DE BRINQUEDOS/ANDADOR COM BRINQUEDO;7908238809774|7908238809781;Excluido;10/04/2026
605890/2008;Ativo;;29/04/2025;;;MD COMERCIO DE FERRAGENS LTDA;55274701000100;92981285408;AVENIDA JOAQUIM NABUCO;1094;A;69020030;Centro;Manaus;AM;mdcomerciodeferragensltda@gmail.com;PINGHU XIAOTIANDI CHILDREN''S PRODUCTS FACTORY;Andadores Infantis;Portaria Inmetro nº 129 de 19/03/2021;;IN2610925;Modelo 5;;S;China, República Popular;ULTRA BABY;REF: UBW-601 - ANDADOR INFANTIL MUSICAL PARA BEBÊ - NAVY BLUE / RED, GREEN / BLUE, ROYAL BLUE / TEAL, LIGHT PINK / LAVANDER, DARK PURPLE / PINK;MAT:PP,FERRO E POLIÉSTER/DIM:70X62,5X55CM/SIS_TRAV:LIBERAÇÃO EM 2 AÇÕES CONSECUTIVAS/SIS_MONT.E_FERRAGEM:MANUAL(SEM FERRAMENTA)/ACESSÓRIOS: N/A/CARACTERISTICAS_MODELO:ANDADOR COM BRINQUEDO ACOPLADO;7890012361120|7890012361137|7890012361144|7890012361151|7890012361168;Incluido;29/04/2025
030741/1968;Ativo;;16/07/2025;;;KIDDO INDUSTRIA E COMERCIO LTDA;60688090000187;1147870744;Rodovia Regis Bittencourt ;3666;;06793000;Jardim Três Marias ;Taboão da Serra;SP;m.nascimento@kiddo.com.br;JIN SUN GEE PLASTIC CO., LTD;Andadores Infantis;Portaria Inmetro nº 129 de 19/03/2021;;IN2735125;Modelo 5;;S;China, República Popular;Whoop;ANDADOR PASSINHOS 2 EM 1 REF. 8701/CINZA/ROSA/AZUL;MATERIAL:PP. POLIES/DIMENSÕES:59,5X68X53CM/SIST.DE.TRAVAM.:LIBER.EM DUAS AÇÕES CONSECUTIVAS/SIST.DE.MONTAG.E.FERRAGEM:MANUAL (SEM AUX. DE FERRAM)/ACESSÓRIOS:BRINQ./CARACT. DO MODELO:ANDADOR C/ BRINQ.;7896517223871|7896517223888|7896517223895;Incluido;16/07/2025
261366/2010;Inativo;;02/04/2020;;;Galzerano Indústria de Carrinhos e Berços Ltda;43594977000197;1934043030;Via Prefeito Jurandyr Paixão;700;;13481149;Jd. Campo Belo;Limeira;SP;luisfernando.camargo@galzerano.com.br;FOSHAN SHUNDE QIJUN TOYS CO., LTD;Andadores Infantis;Portaria Inmetro nº 42 de 19/01/2018;;CE-AND/IQB 000006 53487/19-001;;;S;China, República Popular;GALZERANO;Ref.: 4090 - Liam. Versões: 4090CZ (Cinza), 4090PT (Preto);Mat: Tec poli Espum Resin plást Tinta Ferragens. Dim: 70x65x54(cm). Sist Trav: Trilho plást c/ botão destrav e reg de altura. Sist mont/ferragem: Manual. Acess: Bandej brinq não removív e retrovisores;7908200101431|7908200101448;Incluido;02/04/2020
822706/1961;Ativo;;30/06/2026;;;MARKETGOOL TRADING IMPORTACAO E EXPORTACAO LTDA;18787076000174;11947652325;ROD RODOLFO JAHN;326;ANEXO 92;89237680; VILA NOVA;JOINVILLE;SC;alexandre.morroni@hotmail.com;PINGHU XIAOTIANDI CHILDREN''S PRODUCTS FACTORY;Andadores Infantis;Portaria Inmetro nº 129 de 19/03/2021;;IN3048926;Modelo 5;;S;China, República Popular;MARKETGOOL;Designação Comercial: Andador Marketgool / Código de referência comercial / MKG-010 / ROSA;Mat: PP, FERRO E POLIÉSTER / Dim: 65X55X45 CM/ SIST DE TRAV: Liberação em duas ações consecutivas/ Acess: Brinquedo do andador/ Caract do mod: Andador com Brinquedo;0070341132777;Incluido;30/06/2026
304356/1970;Ativo;;07/02/2022;;;TUTTI BABY INDUSTRIA E COMERCIO DE ARTIGOS INFANTIS LTDA;06981862000129;4733794000;Rod. Guilherme Jensen, SC413, km13;0;;89108000;Distrito Industrial;Massaranduba;SC;certificacao@tuttibaby.com.br;TUTTI BABY INDUSTRIA E COMERCIO DE ARTIGOS INFANTIS LTDA;Andadores Infantis;Portaria Inmetro nº 129 de 19/03/2021;;IN2869325;Modelo 5;;N;Brasil;TUTTI BABY;ANDADOR SAFARI II-ANDADOR 40.002-40002003/40002004/40002007/40003004/40004002/40004003;MAT:PP E ALGODAO/DIM:51X61X70CM/SIS_TRAV:DOIS DISPOS TRAV INDEPEND SENDO OPER SIMULTÂNEAM./SIS_MONT/FERRG:REBITES,PARAFUSOS E ENCAIXE DE PÇS PLAST/ACESS:BAND. COM BRINQ/CARAC. DO MOD.:AND. C/ BRINQ NA;7898431501615|7898431501622|7898431501639|7898431501684|7898431501691|7898431501707;Excluido;27/02/2026
116710/1988;Ativo;;07/08/2024;;;AMAZONAS IMPORTADOS LTDA;07269201000138;9691131654;Rua Independência;175;;68900090;Central;Macapa;AP;adriana.abreu@amazonasimportados.com.br;YIWU BALBIAN ELECTRONIC TECHNOLOGICAL CO., LTD;Andadores Infantis;Portaria Inmetro nº 129 de 19/03/2021;;IN2086424-4;;;S;China, República Popular;LÉ PETIT;MODE:BABY WALKER/REF:LP-9917/ CONT: ANDADOR COM BRINQUEDO ACOPLADO/VERSÕES:AZUL,VERMELHO,AMARELO,ROSA.;MAT:PP E POLIÉSTER/DIM:65X54X49CM/SIST DE TRAV:LIBERAÇÃO EM DUAS AÇÕES CONSECUTIVAS/SIST DE MONT E FERRA :MANUAL (SEM FERRAMENTA)/ACES:N/A.CARACTERISTICAS DO MODELO:;7453116024706;Incluido;07/08/2024
410714/2014;Inativo;;11/01/2023;;;COMPANHIA DOREL BRASIL PRODUTOS INFANTIS;10659948000883;2135547024;Av. Nilo Peçanha;1516 ;Galpão 3 ;28030035;Pq dos Rodoviários;Campos dos Goytacaze;RJ;standard@dorel.com.br;Jin Sun Gee Plastics Co., Ltd;Andadores Infantis;Portaria Inmetro nº 129 de 19/03/2021;;IN1722522;;;S;Formosa (Taiwan);Cosco;BG-1518. Nome comercial: Follow. Versões: Azul e Laranja.;Ferro, plástico, PP,PET, PU e poliéster. 60 x 49 x 68 cm.Trav:Lib.2 ações cons., Encaixe,aces: Brinquedos.;7908238808043|7908238808050;Incluido;11/01/2023
944772/1947;Inativo;;12/01/2023;;;COMPANHIA DOREL BRASIL PRODUTOS INFANTIS;10659948000883;2135547024;Av. Nilo Peçanha;1516 ;Galpão 3 ;28030035;Pq dos Rodoviários;Campos dos Goytacaze;RJ;standard@dorel.com.br;Jin Sun Gee Plastics Co., Ltd;Andadores Infantis;Portaria Inmetro nº 129 de 19/03/2021;;IN1701622-3;;;S;Formosa (Taiwan);Safety 1st;HE001. Nome comercial: Spacewalker 3 em 1. Versões: Grey, Orange.;PP,Ferro,Aço,ABS,PVC,POM,TPR,MB475,Pol,65.5x50x71.5cm.Trav:Lib.2ações cons.,Mont:Manual.Aces.Brinq.;7908238803932|7908238803949;Incluido;12/01/2023
704729/1940;Inativo;;14/08/2019;;;Companhia Dorel Brasil Produtos Infantis;10659948000107;2135633602;Av. Nilo Peçanha;1516 /1582;Térreo;28030035;Pq dos Rodoviários;Campos dos Goytacaze;RJ;mariana.magalhaes@dorel.com.br;JIN SUN GEE PLASTIC CO.,LTD;Andadores Infantis;Portaria Inmetro nº 42 de 19/01/2018;;OCAN-AND.145/19-4;;;S;Formosa (Taiwan);Voyage;BG1401;Nome Fantasia: Buggy. Cores: Rosa e Azul. Material: Ferro, plástico, PP e PU. 42 x 58.5 x 65 cm. Sistema de Travamento e Montagem: Manual. Acessórios: Bandeja;7898509475206|7898509475213;Incluido;14/08/2019
998733/1966;Inativo;;14/08/2019;;;Companhia Dorel Brasil Produtos Infantis;10659948000107;2135633602;Av. Nilo Peçanha;1516 /1582;Térreo;28030035;Pq dos Rodoviários;Campos dos Goytacaze;RJ;mariana.magalhaes@dorel.com.br;JIN SUN GEE PLASTIC CO.,LTD;Andadores Infantis;Portaria Inmetro nº 42 de 19/01/2018;;OCAN-AND.145/19-2;;;S;Formosa (Taiwan);Cosco;BG-2023;Nome Fantasia: Goal Walker 4 em 1. Cores: Rosa e Azul. Material: Ferro, Plástico, PP e PU. 74 x 44x 66.5 cm. Sistema de Travamento e Montagem: Manual. Acessórios: Bandeja de Brinquedos.;7898509478375|7898509478665;Incluido;14/08/2019
292737/1993;Ativo;;03/04/2023;;;PLANETA - IMPORTACAO E DISTRIBUICAO DE BRINQUEDOS LTDA;13434272000141;1138951572;AV VASCO MASSAFELI;1000;G1A M1-21;06703600;JARDIM MARIA TEREZA;COTIA;SP;admin@planetadobebe.com.br;HEBEI WANXIN CHILDREN TOYS CO.,LTD.;Andadores Infantis;Portaria Inmetro nº 129 de 19/03/2021;;IN1765923;Modelo 5;;S;China, República Popular;MAXI BABY;NW-01 - ANDADOR LA BAMBA  / (...) COM BRINQUEDOS/CAR MOD:AND COM BRINQUEDO(BANDEJA MUSICAL);MAT:PP E PARTES EM ABS, AÇO DE ALTO CARB RODA ELASTÔMERO TERMOPLÁSTICO, PVC/DIM:580X680X550(LXCXH)/SIS TRA:LIBERAÇÃO EM DUAS AÇÕES CONSECUTIVAS SIS DE MON E FER:MANUAL(S/ FERRAMENTA)/ACE:BANDEJA (...);7899403215370|7899403215387;Excluido;28/02/2025
913077/2005;Ativo;;09/09/2026;;;TUTTI BABY INDUSTRIA E COMERCIO DE ARTIGOS INFANTIS LTDA;06981862000129;4733794000;Rua Vicente Zanotti;177;Galpão 01;89381270;Industrial Zaferino ;Massaranduba;SC;heloiza.souza@tuttibaby.com.br;TUTTI BABY INDUSTRIA E COMERCIO DE ARTIGOS INFANTIS LTDA;Andadores Infantis;Portaria Inmetro nº 129 de 19/03/2021;;CE-AND/IQB 000013 57036/26-001;Modelo 5;;N;Brasil;TUTTI BABY;ANDADOR SAFARI - REF. 40002003,40002004,40002007,40003004,40004002,40004003;ESTRU.MET.:ACO TUBULAR,BRINQ:PLAST. DE ENG.,REVEST. TEXTIL:ALGODAO/51X61X70 CM/DOIS DISP. DE TRAV. INDEPENDENTES SENDO OPERADOS SIMULT./PARAFUSOS E MONT. DE PÇS PLAST./BRINQ. CERTIF.E ADESIVO-57036/26;7898431501615|7898431501622|7898431501639|7898431501684|7898431501691|7898431501707;Incluido;09/09/2026
551616/1930;Inativo;;14/08/2019;;;Companhia Dorel Brasil Produtos Infantis;10659948000107;2135633602;Av. Nilo Peçanha;1516 /1582;Térreo;28030035;Pq dos Rodoviários;Campos dos Goytacaze;RJ;mariana.magalhaes@dorel.com.br;JIN SUN GEE PLASTIC CO.,LTD;Andadores Infantis;Portaria Inmetro nº 42 de 19/01/2018;;OCAN-AND.145/19-1;;;S;Formosa (Taiwan);Voyage;BG-1518;Nome Fantasia: Baby Step. Cores: Rosa e Azul. Material: Ferro, Plástico e Polipropileno. 60x49x68cm. Sistema Travamento e Montagem:Manual. Acessórios: Bandeja.;7908238801280|7908238801297;Incluido;14/08/2019
586741/2019;Ativo;;07/02/2022;;;TUTTI BABY INDUSTRIA E COMERCIO DE ARTIGOS INFANTIS LTDA;06981862000129;4733794000;Rod. Guilherme Jensen, SC413, km13;0;;89108000;Distrito Industrial;Massaranduba;SC;certificacao@tuttibaby.com.br;TUTTI BABY INDUSTRIA E COMERCIO DE ARTIGOS INFANTIS LTDA;Andadores Infantis;Portaria Inmetro nº 129 de 19/03/2021;;IN2869325;Modelo 5;;N;Brasil;Tutti Baby;Andador Safari II Azul/Rosa/Vermelho/Andador Princesa Rosa Coroa/Andador Acqua Explorador Cinza/Roxo;ESTRUT. MET.AÇO.TUBULAR/48x60,5x70CM/SIST.DE TRAV. COM.DUAS.AÇÕES.CONSECUT.PARA.LIBER./PARAFUSOS.E. REBITES/BRINQUEDOS.E.ADESIVOS;7898431501615|7898431501622|7898431501639|7898431501684|7898431501691|7898431501707;Excluido;12/01/2024
553169/2024;Ativo;;19/02/2026;;;RGM  COMERCIO E SERVICOS LTDA;18007664000148;11996294240;Avenida Angélica;511;Cj. 904;01227100;Santa Cecilia;São Paulo;SP;papush@uol.com.br;PINGHU XIAOTIANDI CHILDREN?S PRODUCTS FACTORY;Andadores Infantis;Portaria Inmetro nº 129 de 19/03/2021;;IN2911726;Modelo 5;;S;China, República Popular;RGM;ANDADOR DREUX - R602 - AVIÃO - AVIAO;MAT:PP,FERRO E POLIÉ./DIM:70X62.5X51 CM/SIST.DE TRAV.:LIB.EM DUAS AÇÕES CONSECU./SIST.DE MONT.E FERR.:MANUAL (SEM FERRAMENTA)/ACESS:BANDEJA MUSICAL/CARACT.DO MODELO:ANDADOR COM BANDEJA MUSICAL;7898926505616;Incluido;19/02/2026
568240/1948;Ativo;;09/12/2019;;;TAPUZIM COMERCIAL LTDA;00513418000100;1138569063;Av. Monte Celeste;230;250;02561000;Vila S. Maria;São Paulo;SP;ehs0770@hotmail.com;SHEN ZHEN WEI MEI CHILDCARE PRODUCT LIMITED COMPANY;Andadores Infantis;Portaria Inmetro nº 129 de 19/03/2021;;IN2062423;Modelo 5;;S;China, República Popular;baby style;ANDADOR ANIMAIS;ANIMAISVERSÕES: Andador cachorro vermelho - Ref. 33721 Andador cachorro azul - Ref. 33722 Andador abelha rosa - Ref. 33723 Andador abelha azul - Ref. 33724 . Material: Plástico, metal e tecido. Dimen;4079337218996|4079337228995|4079337238994|4079337248993;Excluido;21/12/2020
057420/1969;Ativo;;06/09/2024;;;TUTTI BABY INDUSTRIA E COMERCIO DE ARTIGOS INFANTIS LTDA;06981862000129;4733794000;Rod. Guilherme Jensen, SC413, km13;0;Galpão 01;89108000;Distrito Industrial;Massaranduba;SC;certificacao@tuttibaby.com.br;TUTTI BABY INDUSTRIA E COMERCIO DE ARTIGOS INFANTIS LTDA;Andadores Infantis;Portaria Inmetro nº 129 de 19/03/2021;;IN2321524;;;N;Brasil;TUTTI BABY;ANDADOR COMFORT/REF.ANDADOR COMFORT 40.005/40005004/40005003/40005011/40005028/40005007/40005010/40005006/40005029;MAT:PLAST.ENG/ALGODÃO/DIMEN:48X60,5X70CM/SIST.DE TRAV:DOIS DISP.DE TRAV.INDEP.SENDO OP.SIMUL/SIST.DE MONT.FERR:OUTROS:PARAF,MONT.PEÇAS PLAST./ACESS:BANDEIJA C/ BRINQ/CARAC.DO MOD:ANDADOR C/BRINQUEDO;7898431502063|7898431502070|7898431502087|7898431502094|7898431502100|7898431502117|7898431502124|7898431502131;Incluido;06/09/2024
943208/1953;Ativo;;06/03/2023;;;BURIGOTTO S A INDUSTRIA E COMERCIO;51460277000138;1934464813;Rua Martino Dragone;280;;13480308;Jardim Santa Barbara;Liemira;SP;alison.smanioto@burigotto.com;JIN SUN GEE PLASTICS CO., LTD;Andadores Infantis;Portaria Inmetro nº 129 de 19/03/2021;;CE-AND/IQB 000004 55573/23-001;Modelo 5;;S;Formosa (Taiwan);BURIGOTTO;ANDADOR OLÉ CL - REF. IXAN5143CL;PP, AÇO, TECIDO / 590 X 690 X 550 MM / TRILHO PLÁSTICO COM BOTÃO DE TRAVA/DESTRAVA E REGULAGEM DE ALTURA / REBITES, PARAFUSOS E ENCAIXE DE PEÇAS PLÁSTICAS / BANDEJA COM 2 BRINQUEDOS DE PP E NYLON;7896502944248;Incluido;29/04/2026
587389/1937;Ativo;;29/04/2025;;;MD COMERCIO DE FERRAGENS LTDA;55274701000100;92981285408;AVENIDA JOAQUIM NABUCO;1094;A;69020030;Centro;Manaus;AM;mdcomerciodeferragensltda@gmail.com;PINGHU XIAOTIANDI CHILDREN''S PRODUCTS FACTORY;Andadores Infantis;Portaria Inmetro nº 129 de 19/03/2021;;IN2610925;Modelo 5;;S;China, República Popular;ULTRA BABY;REF: UBW-601 - ANDADOR INFANTIL MUSICAL PARA BEBÊ - NAVY BLUE / RED, GREEN / BLUE, ROYAL BLUE / TEAL, LIGHT PINK / LAVANDER, DARK PURPLE / PINK;MAT:PP,FERRO E POLIÉSTER/DIM:70X62,5X55CM/SIS_TRAV:LIBERAÇÃO EM 2 AÇÕES CONSECUTIVAS/SIS_MONT.E_FERRAGEM:MANUAL(SEM FERRAMENTA)/ACESSÓRIOS: N/A/CARACTERISTICAS_MODELO:ANDADOR COM BRINQUEDO ACOPLADO;7890012361120|7890012361137|7890012361144|7890012361151|7890012361168;Incluido;29/04/2025
639786/1962;Ativo;;19/06/2023;;;KCARVALHUS COMERCIO E SERVICOS EIRELI;24633386000137;1143798430;Rua Poeta João Cabral De Melo Neto,  Santa Maria - Osasco - SP;77;;06147020; Santa Maria ;Osasco ;SP;carlos.carvalho@kkbebe.com.br;PINGHU SHI XIAOTIANDI CHILDREN?S PRODUCTS FACTORY;Andadores Infantis;Portaria Inmetro nº 129 de 19/03/2021;;IN1823223;;;S;China, República Popular;KK bebê;ANDADOR INFANTIL PASSINHO FORTE / AZUL /ROSA , MATERIAL:PP,FERRO E POLIÉSTER/DIMENSÕES:63X57X53CM;SISTEMA DE TRAVAMENTO:LIBERAÇÃO EM DUAS AÇÕES CONSECUTIVAS/SISTEMA DE MONTAGEM E FERRAGEM: MANUAL (SEM FERRAMENTA)/ACESSÓRIOS:BRINQUEDOS/CARACTERISTICAS DO MODELO: ANDADOR COM BRINQUEDO FIXO ACOPLADO;7898711750108|7898711750115;Incluido;19/06/2023
343570/2024;Ativo;;06/05/2025;;;KAVOD BRASIL COMERCIO E IMPORTACAO DE PRODUTOS DE USO DOMESTICO LTDA;12389993000114;1136612389;Avenida Marquês de São Vicente;2219;Conj 1001;05036040;Água Branca;São Paulo;SP;adm@kababy.com.br;Tengzhou Lebeir Baby Carriage Co., Ltd.;Andadores Infantis;Portaria Inmetro nº 129 de 19/03/2021;;IN2610825;;;S;China, República Popular;KaBaby;DESIGNAÇÃO COMERCIAL: ANDADOR DE EMPURRAR STEP-UP KABABY CINZA/CÓDIGO DE REFERÊNCIA COMERCIAL: ANDADOR/QUANTIDADE: -/;MAT:PP/DIM:799x660x715mm/SIS_TRAV:LIBERAÇÃO EM DUAS AÇÕES CONSECUTIVAS/SIS_MONTAGEM/FERRAGEM:MANUAL SEM AUXILIO DE FERRAMENTA/ACESSORIOS:N/A/CARACT_DO_MODELO:ANDADOR COM BRINQUEDO ACOPLADO;7898605218394;Incluido;06/05/2025
150606/1942;Ativo;;09/09/2026;;;TUTTI BABY INDUSTRIA E COMERCIO DE ARTIGOS INFANTIS LTDA;06981862000129;4733794000;Rua Vicente Zanotti;177;Galpão 01;89381270;Industrial Zaferino ;Massaranduba;SC;heloiza.souza@tuttibaby.com.br;TUTTI BABY INDUSTRIA E COMERCIO DE ARTIGOS INFANTIS LTDA;Andadores Infantis;Portaria Inmetro nº 129 de 19/03/2021;;CE-AND/IQB 000013 57036/26-001;Modelo 5;;N;Brasil;TUTTI BABY;ANDADOR SAFARI - REF. 40002003,40002004,40002007,40003004,40004002,40004003;ESTRU.MET.:ACO TUBULAR,BRINQ:PLAST. DE ENG.,REVEST. TEXTIL:ALGODAO/51X61X70 CM/DOIS DISP. DE TRAV. INDEPENDENTES SENDO OPERADOS SIMULT./PARAFUSOS E MONT. DE PÇS PLAST./BRINQ. CERTIF.E ADESIVO-57036/26;7898431501615|7898431501622|7898431501639|7898431501684|7898431501691|7898431501707;Incluido;09/09/2026
731408/1941;Ativo;;17/06/2024;;;MEGA COMPRAS PRESENTES.COM LTDA;02561195000174;4191284769;RUA ELDORADO;511;511;09550720;PROSPERIDADE;SÃO CAETANO DO SUL;SP;contabilidade@grupogmac.com;HEBEI HAOKU CHILDREN TOYS CO., LTD;Andadores Infantis;Portaria Inmetro nº 129 de 19/03/2021;;IN2152424;;;S;China, República Popular;MEGA COMPRAS;ANDADOR PARA BEBÊS-PREMIUM-REF:MC923/MC923AZ/MC923RS/MC923CZ/MATERIAL:PP E POLIÉSTER/DIMENSÕES:65X 48X46 CM/ CONT: ANDADOR COM BRINQUEDO ACOPLADO;SISTEMA DE TRAVAMENTO:DOIS DISPOSITIVOS DE TRAVAMENTO INDEPENDENTES SENDO OPERADOS SIMULTÂNEAMENTE/SISTEMA DE MONTAGEM E FERRAGEM:MANUAL (SEM FERRAMENTA)/ACESSÓRIOS:BRINQUEDO/CARACTERISTICAS DO MODELO;7898692799028|7898692799578|7898692799585;Incluido;17/06/2024
880756/1945;Ativo;;07/08/2024;;;AMAZONAS IMPORTADOS LTDA;07269201000138;9691131654;Rua Independência;175;;68900090;Central;Macapa;AP;adriana.abreu@amazonasimportados.com.br;YIWU BALBIAN ELECTRONIC TECHNOLOGICAL CO., LTD;Andadores Infantis;Portaria Inmetro nº 129 de 19/03/2021;;IN2086424-4;;;S;China, República Popular;LÉ PETIT;MODE:BABY WALKER/REF:LP-9917/ CONT: ANDADOR COM BRINQUEDO ACOPLADO/VERSÕES:AZUL,VERMELHO,AMARELO,ROSA.;MAT:PP E POLIÉSTER/DIM:65X54X49CM/SIST DE TRAV:LIBERAÇÃO EM DUAS AÇÕES CONSECUTIVAS/SIST DE MONT E FERRA :MANUAL (SEM FERRAMENTA)/ACES:N/A.CARACTERISTICAS DO MODELO:;7453116024706;Incluido;07/08/2024
557258/1989;Ativo;;14/05/2026;;;UNI-ART IMPORT LTDA.;68168368000105;11952844300;AV DAS INDUSTRIAS ;755;;13288163;DIST.INDL B. STORANI;VINHEDO;SP; www.unitoys.com.br;QINGYUAN XINGLONG BALL PRODUCING CO., LTD.;Andadores Infantis;Portaria Inmetro nº 129 de 19/03/2021;;IN2985326;Modelo 5;;S;China, República Popular;UNITOYS;ANDADOR COM EMPURRADOR - N/A - 3726 AZUL/3726 ROSA;MAT:PP, POLIÉSTER E AÇO/DIM:50X60X102 CM/SIS_TRAV:LIBERAÇÃO EM DUAS AÇÕES CONSECUTIVAS/SIS_MONT E FERRG:MANUAL (SEM FERRAMENTA)/ACESS:N/A/CARACTERISTICAS DO MODELO:ANDADOR COM BANDEJA MUSICAL;7908901504395|7908901504401;Incluido;14/05/2026
174760/1972;Ativo;;07/08/2024;;;AMAZONAS IMPORTADOS LTDA;07269201000138;9691131654;Rua Independência;175;;68900090;Central;Macapa;AP;adriana.abreu@amazonasimportados.com.br;YIWU BALBIAN ELECTRONIC TECHNOLOGICAL CO., LTD;Andadores Infantis;Portaria Inmetro nº 129 de 19/03/2021;;IN2086424-4;;;S;China, República Popular;LÉ PETIT;MODE:BABY WALKER/REF:LP-9917/ CONT: ANDADOR COM BRINQUEDO ACOPLADO/VERSÕES:AZUL,VERMELHO,AMARELO,ROSA.;MAT:PP E POLIÉSTER/DIM:65X54X49CM/SIST DE TRAV:LIBERAÇÃO EM DUAS AÇÕES CONSECUTIVAS/SIST DE MONT E FERRA :MANUAL (SEM FERRAMENTA)/ACES:N/A.CARACTERISTICAS DO MODELO:;7453116024706;Incluido;07/08/2024
468764/1998;Ativo;;05/08/2021;;;GALZERANO INDUSTRIA DE CARRINHOS E BERCOS LTDA;43594977000197;19999947357;Via Prefeito Jurandyr Paixão;700;;13481149;Jd. Campo Belo;Limeira;SP;luisfernando.camargo@galzerano.com.br;GALZERANO INDUSTRIA DE CARRINHOS E BERCOS LTDA;Andadores Infantis;Portaria Inmetro nº 129 de 19/03/2021;;CE-AND/IQB 000006 54618/21-001;;;N;Brasil;GALZERANO;Ref.: 4050-Andador Torino. Versões: 4050PTR (Preto Rosa), 4050PTT (Preto Terracota);Mat Tec poliest Espum PP PA6 Master Tint Tub aço Itens fix/aviam CxLxA(cm) 71x62,5x51,5 Trav Trilh plást c/ botão destrav e reg alt Acess Band brinq não remove retrov Caract Tec Pçs plást Tint Ferrage;7908200102193|7908200102209;Excluido;01/09/2021
762768/2024;Inativo;;11/01/2023;;;COMPANHIA DOREL BRASIL PRODUTOS INFANTIS;10659948000883;2135547024;Av. Nilo Peçanha;1516 ;Galpão 3 ;28030035;Pq dos Rodoviários;Campos dos Goytacaze;RJ;standard@dorel.com.br;Jin Sun Gee Plastics Co., Ltd;Andadores Infantis;Portaria Inmetro nº 129 de 19/03/2021;;IN1701622-4;;;S;Formosa (Taiwan);Voyage;BG1401. Nome comercial: Buggy. Versões: Azul, Rosa.;PP,PVC,Ferro,POM,PU,Pol, 42x58.5x65cm. Trav:Lib.2 ações cons,Mont:Manual, Aces. Brinq.;7898509475206|7898509475213;Incluido;11/01/2023
056783/1951;Ativo;;03/04/2023;;;PLANETA - IMPORTACAO E DISTRIBUICAO DE BRINQUEDOS LTDA;13434272000141;1138951572;AV VASCO MASSAFELI;1000;G1A M1-21;06703600;JARDIM MARIA TEREZA;COTIA;SP;admin@planetadobebe.com.br;HEBEI WANXIN CHILDREN TOYS CO.,LTD.;Andadores Infantis;Portaria Inmetro nº 129 de 19/03/2021;;IN1765923;Modelo 5;;S;China, República Popular;MAXI BABY;NW-01 - ANDADOR LA BAMBA;MAT:PP PARTES EM ABS, AÇO DE ALTO CARB RODA ELAST.TERMO., PVC/DIM:580X680X550/SIS TRA:LIBERA.EM 2 AÇÕES CONSEC. SIS DE MON E FER:MAN.(S/ FER)/ACE:BANDEJA COM BRINQ/CAR MOD:AND COM BRINQ(BAND.A MUS.);7899403215370|7899403215387;Excluido;22/12/2025
350787/1977;Ativo;;07/03/2024;;;MADHULA COMERCIO DE ARTIGOS ELETROELETRONICOS LTDA;03838532000190;63881924131;Rua Marcilio Dias;166;;69005270;Centro;Manaus;AM;ltdamcg@gmail.com;PINGHU SHI XIAOTIANDI CHILDREN''S PRODUCTS FACTORY;Andadores Infantis;Portaria Inmetro nº 129 de 19/03/2021;;IN2088024;;;S;China, República Popular;BENMEK;ANDADOR MADHULA - MA101 - ROSA-MA101R/AZUL-MA101A/VERDE-MA101V/LARANJA-MA101L;MAT.:PP,FERRO E POLIÉSTER/DIM.:63X57X53CM/SIST.TRAVA.:LIBERAÇÃO EM DUAS AÇÕES CONSECUTIVAS/SIST.MONT.FERRA.:MANUAL(SEM FERRAMENTA)/ACESSÓRIOS:N/A/CARACTERISTICAS DO MODELO: ANDADOR COM BRINQUEDO;6901031000158;Incluido;07/03/2024
644791/2003;Ativo;;29/04/2024;;;TAPUZIM COMERCIAL LTDA;00513418000100;113856906;Av. Monte Celeste;230;250;02561000;Vila S. Maria;São Paulo;SP;sergio@babystylebrasil.com.br;SHEN ZHEN WEI MEI CHILDCARE PRODUCT LIMITED COMPANY;Andadores Infantis;Portaria Inmetro nº 129 de 19/03/2021;;IN2118124-2;;;S;China, República Popular;Baby Style;ANDADOR FOGUETE - FOGUETE CINZA E FOGUETE ROSA;MATERIAL:PP/DIM:62X53X78CM/SISTEMA DE TRAVAME:LIBERA EM 2 AÇÕES CONSECUTIVAS/MANUAL/ACESSÓRIOS:N/A/CARACT DO MODELO:ANDADOR C BRINQUEDO NA BANDEJA;4079337285219|4079337296543;Incluido;29/04/2024
046125/1951;Inativo;;12/01/2023;;;COMPANHIA DOREL BRASIL PRODUTOS INFANTIS;10659948000883;2135547024;Av. Nilo Peçanha;1516 ;Galpão 3 ;28030035;Pq dos Rodoviários;Campos dos Goytacaze;RJ;standard@dorel.com.br;Jin Sun Gee Plastics Co., Ltd;Andadores Infantis;Portaria Inmetro nº 129 de 19/03/2021;;IN1701622-3;;;S;Formosa (Taiwan);Safety 1st;HE001. Nome comercial: Spacewalker 3 em 1. Versões: Grey, Orange.;PP,Ferro,Aço,ABS,PVC,POM,TPR,MB475,Pol,65.5x50x71.5cm.Trav:Lib.2ações cons.,Mont:Manual.Aces.Brinq.;7908238803932|7908238803949;Incluido;12/01/2023
938806/1929;Ativo;;27/08/2026;;;MADHULA COMERCIO DE ARTIGOS ELETROELETRONICOS LTDA;03838532000190;92994433107;Rua Marcilio Dias;166;;69005270;Centro;Manaus;AM;mayapunjwani@gmail.com;PINGHU XIAOTIANDI CHILDREN?S PRODUCTS FACTORY;Andadores Infantis;Portaria Inmetro nº 129 de 19/03/2021;;IN3141126-2;Modelo 5;;S;China, República Popular;BENMEK;ANDADOR MADHULA/ MA101/ Rosa - MA101R/ Azul - MA101A/ Verde - MA101V/ Laranja - MA101L;MAT.:PP, FERRO E POLIÉSTER/DIM.:63X57X53 CM/SIST. DE TRAV.:LIBERAÇÃO EM DUAS AÇÕES CONSECUTIVAS/SIST. MONT. E FERR.:MANUAL (SEM FERRAMENTA)/ACESS.:BRINQUEDO/CARACT. DO MOD.:ANDADOR COM BRINQUEDO;6901031000158;Incluido;27/08/2026
232810/1956;Ativo;;14/08/2019;;;BAMBOO COMERCIO, IMPORTAÇÃO E EXPORTAÇÃO EIRELI-EPP;27115224000103;8132419265;Rua. Alegre;154;Galpão A;52120125;Arruda;Recife;PE;bamboo@yescert.com.br;ZHEJIANG KINTEX INTERNATIONAL TRADING CO., LTD;Andadores Infantis;Portaria Inmetro nº 129 de 19/03/2021;;IN1632922;;;S;China, República Popular;BAMBOO;NOME FANTASIA: ANDAJAR GUGU MODELO: MD-18 CORES: VERDE;PLÁSTICO, METAL E FIBRA TÊXTIL,520 x 560 x 620 mm,MANUAL,MANUAL,BANDEJA, VOLANTE DO PUXADOR.;7909312341029;Excluido;22/07/2022
957944/2018;Ativo;;06/03/2023;;;BURIGOTTO S A INDUSTRIA E COMERCIO;51460277000138;1934464813;Rua Martino Dragone;280;;13480308;Jardim Santa Barbara;Liemira;SP;alison.smanioto@burigotto.com;JIN SUN GEE PLASTICS CO., LTD;Andadores Infantis;Portaria Inmetro nº 129 de 19/03/2021;;CE-AND/IQB 000004 55573/23-001;Modelo 5;;S;Formosa (Taiwan);BURIGOTTO;ANDADOR OLÉ CL (REF.COM.  IXAN5143CL);PP, AÇO, TECIDO / 590 X 690 X 550 MM / TRILHO PLÁSTICO COM BOTÃO DE TRAVA/DESTRAVA E REGULAGEM DE ALTURA / REBITES, PARAFUSOS E ENCAIXE DE PEÇAS PLÁSTICAS / BANDEJA COM 2 BRINQUEDOS DE PP E NYLON;7896502944248;Excluido;29/04/2026
206768/1973;Ativo;;16/07/2025;;;KIDDO INDUSTRIA E COMERCIO LTDA;60688090000187;1147870744;Rodovia Regis Bittencourt ;3666;;06793000;Jardim Três Marias ;Taboão da Serra;SP;m.nascimento@kiddo.com.br;JIN SUN GEE PLASTIC CO., LTD;Andadores Infantis;Portaria Inmetro nº 129 de 19/03/2021;;IN2735125;Modelo 5;;S;China, República Popular;Whoop;ANDADOR PASSINHOS 2 EM 1 REF. 8701/CINZA/ROSA/AZUL;MATERIAL:PP. POLIES/DIMENSÕES:59,5X68X53CM/SIST.DE.TRAVAM.:LIBER.EM DUAS AÇÕES CONSECUTIVAS/SIST.DE.MONTAG.E.FERRAGEM:MANUAL (SEM AUX. DE FERRAM)/ACESSÓRIOS:BRINQ./CARACT. DO MODELO:ANDADOR C/ BRINQ.;7896517223871|7896517223888|7896517223895;Incluido;16/07/2025
526814/1982;Ativo;;05/08/2021;;;GALZERANO INDUSTRIA DE CARRINHOS E BERCOS LTDA;43594977000197;19999947357;Via Prefeito Jurandyr Paixão;700;;13481149;Jd. Campo Belo;Limeira;SP;luisfernando.camargo@galzerano.com.br;GALZERANO INDUSTRIA DE CARRINHOS E BERCOS LTDA;Andadores Infantis;Portaria Inmetro nº 129 de 19/03/2021;;CE-AND/IQB 000006 54618/21-001;;;N;Brasil;GALZERANO;Ref.: 4050-Andador Torino. Versões: 4050RO (Rosa), 4050TER (Terracota);Mat Tec poliest TNT Espum PP PA6 Master Tint Tub aço Item fix/aviam CxLxA(cm) 71x62,5x51,5 Trav Trilh plást c/ botão destrav e reg alt Acess Band brinq não remov retrov Carac Tec Pçs plást Tint Ferrag;7908200102247|7908200102254;Excluido;11/05/2022
820818/2008;Ativo;;12/11/2024;;;CACANDO OFERTAS LTDA;23230465000134;11976586700;Rua José Ferreira Crespo;752;Sala 1;08021480;Jardim São Vicente;São Paulo;SP;diegofrancisco22@bol.com.br;STYLL ADMINISTRACAO, INVESTIMENTOS, LOCACOES & SERVICOS LIMITADA;Andadores Infantis;Portaria Inmetro nº 129 de 19/03/2021;;IN2382924;;;N;Brasil;ClickBaby's;Andador Happy baby - Versões AZUL-HAPPY BABY ROSA-HAPPY BABY LARANJA-HAPPY BABY;Mat.Aço Polipropileno.Dim:640x570x470cm.Sist.Trav. Liberação duas ações consecutivas.Sist de Mont e Ferrag:Manual sem ferramenta.Acess: Bandeja c/Brinquedo.Caract/modelo:Andador c/brinquedo na bandeja;7898975097001|7898975097018|7898975097025;Incluido;12/11/2024
673358/1957;Inativo;;09/02/2022;;;COMPANHIA DOREL BRASIL PRODUTOS INFANTIS;10659948000107;02135547024;Av. Nilo Peçanha;1516 /1582;Térreo;28030035;Pq dos Rodoviários;Campos dos Goytacaze;RJ;mariana.magalhaes@dorel.com.br;Dong Guan Hua Song Plastic Products Co.Ltd;Andadores Infantis;Portaria Inmetro nº 42 de 19/01/2018;;IN1512522;;;S;China, República Popular;Safety 1st;11389.  Melody Garden;Pol.,PP,Aço. 65x55x66cm. Aut.c/lib.em 2 ações consec.,Manual. Acessórios: Brinquedo(centro de atividades);9312541727119;Incluido;09/02/2022
549404/2018;Inativo;;11/01/2023;;;COMPANHIA DOREL BRASIL PRODUTOS INFANTIS;10659948000883;2135547024;Av. Nilo Peçanha;1516 ;Galpão 3 ;28030035;Pq dos Rodoviários;Campos dos Goytacaze;RJ;standard@dorel.com.br;Jin Sun Gee Plastics Co., Ltd;Andadores Infantis;Portaria Inmetro nº 129 de 19/03/2021;;IN1722522;;;S;Formosa (Taiwan);Cosco;BG-1518. Nome comercial: Follow. Versões: Azul e Laranja.;Ferro, plástico, PP,PET, PU e poliéster. 60 x 49 x 68 cm.Trav:Lib.2 ações cons., Encaixe,aces: Brinquedos.;7908238808043|7908238808050;Incluido;11/01/2023
114833/1935;Inativo;;02/04/2020;;;Galzerano Indústria de Carrinhos e Berços Ltda;43594977000197;1934043030;Via Prefeito Jurandyr Paixão;700;;13481149;Jd. Campo Belo;Limeira;SP;luisfernando.camargo@galzerano.com.br;FOSHAN SHUNDE QIJUN TOYS CO., LTD;Andadores Infantis;Portaria Inmetro nº 42 de 19/01/2018;;CE-AND/IQB 000006 53487/19-001;;;S;China, República Popular;GALZERANO;Ref.: 4090 - Liam. Versões: 4090CZ (Cinza), 4090PT (Preto);Mat: Tec poli Espum Resin plást Tinta Ferragens. Dim: 70x65x54(cm). Sist Trav: Trilho plást c/ botão destrav e reg de altura. Sist mont/ferragem: Manual. Acess: Bandej brinq não removív e retrovisores;7908200101431|7908200101448;Incluido;02/04/2020
851262/2015;Ativo;;05/08/2021;;;GALZERANO INDUSTRIA DE CARRINHOS E BERCOS LTDA;43594977000197;19999947357;Via Prefeito Jurandyr Paixão;700;;13481149;Jd. Campo Belo;Limeira;SP;luisfernando.camargo@galzerano.com.br;GALZERANO INDUSTRIA DE CARRINHOS E BERCOS LTDA;Andadores Infantis;Portaria Inmetro nº 129 de 19/03/2021;;CE-AND/IQB 000006 54618/21-001;;;N;Brasil;GALZERANO;Ref.: 4050-Andador Torino. Versões: 4050EST (Estrela), 4050SPR (Spring);Tecido Pes, TNT, Espuma, PP, PA6, Master, Tinta, Tubo de aço. CxLxA(cm) 71x62,5x51,5 Travamento: Trilho plástico c/ botão de destrave e regulagem de altura. Montagem: Manual. Acess: Brinquedo acoplado;7908200102520|7908200102537;Incluido;17/01/2024
408837/1961;Ativo;;29/04/2024;;;TAPUZIM COMERCIAL LTDA;00513418000100;1138569063;Av. Monte Celeste;230;250;02561000;Vila S. Maria;São Paulo;SP;sergio@babystylebrasil.com.br;SHEN ZHEN WEI MEI CHILDCARE PRODUCT LIMITED COMPANY;Andadores Infantis;Portaria Inmetro nº 129 de 19/03/2021;;IN2118124-1;;;S;China, República Popular;Baby Style;ANDADOR SMART - SMART AZUL E SMART ROSA;PP,62 X 53 X 78CM,LIBERAÇÃO EM DUAS AÇÕES CONSECUTIVAS,MANUAL (SEM FERRAMENTA),ACESSÓRIOS:N/A/CARAC MODELO:ANDADOR C BRINQUEDO NA BANDEJA;4079337307416|4079337313325;Incluido;29/04/2024
702841/1987;Ativo;;20/10/2022;;;STYLL ADMINISTRACAO, INVESTIMENTOS, LOCACOES & SERVICOS LIMITADA;22475905000231;11994300960;Rua Marcio Carlim;401;;13849226;Parque Industrial;Mogi Guaçu;SP;alexandre@styll.com.br;STYLL ADMINISTRACAO, INVESTIMENTOS, LOCACOES & SERVICOS LIMITADA;Andadores Infantis;Portaria Inmetro nº 129 de 19/03/2021;;IN1679022;Modelo 5;;N;Brasil;STYLL BABY;ANDADOR SOFT WAY / V:V:AZ.SON.(AND-98.001-05)/RO.SON.(AND-98.002-05)/LAR.SON.(AND-98.003-05)/GUARÁ AZ.(AND-50.022-01)/GUARÁ RO.(AND-50.022-02)/GUARÁ LAR.(AND-50.022-03)/VE.SON.(AND-99.009-68)/AZ.CLÁS.(AND-98.001-04)/RO.CLÁS.(AND-98.002-04))/...;MAT:AÇO,POLIPR. E POLIÉ./DIM:640X570X470MM/SIS.DE TRAV:CATRA.EM BAI.DA BAN.(LIBER. EM DU.AÇÕ.CONS.)/SIST.DE MON.E FERR.:MANUAL(COM CHA.PHI.NÃO INCL.)/ACES:BAND.COM BRIN./ CONT.VERSÔES;7898488590037|7898488590440|7898488590457|7898488590464|7898488590624|7898488599849|7898488599856|7898488599863|7898488599870|7898488599887|789848859994;Incluido;20/10/2022
591154/1943;Inativo;;24/09/2019;;;Galzerano Indústria de Carrinhos e Berços Ltda;43594977000197;1934043030;Via Prefeito Jurandyr Paixão;700;;13481149;Jd. Campo Belo;Limeira;SP;luisfernando.camargo@galzerano.com.br;SHEN ZHEN WEI MEI CHILDCARE PRODUCT LIMITED COMPANY;Andadores Infantis;Portaria Inmetro nº 42 de 19/01/2018;;CE-AND/IQB 000006 53504/20-001;;;S;China, República Popular;GALZERANO;Andador de bebê 4 em 1 Funny - Versões: Color (CR), Verde Água (VDA);Mat Tec poli Espum Resin plást Itens fix Dimens 75Cx71Lx55A(cm) Sist trav Dobradiç plást c/ botã acion Sist mont frenag Encaix manua Mod Andador c/ módul sonor Pçs girat Cores divers Acess Brinq remov;7898089221477|7898089221996;Incluido;24/09/2019
551616/1930;Ativo;;29/04/2024;;;TAPUZIM COMERCIAL LTDA;00513418000100;1138569063;Av. Monte Celeste;230;250;02561000;Vila S. Maria;São Paulo;SP;sergio@babystylebrasil.com.br;SHEN ZHEN WEI MEI CHILDCARE PRODUCT LIMITED COMPANY;Andadores Infantis;Portaria Inmetro nº 129 de 19/03/2021;;IN2118124-1;;;S;China, República Popular;Baby Style;ANDADOR SMART - SMART AZUL E SMART ROSA;PP,62 X 53 X 78CM,LIBERAÇÃO EM DUAS AÇÕES CONSECUTIVAS,MANUAL (SEM FERRAMENTA),ACESSÓRIOS:N/A/CARAC MODELO:ANDADOR C BRINQUEDO NA BANDEJA;4079337307416|4079337313325;Incluido;29/04/2024
996845/2013;Ativo;;03/04/2023;;;PLANETA - IMPORTACAO E DISTRIBUICAO DE BRINQUEDOS LTDA;13434272000141;1138951572;AV VASCO MASSAFELI;1000;G1A M1-21;06703600;JARDIM MARIA TEREZA;COTIA;SP;admin@planetadobebe.com.br;HEBEI WANXIN CHILDREN TOYS CO.,LTD.;Andadores Infantis;Portaria Inmetro nº 129 de 19/03/2021;;IN1765923;Modelo 5;;S;China, República Popular;MAXI BABY;NW-01 - ANDADOR LA BAMBA  / (...) COM BRINQUEDOS/CAR MOD:AND COM BRINQUEDO(BANDEJA MUSICAL);MAT:PP E PARTES EM ABS, AÇO DE ALTO CARB RODA ELASTÔMERO TERMOPLÁSTICO, PVC/DIM:580X680X550(LXCXH)/SIS TRA:LIBERAÇÃO EM DUAS AÇÕES CONSECUTIVAS SIS DE MON E FER:MANUAL(S/ FERRAMENTA)/ACE:BANDEJA (...);7899403215370|7899403215387;Excluido;28/02/2025
677123/1963;Ativo;;29/04/2025;;;MD COMERCIO DE FERRAGENS LTDA;55274701000100;92981285408;AVENIDA JOAQUIM NABUCO;1094;A;69020030;Centro;Manaus;AM;mdcomerciodeferragensltda@gmail.com;PINGHU XIAOTIANDI CHILDREN''S PRODUCTS FACTORY;Andadores Infantis;Portaria Inmetro nº 129 de 19/03/2021;;IN2610925;Modelo 5;;S;China, República Popular;ULTRA BABY;REF: UBW-601 - ANDADOR INFANTIL MUSICAL PARA BEBÊ - NAVY BLUE / RED, GREEN / BLUE, ROYAL BLUE / TEAL, LIGHT PINK / LAVANDER, DARK PURPLE / PINK;MAT:PP,FERRO E POLIÉSTER/DIM:70X62,5X55CM/SIS_TRAV:LIBERAÇÃO EM 2 AÇÕES CONSECUTIVAS/SIS_MONT.E_FERRAGEM:MANUAL(SEM FERRAMENTA)/ACESSÓRIOS: N/A/CARACTERISTICAS_MODELO:ANDADOR COM BRINQUEDO ACOPLADO;7890012361120|7890012361137|7890012361144|7890012361151|7890012361168;Incluido;29/04/2025
607778/1961;Ativo;;22/11/2023;;;JASSUMAL LTDA;04214425000154;62811924131;AV SETE SETEMBRO;852;;69005140;CENTRO;MANAUS;AM;dgjohnny@gmail.com;PINGHU SHI XIAOTIANDI CHILDREN?S PRODUCTS FACTORY;Andadores Infantis;Portaria Inmetro nº 129 de 19/03/2021;;IN1984323;;;S;China, República Popular;BABY SPORTS;ANDADOR JASSUMAL /REF: BS103 /VERSÕES:Azul Claro e Escuro - BS103A/Rosa Claro e Escuro - BS103R/Roxo e Rosa Escuro - BS103RR;MATERIAL:PP, FERRO E POLIÉSTER|DIMENSÕES:63 X 57 X 53 CM|SISTEMA DE TRAVAMENTO:LIBERAÇÃO EM DUAS AÇÕES CONSECUTIVAS|SISTEMA DE MONTAGEM E FERRAGEM:MANUAL (SEM FERRAMENTA)|ACESSÓRIOS:N/A|CARACTERISTICA;6901041000155;Incluido;22/11/2023
905234/1934;Ativo;;29/04/2024;;;TAPUZIM COMERCIAL LTDA;00513418000100;113856906;Av. Monte Celeste;230;250;02561000;Vila S. Maria;São Paulo;SP;sergio@babystylebrasil.com.br;SHEN ZHEN WEI MEI CHILDCARE PRODUCT LIMITED COMPANY;Andadores Infantis;Portaria Inmetro nº 129 de 19/03/2021;;IN2118124-2;;;S;China, República Popular;Baby Style;ANDADOR FOGUETE - FOGUETE CINZA E FOGUETE ROSA;MATERIAL:PP/DIM:62X53X78CM/SISTEMA DE TRAVAME:LIBERA EM 2 AÇÕES CONSECUTIVAS/MANUAL/ACESSÓRIOS:N/A/CARACT DO MODELO:ANDADOR C BRINQUEDO NA BANDEJA;4079337285219|4079337296543;Incluido;29/04/2024
742379/2000;Inativo;;14/01/2021;;;GALZERANO INDUSTRIA DE CARRINHOS E BERCOS LTDA;43594977000197;1934043030;Via Prefeito Jurandyr Paixão;700;;13481149;Jd. Campo Belo;Limeira;SP;luisfernando.camargo@galzerano.com.br;HUNGSENG HARDWARE PLASTIC (DG) CORP., LTD;Andadores Infantis;Portaria Inmetro nº 42 de 19/01/2018;;CE-AND/IQB 000006 54018/20-001;;;S;China, República Popular;GALZERANO;Ref.: 4015-Andador 3 em 1 Fênix. Versões: 4015CR (Color);Mat Tec polié Espum Resin plást Itens fixação Dimens 103x103x72(cm) Sist travamento suporte plástico c/ encaixe Sist montagem/ferragem encaixes manuais Acessório: Bandeja de brinquedos não removíveis;7908200101936;Incluido;14/01/2021
290860/1940;Ativo;;05/08/2021;;;GALZERANO INDUSTRIA DE CARRINHOS E BERCOS LTDA;43594977000197;19999947357;Via Prefeito Jurandyr Paixão;700;;13481149;Jd. Campo Belo;Limeira;SP;luisfernando.camargo@galzerano.com.br;GALZERANO INDUSTRIA DE CARRINHOS E BERCOS LTDA;Andadores Infantis;Portaria Inmetro nº 129 de 19/03/2021;;CE-AND/IQB 000006 54618/21-001;;;N;Brasil;GALZERANO;Ref.: 4050-Andador Torino. Versões: 4050PTR (Preto Rosa), 4050PTT (Preto Terracota);Mat Tec poliest Espum PP PA6 Master Tint Tub aço Itens fix/aviam CxLxA(cm) 71x62,5x51,5 Trav Trilh plást c/ botão destrav e reg alt Acess Band brinq não remove retrov Caract Tec Pçs plást Tint Ferrage;7908200102193|7908200102209;Excluido;01/09/2021
584864/1966;Ativo;;01/07/2026;;;APS IMPORTACAO EXPORTACAO DISTRIBUICAO LTDA;44540981000135;11974642778;EST GERAL DE MEDEIROS;20;SALA 05;88390000;MEDEIROS;BARRA VELHA;SC;orquestra@yescert.com.br;Tengzhou Lebeir Baby Carriage Co., Ltd.;Andadores Infantis;Portaria Inmetro nº 129 de 19/03/2021;;IN3076626;Modelo 5;;S;China, República Popular;TOYS&TOYS;MOD:ANDADOR MUSICAL PARA BEBES/INFANTIL/CÓD DE REFERÊNCIA COMERCIAL: ANDADOR MUSICAL V:CINZA - 310552,MARROM - 310569,AZUL - 310576,ROSA 310583;Mat:PP/Dim:799x660x715mm/Sist de Travam: Dois dispositivos de travam independentes sendo operados simult/Sist de Mont e Ferr:Manual (sem ferram)/Acess:N/A/Caract do modelo:ANDADOR COM BRINQ.MUSICAL AC;7908888310552|7908888310569|7908888310576|7908888310583;Incluido;01/07/2026
328510/2000;Ativo;;19/06/2023;;;KCARVALHUS COMERCIO E SERVICOS EIRELI;24633386000137;1143798430;Rua Poeta João Cabral De Melo Neto,  Santa Maria - Osasco - SP;77;;06147020; Santa Maria ;Osasco ;SP;carlos.carvalho@kkbebe.com.br;PINGHU SHI XIAOTIANDI CHILDREN?S PRODUCTS FACTORY;Andadores Infantis;Portaria Inmetro nº 129 de 19/03/2021;;IN1823223;;;S;China, República Popular;KK bebê;ANDADOR INFANTIL PASSINHO FORTE / AZUL /ROSA , MATERIAL:PP,FERRO E POLIÉSTER/DIMENSÕES:63X57X53CM;SISTEMA DE TRAVAMENTO:LIBERAÇÃO EM DUAS AÇÕES CONSECUTIVAS/SISTEMA DE MONTAGEM E FERRAGEM: MANUAL (SEM FERRAMENTA)/ACESSÓRIOS:BRINQUEDOS/CARACTERISTICAS DO MODELO: ANDADOR COM BRINQUEDO FIXO ACOPLADO;7898711750108|7898711750115;Incluido;19/06/2023
878868/1992;Ativo;;29/04/2025;;;MD COMERCIO DE FERRAGENS LTDA;55274701000100;92981285408;AVENIDA JOAQUIM NABUCO;1094;A;69020030;Centro;Manaus;AM;mdcomerciodeferragensltda@gmail.com;PINGHU XIAOTIANDI CHILDREN''S PRODUCTS FACTORY;Andadores Infantis;Portaria Inmetro nº 129 de 19/03/2021;;IN2610925;Modelo 5;;S;China, República Popular;ULTRA BABY;REF: UBW-601 - ANDADOR INFANTIL MUSICAL PARA BEBÊ - NAVY BLUE / RED, GREEN / BLUE, ROYAL BLUE / TEAL, LIGHT PINK / LAVANDER, DARK PURPLE / PINK;MAT:PP,FERRO E POLIÉSTER/DIM:70X62,5X55CM/SIS_TRAV:LIBERAÇÃO EM 2 AÇÕES CONSECUTIVAS/SIS_MONT.E_FERRAGEM:MANUAL(SEM FERRAMENTA)/ACESSÓRIOS: N/A/CARACTERISTICAS_MODELO:ANDADOR COM BRINQUEDO ACOPLADO;7890012361120|7890012361137|7890012361144|7890012361151|7890012361168;Incluido;29/04/2025
757763/1983;Ativo;;02/09/2026;;;BAGATOLI COMERCIO DE REFRIGERACAO LTDA;00897750000108;47984556257;BR-470;8105;;89058020;FORTALEZA ALTA;BLUMENAU;SC;digitalpriceconsultoria@gmail.com;PINGHU XIAOTIANDI CHILDREN?S PRODUCTS FACTORY;Andadores Infantis;Portaria Inmetro nº 129 de 19/03/2021;;IN3155526;Modelo 5;;S;China, República Popular;BAGATOLI KIDS;MOD: ANDADOR INFANTIL PULSE/ N.COM: PULSE/ V.: ROSA, AZUL, CINZA;MAT.:PP,POLIÉSTER,AÇO/DIM.:51X61X69CM/SIST.TRAV.:LIB.2 AÇÕES CONSEC./SIST.MONT.FERR.:REBITES,PARAF.E ENCAIXE PEÇAS PLÁST./ACESS.:BRINQ.NA BANDEJA/CARACT.MOD.:ANDADOR C/BRINQ.;7901030400859|7901030400866|7901030400873;Incluido;02/09/2026
699400/1940;Ativo;;05/08/2021;;;GALZERANO INDUSTRIA DE CARRINHOS E BERCOS LTDA;43594977000197;19999947357;Via Prefeito Jurandyr Paixão;700;;13481149;Jd. Campo Belo;Limeira;SP;luisfernando.camargo@galzerano.com.br;GALZERANO INDUSTRIA DE CARRINHOS E BERCOS LTDA;Andadores Infantis;Portaria Inmetro nº 129 de 19/03/2021;;CE-AND/IQB 000006 54618/21-001;;;N;Brasil;GALZERANO;Ref.: 4050-Andador Torino. Versões: 4050RO (Rosa), 4050TER (Terracota), 4050EST (Estrela), 4050SPR (Spring) - Material: Tecido poliéster, TNT, Espuma, PP, PA6, Master, Tinta, Tubo de aço, Itens de fixação e aviamentos. Dimensões: CxLxA (cm) 71x62,5x51,5. Sistema de travamento: Trilho plástico com botão de destrave e regulagem de altura;Sistema de montagem/ferragem: Manual. Acessórios que venham com o produto: Bandeja de brinquedos não removível, Características do modelo: Tecidos, Peças plásticas, Tinta, Ferragens;7908200102247|7908200102254|7908200102520|7908200102537;Excluido;17/01/2024
172872/2019;Inativo;;14/01/2021;;;GALZERANO INDUSTRIA DE CARRINHOS E BERCOS LTDA;43594977000197;1934043030;Via Prefeito Jurandyr Paixão;700;;13481149;Jd. Campo Belo;Limeira;SP;luisfernando.camargo@galzerano.com.br;WEIMEI MEI CHILDCARE PRODUCT (HUIZHOU) LTD., CO;Andadores Infantis;Portaria Inmetro nº 42 de 19/01/2018;;CE-AND/IQB 000006 54025/20-001;;;S;China, República Popular;GALZERANO;Ref.: 4030-Andador 4 em 1 Funny. Versões: 4030CR (Color), 4030VDA (Verde Água);Mat Tec polié Espuma Resina plást Itens fixação Dimens 75x71x55(cm) Sist travament dobradiça plást c/ botão acionament Sist montagem/ferragem encaixe manual Acessórios manuais brinquedos removíveis;7898089221477|7898089221996;Incluido;14/01/2021
075932/1940;Ativo;;30/08/2021;;;TA TE TI INDUSTRIA E COMERCIO DE BRINQUEDOS EDUCATIVOS LTDA;30261120000103;4732422225;RUA TIRADENTES;230;;89107000;CENTRO;POMERODE;SC;qualidade3@grupocalesita.com.br;TA TE TI INDUSTRIA E COMERCIO DE BRINQUEDOS EDUCATIVOS LTDA;Andadores Infantis;Portaria Inmetro nº 129 de 19/03/2021;;CE-AND/IQB 000010 55962/23-001;Modelo 5;;N;Brasil;Tateti;Ref.915 - Move Baby Rosa;PP, METAL, TECIDO POLIESTER. DIMENSAO: 70,20X59,83X49,12CM. SIST. TRAVAMENTO:FREIO DIANTEIRO E TRASEIRO. SIST DE MONTAGEM: MANUAL/PARAFUSOS PP. ACESSORIOS:BANDEJA DE BRINQUEDOS;7898664632247;Incluido;02/03/2026
320980/1988;Inativo;;11/01/2023;;;COMPANHIA DOREL BRASIL PRODUTOS INFANTIS;10659948000883;2135547024;Av. Nilo Peçanha;1516 ;Galpão 3 ;28030035;Pq dos Rodoviários;Campos dos Goytacaze;RJ;standard@dorel.com.br;Jin Sun Gee Plastics Co., Ltd;Andadores Infantis;Portaria Inmetro nº 129 de 19/03/2021;;IN1722522;;;S;Formosa (Taiwan);Cosco;BG-1518. Nome comercial: Follow. Versões: Azul e Laranja.;Ferro, plástico, PP,PET, PU e poliéster. 60 x 49 x 68 cm.Trav:Lib.2 ações cons., Encaixe,aces: Brinquedos.;7908238808043|7908238808050;Incluido;11/01/2023
466887/1945;Ativo;;07/03/2024;;;MADHULA COMERCIO DE ARTIGOS ELETROELETRONICOS LTDA;03838532000190;63881924131;Rua Marcilio Dias;166;;69005270;Centro;Manaus;AM;ltdamcg@gmail.com;PINGHU SHI XIAOTIANDI CHILDREN''S PRODUCTS FACTORY;Andadores Infantis;Portaria Inmetro nº 129 de 19/03/2021;;IN2088024;;;S;China, República Popular;BENMEK;ANDADOR MADHULA - MA101 - ROSA-MA101R/AZUL-MA101A/VERDE-MA101V/LARANJA-MA101L;MAT.:PP,FERRO E POLIÉSTER/DIM.:63X57X53CM/SIST.TRAVA.:LIBERAÇÃO EM DUAS AÇÕES CONSECUTIVAS/SIST.MONT.FERRA.:MANUAL(SEM FERRAMENTA)/ACESSÓRIOS:N/A/CARACTERISTICAS DO MODELO: ANDADOR COM BRINQUEDO;6901031000158;Incluido;07/03/2024
053655/1963;Ativo;;29/04/2025;;;MD COMERCIO DE FERRAGENS LTDA;55274701000100;92981285408;AVENIDA JOAQUIM NABUCO;1094;A;69020030;Centro;Manaus;AM;mdcomerciodeferragensltda@gmail.com;PINGHU XIAOTIANDI CHILDREN''S PRODUCTS FACTORY;Andadores Infantis;Portaria Inmetro nº 129 de 19/03/2021;;IN2610925;Modelo 5;;S;China, República Popular;ULTRA BABY;REF: UBW-601 - ANDADOR INFANTIL MUSICAL PARA BEBÊ - NAVY BLUE / RED, GREEN / BLUE, ROYAL BLUE / TEAL, LIGHT PINK / LAVANDER, DARK PURPLE / PINK;MAT:PP,FERRO E POLIÉSTER/DIM:70X62,5X55CM/SIS_TRAV:LIBERAÇÃO EM 2 AÇÕES CONSECUTIVAS/SIS_MONT.E_FERRAGEM:MANUAL(SEM FERRAMENTA)/ACESSÓRIOS: N/A/CARACTERISTICAS_MODELO:ANDADOR COM BRINQUEDO ACOPLADO;7890012361120|7890012361137|7890012361144|7890012361151|7890012361168;Incluido;29/04/2025
798552/1931;Ativo;;09/09/2026;;;TUTTI BABY INDUSTRIA E COMERCIO DE ARTIGOS INFANTIS LTDA;06981862000129;4733794000;Rua Vicente Zanotti;177;Galpão 01;89381270;Industrial Zaferino ;Massaranduba;SC;heloiza.souza@tuttibaby.com.br;TUTTI BABY INDUSTRIA E COMERCIO DE ARTIGOS INFANTIS LTDA;Andadores Infantis;Portaria Inmetro nº 129 de 19/03/2021;;CE-AND/IQB 000013 57036/26-001;Modelo 5;;N;Brasil;TUTTI BABY;ANDADOR SAFARI - REF. 40002003,40002004,40002007,40003004,40004002,40004003;ESTRU.MET.:ACO TUBULAR,BRINQ:PLAST. DE ENG.,REVEST. TEXTIL:ALGODAO/51X61X70 CM/DOIS DISP. DE TRAV. INDEPENDENTES SENDO OPERADOS SIMULT./PARAFUSOS E MONT. DE PÇS PLAST./BRINQ. CERTIF.E ADESIVO-57036/26;7898431501615|7898431501622|7898431501639|7898431501684|7898431501691|7898431501707;Incluido;09/09/2026
760891/1971;Ativo;;31/10/2025;;;MD COMERCIO DE FERRAGENS LTDA;55274701000100;92985975259;Avenida Joaquim Nabuco;1094;A;69020030;Centro;Manaus;AM;mdcomerciodeferragensltda@gmail.com;Xingtai Pandelo Technology Co.,Ltd;Andadores Infantis;Portaria Inmetro nº 129 de 19/03/2021;;IN2824825;Modelo 5;;S;China, República Popular;ULTRA BABY;ANDADOR INFANTIL MUSICAL PARA BEBÊ - UBW -305 - N/A - BABY PINK / BARBIE PINK/RED / WHITE/ROYAL BLUE /ORANGE / WHITE/LIGHT BLUE / WHITE;MAT:PP,FERRO E POLIÉ./DIM.:68X59X52 CM/SIST.DE TRAV.:LIB.EM DUAS AÇÕES CONS./SIST.DE MONT. E FERR.:MAN.(S/FERRAM.)/ACESS.:N/A/CARACTERISTICAS DO MODELO:ANDADOR COM BRINQUEDO ACOPLADO;7890012361007|7890012361113|7890012368082|7890012369096;Incluido;31/10/2025
077809/1993;Ativo;;07/02/2022;;;TUTTI BABY INDUSTRIA E COMERCIO DE ARTIGOS INFANTIS LTDA;06981862000129;4733794000;Rod. Guilherme Jensen, SC413, km13;0;;89108000;Distrito Industrial;Massaranduba;SC;certificacao@tuttibaby.com.br;TUTTI BABY INDUSTRIA E COMERCIO DE ARTIGOS INFANTIS LTDA;Andadores Infantis;Portaria Inmetro nº 129 de 19/03/2021;;IN2869325;Modelo 5;;N;Brasil;Tutti Baby;Andador: VERSÕES: Safari II (Azul/Rosa/Vermelho), Princesa Rosa Coroa, Acqua Explorador (Cinza/Roxo);ESTRUTURA METÁLICA , AÇO TUBULAR / 48 x 60,5 x 70CM / SISTEMA DE TRAVAMENTO COM DUAS AÇÕES CONSECUTIVAS PARA LIBERAÇÃO /SISTEMA DE MONTAGEM/FERRAGEM: PARAFUSOS E REBITES ACESSÓRIOS: BRINQUEDOS E ADESI;7898431501615|7898431501622|7898431501639|7898431501684|7898431501691|7898431501707;Excluido;15/03/2024
054895/1998;Ativo;;07/02/2022;;;TUTTI BABY INDUSTRIA E COMERCIO DE ARTIGOS INFANTIS LTDA;06981862000129;4733794000;Rod. Guilherme Jensen, SC413, km13;0;;89108000;Distrito Industrial;Massaranduba;SC;certificacao@tuttibaby.com.br;TUTTI BABY INDUSTRIA E COMERCIO DE ARTIGOS INFANTIS LTDA;Andadores Infantis;Portaria Inmetro nº 129 de 19/03/2021;;IN2869325;Modelo 5;;N;Brasil;TUTTI BABY;ANDADOR SAFARI II-ANDADOR 40.002-40002003/40002004/40002007/40003004/40004002/40004003;MAT:PP E ALGODAO/DIM:51X61X70CM/SIS_TRAV:DOIS DISPOS TRAV INDEPEND SENDO OPER SIMULTÂNEAM./SIS_MONT/FERRG:REBITES,PARAFUSOS E ENCAIXE DE PÇS PLAST/ACESS:BAND. COM BRINQ/CARAC. DO MOD.:AND. C/ BRINQ NA;7898431501615|7898431501622|7898431501639|7898431501684|7898431501691|7898431501707;Excluido;27/02/2026
348899/2024;Ativo;;06/05/2025;;;KAVOD BRASIL COMERCIO E IMPORTACAO DE PRODUTOS DE USO DOMESTICO LTDA;12389993000114;1136612389;Avenida Marquês de São Vicente;2219;Conj 1001;05036040;Água Branca;São Paulo;SP;adm@kababy.com.br;Tengzhou Lebeir Baby Carriage Co., Ltd.;Andadores Infantis;Portaria Inmetro nº 129 de 19/03/2021;;IN2610825;;;S;China, República Popular;KaBaby;DESIGNAÇÃO COMERCIAL: ANDADOR DE EMPURRAR STEP-UP KABABY CINZA/CÓDIGO DE REFERÊNCIA COMERCIAL: ANDADOR/QUANTIDADE: -/;MAT:PP/DIM:799x660x715mm/SIS_TRAV:LIBERAÇÃO EM DUAS AÇÕES CONSECUTIVAS/SIS_MONTAGEM/FERRAGEM:MANUAL SEM AUXILIO DE FERRAMENTA/ACESSORIOS:N/A/CARACT_DO_MODELO:ANDADOR COM BRINQUEDO ACOPLADO;7898605218394;Incluido;06/05/2025
766857/1989;Ativo;;07/02/2022;;;TUTTI BABY INDUSTRIA E COMERCIO DE ARTIGOS INFANTIS LTDA;06981862000129;4733794000;Rod. Guilherme Jensen, SC413, km13;0;;89108000;Distrito Industrial;Massaranduba;SC;certificacao@tuttibaby.com.br;TUTTI BABY INDUSTRIA E COMERCIO DE ARTIGOS INFANTIS LTDA;Andadores Infantis;Portaria Inmetro nº 129 de 19/03/2021;;IN2869325;Modelo 5;;N;Brasil;TUTTI BABY;DESIGNAÇÃO COMERC SAFARI II (AZUL/ROSA/VERMELHO),PRINCESA ROSA COROA,ACQUA,EXPLORADOR (CINZA/ ROXO) CÓD D REF COMERC:ANDAD 40.002/40002003/40002004/40002007/40003004/40004002/40004003 CARACT DO MODELO:ANDADOR C BRINQUEDO;MAT:ESTRUTURA METALICA - AÇO TUBULAR/DIM:48X60,5X70CM/SIST DE TRAVA:LIBERAÇ EM 2AÇÕES CONSECUT/SIST DE MONTAGEM E FERRAGEM:PARAFUSOS E REBITES/ACESSÓ:BRINQUEDOS E ADESIVOS;7898431501615|7898431501622|7898431501639|7898431501684|7898431501691|7898431501707;Excluido;10/12/2025
642914/1950;Ativo;;06/05/2025;;;KAVOD BRASIL COMERCIO E IMPORTACAO DE PRODUTOS DE USO DOMESTICO LTDA;12389993000114;1136612389;Avenida Marquês de São Vicente;2219;Conj 1001;05036040;Água Branca;São Paulo;SP;adm@kababy.com.br;Tengzhou Lebeir Baby Carriage Co., Ltd.;Andadores Infantis;Portaria Inmetro nº 129 de 19/03/2021;;IN2610825;;;S;China, República Popular;KaBaby;DESIGNAÇÃO COMERCIAL: ANDADOR DE EMPURRAR STEP-UP KABABY CINZA/CÓDIGO DE REFERÊNCIA COMERCIAL: ANDADOR/QUANTIDADE: -/;MAT:PP/DIM:799x660x715mm/SIS_TRAV:LIBERAÇÃO EM DUAS AÇÕES CONSECUTIVAS/SIS_MONTAGEM/FERRAGEM:MANUAL SEM AUXILIO DE FERRAMENTA/ACESSORIOS:N/A/CARACT_DO_MODELO:ANDADOR COM BRINQUEDO ACOPLADO;7898605218394;Incluido;06/05/2025
414803/1979;Ativo;;02/09/2026;;;BAGATOLI COMERCIO DE REFRIGERACAO LTDA;00897750000108;47984556257;BR-470;8105;;89058020;FORTALEZA ALTA;BLUMENAU;SC;digitalpriceconsultoria@gmail.com;PINGHU XIAOTIANDI CHILDREN?S PRODUCTS FACTORY;Andadores Infantis;Portaria Inmetro nº 129 de 19/03/2021;;IN3155526;Modelo 5;;S;China, República Popular;BAGATOLI KIDS;MOD: ANDADOR INFANTIL PULSE/ N.COM: PULSE/ V.: ROSA, AZUL, CINZA;MAT.:PP,POLIÉSTER,AÇO/DIM.:51X61X69CM/SIST.TRAV.:LIB.2 AÇÕES CONSEC./SIST.MONT.FERR.:REBITES,PARAF.E ENCAIXE PEÇAS PLÁST./ACESS.:BRINQ.NA BANDEJA/CARACT.MOD.:ANDADOR C/BRINQ.;7901030400859|7901030400866|7901030400873;Incluido;02/09/2026
459994/1951;Inativo;;24/09/2019;;;Galzerano Indústria de Carrinhos e Berços Ltda;43594977000197;1934043030;Via Prefeito Jurandyr Paixão;700;;13481149;Jd. Campo Belo;Limeira;SP;luisfernando.camargo@galzerano.com.br;SHEN ZHEN WEI MEI CHILDCARE PRODUCT LIMITED COMPANY;Andadores Infantis;Portaria Inmetro nº 42 de 19/01/2018;;CE-AND/IQB 000006 53504/20-001;;;S;China, República Popular;GALZERANO;Andador de bebê 4 em 1 Funny - Versões: Color (CR), Verde Água (VDA);Mat Tec poli Espum Resin plást Itens fix Dimens 75Cx71Lx55A(cm) Sist trav Dobradiç plást c/ botã acion Sist mont frenag Encaix manua Mod Andador c/ módul sonor Pçs girat Cores divers Acess Brinq remov;7898089221477|7898089221996;Incluido;24/09/2019
057420/1969;Ativo;;07/02/2022;;;TUTTI BABY INDUSTRIA E COMERCIO DE ARTIGOS INFANTIS LTDA;06981862000129;4733794000;Rod. Guilherme Jensen, SC413, km13;0;;89108000;Distrito Industrial;Massaranduba;SC;certificacao@tuttibaby.com.br;TUTTI BABY INDUSTRIA E COMERCIO DE ARTIGOS INFANTIS LTDA;Andadores Infantis;Portaria Inmetro nº 129 de 19/03/2021;;IN2869325;Modelo 5;;N;Brasil;TUTTI BABY;DESIGNAÇÃO COMERC SAFARI II (AZUL/ROSA/VERMELHO),PRINCESA ROSA COROA,ACQUA,EXPLORADOR (CINZA/ ROXO) CÓD D REF COMERC:ANDAD 40.002/40002003/40002004/40002007/40003004/40004002/40004003 CARACT DO MODELO:ANDADOR C BRINQUEDO;MAT:ESTRUTURA METALICA - AÇO TUBULAR/DIM:48X60,5X70CM/SIST DE TRAVA:LIBERAÇ EM 2AÇÕES CONSECUT/SIST DE MONTAGEM E FERRAGEM:PARAFUSOS E REBITES/ACESSÓ:BRINQUEDOS E ADESIVOS;7898431501615|7898431501622|7898431501639|7898431501684|7898431501691|7898431501707;Excluido;10/12/2025
673034/1998;Ativo;;30/09/2019;;;BURIGOTTO SA INDUSTRIA E COMERCIO;51460277000138;1934042000;Rua Martino Dragone;280;;13480308;Jardim Santa Barbara;Limeira;SP;carlos.riva@burigotto.com;JIN SUN GEE PLASTICS. CO., LTD.;Andadores Infantis;Portaria Inmetro nº 42 de 19/01/2018;;CE-AND/IQB 000004 53005/19-001;;;S;Formosa (Taiwan);Burigotto;Andador Baby Coupe (ref. com. IXAN3034PK10-Rosa, IXAN3034AZ19-Azul, IXAN3034CL-CL);Andador Infantil, Mat.: Polipropileno, Nylon, Aço, Tecido e Espuma, Dim: 760X650X640mm, Sist. Trav. Automático, Sistema Montagem/Ferragem Rebites, parafusos e Encaixe de peças plásticas, Acessorio: Ba;7896502916146|7896502916160|7896502935550;Incluido;30/09/2019
674922/1951;Ativo;;20/12/2019;;;TAPUZIM COMERCIAL LTDA;00513418000100;1138569063;Av. Monte Celeste;230;250;02561000;Vila S. Maria;São Paulo;SP;ehs0770@hotmail.com;SHEN ZHEN WEI MEI CHILDCARE PRODUCT LIMITED COMPANY;Andadores Infantis;Portaria Inmetro nº 42 de 19/01/2018;;OCAN-AND.165/19-2;;;S;China, República Popular;baby style;SPACECAR - VERSÕES: Andador car - Ref. 21302 / Andador space - Ref. 33117;Material: Plástico, metal e tecido. Dimensões: 59 x 59 x 69 cm , Sistema de Travamento: Stoper, Sistema de Montagem e Ferragem: Tesoura, Acessórios: Bandeja musical;4532213022990|4532331172997;Incluido;20/12/2019
375578/2025;Ativo;;15/11/2024;;;HCM INDUSTRIA E IMPORTACAO LTDA;12538691000160;37998767200;RUA SERGIPE ;1963;;35591096;SANTA ALEXANDRINA;LAGOA DA PRATA;MG;compras.hcmmalta@gmail.com;HCM INDUSTRIA E IMPORTACAO LTDA;Andadores Infantis;Portaria Inmetro nº 129 de 19/03/2021;;IN2431224-2;;;N;Brasil;JUMBO BABY;ANDADOR MUSICAL MEGALUXO JUMBO BABY/AZUL/ROSA/VERMELHO/LARANJA, CARAC.D/MODEL:ANDADOR COM BRINQUEDO NA BANDEJA;MAT.:POLIPROPILENO(PP)/ACO CARBONO(FERRAGENS)/TECIDO(POLIÉSTER)/DIM:69,5X58,5X14,5/SIS.D/TRAV.:LIB.EM 2AS.CON./SIS.D/MONT.E FERR.:MAN.(S/FERR.)/ACESS.:ASSE/FORR.P/OS PÉS/EMP./PAI.MUS;7898947715063|7898947715070|7898947715087|7898947715094;Incluido;15/11/2024
936918/1976;Ativo;;07/02/2022;;;TUTTI BABY INDUSTRIA E COMERCIO DE ARTIGOS INFANTIS LTDA;06981862000129;4733794000;Rod. Guilherme Jensen, SC413, km13;0;;89108000;Distrito Industrial;Massaranduba;SC;certificacao@tuttibaby.com.br;TUTTI BABY INDUSTRIA E COMERCIO DE ARTIGOS INFANTIS LTDA;Andadores Infantis;Portaria Inmetro nº 129 de 19/03/2021;;IN2869325;Modelo 5;;N;Brasil;TUTTI BABY;DESIGNAÇÃO COMERC SAFARI II (AZUL/ROSA/VERMELHO),PRINCESA ROSA COROA,ACQUA,EXPLORADOR (CINZA/ ROXO) CÓD D REF COMERC:ANDAD 40.002/40002003/40002004/40002007/40003004/40004002/40004003;MAT:ESTRUTURA METALICA - AÇO TUBULAR/DIM:48X60,5X70CM/SIST DE TRAVA:LIBERAÇ EM 2AÇÕES CONSECUT/SIST DE MONTAGEM E FERRAGEM:PARAFUSOS E REBITES/ACESSÓ:BRINQUEDOS E ADESIVOS/CARACT DO MODELO:ANDADOR C B;7898431501615|7898431501622|7898431501639|7898431501684|7898431501691|7898431501707;Excluido;26/04/2024
230922/2003;Inativo;;11/01/2023;;;COMPANHIA DOREL BRASIL PRODUTOS INFANTIS;10659948000883;2135547024;Av. Nilo Peçanha;1516 ;Galpão 3 ;28030035;Pq dos Rodoviários;Campos dos Goytacaze;RJ;standard@dorel.com.br;Jin Sun Gee Plastics Co., Ltd;Andadores Infantis;Portaria Inmetro nº 129 de 19/03/2021;;IN1722522;;;S;Formosa (Taiwan);Cosco;BG-1518. Nome comercial: Follow. Versões: Azul e Laranja.;Ferro, plástico, PP,PET, PU e poliéster. 60 x 49 x 68 cm.Trav:Lib.2 ações cons., Encaixe,aces: Brinquedos.;7908238808043|7908238808050;Incluido;11/01/2023
566352/1995;Ativo;;07/08/2024;;;COMERCIO E IMPORTACAO DENISE LTDA;29963642000178;21997976531;RUA DO MILHO;72;A;21011090;PENHA CIRCULAR;RIO DE JANEIRO;RJ;comerciomybaby@hotmail.com;PING HU BEST CHILDREN?S CARRIER CO.LTD;Andadores Infantis;Portaria Inmetro nº 129 de 19/03/2021;;IN2189524;;;S;China, República Popular;MY BABY;PATO A1 - ROSA LISO, AZUL LISO, ROSA COLORIDO, AZUL COLORIDO - Acessórios: Brinquedos Caracteristicas do modelo: Andador infantil com brinquedo elétrico;Material: Ferro, PP e Poliéster Dimensões: 71 x 62 x 55 cm Sistema de Travamento: Liberação em duas ações consecutivas Sistema de Montagem e Ferragem: Manual (com auxílio de ferramenta);6294013738218|6294013738225|6294013738287|6294013738294;Incluido;07/08/2024
019446/1950;Cancelado;;24/08/2020;;14/07/2025;Dardara Comercio Importacao e Exportacao Ltda.;07774907000157;1147447248;R VALENTIM MAGALHAES;95;***;03184090;ALTO DA MOOCA;SÃO PAULO;SP;dardara@yescert.com.br;FOSHAN BAOLIMEI CHILD?S VEHICLE CO.LTD;Andadores Infantis;Portaria Inmetro nº 42 de 19/01/2018;;OCAN-AND.134/20-5;;;S;China, República Popular;DARDARA;ANDADOR CARRO (FD-2407);Material: Moldes e peças em plástico P.P.(polipropileno) Adesivos (papel colante) Painel - parte interna: sistema eletrônico (placa, fio colorido, alto falante). Estrutura em metal, Dimensões: 74 x 63;;Incluido;24/08/2020
524937/1929;Inativo;;30/09/2019;;;Tutti Baby Indústria e Comércio de Artigos Infantis Ltda;06981862000129;4733794000;Rod. Guilherme Jensen;s/n;Galpão 01;89108000;Distrito Industrial;Massaranduba;SC;qualidade@tuttibaby.com.br;;Andadores Infantis;Portaria Inmetro nº 42 de 19/01/2018;;CE-AND/IQB 000005 53137/19-001;;;N; ;Tutti Baby;Andador 02003;Material: Estrut. metálica de aço tub, plást. de engenharia, algodão. Dim: 52cmx60cmx70,5cm, sist.de trav: com duas ações consecutivas para liber, sist. de mont.ferrag: rebites e parafusos, aces: brin;17898431495966|17898431495980|17898431496000|17898431496024|17898431500660|17898431500677|17898431500684|7898431495952|7898431495969|7898431495976|7898431495983|7898431495990|7898431496006|7898431496010|7898431496027|7898431500601|7898431500618|7898431500625|7898431500632|7898431500649|7898431500656;Incluido;30/09/2019
818941/1955;Ativo;;31/08/2026;;;TUTTI BABY INDUSTRIA E COMERCIO DE ARTIGOS INFANTIS LTDA;06981862000129;4733794000;Rod. Guilherme Jensen, SC413, km13;0;Galpão 01;89108000;Distrito Industrial;Massaranduba;SC;heloiza.souza@tuttibaby.com.br;TUTTI BABY INDUSTRIA E COMERCIO DE ARTIGOS INFANTIS LTDA;Andadores Infantis;Portaria Inmetro nº 129 de 19/03/2021;;CE-AND/IQB 000013 57036/26-002;Modelo 5;;N;Brasil;TUTTI BABY;ANDADOR COMFORT - 40005004,40005003,40005011,40005028,40005007,40005010,40005006,40005029;ESTRU.METALICA:ACO TUBULAR,BRINQ:PLAST.DE ENG.,REVEST. TEXTIL: ALGODAO/48X60,5X70 CM/DOIS DISP. DE TRAV. INDEP. SENDO OP. SIMULT./PARAFUSOS E MONT. DE PÇS PLAST./BRINQ. CERT. E ADESIVO-57036/26;7898431502063|7898431502070|7898431502087|7898431502094|7898431502100|7898431502117|7898431502124|7898431502131;Incluido;31/08/2026
112945/1982;Inativo;;19/06/2023;;;VANMAX COMERCIO LTDA;84114198000124;9231337050;RUA CEL SERGIO PESSOA;91;;69005030;CENTRO;MANAUS;AM;GERENTEDEVENDAS@VANMAX.COM.BR;PINGHU SHI XIAOTIANDI CHILDREN´S PRODUCTS FACTORY;Andadores Infantis;Portaria Inmetro nº 129 de 19/03/2021;;IN1811123;;;S;China, República Popular;BRINKMAX;997A/ NOME COMERCIAL: ANDAJÁ/VERSÕES: AZUL - 582597/ROSA - 582596/VERMELHO - 582598/VERMELHO/BRANCO - 582599 - MAT.: FERRO,POLIPROPILENO E POLIÉSTER/DIM.:67X57X54CM;SIST.DE TRAVA.:LIBERAÇÃO EM DUAS AÇÕES CONSECUTIVAS/SIST.DE MONT.E FERR.MAN.(SEM FERRAMENTA)/ACESSÓRIOS: BRINQUEDO/CARACTERISTICAS DO MODELO: ANDADOR INFANTIL COM BRINQUEDO ACOPLADO;7890785825966|7890785825973|7890785825980|7890785825997;Incluido;19/06/2023
695948/1993;Ativo;;03/04/2023;;;PLANETA - IMPORTACAO E DISTRIBUICAO DE BRINQUEDOS LTDA;13434272000141;1138951572;AV VASCO MASSAFELI;1000;G1A M1-21;06703600;JARDIM MARIA TEREZA;COTIA;SP;admin@planetadobebe.com.br;HEBEI WANXIN CHILDREN TOYS CO.,LTD.;Andadores Infantis;Portaria Inmetro nº 129 de 19/03/2021;;IN1765923;Modelo 5;;S;China, República Popular;MAXI BABY;NW-01 - ANDADOR LA BAMBA  / (...) COM BRINQUEDOS/CAR MOD:AND COM BRINQUEDO(BANDEJA MUSICAL);MAT:PP E PARTES EM ABS, AÇO DE ALTO CARB RODA ELASTÔMERO TERMOPLÁSTICO, PVC/DIM:580X680X550(LXCXH)/SIS TRA:LIBERAÇÃO EM DUAS AÇÕES CONSECUTIVAS SIS DE MON E FER:MANUAL(S/ FERRAMENTA)/ACE:BANDEJA (...);7899403215370|7899403215387;Excluido;28/02/2025
406949/2008;Ativo;;07/02/2022;;;TUTTI BABY INDUSTRIA E COMERCIO DE ARTIGOS INFANTIS LTDA;06981862000129;4733794000;Rod. Guilherme Jensen, SC413, km13;0;;89108000;Distrito Industrial;Massaranduba;SC;certificacao@tuttibaby.com.br;TUTTI BABY INDUSTRIA E COMERCIO DE ARTIGOS INFANTIS LTDA;Andadores Infantis;Portaria Inmetro nº 129 de 19/03/2021;;IN2869325;Modelo 5;;N;Brasil;TUTTI BABY;ANDADOR SAFARI II-ANDADOR 40.002-40002003/40002004/40002007/40003004/40004002/40004003;MAT:PP E ALGODAO/DIM:51X61X70CM/SIS_TRAV:DOIS DISPOS TRAV INDEPEND SENDO OPER SIMULTÂNEAM./SIS_MONT/FERRG:REBITES,PARAFUSOS E ENCAIXE DE PÇS PLAST/ACESS:BAND. COM BRINQ/CARAC. DO MOD.:AND. C/ BRINQ NA;7898431501615|7898431501622|7898431501639|7898431501684|7898431501691|7898431501707;Excluido;27/02/2026
700964/1934;Ativo;;06/03/2023;;;BURIGOTTO S A INDUSTRIA E COMERCIO;51460277000138;1934464813;Rua Martino Dragone;280;;13480308;Jardim Santa Barbara;Liemira;SP;alison.smanioto@burigotto.com;JIN SUN GEE PLASTICS CO., LTD;Andadores Infantis;Portaria Inmetro nº 129 de 19/03/2021;;CE-AND/IQB 000004 55573/23-001;Modelo 5;;S;Formosa (Taiwan);BURIGOTTO;ANDADOR OLÉ CL (REF.COM.  IXAN5143CL);PP, AÇO, TECIDO / 590 X 690 X 550 MM / TRILHO PLÁSTICO COM BOTÃO DE TRAVA/DESTRAVA E REGULAGEM DE ALTURA / REBITES, PARAFUSOS E ENCAIXE DE PEÇAS PLÁSTICAS / BANDEJA COM 2 BRINQUEDOS DE PP E NYLON;7896502944248;Excluido;29/04/2026
276113/1975;Ativo;;19/06/2026;;;LILI FLORES ARTESANAIS LTDA;50509301000113;2199999999;R SANTO SEPULCRO;00279;;21350220;MADUREIRA;RIO DE JANEIRO;RJ;xiaoweiliu663@gmail.com;PINGHU XIAOTIANDI CHILDREN''S PRODUCTS FACTORY ;Andadores Infantis;Portaria Inmetro nº 129 de 19/03/2021;;IN3051726;Modelo 5;;S;China, República Popular;LILI;MOD:ANDADOR LL-2931 / CÓD. DE REFERÊNCIA COMERCIAL: LL-2931 / AZUL,ROSA,VERDE;MAT.:PP, POLIÉSTER E POLIETILENO/DIM:56,5X68X60,5CM/ SIST.TRAV.:LIBERAÇÃO EM DUAS AÇÕES CONSECUTIVAS/SIST. MONT.:LIBERAÇÃO EM DUAS AÇÕES CONSECUTIVAS/SEM ACESSÓRIOS/ANDADOR COM BRINQUEDO INTERATIVO;;Incluido;19/06/2026
867897/1933;Ativo;;06/09/2024;;;TUTTI BABY INDUSTRIA E COMERCIO DE ARTIGOS INFANTIS LTDA;06981862000129;4733794000;Rod. Guilherme Jensen, SC413, km13;0;Galpão 01;89108000;Distrito Industrial;Massaranduba;SC;certificacao@tuttibaby.com.br;TUTTI BABY INDUSTRIA E COMERCIO DE ARTIGOS INFANTIS LTDA;Andadores Infantis;Portaria Inmetro nº 129 de 19/03/2021;;IN2321524;;;N;Brasil;TUTTI BABY;ANDADOR COMFORT/REF.ANDADOR COMFORT 40.005/40005004/40005003/40005011/40005028/40005007/40005010/40005006/40005029;MAT:PLAST.ENG/ALGODÃO/DIMEN:48X60,5X70CM/SIST.DE TRAV:DOIS DISP.DE TRAV.INDEP.SENDO OP.SIMUL/SIST.DE MONT.FERR:OUTROS:PARAF,MONT.PEÇAS PLAST./ACESS:BANDEIJA C/ BRINQ/CARAC.DO MOD:ANDADOR C/BRINQUEDO;7898431502063|7898431502070|7898431502087|7898431502094|7898431502100|7898431502117|7898431502124|7898431502131;Incluido;06/09/2024
465636/2010;Ativo;;07/08/2024;;;AMAZONAS IMPORTADOS LTDA;07269201000138;9691131654;Rua Independência;175;;68900090;Central;Macapa;AP;adriana.abreu@amazonasimportados.com.br;YIWU BALBIAN ELECTRONIC TECHNOLOGICAL CO., LTD;Andadores Infantis;Portaria Inmetro nº 129 de 19/03/2021;;IN2086424-3;;;S;China, República Popular;LÉ PETIT;MODE,BABY WALKER/REF:LP-9824/ CONT: ANDADOR COM BRINQUEDO ACOPLADO:/VERSÕES:AZUL,VERDE,ROSA.;MATL:PP E POLIÉSTER/DIM:66X54X52CM/SIST DE TRAV:LIBERAÇÃO EM DUAS AÇÕES CONSECUTIVAS/SIST DE MONT E FERR :MANUAL (SEM FERRAMENTA)/ACESSÓRIOS:N/A.CARACT DO MODELO:;7453116003640;Incluido;07/08/2024
336364/1971;Inativo;;11/01/2023;;;COMPANHIA DOREL BRASIL PRODUTOS INFANTIS;10659948000883;2135547024;Av. Nilo Peçanha;1516 ;Galpão 3 ;28030035;Pq dos Rodoviários;Campos dos Goytacaze;RJ;standard@dorel.com.br;Jin Sun Gee Plastics Co., Ltd;Andadores Infantis;Portaria Inmetro nº 129 de 19/03/2021;;IN1722522;;;S;Formosa (Taiwan);Cosco;BG-1518. Nome comercial: Follow. Versões: Azul e Laranja.;Ferro, plástico, PP,PET, PU e poliéster. 60 x 49 x 68 cm.Trav:Lib.2 ações cons., Encaixe,aces: Brinquedos.;7908238808043|7908238808050;Incluido;11/01/2023
994968/1960;Ativo;;31/10/2025;;;MD COMERCIO DE FERRAGENS LTDA;55274701000100;92985975259;Avenida Joaquim Nabuco;1094;A;69020030;Centro;Manaus;AM;mdcomerciodeferragensltda@gmail.com;Xingtai Pandelo Technology Co.,Ltd;Andadores Infantis;Portaria Inmetro nº 129 de 19/03/2021;;IN2824825;Modelo 5;;S;China, República Popular;ULTRA BABY;ANDADOR INFANTIL MUSICAL PARA BEBÊ - UBW -305 - N/A - BABY PINK / BARBIE PINK/RED / WHITE/ROYAL BLUE /ORANGE / WHITE/LIGHT BLUE / WHITE;MAT:PP,FERRO E POLIÉ./DIM.:68X59X52 CM/SIST.DE TRAV.:LIB.EM DUAS AÇÕES CONS./SIST.DE MONT. E FERR.:MAN.(S/FERRAM.)/ACESS.:N/A/CARACTERISTICAS DO MODELO:ANDADOR COM BRINQUEDO ACOPLADO;7890012361007|7890012361113|7890012368082|7890012369096;Incluido;31/10/2025
288972/1987;Ativo;;26/07/2024;;;DARDARA COMERCIO IMPORTACAO E EXPORTACAO LTDA;07774907000157;11964220291;R VALENTIM MAGALHAES;95;***;03184090;ALTO DA MOOCA;SÃO PAULO;SP;sac@dardara.com.br;FOSHAN BAOLIMEI BABY CARRIER CO., ;Andadores Infantis;Portaria Inmetro nº 129 de 19/03/2021;;IN2255924;;;S;China, República Popular;DARDARA;ANDADOR CARRO FD-2407 / VERSÕES: AZUL E ROSA;MAT:PP,METAL E POLIÉSTER/DIM:740X630X510MM/SIST DE TRAVA:LIB EM 2 AÇÕES CONSECUT/SIST DE MONT/FERRAG:MANUAL(C/FERRAMENTAS)/ACESSÓRIOS: BRINQ/CARACT DO MODELO:ANDADOR C/BRINQ INTEGRADO;7898572462738|7898572462755;Incluido;26/07/2024
770946/1954;Inativo;;14/08/2019;;;Companhia Dorel Brasil Produtos Infantis;10659948000107;2135633602;Av. Nilo Peçanha;1516 /1582;Térreo;28030035;Pq dos Rodoviários;Campos dos Goytacaze;RJ;mariana.magalhaes@dorel.com.br;Hua Song Plastic Products Co Ltd;Andadores Infantis;Portaria Inmetro nº 42 de 19/01/2018;;OCAN-AND.145/19-3;;;S;China, República Popular;Safety 1st;11389;Nome Fantasia: Melody Garden. Cor única. Material: Ferro, plástico e PP. 64x55x66 cm. Sistema de Travamento e Montagem: Manual. Acessórios: Bandeja.;9312541727119;Incluido;14/08/2019
388761/1996;Inativo;;11/01/2023;;;COMPANHIA DOREL BRASIL PRODUTOS INFANTIS;10659948000883;2135547024;Av. Nilo Peçanha;1516 ;Galpão 3 ;28030035;Pq dos Rodoviários;Campos dos Goytacaze;RJ;standard@dorel.com.br;Jin Sun Gee Plastics Co., Ltd;Andadores Infantis;Portaria Inmetro nº 129 de 19/03/2021;;IN1701622-4;;;S;Formosa (Taiwan);Voyage;BG1401. Nome comercial: Buggy. Versões: Azul, Rosa.;PP,PVC,Ferro,POM,PU,Pol, 42x58.5x65cm. Trav:Lib.2 ações cons,Mont:Manual, Aces. Brinq.;7898509475206|7898509475213;Incluido;11/01/2023
452464/1939;Ativo;;19/02/2026;;;RGM  COMERCIO E SERVICOS LTDA;18007664000148;11996294240;Avenida Angélica;511;Cj. 904;01227100;Santa Cecilia;São Paulo;SP;papush@uol.com.br;PINGHU XIAOTIANDI CHILDREN?S PRODUCTS FACTORY;Andadores Infantis;Portaria Inmetro nº 129 de 19/03/2021;;IN2911726;Modelo 5;;S;China, República Popular;RGM;ANDADOR DREUX - R602 - AVIÃO - AVIAO;MAT:PP,FERRO E POLIÉ./DIM:70X62.5X51 CM/SIST.DE TRAV.:LIB.EM DUAS AÇÕES CONSECU./SIST.DE MONT.E FERR.:MANUAL (SEM FERRAMENTA)/ACESS:BANDEJA MUSICAL/CARACT.DO MODELO:ANDADOR COM BANDEJA MUSICAL;7898926505616;Incluido;19/02/2026
582976/2013;Ativo;;27/08/2026;;;MADHULA COMERCIO DE ARTIGOS ELETROELETRONICOS LTDA;03838532000190;92994433107;Rua Marcilio Dias;166;;69005270;Centro;Manaus;AM;mayapunjwani@gmail.com;PINGHU XIAOTIANDI CHILDREN?S PRODUCTS FACTORY;Andadores Infantis;Portaria Inmetro nº 129 de 19/03/2021;;IN3141126-2;Modelo 5;;S;China, República Popular;BENMEK;ANDADOR MADHULA/ MA101/ Rosa - MA101R/ Azul - MA101A/ Verde - MA101V/ Laranja - MA101L;MAT.:PP, FERRO E POLIÉSTER/DIM.:63X57X53 CM/SIST. DE TRAV.:LIBERAÇÃO EM DUAS AÇÕES CONSECUTIVAS/SIST. MONT. E FERR.:MANUAL (SEM FERRAMENTA)/ACESS.:BRINQUEDO/CARACT. DO MOD.:ANDADOR COM BRINQUEDO;6901031000158;Incluido;27/08/2026
937242/1935;Ativo;;31/08/2026;;;MADHULA COMERCIO DE ARTIGOS ELETROELETRONICOS LTDA;03838532000190;92994433107;Rua Marcilio Dias;166;;69005270;Centro;Manaus;AM;mayapunjwani@gmail.com;PINGHU XIAOTIANDI CHILDRENS PRODUCTS FACTORY;Andadores Infantis;Portaria Inmetro nº 129 de 19/03/2021;;IN3141126-1;Modelo 5;;S;China, República Popular;BENMEK;MADHULA/ MA100/ Verde e Azul - MA100VA/ Rosa e Roxo - MA100RR/ Branco e Azul Escuro - MA100BAE/ Amarelo e Vermelho - MA100AV;MAT.:PP, FERRO E POLIÉSTER/DIM.:63X57X53 CM/SIST. DE TRAV.: LIBERAÇÃO EM DUAS AÇÕES CONSECUTIVAS/SIST. MONT. E FERR.:MANUAL (SEM FERRAMENTA)/ACESS.:BRINQUEDO/CARACT. DO MOD.: ANDADOR COM BRINQUEDO;6901031000158;Incluido;31/08/2026
320980/1988;Ativo;;16/09/2024;;;AMAZONAS IMPORTADOS LTDA;07269201000138;9691131654;Rua Independência;175;;68900090;Central;Macapa;AP;adriana.abreu@amazonasimportados.com.br;YIWU BALBIAN ELECTRONIC TECHNOLOGICAL CO., LTD;Andadores Infantis;Portaria Inmetro nº 129 de 19/03/2021;;IN2086424-1;;;S;China, República Popular;LÉ PETIT;MODE:BABY WALKER/REF:LP-9517/ CONT: ANDADOR COM BRINQUEDO ACOPLADO/VERSÕES:AZUL,ROSA,VERDE,;MAT:PP E POLIÉSTER/DIM:62X55,5X50CM/SIST DE TRAV:LIBERAÇÃO EM DUAS AÇÕES CONSECUTIVAS/SIST DE MONT E FERRAGEM:MANUAL (SEM FERRAMENTA)/ACESSÓRIOS:N/A.CARACTERISTICAS DO MODELO:;453068745717;Incluido;16/09/2024
876991/1939;Ativo;;14/08/2019;;;BAMBOO COMERCIO, IMPORTAÇÃO E EXPORTAÇÃO EIRELI-EPP;27115224000103;8132419265;Rua. Alegre;154;Galpão A;52120125;Arruda;Recife;PE;bamboo@yescert.com.br;ZHEJIANG KINTEX INTERNATIONAL TRADING CO., LTD;Andadores Infantis;Portaria Inmetro nº 129 de 19/03/2021;;IN1632922;;;S;China, República Popular;BAMBOO;NOME FANTASIA: ANDAJAR GUGU MODELO: MD-18 CORES: VERDE;PLÁSTICO, METAL E FIBRA TÊXTIL,520 x 560 x 620 mm,MANUAL,MANUAL,BANDEJA, VOLANTE DO PUXADOR.;7909312341029;Excluido;22/07/2022
499208/2005;Inativo;;02/04/2020;;;Galzerano Indústria de Carrinhos e Berços Ltda;43594977000197;1934043030;Via Prefeito Jurandyr Paixão;700;;13481149;Jd. Campo Belo;Limeira;SP;luisfernando.camargo@galzerano.com.br;FOSHAN SHUNDE QIJUN TOYS CO., LTD;Andadores Infantis;Portaria Inmetro nº 42 de 19/01/2018;;CE-AND/IQB 000006 53487/19-001;;;S;China, República Popular;GALZERANO;Ref.: 4090 - Liam. Versões: 4090CZ (Cinza), 4090PT (Preto);Mat: Tec poli Espum Resin plást Tinta Ferragens. Dim: 70x65x54(cm). Sist Trav: Trilho plást c/ botão destrav e reg de altura. Sist mont/ferragem: Manual. Acess: Bandej brinq não removív e retrovisores;7908200101431|7908200101448;Incluido;02/04/2020
766544/1930;Ativo;;05/08/2021;;;GALZERANO INDUSTRIA DE CARRINHOS E BERCOS LTDA;43594977000197;19999947357;Via Prefeito Jurandyr Paixão;700;;13481149;Jd. Campo Belo;Limeira;SP;luisfernando.camargo@galzerano.com.br;GALZERANO INDUSTRIA DE CARRINHOS E BERCOS LTDA;Andadores Infantis;Portaria Inmetro nº 129 de 19/03/2021;;CE-AND/IQB 000006 54618/21-001;;;N;Brasil;GALZERANO;Ref.: 4050-Andador Torino. Versões: 4050EST (Estrela), 4050SPR (Spring);Tecido Pes, TNT, Espuma, PP, PA6, Master, Tinta, Tubo de aço. CxLxA(cm) 71x62,5x51,5 Travamento: Trilho plástico c/ botão de destrave e regulagem de altura. Montagem: Manual. Acess: Brinquedo acoplado;7908200102520|7908200102537;Incluido;17/01/2024
452464/1939;Inativo;;12/12/2022;;;COMPANHIA DOREL BRASIL PRODUTOS INFANTIS;10659948000883;2135547024;Av. Nilo Peçanha;1516 ;Galpão 3 ;28030035;Pq dos Rodoviários;Campos dos Goytacaze;RJ;standard@dorel.com.br;Dongguan Xinyeda Hardware Plastic Products Co., Ltd;Andadores Infantis;Portaria Inmetro nº 129 de 19/03/2021;;IN1715922;;;S;China, República Popular;Safety 1st;11389.  Melody Garden;ABS,PP.PVC.Pol.Esp, 64x55x66cm,Trav.Lib.2açoes cons, Mon.Manual. Aces: Brinquedos.;9312541727119;Incluido;12/12/2022
170995/1966;Ativo;;20/12/2019;;;TAPUZIM COMERCIAL LTDA;00513418000100;1138569063;Av. Monte Celeste;230;250;02561000;Vila S. Maria;São Paulo;SP;ehs0770@hotmail.com;SHEN ZHEN WEI MEI CHILDCARE PRODUCT LIMITED COMPANY;Andadores Infantis;Portaria Inmetro nº 42 de 19/01/2018;;OCAN-AND.165/19-2;;;S;China, República Popular;baby style;SPACECAR - VERSÕES: Andador car - Ref. 21302 / Andador space - Ref. 33117;Material: Plástico, metal e tecido. Dimensões: 59 x 59 x 69 cm , Sistema de Travamento: Stoper, Sistema de Montagem e Ferragem: Tesoura, Acessórios: Bandeja musical;4532213022990|4532331172997;Incluido;20/12/2019
778152/2007;Ativo;;07/08/2024;;;AMAZONAS IMPORTADOS LTDA;07269201000138;9691131654;Rua Independência;175;;68900090;Central;Macapa;AP;adriana.abreu@amazonasimportados.com.br;YIWU BALBIAN ELECTRONIC TECHNOLOGICAL CO., LTD;Andadores Infantis;Portaria Inmetro nº 129 de 19/03/2021;;IN2086424-3;;;S;China, República Popular;LÉ PETIT;MODE,BABY WALKER/REF:LP-9824/ CONT: ANDADOR COM BRINQUEDO ACOPLADO:/VERSÕES:AZUL,VERDE,ROSA.;MATL:PP E POLIÉSTER/DIM:66X54X52CM/SIST DE TRAV:LIBERAÇÃO EM DUAS AÇÕES CONSECUTIVAS/SIST DE MONT E FERR :MANUAL (SEM FERRAMENTA)/ACESSÓRIOS:N/A.CARACT DO MODELO:;7453116003640;Incluido;07/08/2024
427986/1950;Ativo;;07/08/2024;;;AMAZONAS IMPORTADOS LTDA;07269201000138;9691131654;Rua Independência;175;;68900090;Central;Macapa;AP;adriana.abreu@amazonasimportados.com.br;YIWU BALBIAN ELECTRONIC TECHNOLOGICAL CO., LTD;Andadores Infantis;Portaria Inmetro nº 129 de 19/03/2021;;IN2086424-4;;;S;China, República Popular;LÉ PETIT;MODE:BABY WALKER/REF:LP-9917/ CONT: ANDADOR COM BRINQUEDO ACOPLADO/VERSÕES:AZUL,VERMELHO,AMARELO,ROSA.;MAT:PP E POLIÉSTER/DIM:65X54X49CM/SIST DE TRAV:LIBERAÇÃO EM DUAS AÇÕES CONSECUTIVAS/SIST DE MONT E FERRA :MANUAL (SEM FERRAMENTA)/ACES:N/A.CARACTERISTICAS DO MODELO:;7453116024706;Incluido;07/08/2024
464999/1992;Cancelado;;24/08/2020;;14/07/2025;Dardara Comercio Importacao e Exportacao Ltda.;07774907000157;1147447248;R VALENTIM MAGALHAES;95;***;03184090;ALTO DA MOOCA;SÃO PAULO;SP;dardara@yescert.com.br;FOSHAN BAOLIMEI CHILD?S VEHICLE CO.LTD;Andadores Infantis;Portaria Inmetro nº 42 de 19/01/2018;;OCAN-AND.134/20-5;;;S;China, República Popular;DARDARA;ANDADOR CARRO (FD-2407);Material: Moldes e peças em plástico P.P.(polipropileno) Adesivos (papel colante) Painel - parte interna: sistema eletrônico (placa, fio colorido, alto falante). Estrutura em metal, Dimensões: 74 x 63;;Incluido;24/08/2020
759003/2018;Inativo;;02/04/2020;;;Galzerano Indústria de Carrinhos e Berços Ltda;43594977000197;1934043030;Via Prefeito Jurandyr Paixão;700;;13481149;Jd. Campo Belo;Limeira;SP;luisfernando.camargo@galzerano.com.br;FOSHAN SHUNDE QIJUN TOYS CO., LTD;Andadores Infantis;Portaria Inmetro nº 42 de 19/01/2018;;CE-AND/IQB 000006 53487/19-001;;;S;China, República Popular;GALZERANO;Ref.: 4090 - Liam. Versões: 4090CZ (Cinza), 4090PT (Preto);Mat: Tec poli Espum Resin plást Tinta Ferragens. Dim: 70x65x54(cm). Sist Trav: Trilho plást c/ botão destrav e reg de altura. Sist mont/ferragem: Manual. Acess: Bandej brinq não removív e retrovisores;7908200101431|7908200101448;Incluido;02/04/2020
081261/1940;Ativo;;03/04/2023;;;PLANETA - IMPORTACAO E DISTRIBUICAO DE BRINQUEDOS LTDA;13434272000141;1138951572;AV VASCO MASSAFELI;1000;G1A M1-21;06703600;JARDIM MARIA TEREZA;COTIA;SP;admin@planetadobebe.com.br;HEBEI WANXIN CHILDREN TOYS CO.,LTD.;Andadores Infantis;Portaria Inmetro nº 129 de 19/03/2021;;IN1765923;Modelo 5;;S;China, República Popular;MAXI BABY;NW-01 - ANDADOR LA BAMBA  / (...) COM BRINQUEDOS/CAR MOD:AND COM BRINQUEDO(BANDEJA MUSICAL);MAT:PP E PARTES EM ABS, AÇO DE ALTO CARB RODA ELASTÔMERO TERMOPLÁSTICO, PVC/DIM:580X680X550(LXCXH)/SIS TRA:LIBERAÇÃO EM DUAS AÇÕES CONSECUTIVAS SIS DE MON E FER:MANUAL(S/ FERRAMENTA)/ACE:BANDEJA (...);7899403215370|7899403215387;Excluido;28/02/2025
053018/1945;Inativo;;14/08/2019;;;Companhia Dorel Brasil Produtos Infantis;10659948000107;2135633602;Av. Nilo Peçanha;1516 /1582;Térreo;28030035;Pq dos Rodoviários;Campos dos Goytacaze;RJ;mariana.magalhaes@dorel.com.br;JIN SUN GEE PLASTIC CO.,LTD;Andadores Infantis;Portaria Inmetro nº 42 de 19/01/2018;;OCAN-AND.145/19-4;;;S;Formosa (Taiwan);Voyage;BG1401;Nome Fantasia: Buggy. Cores: Rosa e Azul. Material: Ferro, plástico, PP e PU. 42 x 58.5 x 65 cm. Sistema de Travamento e Montagem: Manual. Acessórios: Bandeja;7898509475206|7898509475213;Incluido;14/08/2019
383119/1937;Ativo;;31/08/2026;;;TUTTI BABY INDUSTRIA E COMERCIO DE ARTIGOS INFANTIS LTDA;06981862000129;4733794000;Rod. Guilherme Jensen, SC413, km13;0;Galpão 01;89108000;Distrito Industrial;Massaranduba;SC;heloiza.souza@tuttibaby.com.br;TUTTI BABY INDUSTRIA E COMERCIO DE ARTIGOS INFANTIS LTDA;Andadores Infantis;Portaria Inmetro nº 129 de 19/03/2021;;CE-AND/IQB 000013 57036/26-002;Modelo 5;;N;Brasil;TUTTI BABY;ANDADOR COMFORT - 40005004,40005003,40005011,40005028,40005007,40005010,40005006,40005029;ESTRU.METALICA:ACO TUBULAR,BRINQ:PLAST.DE ENG.,REVEST. TEXTIL: ALGODAO/48X60,5X70 CM/DOIS DISP. DE TRAV. INDEP. SENDO OP. SIMULT./PARAFUSOS E MONT. DE PÇS PLAST./BRINQ. CERT. E ADESIVO-57036/26;7898431502063|7898431502070|7898431502087|7898431502094|7898431502100|7898431502117|7898431502124|7898431502131;Incluido;31/08/2026
040472/1992;Ativo;;05/08/2021;;;GALZERANO INDUSTRIA DE CARRINHOS E BERCOS LTDA;43594977000197;19999947357;Via Prefeito Jurandyr Paixão;700;;13481149;Jd. Campo Belo;Limeira;SP;luisfernando.camargo@galzerano.com.br;GALZERANO INDUSTRIA DE CARRINHOS E BERCOS LTDA;Andadores Infantis;Portaria Inmetro nº 129 de 19/03/2021;;CE-AND/IQB 000006 54618/21-001;;;N;Brasil;GALZERANO;Ref.: 4050-Andador Torino. Versões: 4050EST (Estrela), 4050SPR (Spring);Tecido Pes, TNT, Espuma, PP, PA6, Master, Tinta, Tubo de aço. CxLxA(cm) 71x62,5x51,5 Travamento: Trilho plástico c/ botão de destrave e regulagem de altura. Montagem: Manual. Acess: Brinquedo acoplado;7908200102520|7908200102537;Incluido;17/01/2024
545639/2012;Ativo;;05/08/2021;;;GALZERANO INDUSTRIA DE CARRINHOS E BERCOS LTDA;43594977000197;19999947357;Via Prefeito Jurandyr Paixão;700;;13481149;Jd. Campo Belo;Limeira;SP;luisfernando.camargo@galzerano.com.br;GALZERANO INDUSTRIA DE CARRINHOS E BERCOS LTDA;Andadores Infantis;Portaria Inmetro nº 129 de 19/03/2021;;CE-AND/IQB 000006 54618/21-001;;;N;Brasil;GALZERANO;Ref.: 4050-Andador Torino. Versões: 4050PTR (Preto Rosa), 4050PTT (Preto Terracota);Mat Tec poliest Espum PP PA6 Master Tint Tub aço Itens fix/aviam CxLxA(cm) 71x62,5x51,5 Trav Trilh plást c/ botão destrav e reg alt Acess Band brinq não remove retrov Caract Tec Pçs plást Tint Ferrage;7908200102193|7908200102209;Excluido;01/09/2021
218063/1991;Inativo;;14/01/2021;;;GALZERANO INDUSTRIA DE CARRINHOS E BERCOS LTDA;43594977000197;1934043030;Via Prefeito Jurandyr Paixão;700;;13481149;Jd. Campo Belo;Limeira;SP;luisfernando.camargo@galzerano.com.br;WEIMEI MEI CHILDCARE PRODUCT (HUIZHOU) LTD., CO;Andadores Infantis;Portaria Inmetro nº 42 de 19/01/2018;;CE-AND/IQB 000006 54025/20-001;;;S;China, República Popular;GALZERANO;Ref.: 4030-Andador 4 em 1 Funny. Versões: 4030CR (Color), 4030VDA (Verde Água);Mat Tec polié Espuma Resina plást Itens fixação Dimens 75x71x55(cm) Sist travament dobradiça plást c/ botão acionament Sist montagem/ferragem encaixe manual Acessórios manuais brinquedos removíveis;7898089221477|7898089221996;Incluido;14/01/2021
442722/2015;Ativo;;07/08/2024;;;AMAZONAS IMPORTADOS LTDA;07269201000138;9691131654;Rua Independência;175;;68900090;Central;Macapa;AP;adriana.abreu@amazonasimportados.com.br;YIWU BALBIAN ELECTRONIC TECHNOLOGICAL CO., LTD;Andadores Infantis;Portaria Inmetro nº 129 de 19/03/2021;;IN2086424-2;;;S;China, República Popular;LÉ PETIT;MODE:BABY WALKER/REF:LP-9618/ CONT: ANDADOR COM BRINQUEDO ACOPLADO/VERSÕES:AZUL,VERDE,ROSA,VERMELHO.;MAT:PP E POLIÉSTER/DIM:65X54X49CM/SIST DE TRAV:LIBERAÇÃO EM DUAS AÇÕES CONSECUTIVAS/SIST DE MONT E FERR:MANUAL (SEM FERRAMENTA)ACE:N/A.CARACTERISTICAS DO MODELO:;7453068240131;Incluido;07/08/2024
347022/1971;Ativo;;01/08/2023;;;COMPANHIA DOREL BRASIL PRODUTOS INFANTIS;10659948000883;2135547024;Av. DR  Nilo Peçanha;1516;Galpão 3 ;28030035;Pq dos Rodoviários;Campos dos Goytacaze;RJ;standard@dorel.com.br;ZHONG SHAN SUN LUEN CHONG COMMODITY COMPANY LIMITED;Andadores Infantis;Portaria Inmetro nº 129 de 19/03/2021;;CE-AND/IQB 000011 55435/22-001;Modelo 5;;S;China, República Popular;TINY LOVE;4-in-1 Here I Grow Mobile Activity Center. Ref. 1806501211. ABS, Alumínio, Aço, Poliéster, PP. 70x57x44cm.Sist. de mont.:Manual (s/ ferragem).;Sist. de Trav.:2 disp. de travamento independentes, devem ser operados simultaneamente. Aces.: Brinq. acoplado.;7290108862973;Incluido;01/08/2023
401944/1967;Ativo;;07/02/2022;;;TUTTI BABY INDUSTRIA E COMERCIO DE ARTIGOS INFANTIS LTDA;06981862000129;4733794000;Rod. Guilherme Jensen, SC413, km13;0;;89108000;Distrito Industrial;Massaranduba;SC;certificacao@tuttibaby.com.br;TUTTI BABY INDUSTRIA E COMERCIO DE ARTIGOS INFANTIS LTDA;Andadores Infantis;Portaria Inmetro nº 129 de 19/03/2021;;IN2869325;Modelo 5;;N;Brasil;Tutti Baby;Andador Safari Plus II (Azul / Rosa / Vermelho);ESTRUT. MET.AÇO.TUBULAR/48x60,5x70CM/SIST.DE TRAV. COM.DUAS.AÇÕES.CONSECUT.PARA.LIBER./PARAFUSOS.E. REBITES/BRINQUEDOS.E.ADESIVOS;7898431501615|7898431501622|7898431501639;Excluido;08/04/2022
641026/1997;Ativo;;14/05/2026;;;UNI-ART IMPORT LTDA.;68168368000105;11952844300;AV DAS INDUSTRIAS ;755;;13288163;DIST.INDL B. STORANI;VINHEDO;SP; www.unitoys.com.br;QINGYUAN XINGLONG BALL PRODUCING CO., LTD.;Andadores Infantis;Portaria Inmetro nº 129 de 19/03/2021;;IN2985326;Modelo 5;;S;China, República Popular;UNITOYS;ANDADOR COM EMPURRADOR - N/A - 3726 AZUL/3726 ROSA;MAT:PP, POLIÉSTER E AÇO/DIM:50X60X102 CM/SIS_TRAV:LIBERAÇÃO EM DUAS AÇÕES CONSECUTIVAS/SIS_MONT E FERRG:MANUAL (SEM FERRAMENTA)/ACESS:N/A/CARACTERISTICAS DO MODELO:ANDADOR COM BANDEJA MUSICAL;7908901504395|7908901504401;Incluido;14/05/2026
418892/1944;Ativo;;01/12/2021;;;HEMNANI COMERCIO DE VARIEDADES LTDA.;05469291000185;1124143633;Rua Marcílio Dias;304;N/A;69005270;Centro;Manaus;AM;papush@uol.com.br;China Zhejiang Techincal Co. Ltd;Andadores Infantis;Portaria Inmetro nº 42 de 19/01/2018;;OCAN-AND.189/21-1;;;S;China, República Popular;SITA;AKH602;Material: PP, Ferro e Poliester - Dimensões: 655 mm X 560mm X 500 mm - Sistema de Travamento: Travamento automatico com liberação em duas ações consecutivas - Sistema de Montagem e Ferragem: MANUAL;;Incluido;01/12/2021
982422/2007;Ativo;;07/03/2024;;;JASSUMAL LTDA;04214425000154;63881924131;AV SETE SETEMBRO;852;;69005140;CENTRO;MANAUS;AM;dgjohnny@gmail.com;PINGHU SHI XIAOTIANDI CHILDREN''S PRODUCTS FACTORY;Andadores Infantis;Portaria Inmetro nº 129 de 19/03/2021;;IN2087524;;;S;China, República Popular;BABY SPORTS;ANDADOR JASSUMAL - BS104 - AZUL CLARO E ESCURO-BS104A/ROSA CLARO E ESCURO-BS104R/VERMELHO E PRETO-BS104VP/ROXO E ROSA ESCURO-BS104RR;MAT.:PP,FERRO E POLIÉSTER/DIM.:63X57X53CM/SIST.TRAVA.:LIBERAÇÃO EM DUAS AÇÕES CONSECUTIVAS/SIST.MONT.FERRA.:MANUAL(SEM FERRAMENTA)/ACESSÓRIOS:N/A/CARACTERISTICAS DO MODELO: ANDADOR COM BRINQUEDO;6901041000155;Incluido;07/03/2024
935030/2023;Ativo;;31/08/2026;;;MADHULA COMERCIO DE ARTIGOS ELETROELETRONICOS LTDA;03838532000190;92994433107;Rua Marcilio Dias;166;;69005270;Centro;Manaus;AM;mayapunjwani@gmail.com;PINGHU XIAOTIANDI CHILDRENS PRODUCTS FACTORY;Andadores Infantis;Portaria Inmetro nº 129 de 19/03/2021;;IN3141126-1;Modelo 5;;S;China, República Popular;BENMEK;MADHULA/ MA100/ Verde e Azul - MA100VA/ Rosa e Roxo - MA100RR/ Branco e Azul Escuro - MA100BAE/ Amarelo e Vermelho - MA100AV;MAT.:PP, FERRO E POLIÉSTER/DIM.:63X57X53 CM/SIST. DE TRAV.: LIBERAÇÃO EM DUAS AÇÕES CONSECUTIVAS/SIST. MONT. E FERR.:MANUAL (SEM FERRAMENTA)/ACESS.:BRINQUEDO/CARACT. DO MOD.: ANDADOR COM BRINQUEDO;6901031000158;Incluido;31/08/2026
229045/1950;Ativo;;03/04/2023;;;PLANETA - IMPORTACAO E DISTRIBUICAO DE BRINQUEDOS LTDA;13434272000141;1138951572;AV VASCO MASSAFELI;1000;G1A M1-21;06703600;JARDIM MARIA TEREZA;COTIA;SP;admin@planetadobebe.com.br;HEBEI WANXIN CHILDREN TOYS CO.,LTD.;Andadores Infantis;Portaria Inmetro nº 129 de 19/03/2021;;IN1765923;Modelo 5;;S;China, República Popular;MAXI BABY;NW-01 - ANDADOR LA BAMBA;MAT:PP PARTES EM ABS, AÇO DE ALTO CARB RODA ELAST.TERMO., PVC/DIM:580X680X550/SIS TRA:LIBERA.EM 2 AÇÕES CONSEC. SIS DE MON E FER:MAN.(S/ FER)/ACE:BANDEJA COM BRINQ/CAR MOD:AND COM BRINQ(BAND.A MUS.);7899403215370|7899403215387;Excluido;22/12/2025
941007/1941;Ativo;;05/08/2021;;;GALZERANO INDUSTRIA DE CARRINHOS E BERCOS LTDA;43594977000197;19999947357;Via Prefeito Jurandyr Paixão;700;;13481149;Jd. Campo Belo;Limeira;SP;luisfernando.camargo@galzerano.com.br;GALZERANO INDUSTRIA DE CARRINHOS E BERCOS LTDA;Andadores Infantis;Portaria Inmetro nº 129 de 19/03/2021;;CE-AND/IQB 000006 54618/21-001;;;N;Brasil;GALZERANO;Ref.: 4050-Andador Torino. Versões: 4050PTR (Preto Rosa), 4050PTT (Preto Terracota);Mat Tec poliest Espum PP PA6 Master Tint Tub aço Itens fix/aviam CxLxA(cm) 71x62,5x51,5 Trav Trilh plást c/ botão destrav e reg alt Acess Band brinq não remove retrov Caract Tec Pçs plást Tint Ferrage;7908200102193|7908200102209;Excluido;01/09/2021
523049/1976;Ativo;;26/07/2024;;;DARDARA COMERCIO IMPORTACAO E EXPORTACAO LTDA;07774907000157;11964220291;R VALENTIM MAGALHAES;95;***;03184090;ALTO DA MOOCA;SÃO PAULO;SP;sac@dardara.com.br;FOSHAN BAOLIMEI BABY CARRIER CO., ;Andadores Infantis;Portaria Inmetro nº 129 de 19/03/2021;;IN2255924;;;S;China, República Popular;DARDARA;ANDADOR CARRO FD-2407 / VERSÕES: AZUL E ROSA;MAT:PP,METAL E POLIÉSTER/DIM:740X630X510MM/SIST DE TRAVA:LIB EM 2 AÇÕES CONSECUT/SIST DE MONT/FERRAG:MANUAL(C/FERRAMENTAS)/ACESSÓRIOS: BRINQ/CARACT DO MODELO:ANDADOR C/BRINQ INTEGRADO;7898572462738|7898572462755;Incluido;26/07/2024
873863/1951;Ativo;;07/08/2024;;;AMAZONAS IMPORTADOS LTDA;07269201000138;9691131654;Rua Independência;175;;68900090;Central;Macapa;AP;adriana.abreu@amazonasimportados.com.br;YIWU BALBIAN ELECTRONIC TECHNOLOGICAL CO., LTD;Andadores Infantis;Portaria Inmetro nº 129 de 19/03/2021;;IN2086424-3;;;S;China, República Popular;LÉ PETIT;MODE,BABY WALKER/REF:LP-9824/ CONT: ANDADOR COM BRINQUEDO ACOPLADO:/VERSÕES:AZUL,VERDE,ROSA.;MATL:PP E POLIÉSTER/DIM:66X54X52CM/SIST DE TRAV:LIBERAÇÃO EM DUAS AÇÕES CONSECUTIVAS/SIST DE MONT E FERR :MANUAL (SEM FERRAMENTA)/ACESSÓRIOS:N/A.CARACT DO MODELO:;7453116003640;Incluido;07/08/2024
817053/2002;Ativo;;27/08/2026;;;MADHULA COMERCIO DE ARTIGOS ELETROELETRONICOS LTDA;03838532000190;92994433107;Rua Marcilio Dias;166;;69005270;Centro;Manaus;AM;mayapunjwani@gmail.com;PINGHU XIAOTIANDI CHILDREN?S PRODUCTS FACTORY;Andadores Infantis;Portaria Inmetro nº 129 de 19/03/2021;;IN3141126-2;Modelo 5;;S;China, República Popular;BENMEK;ANDADOR MADHULA/ MA101/ Rosa - MA101R/ Azul - MA101A/ Verde - MA101V/ Laranja - MA101L;MAT.:PP, FERRO E POLIÉSTER/DIM.:63X57X53 CM/SIST. DE TRAV.:LIBERAÇÃO EM DUAS AÇÕES CONSECUTIVAS/SIST. MONT. E FERR.:MANUAL (SEM FERRAMENTA)/ACESS.:BRINQUEDO/CARACT. DO MOD.:ANDADOR COM BRINQUEDO;6901031000158;Incluido;27/08/2026
111068/1929;Ativo;;29/01/2025;;;MD COMERCIO DE FERRAGENS LTDA;55274701000100;92981285408;AVENIDA JOAQUIM NABUCO, ;1094;A;69020030;CENTRO;MANAUS;AM;monadowlani@gmail.com;Hebei Zhongtai Bicycle manufacturing Co,. Ltd;Andadores Infantis;Portaria Inmetro nº 129 de 19/03/2021;;IN2520425;;;S;China, República Popular;ULTRA BABY;ANDADOR INFANTIL MUSICAL PARA BEBÊ/REF.:UBW-1026/PINK/GREEN/BLUE;MAT:PU,PP,AÇO,POLIÉSTER,ABS/DIM:70X60X55CM/SIST.DE TRAV.:LIB.EM DUAS AÇÕ.CONS./SIS.DE MONT.E FER.:MAN.(S/FERR.)/ACESS.:BANDE.COM BRINQ./CARAC.DO MODE.:ANDAD.C/BRINQ;7890012365050|7890012366064|7890012367078;Incluido;29/01/2025
405072/1955;Ativo;;29/04/2024;;;TAPUZIM COMERCIAL LTDA;00513418000100;1138569063;Av. Monte Celeste;230;250;02561000;Vila S. Maria;São Paulo;SP;sergio@babystylebrasil.com.br;SHEN ZHEN WEI MEI CHILDCARE PRODUCT LIMITED COMPANY;Andadores Infantis;Portaria Inmetro nº 129 de 19/03/2021;;IN2118124-1;;;S;China, República Popular;Baby Style;ANDADOR SMART - SMART AZUL E SMART ROSA;PP,62 X 53 X 78CM,LIBERAÇÃO EM DUAS AÇÕES CONSECUTIVAS,MANUAL (SEM FERRAMENTA),ACESSÓRIOS:N/A/CARAC MODELO:ANDADOR C BRINQUEDO NA BANDEJA;4079337307416|4079337313325;Incluido;29/04/2024
699076/1981;Ativo;;09/12/2019;;;TAPUZIM COMERCIAL LTDA;00513418000100;1138569063;Av. Monte Celeste;230;250;02561000;Vila S. Maria;São Paulo;SP;ehs0770@hotmail.com;SHEN ZHEN WEI MEI CHILDCARE PRODUCT LIMITED COMPANY;Andadores Infantis;Portaria Inmetro nº 42 de 19/01/2018;;OCAN-AND.165/19-3;;;S;China, República Popular;baby style;CENTRO DE ATIVIDADES;VERSÕES: Andador play - Ref.5821 Andador meninos - Ref. 515211 Andador meninas - Ref. 51522. Material: Plástico, metal e tecido. Dimensões: 74 x 75 x 18 cm Sistema de Travamento: Stoper Sistema de Mon;4079515211993|4079515222999|4532582122994;Incluido;09/12/2019
993080/2007;Ativo;;04/08/2025;;;BAMBINO COMERCIAL LTDA;06006481000129;81987347022;R. 23;175;;53090190;RIO DOCE;OLINDA;PE;bambino.souza@terra.com.br;PINGHU XIAOTIANDI CHILDREN?S PRODUCTS FACTORY;Andadores Infantis;Portaria Inmetro nº 129 de 19/03/2021;;IN2750125;Modelo 5;;S;China, República Popular;BAMBINO;ANDADOR - BA01 - ROSA/AZUL;MAT:PP,FERRO E POLIÉSTER/DIM:70X62.5X51CM/SIS_TRAV:LIBERAÇÃO EM DUAS AÇÕES CONSECUTIVAS/SIS_MONT E FERRG:MANUAL(S/FERRAM.)/ACESS.:BRINQ.CEN.DE ATIVI./CARACT.DO MODELO:ANDADOR COM BANDEJA MUSICAL;7898576907150|7898576907167;Incluido;04/08/2025
594595/1990;Ativo;;29/04/2024;;;TAPUZIM COMERCIAL LTDA;00513418000100;113856906;Av. Monte Celeste;230;250;02561000;Vila S. Maria;São Paulo;SP;sergio@babystylebrasil.com.br;SHEN ZHEN WEI MEI CHILDCARE PRODUCT LIMITED COMPANY;Andadores Infantis;Portaria Inmetro nº 129 de 19/03/2021;;IN2118124-2;;;S;China, República Popular;Baby Style;ANDADOR FOGUETE - FOGUETE CINZA E FOGUETE ROSA;MATERIAL:PP/DIM:62X53X78CM/SISTEMA DE TRAVAME:LIBERA EM 2 AÇÕES CONSECUTIVAS/MANUAL/ACESSÓRIOS:N/A/CARACT DO MODELO:ANDADOR C BRINQUEDO NA BANDEJA;4079337285219|4079337296543;Incluido;29/04/2024
817690/2020;Inativo;;14/01/2021;;;GALZERANO INDUSTRIA DE CARRINHOS E BERCOS LTDA;43594977000197;1934043030;Via Prefeito Jurandyr Paixão;700;;13481149;Jd. Campo Belo;Limeira;SP;luisfernando.camargo@galzerano.com.br;HUNGSENG HARDWARE PLASTIC (DG) CORP., LTD;Andadores Infantis;Portaria Inmetro nº 42 de 19/01/2018;;CE-AND/IQB 000006 54018/20-001;;;S;China, República Popular;GALZERANO;Ref.: 4015-Andador 3 em 1 Fênix. Versões: 4015CR (Color);Mat Tec polié Espum Resin plást Itens fixação Dimens 103x103x72(cm) Sist travamento suporte plástico c/ encaixe Sist montagem/ferragem encaixes manuais Acessório: Bandeja de brinquedos não removíveis;7908200101936;Incluido;14/01/2021
287095/1934;Ativo;;05/08/2021;;;GALZERANO INDUSTRIA DE CARRINHOS E BERCOS LTDA;43594977000197;19999947357;Via Prefeito Jurandyr Paixão;700;;13481149;Jd. Campo Belo;Limeira;SP;luisfernando.camargo@galzerano.com.br;GALZERANO INDUSTRIA DE CARRINHOS E BERCOS LTDA;Andadores Infantis;Portaria Inmetro nº 129 de 19/03/2021;;CE-AND/IQB 000006 54618/21-001;;;N;Brasil;GALZERANO;Ref.: 4050-Andador Torino. Versões: 4050RO (Rosa), 4050TER (Terracota);Mat Tec poliest TNT Espum PP PA6 Master Tint Tub aço Item fix/aviam CxLxA(cm) 71x62,5x51,5 Trav Trilh plást c/ botão destrav e reg alt Acess Band brinq não remov retrov Carac Tec Pçs plást Tint Ferrag;7908200102247|7908200102254;Excluido;11/05/2022
823343/1979;Ativo;;31/10/2025;;;MD COMERCIO DE FERRAGENS LTDA;55274701000100;92985975259;Avenida Joaquim Nabuco;1094;A;69020030;Centro;Manaus;AM;mdcomerciodeferragensltda@gmail.com;Xingtai Pandelo Technology Co.,Ltd;Andadores Infantis;Portaria Inmetro nº 129 de 19/03/2021;;IN2824825;Modelo 5;;S;China, República Popular;ULTRA BABY;ANDADOR INFANTIL MUSICAL PARA BEBÊ - UBW -305 - N/A - BABY PINK / BARBIE PINK/RED / WHITE/ROYAL BLUE /ORANGE / WHITE/LIGHT BLUE / WHITE;MAT:PP,FERRO E POLIÉ./DIM.:68X59X52 CM/SIST.DE TRAV.:LIB.EM DUAS AÇÕES CONS./SIST.DE MONT. E FERR.:MAN.(S/FERRAM.)/ACESS.:N/A/CARACTERISTICAS DO MODELO:ANDADOR COM BRINQUEDO ACOPLADO;7890012361007|7890012361113|7890012368082|7890012369096;Incluido;31/10/2025
581099/1960;Ativo;;07/03/2024;;;JASSUMAL LTDA;04214425000154;63881924131;AV SETE SETEMBRO;852;;69005140;CENTRO;MANAUS;AM;dgjohnny@gmail.com;PINGHU SHI XIAOTIANDI CHILDREN''S PRODUCTS FACTORY;Andadores Infantis;Portaria Inmetro nº 129 de 19/03/2021;;IN2087524;;;S;China, República Popular;BABY SPORTS;ANDADOR JASSUMAL - BS104 - AZUL CLARO E ESCURO-BS104A/ROSA CLARO E ESCURO-BS104R/VERMELHO E PRETO-BS104VP/ROXO E ROSA ESCURO-BS104RR;MAT.:PP,FERRO E POLIÉSTER/DIM.:63X57X53CM/SIST.TRAVA.:LIBERAÇÃO EM DUAS AÇÕES CONSECUTIVAS/SIST.MONT.FERRA.:MANUAL(SEM FERRAMENTA)/ACESSÓRIOS:N/A/CARACTERISTICAS DO MODELO: ANDADOR COM BRINQUEDO;6901041000155;Incluido;07/03/2024
875103/1986;Ativo;;07/03/2024;;;COMPANHIA DOREL BRASIL PRODUTOS INFANTIS;10659948000107;2135547024;Av. Nilo Peçanha;1516;1582;28030035;Pq dos Rodoviários;Campos dos Goytacaze;RJ;standard@dorel.com.br;COMPANHIA DOREL BRASIL PRODUTOS INFANTIS;Andadores Infantis;Portaria Inmetro nº 129 de 19/03/2021;;IN2040823;Modelo 5;;N;Brasil;Infanti;APPIA - HE022 - AZUL/ROSA - MAT.:PP, POLIÉSTER,PTA, EG, POLIPROPILENO E POLIETILENO.DIMENSÕES:56,5X68X60,5CM/;SIST. DE TRAVAMENTO: LIBERAÇÃO EM 2 AÇÕES CONSECUTIVAS/SIST. DE MONTAGEM E FERRAGEM: MANUAL (S/ FERRAMENTAS)/ACES.: BANDEJA DE BRINQUEDOS/ANDADOR COM BRINQUEDO;7908238809774|7908238809781;Excluido;10/04/2026
347346/1930;Ativo;;07/02/2022;;;TUTTI BABY INDUSTRIA E COMERCIO DE ARTIGOS INFANTIS LTDA;06981862000129;4733794000;Rod. Guilherme Jensen, SC413, km13;0;;89108000;Distrito Industrial;Massaranduba;SC;certificacao@tuttibaby.com.br;TUTTI BABY INDUSTRIA E COMERCIO DE ARTIGOS INFANTIS LTDA;Andadores Infantis;Portaria Inmetro nº 129 de 19/03/2021;;IN2869325;Modelo 5;;N;Brasil;TUTTI BABY;DESIGNAÇÃO COMERC SAFARI II (AZUL/ROSA/VERMELHO),PRINCESA ROSA COROA,ACQUA,EXPLORADOR (CINZA/ ROXO) CÓD D REF COMERC:ANDAD 40.002/40002003/40002004/40002007/40003004/40004002/40004003;MAT:ESTRUTURA METALICA - AÇO TUBULAR/DIM:48X60,5X70CM/SIST DE TRAVA:LIBERAÇ EM 2AÇÕES CONSECUT/SIST DE MONTAGEM E FERRAGEM:PARAFUSOS E REBITES/ACESSÓ:BRINQUEDOS E ADESIVOS/CARACT DO MODELO:ANDADOR C B;7898431501615|7898431501622|7898431501639|7898431501684|7898431501691|7898431501707;Excluido;26/04/2024
417004/1991;Ativo;;15/12/2023;;;MADHULA COMERCIO DE ARTIGOS ELETROELETRONICOS LTDA;03838532000190;62811924131;Rua Marcilio Dias;166;;69005270;Centro;Manaus;AM;dgjohnny@gmail.com;PINGHU SHI XIAOTIANDI CHILDREN''S PRODUCTS FACTORY;Andadores Infantis;Portaria Inmetro nº 129 de 19/03/2021;;IN1983523;;;S;China, República Popular;BENMEK;ANDADOR MADHULA/REF.: MA100/VERSÕES:Verde e Azul - MA100VA,Rosa e Roxo - MA100RR,Branco e Azul Escuro - MA100BAE,Amarelo e Vermelho - MA100AV;MAT:PP, FERRO E POLIÉSTER/DIMEN.:63 X 57 X 53 CM/SIST. TRAVAMENTO:Liberação em duas ações consecutivas/SIST. MONTAGEM E FERRAGEM:MANUAL(SEM FERRAMENTA)/ACESS.:n/a/CARACTERÍSTICAS: ANDADOR COM BRINQUED;6901031000158;Incluido;15/12/2023
525574/1947;Ativo;;19/06/2026;;;LILI FLORES ARTESANAIS LTDA;50509301000113;2199999999;R SANTO SEPULCRO;00279;;21350220;MADUREIRA;RIO DE JANEIRO;RJ;xiaoweiliu663@gmail.com;PINGHU XIAOTIANDI CHILDREN''S PRODUCTS FACTORY ;Andadores Infantis;Portaria Inmetro nº 129 de 19/03/2021;;IN3051726;Modelo 5;;S;China, República Popular;LILI;MOD:ANDADOR LL-2931 / CÓD. DE REFERÊNCIA COMERCIAL: LL-2931 / AZUL,ROSA,VERDE;MAT.:PP, POLIÉSTER E POLIETILENO/DIM:56,5X68X60,5CM/ SIST.TRAV.:LIBERAÇÃO EM DUAS AÇÕES CONSECUTIVAS/SIST. MONT.:LIBERAÇÃO EM DUAS AÇÕES CONSECUTIVAS/SEM ACESSÓRIOS/ANDADOR COM BRINQUEDO INTERATIVO;;Incluido;19/06/2026
710695/1958;Inativo;;07/10/2019;;;Galzerano Indústria de Carrinhos e Berços Ltda;43594977000197;1934043030;Via Prefeito Jurandyr Paixão;700;;13481149;Jd. Campo Belo;Limeira;SP;luisfernando.camargo@galzerano.com.br;GUANGDONG ZHIHUI CHILDREN?S PRODUCTS CO.,LTD;Andadores Infantis;Portaria Inmetro nº 42 de 19/01/2018;;CE-AND/IQB 000006 53503/20-001;;;S;China, República Popular;GALZERANO;Andador de bebê Magic - Versão: Cinza (CZ), Preto (PT);Mat Tec poli Espum Resin plást Tint Ferrag 70Cx65Lx54A cm Travam trilho plást com botão de destrav e regul alt Mont/frenag manual Andador com pçs girat e cores diversas Acess Bandej Brinq não removív.;7898089221590|7898089222283;Incluido;07/10/2019
457793/1939;Ativo;;03/04/2023;;;PLANETA - IMPORTACAO E DISTRIBUICAO DE BRINQUEDOS LTDA;13434272000141;1138951572;AV VASCO MASSAFELI;1000;G1A M1-21;06703600;JARDIM MARIA TEREZA;COTIA;SP;admin@planetadobebe.com.br;HEBEI WANXIN CHILDREN TOYS CO.,LTD.;Andadores Infantis;Portaria Inmetro nº 129 de 19/03/2021;;IN1765923;Modelo 5;;S;China, República Popular;MAXI BABY;ANDADOR LA BAMBA - NW-01 - AZUL #21537/ROSA #21538/VERMELHO #75268;MAT: PP E PAR. ABS, AÇO DE ALT. CARB.-RODA ELAST. TERM.,PVC/DIM:580X680X550(LXCXH)/SIS_TRAV:LIBE.EMDUAS AÇÕES CONS./SIS_MONT E FER:MAN.(S/FER.)/ACES:BAND C BRINQ./CARAC.DO MOD:ANDADOR C BRI.(BAD. MUS.;7898975752689|7899403215370|7899403215387;Excluido;18/03/2026
169107/2013;Ativo;;15/12/2023;;;MADHULA COMERCIO DE ARTIGOS ELETROELETRONICOS LTDA;03838532000190;62811924131;Rua Marcilio Dias;166;;69005270;Centro;Manaus;AM;dgjohnny@gmail.com;PINGHU SHI XIAOTIANDI CHILDREN''S PRODUCTS FACTORY;Andadores Infantis;Portaria Inmetro nº 129 de 19/03/2021;;IN1983523;;;S;China, República Popular;BENMEK;ANDADOR MADHULA/REF.: MA100/VERSÕES:Verde e Azul - MA100VA,Rosa e Roxo - MA100RR,Branco e Azul Escuro - MA100BAE,Amarelo e Vermelho - MA100AV;MAT:PP, FERRO E POLIÉSTER/DIMEN.:63 X 57 X 53 CM/SIST. TRAVAMENTO:Liberação em duas ações consecutivas/SIST. MONTAGEM E FERRAGEM:MANUAL(SEM FERRAMENTA)/ACESS.:n/a/CARACTERÍSTICAS: ANDADOR COM BRINQUED;6901031000158;Incluido;15/12/2023
268583/1963;Ativo;;16/07/2025;;;KIDDO INDUSTRIA E COMERCIO LTDA;60688090000187;1147870744;Rodovia Regis Bittencourt ;3666;;06793000;Jardim Três Marias ;Taboão da Serra;SP;m.nascimento@kiddo.com.br;JIN SUN GEE PLASTIC CO., LTD;Andadores Infantis;Portaria Inmetro nº 129 de 19/03/2021;;IN2735125;Modelo 5;;S;China, República Popular;Whoop;ANDADOR PASSINHOS 2 EM 1 REF. 8701/CINZA/ROSA/AZUL;MATERIAL:PP. POLIES/DIMENSÕES:59,5X68X53CM/SIST.DE.TRAVAM.:LIBER.EM DUAS AÇÕES CONSECUTIVAS/SIST.DE.MONTAG.E.FERRAGEM:MANUAL (SEM AUX. DE FERRAM)/ACESSÓRIOS:BRINQ./CARACT. DO MODELO:ANDADOR C/ BRINQ.;7896517223871|7896517223888|7896517223895;Incluido;16/07/2025
463122/1939;Ativo;;05/08/2021;;;GALZERANO INDUSTRIA DE CARRINHOS E BERCOS LTDA;43594977000197;19999947357;Via Prefeito Jurandyr Paixão;700;;13481149;Jd. Campo Belo;Limeira;SP;luisfernando.camargo@galzerano.com.br;GALZERANO INDUSTRIA DE CARRINHOS E BERCOS LTDA;Andadores Infantis;Portaria Inmetro nº 129 de 19/03/2021;;CE-AND/IQB 000006 54618/21-001;;;N;Brasil;GALZERANO;Ref.: 4050-Andador Torino. Versões: 4050RO (Rosa), 4050TER (Terracota);Mat Tec poliest TNT Espum PP PA6 Master Tint Tub aço Item fix/aviam CxLxA(cm) 71x62,5x51,5 Trav Trilh plást c/ botão destrav e reg alt Acess Band brinq não remov retrov Carac Tec Pçs plást Tint Ferrag;7908200102247|7908200102254;Excluido;11/05/2022
560710/1936;Inativo;;02/04/2020;;;Galzerano Indústria de Carrinhos e Berços Ltda;43594977000197;1934043030;Via Prefeito Jurandyr Paixão;700;;13481149;Jd. Campo Belo;Limeira;SP;luisfernando.camargo@galzerano.com.br;FOSHAN SHUNDE QIJUN TOYS CO., LTD;Andadores Infantis;Portaria Inmetro nº 42 de 19/01/2018;;CE-AND/IQB 000006 53487/19-001;;;S;China, República Popular;GALZERANO;Ref.: 4090 - Liam. Versões: 4090CZ (Cinza), 4090PT (Preto);Mat: Tec poli Espum Resin plást Tinta Ferragens. Dim: 70x65x54(cm). Sist Trav: Trilho plást c/ botão destrav e reg de altura. Sist mont/ferragem: Manual. Acess: Bandej brinq não removív e retrovisores;7908200101431|7908200101448;Incluido;02/04/2020
847497/2009;Inativo;;11/11/2022;;;COMPANHIA DOREL BRASIL PRODUTOS INFANTIS;10659948000883;2135547024;Av. Nilo Peçanha;1516 /1582;Galpão 3 ;28030035;Pq dos Rodoviários;Campos dos Goytacaze;RJ;standard@dorel.com.br;Jin Sun Gee Plastics Co., Ltd;Andadores Infantis;Portaria Inmetro nº 129 de 19/03/2021;;IN1701622-1;;;S;Formosa (Taiwan);Cosco;BG-2023. Nome comercial: Goal Walker 4 em 1. Versões: Rosa e Azul.;Ferro, PP, PU e Pol, 74x44x66,5cm.Trav.real.único acion.,Mont: Manual(c/chave phil,n/inclusa). Aces: Brinq.;7898509478375|7898509478665;Incluido;11/11/2022
377466/1978;Ativo;;05/08/2021;;;GALZERANO INDUSTRIA DE CARRINHOS E BERCOS LTDA;43594977000197;19999947357;Via Prefeito Jurandyr Paixão;700;;13481149;Jd. Campo Belo;Limeira;SP;luisfernando.camargo@galzerano.com.br;GALZERANO INDUSTRIA DE CARRINHOS E BERCOS LTDA;Andadores Infantis;Portaria Inmetro nº 129 de 19/03/2021;;CE-AND/IQB 000006 54618/21-001;;;N;Brasil;GALZERANO;Ref.: 4050-Andador Torino. Versões: 4050RO (Rosa), 4050TER (Terracota), 4050EST (Estrela), 4050SPR (Spring) - Material: Tecido poliéster, TNT, Espuma, PP, PA6, Master, Tinta, Tubo de aço, Itens de fixação e aviamentos. Dimensões: CxLxA (cm) 71x62,5x51,5. Sistema de travamento: Trilho plástico com botão de destrave e regulagem de altura;Sistema de montagem/ferragem: Manual. Acessórios que venham com o produto: Bandeja de brinquedos não removível, Características do modelo: Tecidos, Peças plásticas, Tinta, Ferragens;7908200102247|7908200102254|7908200102520|7908200102537;Excluido;17/01/2024
757126/1965;Ativo;;09/12/2019;;;TAPUZIM COMERCIAL LTDA;00513418000100;1138569063;Av. Monte Celeste;230;250;02561000;Vila S. Maria;São Paulo;SP;ehs0770@hotmail.com;SHEN ZHEN WEI MEI CHILDCARE PRODUCT LIMITED COMPANY;Andadores Infantis;Portaria Inmetro nº 129 de 19/03/2021;;IN2062423;Modelo 5;;S;China, República Popular;Baby Style;MODELO: ANIMAIS VERSÕES: Andador cachorro vermelho - Ref. 33721 Andador cachorro azul - Ref. 33722 Andador abelha rosa - Ref. 33723 Andador abelha azul - Ref. 33724 Andador pianinho rosa Ref: 33725 Andador pianinho azul Ref: 33726;Material: Plástico, metal e tecido, Dimensões: 50 x 70 x 60 cm, Sistema de Travamento: Stoper, Sistema deMontagem e Ferragem: Tesoura, Acessórios: Bandeja musical;4079337218996|4079337228995|4079337238994|4079337248993|4079337251993|4079337261992;Excluido;29/01/2024
051130/1992;Inativo;;14/08/2019;;;Companhia Dorel Brasil Produtos Infantis;10659948000107;2135633602;Av. Nilo Peçanha;1516 /1582;Térreo;28030035;Pq dos Rodoviários;Campos dos Goytacaze;RJ;mariana.magalhaes@dorel.com.br;Hua Song Plastic Products Co Ltd;Andadores Infantis;Portaria Inmetro nº 42 de 19/01/2018;;OCAN-AND.145/19-3;;;S;China, República Popular;Safety 1st;11389;Nome Fantasia: Melody Garden. Cor única. Material: Ferro, plástico e PP. 64x55x66 cm. Sistema de Travamento e Montagem: Manual. Acessórios: Bandeja.;9312541727119;Incluido;14/08/2019
585501/1984;Inativo;;14/08/2019;;;Companhia Dorel Brasil Produtos Infantis;10659948000107;2135633602;Av. Nilo Peçanha;1516 /1582;Térreo;28030035;Pq dos Rodoviários;Campos dos Goytacaze;RJ;mariana.magalhaes@dorel.com.br;JIN SUN GEE PLASTIC CO.,LTD;Andadores Infantis;Portaria Inmetro nº 42 de 19/01/2018;;OCAN-AND.145/19-4;;;S;Formosa (Taiwan);Voyage;BG1401;Nome Fantasia: Buggy. Cores: Rosa e Azul. Material: Ferro, plástico, PP e PU. 42 x 58.5 x 65 cm. Sistema de Travamento e Montagem: Manual. Acessórios: Bandeja;7898509475206|7898509475213;Incluido;14/08/2019
345134/2018;Ativo;;17/06/2024;;;MEGA COMPRAS PRESENTES.COM LTDA;02561195000174;4191284769;RUA ELDORADO;511;511;09550720;PROSPERIDADE;SÃO CAETANO DO SUL;SP;contabilidade@grupogmac.com;HEBEI HAOKU CHILDREN TOYS CO., LTD;Andadores Infantis;Portaria Inmetro nº 129 de 19/03/2021;;IN2152424;;;S;China, República Popular;MEGA COMPRAS;ANDADOR PARA BEBÊS-PREMIUM-REF:MC923/MC923AZ/MC923RS/MC923CZ/MATERIAL:PP E POLIÉSTER/DIMENSÕES:65X 48X46 CM/ CONT: ANDADOR COM BRINQUEDO ACOPLADO;SISTEMA DE TRAVAMENTO:DOIS DISPOSITIVOS DE TRAVAMENTO INDEPENDENTES SENDO OPERADOS SIMULTÂNEAMENTE/SISTEMA DE MONTAGEM E FERRAGEM:MANUAL (SEM FERRAMENTA)/ACESSÓRIOS:BRINQUEDO/CARACTERISTICAS DO MODELO;7898692799028|7898692799578|7898692799585;Incluido;17/06/2024
639149/1944;Inativo;;09/02/2022;;;COMPANHIA DOREL BRASIL PRODUTOS INFANTIS;10659948000107;02135547024;Av. Nilo Peçanha;1516 /1582;Térreo;28030035;Pq dos Rodoviários;Campos dos Goytacaze;RJ;mariana.magalhaes@dorel.com.br;Dong Guan Hua Song Plastic Products Co.Ltd;Andadores Infantis;Portaria Inmetro nº 42 de 19/01/2018;;IN1512522;;;S;China, República Popular;Safety 1st;11389.  Melody Garden;Pol.,PP,Aço. 65x55x66cm. Aut.c/lib.em 2 ações consec.,Manual. Acessórios: Brinquedo(centro de atividades);9312541727119;Incluido;09/02/2022
798552/1931;Ativo;;09/12/2019;;;TAPUZIM COMERCIAL LTDA;00513418000100;1138569063;Av. Monte Celeste;230;250;02561000;Vila S. Maria;São Paulo;SP;ehs0770@hotmail.com;SHEN ZHEN WEI MEI CHILDCARE PRODUCT LIMITED COMPANY;Andadores Infantis;Portaria Inmetro nº 129 de 19/03/2021;;IN2062423;Modelo 5;;S;China, República Popular;Baby Style;MODELO: ANIMAIS VERSÕES: Andador cachorro vermelho - Ref. 33721 Andador cachorro azul - Ref. 33722 Andador abelha rosa - Ref. 33723 Andador abelha azul - Ref. 33724 Andador pianinho rosa Ref: 33725 Andador pianinho azul Ref: 33726;Material: Plástico, metal e tecido, Dimensões: 50 x 70 x 60 cm, Sistema de Travamento: Stoper, Sistema deMontagem e Ferragem: Tesoura, Acessórios: Bandeja musical;4079337218996|4079337228995|4079337238994|4079337248993|4079337251993|4079337261992;Excluido;29/01/2024
933153/1970;Ativo;;02/09/2026;;;BAGATOLI COMERCIO DE REFRIGERACAO LTDA;00897750000108;47984556257;BR-470;8105;;89058020;FORTALEZA ALTA;BLUMENAU;SC;digitalpriceconsultoria@gmail.com;PINGHU XIAOTIANDI CHILDREN?S PRODUCTS FACTORY;Andadores Infantis;Portaria Inmetro nº 129 de 19/03/2021;;IN3155526;Modelo 5;;S;China, República Popular;BAGATOLI KIDS;MOD: ANDADOR INFANTIL PULSE/ N.COM: PULSE/ V.: ROSA, AZUL, CINZA;MAT.:PP,POLIÉSTER,AÇO/DIM.:51X61X69CM/SIST.TRAV.:LIB.2 AÇÕES CONSEC./SIST.MONT.FERR.:REBITES,PARAF.E ENCAIXE PEÇAS PLÁST./ACESS.:BRINQ.NA BANDEJA/CARACT.MOD.:ANDADOR C/BRINQ.;7901030400859|7901030400866|7901030400873;Incluido;02/09/2026
293061/1952;Ativo;;19/06/2026;;;LILI FLORES ARTESANAIS LTDA;50509301000113;2199999999;R SANTO SEPULCRO;00279;;21350220;MADUREIRA;RIO DE JANEIRO;RJ;xiaoweiliu663@gmail.com;PINGHU XIAOTIANDI CHILDREN''S PRODUCTS FACTORY ;Andadores Infantis;Portaria Inmetro nº 129 de 19/03/2021;;IN3051726;Modelo 5;;S;China, República Popular;LILI;MOD:ANDADOR LL-2931 / CÓD. DE REFERÊNCIA COMERCIAL: LL-2931 / AZUL,ROSA,VERDE;MAT.:PP, POLIÉSTER E POLIETILENO/DIM:56,5X68X60,5CM/ SIST.TRAV.:LIBERAÇÃO EM DUAS AÇÕES CONSECUTIVAS/SIST. MONT.:LIBERAÇÃO EM DUAS AÇÕES CONSECUTIVAS/SEM ACESSÓRIOS/ANDADOR COM BRINQUEDO INTERATIVO;;Incluido;19/06/2026
572005/1954;Ativo;;07/03/2024;;;MADHULA COMERCIO DE ARTIGOS ELETROELETRONICOS LTDA;03838532000190;63881924131;Rua Marcilio Dias;166;;69005270;Centro;Manaus;AM;ltdamcg@gmail.com;PINGHU SHI XIAOTIANDI CHILDREN''S PRODUCTS FACTORY;Andadores Infantis;Portaria Inmetro nº 129 de 19/03/2021;;IN2088024;;;S;China, República Popular;BENMEK;ANDADOR MADHULA - MA101 - ROSA-MA101R/AZUL-MA101A/VERDE-MA101V/LARANJA-MA101L;MAT.:PP,FERRO E POLIÉSTER/DIM.:63X57X53CM/SIST.TRAVA.:LIBERAÇÃO EM DUAS AÇÕES CONSECUTIVAS/SIST.MONT.FERRA.:MANUAL(SEM FERRAMENTA)/ACESSÓRIOS:N/A/CARACTERISTICAS DO MODELO: ANDADOR COM BRINQUEDO;6901031000158;Incluido;07/03/2024
227157/1997;Ativo;;07/03/2024;;;MADHULA COMERCIO DE ARTIGOS ELETROELETRONICOS LTDA;03838532000190;63881924131;Rua Marcilio Dias;166;;69005270;Centro;Manaus;AM;ltdamcg@gmail.com;PINGHU SHI XIAOTIANDI CHILDREN''S PRODUCTS FACTORY;Andadores Infantis;Portaria Inmetro nº 129 de 19/03/2021;;IN2088024;;;S;China, República Popular;BENMEK;ANDADOR MADHULA - MA101 - ROSA-MA101R/AZUL-MA101A/VERDE-MA101V/LARANJA-MA101L;MAT.:PP,FERRO E POLIÉSTER/DIM.:63X57X53CM/SIST.TRAVA.:LIBERAÇÃO EM DUAS AÇÕES CONSECUTIVAS/SIST.MONT.FERRA.:MANUAL(SEM FERRAMENTA)/ACESSÓRIOS:N/A/CARACTERISTICAS DO MODELO: ANDADOR COM BRINQUEDO;6901031000158;Incluido;07/03/2024
843732/2003;Ativo;;29/04/2025;;;MD COMERCIO DE FERRAGENS LTDA;55274701000100;92981285408;AVENIDA JOAQUIM NABUCO;1094;A;69020030;Centro;Manaus;AM;mdcomerciodeferragensltda@gmail.com;PINGHU XIAOTIANDI CHILDREN''S PRODUCTS FACTORY;Andadores Infantis;Portaria Inmetro nº 129 de 19/03/2021;;IN2610925;Modelo 5;;S;China, República Popular;ULTRA BABY;REF: UBW-601 - ANDADOR INFANTIL MUSICAL PARA BEBÊ - NAVY BLUE / RED, GREEN / BLUE, ROYAL BLUE / TEAL, LIGHT PINK / LAVANDER, DARK PURPLE / PINK;MAT:PP,FERRO E POLIÉSTER/DIM:70X62,5X55CM/SIS_TRAV:LIBERAÇÃO EM 2 AÇÕES CONSECUTIVAS/SIS_MONT.E_FERRAGEM:MANUAL(SEM FERRAMENTA)/ACESSÓRIOS: N/A/CARACTERISTICAS_MODELO:ANDADOR COM BRINQUEDO ACOPLADO;7890012361120|7890012361137|7890012361144|7890012361151|7890012361168;Incluido;29/04/2025
521161/2023;Ativo;;09/12/2019;;;TAPUZIM COMERCIAL LTDA;00513418000100;1138569063;Av. Monte Celeste;230;250;02561000;Vila S. Maria;São Paulo;SP;ehs0770@hotmail.com;SHEN ZHEN WEI MEI CHILDCARE PRODUCT LIMITED COMPANY;Andadores Infantis;Portaria Inmetro nº 42 de 19/01/2018;;OCAN-AND.165/19-3;;;S;China, República Popular;baby style;CENTRO DE ATIVIDADES;VERSÕES: Andador play - Ref.5821 Andador meninos - Ref. 515211 Andador meninas - Ref. 51522. Material: Plástico, metal e tecido. Dimensões: 74 x 75 x 18 cm Sistema de Travamento: Stoper Sistema de Mon;4079515211993|4079515222999|4532582122994;Incluido;09/12/2019
815176/1949;Ativo;;30/08/2021;;;TA TE TI INDUSTRIA E COMERCIO DE BRINQUEDOS EDUCATIVOS LTDA;30261120000103;4732422225;RUA TIRADENTES;230;;89107000;CENTRO;POMERODE;SC;qualidade3@grupocalesita.com.br;TA TE TI INDUSTRIA E COMERCIO DE BRINQUEDOS EDUCATIVOS LTDA;Andadores Infantis;Portaria Inmetro nº 129 de 19/03/2021;;CE-AND/IQB 000010 55962/23-001;Modelo 5;;N;Brasil;Tateti;Ref.915 - Move Baby Rosa;PP, METAL, TECIDO POLIESTER. DIMENSAO: 70,20X59,83X49,12CM. SIST. TRAVAMENTO:FREIO DIANTEIRO E TRASEIRO. SIST DE MONTAGEM: MANUAL/PARAFUSOS PP. ACESSORIOS:BANDEJA DE BRINQUEDOS;7898664632247;Incluido;02/03/2026
109180/1976;Ativo;;22/11/2023;;;JASSUMAL LTDA;04214425000154;62811924131;AV SETE SETEMBRO;852;;69005140;CENTRO;MANAUS;AM;dgjohnny@gmail.com;PINGHU SHI XIAOTIANDI CHILDREN?S PRODUCTS FACTORY;Andadores Infantis;Portaria Inmetro nº 129 de 19/03/2021;;IN1984323;;;S;China, República Popular;BABY SPORTS;ANDADOR JASSUMAL /REF: BS103 /VERSÕES:Azul Claro e Escuro - BS103A/Rosa Claro e Escuro - BS103R/Roxo e Rosa Escuro - BS103RR;MATERIAL:PP, FERRO E POLIÉSTER|DIMENSÕES:63 X 57 X 53 CM|SISTEMA DE TRAVAMENTO:LIBERAÇÃO EM DUAS AÇÕES CONSECUTIVAS|SISTEMA DE MONTAGEM E FERRAGEM:MANUAL (SEM FERRAMENTA)|ACESSÓRIOS:N/A|CARACTERISTICA;6901041000155;Incluido;22/11/2023
403184/2002;Ativo;;07/02/2022;;;TUTTI BABY INDUSTRIA E COMERCIO DE ARTIGOS INFANTIS LTDA;06981862000129;4733794000;Rod. Guilherme Jensen, SC413, km13;0;;89108000;Distrito Industrial;Massaranduba;SC;certificacao@tuttibaby.com.br;TUTTI BABY INDUSTRIA E COMERCIO DE ARTIGOS INFANTIS LTDA;Andadores Infantis;Portaria Inmetro nº 129 de 19/03/2021;;IN2869325;Modelo 5;;N;Brasil;TUTTI BABY;DESIGNAÇÃO COMERC SAFARI II (AZUL/ROSA/VERMELHO),PRINCESA ROSA COROA,ACQUA,EXPLORADOR (CINZA/ ROXO) CÓD D REF COMERC:ANDAD 40.002/40002003/40002004/40002007/40003004/40004002/40004003;MAT:ESTRUTURA METALICA - AÇO TUBULAR/DIM:48X60,5X70CM/SIST DE TRAVA:LIBERAÇ EM 2AÇÕES CONSECUT/SIST DE MONTAGEM E FERRAGEM:PARAFUSOS E REBITES/ACESSÓ:BRINQUEDOS E ADESIVOS/CARACT DO MODELO:ANDADOR C B;7898431501615|7898431501622|7898431501639|7898431501684|7898431501691|7898431501707;Excluido;26/04/2024
203003/1967;Ativo;;05/08/2021;;;GALZERANO INDUSTRIA DE CARRINHOS E BERCOS LTDA;43594977000197;19999947357;Via Prefeito Jurandyr Paixão;700;;13481149;Jd. Campo Belo;Limeira;SP;luisfernando.camargo@galzerano.com.br;GALZERANO INDUSTRIA DE CARRINHOS E BERCOS LTDA;Andadores Infantis;Portaria Inmetro nº 129 de 19/03/2021;;CE-AND/IQB 000006 54618/21-001;;;N;Brasil;GALZERANO;Ref.: 4050-Andador Torino. Versões: 4050RO (Rosa), 4050TER (Terracota), 4050EST (Estrela), 4050SPR (Spring) - Material: Tecido poliéster, TNT, Espuma, PP, PA6, Master, Tinta, Tubo de aço, Itens de fixação e aviamentos. Dimensões: CxLxA (cm) 71x62,5x51,5. Sistema de travamento: Trilho plástico com botão de destrave e regulagem de altura;Sistema de montagem/ferragem: Manual. Acessórios que venham com o produto: Bandeja de brinquedos não removível, Características do modelo: Tecidos, Peças plásticas, Tinta, Ferragens;7908200102247|7908200102254|7908200102520|7908200102537;Excluido;17/01/2024
697199/1928;Ativo;;14/08/2019;;;BAMBOO COMERCIO, IMPORTAÇÃO E EXPORTAÇÃO EIRELI-EPP;27115224000103;8132419265;Rua. Alegre;154;Galpão A;52120125;Arruda;Recife;PE;bamboo@yescert.com.br;ZHEJIANG KINTEX INTERNATIONAL TRADING CO., LTD;Andadores Infantis;Portaria Inmetro nº 129 de 19/03/2021;;IN1632922;;;S;China, República Popular;BAMBOO;MODELO:MD-18NOME COMERCIAL:ANDAJAR GUGUVERSÕES: Azul (Ref.: MD18.1)Rosa (Ref.: MD18.2)Verde (Ref.: MD18.3)Vermelho (Ref.: MD18.4);Mat: PLAST / MET/FIB TEXTIL,DIM:ABRT:62X56X52CM,FECH:62X56X16,SIST TRAV:LIBER EM 2 ACOES CONSEC,SIST MONT FERRAG: MANUAL(S/FERRAMENTA),ACESS:BANDEJ C/BRINQ E HAST C/PUXADOR;7909312341029;Incluido;22/07/2022
991203/1954;Ativo;;31/10/2025;;;MD COMERCIO DE FERRAGENS LTDA;55274701000100;92985975259;Avenida Joaquim Nabuco;1094;A;69020030;Centro;Manaus;AM;mdcomerciodeferragensltda@gmail.com;Xingtai Pandelo Technology Co.,Ltd;Andadores Infantis;Portaria Inmetro nº 129 de 19/03/2021;;IN2824825;Modelo 5;;S;China, República Popular;ULTRA BABY;ANDADOR INFANTIL MUSICAL PARA BEBÊ - UBW -305 - N/A - BABY PINK / BARBIE PINK/RED / WHITE/ROYAL BLUE /ORANGE / WHITE/LIGHT BLUE / WHITE;MAT:PP,FERRO E POLIÉ./DIM.:68X59X52 CM/SIST.DE TRAV.:LIB.EM DUAS AÇÕES CONS./SIST.DE MONT. E FERR.:MAN.(S/FERRAM.)/ACESS.:N/A/CARACTERISTICAS DO MODELO:ANDADOR COM BRINQUEDO ACOPLADO;7890012361007|7890012361113|7890012368082|7890012369096;Incluido;31/10/2025
285207/1981;Ativo;;01/12/2021;;;HEMNANI COMERCIO DE VARIEDADES LTDA.;05469291000185;1124143633;Rua Marcílio Dias;304;N/A;69005270;Centro;Manaus;AM;papush@uol.com.br;China Zhejiang Techincal Co. Ltd;Andadores Infantis;Portaria Inmetro nº 42 de 19/01/2018;;OCAN-AND.189/21-1;;;S;China, República Popular;SITA;AKH602;Material: PP, Ferro e Poliester - Dimensões: 655 mm X 560mm X 500 mm - Sistema de Travamento: Travamento automatico com liberação em duas ações consecutivas - Sistema de Montagem e Ferragem: MANUAL;;Incluido;01/12/2021
579211/2007;Ativo;;30/06/2026;;;MARKETGOOL TRADING IMPORTACAO E EXPORTACAO LTDA;18787076000174;11947652325;ROD RODOLFO JAHN;326;ANEXO 92;89237680; VILA NOVA;JOINVILLE;SC;alexandre.morroni@hotmail.com;PINGHU XIAOTIANDI CHILDREN''S PRODUCTS FACTORY;Andadores Infantis;Portaria Inmetro nº 129 de 19/03/2021;;IN3048926;Modelo 5;;S;China, República Popular;MARKETGOOL;Designação Comercial: Andador Marketgool / Código de referência comercial / MKG-010 / ROSA;Mat: PP, FERRO E POLIÉSTER / Dim: 65X55X45 CM/ SIST DE TRAV: Liberação em duas ações consecutivas/ Acess: Brinquedo do andador/ Caract do mod: Andador com Brinquedo;0070341132777;Incluido;30/06/2026
576083/2019;Inativo;;11/01/2023;;;COMPANHIA DOREL BRASIL PRODUTOS INFANTIS;10659948000883;2135547024;Av. Nilo Peçanha;1516 ;Galpão 3 ;28030035;Pq dos Rodoviários;Campos dos Goytacaze;RJ;standard@dorel.com.br;Jin Sun Gee Plastics Co., Ltd;Andadores Infantis;Portaria Inmetro nº 129 de 19/03/2021;;IN1701622-4;;;S;Formosa (Taiwan);Voyage;BG1401. Nome comercial: Buggy. Versões: Azul, Rosa.;PP,PVC,Ferro,POM,PU,Pol, 42x58.5x65cm. Trav:Lib.2 ações cons,Mont:Manual, Aces. Brinq.;7898509475206|7898509475213;Incluido;11/01/2023
427986/1950;Inativo;;14/01/2021;;;GALZERANO INDUSTRIA DE CARRINHOS E BERCOS LTDA;43594977000197;1934043030;Via Prefeito Jurandyr Paixão;700;;13481149;Jd. Campo Belo;Limeira;SP;luisfernando.camargo@galzerano.com.br;WEIMEI MEI CHILDCARE PRODUCT (HUIZHOU) LTD., CO;Andadores Infantis;Portaria Inmetro nº 42 de 19/01/2018;;CE-AND/IQB 000006 54025/20-001;;;S;China, República Popular;GALZERANO;Ref.: 4030-Andador 4 em 1 Funny. Versões: 4030CR (Color), 4030VDA (Verde Água);Mat Tec polié Espuma Resina plást Itens fixação Dimens 75x71x55(cm) Sist travament dobradiça plást c/ botão acionament Sist montagem/ferragem encaixe manual Acessórios manuais brinquedos removíveis;7898089221477|7898089221996;Incluido;14/01/2021
873226/1933;Ativo;;30/08/2021;;;TA TE TI INDUSTRIA E COMERCIO DE BRINQUEDOS EDUCATIVOS LTDA;30261120000103;4732422225;RUA TIRADENTES;230;;89107000;CENTRO;POMERODE;SC;qualidade3@grupocalesita.com.br;TA TE TI INDUSTRIA E COMERCIO DE BRINQUEDOS EDUCATIVOS LTDA;Andadores Infantis;Portaria Inmetro nº 129 de 19/03/2021;;CE-AND/IQB 000010 55962/23-001;Modelo 5;;N;Brasil;Tateti;Ref.915 - Move Baby Rosa;PP, METAL, TECIDO POLIESTER. DIMENSAO: 70,20X59,83X49,12CM. SIST. TRAVAMENTO:FREIO DIANTEIRO E TRASEIRO. SIST DE MONTAGEM: MANUAL/PARAFUSOS PP. ACESSORIOS:BANDEJA DE BRINQUEDOS;7898664632247;Incluido;02/03/2026
122676/2006;Ativo;;09/12/2019;;;TAPUZIM COMERCIAL LTDA;00513418000100;1138569063;Av. Monte Celeste;230;250;02561000;Vila S. Maria;São Paulo;SP;ehs0770@hotmail.com;SHEN ZHEN WEI MEI CHILDCARE PRODUCT LIMITED COMPANY;Andadores Infantis;Portaria Inmetro nº 42 de 19/01/2018;;OCAN-AND.165/19-3;;;S;China, República Popular;baby style;CENTRO DE ATIVIDADES;VERSÕES: Andador play - Ref.5821 Andador meninos - Ref. 515211 Andador meninas - Ref. 51522. Material: Plástico, metal e tecido. Dimensões: 74 x 75 x 18 cm Sistema de Travamento: Stoper Sistema de Mon;4079515211993|4079515222999|4532582122994;Incluido;09/12/2019
257601/2004;Ativo;;07/02/2022;;;TUTTI BABY INDUSTRIA E COMERCIO DE ARTIGOS INFANTIS LTDA;06981862000129;4733794000;Rod. Guilherme Jensen, SC413, km13;0;;89108000;Distrito Industrial;Massaranduba;SC;certificacao@tuttibaby.com.br;TUTTI BABY INDUSTRIA E COMERCIO DE ARTIGOS INFANTIS LTDA;Andadores Infantis;Portaria Inmetro nº 129 de 19/03/2021;;IN2869325;Modelo 5;;N;Brasil;Tutti Baby;Andador: VERSÕES: Safari II (Azul/Rosa/Vermelho), Princesa Rosa Coroa, Acqua Explorador (Cinza/Roxo);ESTRUTURA METÁLICA , AÇO TUBULAR / 48 x 60,5 x 70CM / SISTEMA DE TRAVAMENTO COM DUAS AÇÕES CONSECUTIVAS PARA LIBERAÇÃO /SISTEMA DE MONTAGEM/FERRAGEM: PARAFUSOS E REBITES ACESSÓRIOS: BRINQUEDOS E ADESI;7898431501615|7898431501622|7898431501639|7898431501684|7898431501691|7898431501707;Excluido;15/03/2024
167230/1960;Inativo;;24/09/2019;;;Galzerano Indústria de Carrinhos e Berços Ltda;43594977000197;1934043030;Via Prefeito Jurandyr Paixão;700;;13481149;Jd. Campo Belo;Limeira;SP;luisfernando.camargo@galzerano.com.br;SHEN ZHEN WEI MEI CHILDCARE PRODUCT LIMITED COMPANY;Andadores Infantis;Portaria Inmetro nº 42 de 19/01/2018;;CE-AND/IQB 000006 53504/20-001;;;S;China, República Popular;GALZERANO;Andador de bebê 4 em 1 Funny - Versões: Color (CR), Verde Água (VDA);Mat Tec poli Espum Resin plást Itens fix Dimens 75Cx71Lx55A(cm) Sist trav Dobradiç plást c/ botã acion Sist mont frenag Encaix manua Mod Andador c/ módul sonor Pçs girat Cores divers Acess Brinq remov;7898089221477|7898089221996;Incluido;24/09/2019
321304/1947;Ativo;;07/02/2022;;;TUTTI BABY INDUSTRIA E COMERCIO DE ARTIGOS INFANTIS LTDA;06981862000129;4733794000;Rod. Guilherme Jensen, SC413, km13;0;;89108000;Distrito Industrial;Massaranduba;SC;certificacao@tuttibaby.com.br;TUTTI BABY INDUSTRIA E COMERCIO DE ARTIGOS INFANTIS LTDA;Andadores Infantis;Portaria Inmetro nº 129 de 19/03/2021;;IN2869325;Modelo 5;;N;Brasil;Tutti Baby;Andador Safari Plus II (Azul / Rosa / Vermelho);ESTRUT. MET.AÇO.TUBULAR/48x60,5x70CM/SIST.DE TRAV. COM.DUAS.AÇÕES.CONSECUT.PARA.LIBER./PARAFUSOS.E. REBITES/BRINQUEDOS.E.ADESIVOS;7898431501615|7898431501622|7898431501639;Excluido;08/04/2022
042360/1945;Ativo;;03/04/2023;;;PLANETA - IMPORTACAO E DISTRIBUICAO DE BRINQUEDOS LTDA;13434272000141;1138951572;AV VASCO MASSAFELI;1000;G1A M1-21;06703600;JARDIM MARIA TEREZA;COTIA;SP;admin@planetadobebe.com.br;HEBEI WANXIN CHILDREN TOYS CO.,LTD.;Andadores Infantis;Portaria Inmetro nº 129 de 19/03/2021;;IN1765923;Modelo 5;;S;China, República Popular;MAXI BABY;NW-01 - ANDADOR LA BAMBA;MAT:PP PARTES EM ABS, AÇO DE ALTO CARB RODA ELAST.TERMO., PVC/DIM:580X680X550/SIS TRA:LIBERA.EM 2 AÇÕES CONSEC. SIS DE MON E FER:MAN.(S/ FER)/ACE:BANDEJA COM BRINQ/CAR MOD:AND COM BRINQ(BAND.A MUS.);7899403215370|7899403215387;Excluido;22/12/2025
433315/1950;Ativo;;05/08/2021;;;GALZERANO INDUSTRIA DE CARRINHOS E BERCOS LTDA;43594977000197;19999947357;Via Prefeito Jurandyr Paixão;700;;13481149;Jd. Campo Belo;Limeira;SP;luisfernando.camargo@galzerano.com.br;GALZERANO INDUSTRIA DE CARRINHOS E BERCOS LTDA;Andadores Infantis;Portaria Inmetro nº 129 de 19/03/2021;;CE-AND/IQB 000006 54618/21-001;;;N;Brasil;GALZERANO;Ref.: 4050-Andador Torino. Versões: 4050EST (Estrela), 4050SPR (Spring);Tecido Pes, TNT, Espuma, PP, PA6, Master, Tinta, Tubo de aço. CxLxA(cm) 71x62,5x51,5 Travamento: Trilho plástico c/ botão de destrave e regulagem de altura. Montagem: Manual. Acess: Brinquedo acoplado;7908200102520|7908200102537;Incluido;17/01/2024
461234/1986;Ativo;;07/03/2024;;;MADHULA COMERCIO DE ARTIGOS ELETROELETRONICOS LTDA;03838532000190;63881924131;Rua Marcilio Dias;166;;69005270;Centro;Manaus;AM;ltdamcg@gmail.com;PINGHU SHI XIAOTIANDI CHILDREN''S PRODUCTS FACTORY;Andadores Infantis;Portaria Inmetro nº 129 de 19/03/2021;;IN2088024;;;S;China, República Popular;BENMEK;ANDADOR MADHULA - MA101 - ROSA-MA101R/AZUL-MA101A/VERDE-MA101V/LARANJA-MA101L;MAT.:PP,FERRO E POLIÉSTER/DIM.:63X57X53CM/SIST.TRAVA.:LIBERAÇÃO EM DUAS AÇÕES CONSECUTIVAS/SIST.MONT.FERRA.:MANUAL(SEM FERRAMENTA)/ACESSÓRIOS:N/A/CARACTERISTICAS DO MODELO: ANDADOR COM BRINQUEDO;6901031000158;Incluido;07/03/2024
755238/2012;Ativo;;09/12/2019;;;TAPUZIM COMERCIAL LTDA;00513418000100;1138569063;Av. Monte Celeste;230;250;02561000;Vila S. Maria;São Paulo;SP;ehs0770@hotmail.com;SHEN ZHEN WEI MEI CHILDCARE PRODUCT LIMITED COMPANY;Andadores Infantis;Portaria Inmetro nº 129 de 19/03/2021;;IN2062423;Modelo 5;;S;China, República Popular;Baby Style;MODELO: ANIMAIS VERSÕES: Andador cachorro vermelho - Ref. 33721 Andador cachorro azul - Ref. 33722 Andador abelha rosa - Ref. 33723 Andador abelha azul - Ref. 33724 Andador pianinho rosa Ref: 33725 Andador pianinho azul Ref: 33726;Material: Plástico, metal e tecido, Dimensões: 50 x 70 x 60 cm, Sistema de Travamento: Stoper, Sistema deMontagem e Ferragem: Tesoura, Acessórios: Bandeja musical;4079337218996|4079337228995|4079337238994|4079337248993|4079337251993|4079337261992;Excluido;29/01/2024
049253/1939;Inativo;;07/10/2019;;;Galzerano Indústria de Carrinhos e Berços Ltda;43594977000197;1934043030;Via Prefeito Jurandyr Paixão;700;;13481149;Jd. Campo Belo;Limeira;SP;luisfernando.camargo@galzerano.com.br;GUANGDONG ZHIHUI CHILDREN?S PRODUCTS CO.,LTD;Andadores Infantis;Portaria Inmetro nº 42 de 19/01/2018;;CE-AND/IQB 000006 53503/20-001;;;S;China, República Popular;GALZERANO;Andador de bebê Magic - Versão: Cinza (CZ), Preto (PT);Mat Tec poli Espum Resin plást Tint Ferrag 70Cx65Lx54A cm Travam trilho plást com botão de destrav e regul alt Mont/frenag manual Andador com pçs girat e cores diversas Acess Bandej Brinq não removív.;7898089221590|7898089222283;Incluido;07/10/2019
700964/1934;Inativo;;11/01/2023;;;COMPANHIA DOREL BRASIL PRODUTOS INFANTIS;10659948000883;2135547024;Av. Nilo Peçanha;1516 ;Galpão 3 ;28030035;Pq dos Rodoviários;Campos dos Goytacaze;RJ;standard@dorel.com.br;Jin Sun Gee Plastics Co., Ltd;Andadores Infantis;Portaria Inmetro nº 129 de 19/03/2021;;IN1701622-4;;;S;Formosa (Taiwan);Voyage;BG1401. Nome comercial: Buggy. Versões: Azul, Rosa.;PP,PVC,Ferro,POM,PU,Pol, 42x58.5x65cm. Trav:Lib.2 ações cons,Mont:Manual, Aces. Brinq.;7898509475206|7898509475213;Incluido;11/01/2023
219951/1944;Ativo;;07/08/2024;;;COMERCIO E IMPORTACAO DENISE LTDA;29963642000178;21997976531;RUA DO MILHO;72;A;21011090;PENHA CIRCULAR;RIO DE JANEIRO;RJ;comerciomybaby@hotmail.com;PING HU BEST CHILDREN?S CARRIER CO.LTD;Andadores Infantis;Portaria Inmetro nº 129 de 19/03/2021;;IN2189524;;;S;China, República Popular;MY BABY;PATO A1 - ROSA LISO, AZUL LISO, ROSA COLORIDO, AZUL COLORIDO - Acessórios: Brinquedos Caracteristicas do modelo: Andador infantil com brinquedo elétrico;Material: Ferro, PP e Poliéster Dimensões: 71 x 62 x 55 cm Sistema de Travamento: Liberação em duas ações consecutivas Sistema de Montagem e Ferragem: Manual (com auxílio de ferramenta);6294013738218|6294013738225|6294013738287|6294013738294;Incluido;07/08/2024
343257/1965;Inativo;;14/08/2019;;;Companhia Dorel Brasil Produtos Infantis;10659948000107;2135633602;Av. Nilo Peçanha;1516 /1582;Térreo;28030035;Pq dos Rodoviários;Campos dos Goytacaze;RJ;mariana.magalhaes@dorel.com.br;JIN SUN GEE PLASTIC CO.,LTD;Andadores Infantis;Portaria Inmetro nº 42 de 19/01/2018;;OCAN-AND.145/19-4;;;S;Formosa (Taiwan);Voyage;BG1401;Nome Fantasia: Buggy. Cores: Rosa e Azul. Material: Ferro, plástico, PP e PU. 42 x 58.5 x 65 cm. Sistema de Travamento e Montagem: Manual. Acessórios: Bandeja;7898509475206|7898509475213;Incluido;14/08/2019
210857/1938;Ativo;;01/12/2021;;;HEMNANI COMERCIO DE VARIEDADES LTDA.;05469291000185;1124143633;Rua Marcílio Dias;304;N/A;69005270;Centro;Manaus;AM;papush@uol.com.br;China Zhejiang Techincal Co. Ltd;Andadores Infantis;Portaria Inmetro nº 42 de 19/01/2018;;OCAN-AND.189/21-1;;;S;China, República Popular;SITA;AKH602;Material: PP, Ferro e Poliester - Dimensões: 655 mm X 560mm X 500 mm - Sistema de Travamento: Travamento automatico com liberação em duas ações consecutivas - Sistema de Montagem e Ferragem: MANUAL;;Incluido;01/12/2021
637261/1991;Ativo;;07/08/2024;;;COMERCIO E IMPORTACAO DENISE LTDA;29963642000178;21997976531;RUA DO MILHO;72;A;21011090;PENHA CIRCULAR;RIO DE JANEIRO;RJ;comerciomybaby@hotmail.com;PING HU BEST CHILDREN?S CARRIER CO.LTD;Andadores Infantis;Portaria Inmetro nº 129 de 19/03/2021;;IN2189524;;;S;China, República Popular;MY BABY;PATO A1 - ROSA LISO, AZUL LISO, ROSA COLORIDO, AZUL COLORIDO - Acessórios: Brinquedos Caracteristicas do modelo: Andador infantil com brinquedo elétrico;Material: Ferro, PP e Poliéster Dimensões: 71 x 62 x 55 cm Sistema de Travamento: Liberação em duas ações consecutivas Sistema de Montagem e Ferragem: Manual (com auxílio de ferramenta);6294013738218|6294013738225|6294013738287|6294013738294;Incluido;07/08/2024
931265/2017;Ativo;;07/03/2024;;;COMPANHIA DOREL BRASIL PRODUTOS INFANTIS;10659948000107;2135547024;Av. Nilo Peçanha;1516;1582;28030035;Pq dos Rodoviários;Campos dos Goytacaze;RJ;standard@dorel.com.br;COMPANHIA DOREL BRASIL PRODUTOS INFANTIS;Andadores Infantis;Portaria Inmetro nº 129 de 19/03/2021;;IN2040823;Modelo 5;;N;Brasil;INFANTI/ COSCO;APPIA/ ZIGGY - HE022 - N/A - AZUL / ROSA / AZUL / ROSA;MAT:PP,PES,PTA,EG,POLIPROPILENO E POLIETILENO/DIM:56,5 X 68 X 60,5 CM/SIST D TRAVAMENTO:LIB EM DUAS AÇÕES CONSEC/SIST DE MNTGM E FERRG:MAN (SEM FER)/ACESS:BAND D BRINQ./CARACT D MODELO:ANDADOR C BRINQ;7908238809774|7908238809781|7908238815812|7908238815829;Incluido;10/04/2026
639462/2003;Ativo;;24/01/2025;;;PLANETA - IMPORTACAO E DISTRIBUICAO DE BRINQUEDOS LTDA;13434272000141;1138951572;AV VASCO MASSAFELI - GALPAO1 RUA A LADO IMPAR ANEXO;1000;MODULO1/21;06703600;JARDIM MARIA TEREZA;COTIA;SP;admin@planetadobebe.com.br;PLANETA - IMPORTACAO E DISTRIBUICAO DE BRINQUEDOS LTDA;Andadores Infantis;Portaria Inmetro nº 129 de 19/03/2021;;IN2476224;;;N;Brasil;REPLAY KIDS;ANDADOR QUICK/21680 / BELLA/21681 / PUPPY/21682 / ZOO/21683 / SPACE/21684 / RACING;M:POLIPROPILENO, ABS, AÇO,ELASTÔMERO TERMOPLÁSTICO E PVC/D:58X68X55CM/S.D/TRV:MANUAL (SEM FERRAMENTA)/ACS:N/A/CARACTERISTICAS DO MODELO:BANDEJA COM BRINQUEDO/ PLACA MUSICAL/PLACA ANTIDERRAPANTE;7899403216803|7899403216810|7899403216827|7899403216834|7899403216841;Incluido;24/01/2025
225280/1944;Inativo;;19/04/2021;;;COMPANHIA DOREL BRASIL PRODUTOS INFANTIS;10659948000107;02135547024;Av. Nilo Peçanha;1516 /1582;Térreo;28030035;Pq dos Rodoviários;Campos dos Goytacaze;RJ;mariana.magalhaes@dorel.com.br;Jin Sun Gee Plastic Co.,Ltd;Andadores Infantis;Portaria Inmetro nº 42 de 19/01/2018;;OCAN-AND.145/21-5;;;S;Formosa (Taiwan);Safety 1st;HE001. Andador Spacewalker. Cores: Grey e Orange.;PP, Ferro, ABS. 58x65.5x71.5cm.Trav.Manual.Sist.Mont.Fren.Manual. Bandeja de Brinquedos.;7908238803932|7908283803949;Incluido;19/04/2021
139300/2024;Ativo;;05/08/2021;;;GALZERANO INDUSTRIA DE CARRINHOS E BERCOS LTDA;43594977000197;19999947357;Via Prefeito Jurandyr Paixão;700;;13481149;Jd. Campo Belo;Limeira;SP;luisfernando.camargo@galzerano.com.br;GALZERANO INDUSTRIA DE CARRINHOS E BERCOS LTDA;Andadores Infantis;Portaria Inmetro nº 129 de 19/03/2021;;CE-AND/IQB 000006 54618/21-001;;;N;Brasil;GALZERANO;Ref.: 4050-Andador Torino. Versões: 4050PTR (Preto Rosa), 4050PTT (Preto Terracota);Mat Tec poliest Espum PP PA6 Master Tint Tub aço Itens fix/aviam CxLxA(cm) 71x62,5x51,5 Trav Trilh plást c/ botão destrav e reg alt Acess Band brinq não remove retrov Caract Tec Pçs plást Tint Ferrage;7908200102193|7908200102209;Excluido;01/09/2021
519284/1970;Ativo;;07/08/2024;;;AMAZONAS IMPORTADOS LTDA;07269201000138;9691131654;Rua Independência;175;;68900090;Central;Macapa;AP;adriana.abreu@amazonasimportados.com.br;YIWU BALBIAN ELECTRONIC TECHNOLOGICAL CO., LTD;Andadores Infantis;Portaria Inmetro nº 129 de 19/03/2021;;IN2086424-4;;;S;China, República Popular;LÉ PETIT;MODE:BABY WALKER/REF:LP-9917/ CONT: ANDADOR COM BRINQUEDO ACOPLADO/VERSÕES:AZUL,VERMELHO,AMARELO,ROSA.;MAT:PP E POLIÉSTER/DIM:65X54X49CM/SIST DE TRAV:LIBERAÇÃO EM DUAS AÇÕES CONSECUTIVAS/SIST DE MONT E FERRA :MANUAL (SEM FERRAMENTA)/ACES:N/A.CARACTERISTICAS DO MODELO:;7453116024706;Incluido;07/08/2024
332275/2006;Ativo;;01/12/2021;;;FAST TRADING IMPORTACAO, EXPORTACAO E COMERCIO DE BEBIDAS EIRELI;34076058000130;8130191960;AV. GOVERNADOR AGAMENON MAGALHÃES,  EDF. EMPRESSARIAL RENATO DIAS - ANDAR 15º, SALA 1502 ;4318;SALA 1502;52010075;PAISSANDU; RECIFE;PE;ricardo.ferreira@fasttradingimport.com.br;China Zhejiang Techincal Co. Ltd;Andadores Infantis;Portaria Inmetro nº 42 de 19/01/2018;;OCAN-AND.514/21-1;;;S;China, República Popular;Fast;602;Material:	PP, Ferro e Poliester/ Dimensões:	63 x 57 x 53 cm/ Sistema de Travamento: Travamento automático com liberação em duas ações consecutivas/ Sistema de Montagem e Ferragem: Manual	/Acessórios: ;;Incluido;01/12/2021
813288/1996;Ativo;;07/03/2024;;;MADHULA COMERCIO DE ARTIGOS ELETROELETRONICOS LTDA;03838532000190;63881924131;Rua Marcilio Dias;166;;69005270;Centro;Manaus;AM;ltdamcg@gmail.com;PINGHU SHI XIAOTIANDI CHILDREN''S PRODUCTS FACTORY;Andadores Infantis;Portaria Inmetro nº 129 de 19/03/2021;;IN2088024;;;S;China, República Popular;BENMEK;ANDADOR MADHULA - MA101 - ROSA-MA101R/AZUL-MA101A/VERDE-MA101V/LARANJA-MA101L;MAT.:PP,FERRO E POLIÉSTER/DIM.:63X57X53CM/SIST.TRAVA.:LIBERAÇÃO EM DUAS AÇÕES CONSECUTIVAS/SIST.MONT.FERRA.:MANUAL(SEM FERRAMENTA)/ACESSÓRIOS:N/A/CARACTERISTICAS DO MODELO: ANDADOR COM BRINQUEDO;6901031000158;Incluido;07/03/2024
515832/2023;Ativo;;07/02/2022;;;TUTTI BABY INDUSTRIA E COMERCIO DE ARTIGOS INFANTIS LTDA;06981862000129;4733794000;Rod. Guilherme Jensen, SC413, km13;0;;89108000;Distrito Industrial;Massaranduba;SC;certificacao@tuttibaby.com.br;TUTTI BABY INDUSTRIA E COMERCIO DE ARTIGOS INFANTIS LTDA;Andadores Infantis;Portaria Inmetro nº 129 de 19/03/2021;;IN2869325;Modelo 5;;N;Brasil;TUTTI BABY;DESIGNAÇÃO COMERC SAFARI II (AZUL/ROSA/VERMELHO),PRINCESA ROSA COROA,ACQUA,EXPLORADOR (CINZA/ ROXO) CÓD D REF COMERC:ANDAD 40.002/40002003/40002004/40002007/40003004/40004002/40004003;MAT:ESTRUTURA METALICA - AÇO TUBULAR/DIM:48X60,5X70CM/SIST DE TRAVA:LIBERAÇ EM 2AÇÕES CONSECUT/SIST DE MONTAGEM E FERRAGEM:PARAFUSOS E REBITES/ACESSÓ:BRINQUEDOS E ADESIVOS/CARACT DO MODELO:ANDADOR C B;7898431501615|7898431501622|7898431501639|7898431501684|7898431501691|7898431501707;Excluido;26/04/2024
107292/2023;Ativo;;29/04/2024;;;TAPUZIM COMERCIAL LTDA;00513418000100;1138569063;Av. Monte Celeste;230;250;02561000;Vila S. Maria;São Paulo;SP;sergio@babystylebrasil.com.br;SHEN ZHEN WEI MEI CHILDCARE PRODUCT LIMITED COMPANY;Andadores Infantis;Portaria Inmetro nº 129 de 19/03/2021;;IN2118124-1;;;S;China, República Popular;Baby Style;ANDADOR SMART - SMART AZUL E SMART ROSA;PP,62 X 53 X 78CM,LIBERAÇÃO EM DUAS AÇÕES CONSECUTIVAS,MANUAL (SEM FERRAMENTA),ACESSÓRIOS:N/A/CARAC MODELO:ANDADOR C BRINQUEDO NA BANDEJA;4079337307416|4079337313325;Incluido;29/04/2024
066838/1934;Ativo;;03/04/2023;;;PLANETA - IMPORTACAO E DISTRIBUICAO DE BRINQUEDOS LTDA;13434272000141;1138951572;AV VASCO MASSAFELI;1000;G1A M1-21;06703600;JARDIM MARIA TEREZA;COTIA;SP;admin@planetadobebe.com.br;HEBEI WANXIN CHILDREN TOYS CO.,LTD.;Andadores Infantis;Portaria Inmetro nº 129 de 19/03/2021;;IN1765923;Modelo 5;;S;China, República Popular;MAXI BABY;NW-01 - ANDADOR LA BAMBA;MAT:PP PARTES EM ABS, AÇO DE ALTO CARB RODA ELAST.TERMO., PVC/DIM:580X680X550/SIS TRA:LIBERA.EM 2 AÇÕES CONSEC. SIS DE MON E FER:MAN.(S/ FER)/ACE:BANDEJA COM BRINQ/CAR MOD:AND COM BRINQ(BAND.A MUS.);7899403215370|7899403215387;Excluido;22/12/2025
401307/1949;Ativo;;31/08/2026;;;TUTTI BABY INDUSTRIA E COMERCIO DE ARTIGOS INFANTIS LTDA;06981862000129;4733794000;Rod. Guilherme Jensen, SC413, km13;0;Galpão 01;89108000;Distrito Industrial;Massaranduba;SC;heloiza.souza@tuttibaby.com.br;TUTTI BABY INDUSTRIA E COMERCIO DE ARTIGOS INFANTIS LTDA;Andadores Infantis;Portaria Inmetro nº 129 de 19/03/2021;;CE-AND/IQB 000013 57036/26-002;Modelo 5;;N;Brasil;TUTTI BABY;ANDADOR COMFORT - 40005004,40005003,40005011,40005028,40005007,40005010,40005006,40005029;ESTRU.METALICA:ACO TUBULAR,BRINQ:PLAST.DE ENG.,REVEST. TEXTIL: ALGODAO/48X60,5X70 CM/DOIS DISP. DE TRAV. INDEP. SENDO OP. SIMULT./PARAFUSOS E MONT. DE PÇS PLAST./BRINQ. CERT. E ADESIVO-57036/26;7898431502063|7898431502070|7898431502087|7898431502094|7898431502100|7898431502117|7898431502124|7898431502131;Incluido;31/08/2026
695311/1975;Ativo;;06/03/2023;;;BURIGOTTO S A INDUSTRIA E COMERCIO;51460277000138;1934464813;Rua Martino Dragone;280;;13480308;Jardim Santa Barbara;Liemira;SP;alison.smanioto@burigotto.com;JIN SUN GEE PLASTICS CO., LTD;Andadores Infantis;Portaria Inmetro nº 129 de 19/03/2021;;CE-AND/IQB 000004 55573/23-001;Modelo 5;;S;Formosa (Taiwan);BURIGOTTO;ANDADOR OLÉ CL - REF. IXAN5143CL;PP, AÇO, TECIDO / 590 X 690 X 550 MM / TRILHO PLÁSTICO COM BOTÃO DE TRAVA/DESTRAVA E REGULAGEM DE ALTURA / REBITES, PARAFUSOS E ENCAIXE DE PEÇAS PLÁSTICAS / BANDEJA COM 2 BRINQUEDOS DE PP E NYLON;7896502944248;Incluido;29/04/2026
989315/2001;Ativo;;06/05/2025;;;KAVOD BRASIL COMERCIO E IMPORTACAO DE PRODUTOS DE USO DOMESTICO LTDA;12389993000114;1136612389;Avenida Marquês de São Vicente;2219;Conj 1001;05036040;Água Branca;São Paulo;SP;adm@kababy.com.br;Tengzhou Lebeir Baby Carriage Co., Ltd.;Andadores Infantis;Portaria Inmetro nº 129 de 19/03/2021;;IN2610825;;;S;China, República Popular;KaBaby;DESIGNAÇÃO COMERCIAL: ANDADOR DE EMPURRAR STEP-UP KABABY CINZA/CÓDIGO DE REFERÊNCIA COMERCIAL: ANDADOR/QUANTIDADE: -/;MAT:PP/DIM:799x660x715mm/SIS_TRAV:LIBERAÇÃO EM DUAS AÇÕES CONSECUTIVAS/SIS_MONTAGEM/FERRAGEM:MANUAL SEM AUXILIO DE FERRAMENTA/ACESSORIOS:N/A/CARACT_DO_MODELO:ANDADOR COM BRINQUEDO ACOPLADO;7898605218394;Incluido;06/05/2025
049890/1957;Inativo;;14/08/2019;;;Companhia Dorel Brasil Produtos Infantis;10659948000107;2135633602;Av. Nilo Peçanha;1516 /1582;Térreo;28030035;Pq dos Rodoviários;Campos dos Goytacaze;RJ;mariana.magalhaes@dorel.com.br;JIN SUN GEE PLASTIC CO.,LTD;Andadores Infantis;Portaria Inmetro nº 42 de 19/01/2018;;OCAN-AND.145/19-2;;;S;Formosa (Taiwan);Cosco;BG-2023;Nome Fantasia: Goal Walker 4 em 1. Cores: Rosa e Azul. Material: Ferro, Plástico, PP e PU. 74 x 44x 66.5 cm. Sistema de Travamento e Montagem: Manual. Acessórios: Bandeja de Brinquedos.;7898509478375|7898509478665;Incluido;14/08/2019
283330/1928;Ativo;;05/08/2021;;;GALZERANO INDUSTRIA DE CARRINHOS E BERCOS LTDA;43594977000197;19999947357;Via Prefeito Jurandyr Paixão;700;;13481149;Jd. Campo Belo;Limeira;SP;luisfernando.camargo@galzerano.com.br;GALZERANO INDUSTRIA DE CARRINHOS E BERCOS LTDA;Andadores Infantis;Portaria Inmetro nº 129 de 19/03/2021;;CE-AND/IQB 000006 54618/21-001;;;N;Brasil;GALZERANO;Ref.: 4050-Andador Torino. Versões: 4050PTR (Preto Rosa), 4050PTT (Preto Terracota);Mat Tec poliest Espum PP PA6 Master Tint Tub aço Itens fix/aviam CxLxA(cm) 71x62,5x51,5 Trav Trilh plást c/ botão destrav e reg alt Acess Band brinq não remove retrov Caract Tec Pçs plást Tint Ferrage;7908200102193|7908200102209;Excluido;01/09/2021
577334/1954;Ativo;;30/09/2019;;;BURIGOTTO SA INDUSTRIA E COMERCIO;51460277000138;1934042000;Rua Martino Dragone;280;;13480308;Jardim Santa Barbara;Limeira;SP;carlos.riva@burigotto.com;JIN SUN GEE PLASTICS. CO., LTD.;Andadores Infantis;Portaria Inmetro nº 42 de 19/01/2018;;CE-AND/IQB 000004 53005/19-001;;;S;Formosa (Taiwan);Burigotto;Andador Baby Coupe (ref. com. IXAN3034PK10-Rosa, IXAN3034AZ19-Azul, IXAN3034CL-CL);Andador Infantil, Mat.: Polipropileno, Nylon, Aço, Tecido e Espuma, Dim: 760X650X640mm, Sist. Trav. Automático, Sistema Montagem/Ferragem Rebites, parafusos e Encaixe de peças plásticas, Acessorio: Ba;7896502916146|7896502916160|7896502935550;Incluido;30/09/2019
984310/1960;Ativo;;03/04/2023;;;PLANETA - IMPORTACAO E DISTRIBUICAO DE BRINQUEDOS LTDA;13434272000141;1138951572;AV VASCO MASSAFELI;1000;G1A M1-21;06703600;JARDIM MARIA TEREZA;COTIA;SP;admin@planetadobebe.com.br;HEBEI WANXIN CHILDREN TOYS CO.,LTD.;Andadores Infantis;Portaria Inmetro nº 129 de 19/03/2021;;IN1765923;Modelo 5;;S;China, República Popular;MAXI BABY;NW-01 - ANDADOR LA BAMBA  / (...) COM BRINQUEDOS/CAR MOD:AND COM BRINQUEDO(BANDEJA MUSICAL);MAT:PP E PARTES EM ABS, AÇO DE ALTO CARB RODA ELASTÔMERO TERMOPLÁSTICO, PVC/DIM:580X680X550(LXCXH)/SIS TRA:LIBERAÇÃO EM DUAS AÇÕES CONSECUTIVAS SIS DE MON E FER:MANUAL(S/ FERRAMENTA)/ACE:BANDEJA (...);7899403215370|7899403215387;Excluido;28/02/2025
491365/1934;Ativo;;05/08/2021;;;GALZERANO INDUSTRIA DE CARRINHOS E BERCOS LTDA;43594977000197;19999947357;Via Prefeito Jurandyr Paixão;700;;13481149;Jd. Campo Belo;Limeira;SP;luisfernando.camargo@galzerano.com.br;GALZERANO INDUSTRIA DE CARRINHOS E BERCOS LTDA;Andadores Infantis;Portaria Inmetro nº 129 de 19/03/2021;;CE-AND/IQB 000006 54618/21-001;;;N;Brasil;GALZERANO;Ref.: 4050-Andador Torino. Versões: 4050PTR (Preto Rosa), 4050PTT (Preto Terracota);Mat Tec poliest Espum PP PA6 Master Tint Tub aço Itens fix/aviam CxLxA(cm) 71x62,5x51,5 Trav Trilh plást c/ botão destrav e reg alt Acess Band brinq não remove retrov Caract Tec Pçs plást Tint Ferrage;7908200102193|7908200102209;Excluido;01/09/2021
871338/1980;Ativo;;07/08/2024;;;AMAZONAS IMPORTADOS LTDA;07269201000138;9691131654;Rua Independência;175;;68900090;Central;Macapa;AP;adriana.abreu@amazonasimportados.com.br;YIWU BALBIAN ELECTRONIC TECHNOLOGICAL CO., LTD;Andadores Infantis;Portaria Inmetro nº 129 de 19/03/2021;;IN2086424-4;;;S;China, República Popular;LÉ PETIT;MODE:BABY WALKER/REF:LP-9917/ CONT: ANDADOR COM BRINQUEDO ACOPLADO/VERSÕES:AZUL,VERMELHO,AMARELO,ROSA.;MAT:PP E POLIÉSTER/DIM:65X54X49CM/SIST DE TRAV:LIBERAÇÃO EM DUAS AÇÕES CONSECUTIVAS/SIST DE MONT E FERRA :MANUAL (SEM FERRAMENTA)/ACES:N/A.CARACTERISTICAS DO MODELO:;7453116024706;Incluido;07/08/2024
165342/2007;Ativo;;06/03/2023;;;BURIGOTTO S A INDUSTRIA E COMERCIO;51460277000138;1934464813;Rua Martino Dragone;280;;13480308;Jardim Santa Barbara;Liemira;SP;alison.smanioto@burigotto.com;JIN SUN GEE PLASTICS CO., LTD;Andadores Infantis;Portaria Inmetro nº 129 de 19/03/2021;;CE-AND/IQB 000004 55573/23-001;Modelo 5;;S;Formosa (Taiwan);BURIGOTTO;ANDADOR OLÉ CL - REF. IXAN5143CL;PP, AÇO, TECIDO / 590 X 690 X 550 MM / TRILHO PLÁSTICO COM BOTÃO DE TRAVA/DESTRAVA E REGULAGEM DE ALTURA / REBITES, PARAFUSOS E ENCAIXE DE PEÇAS PLÁSTICAS / BANDEJA COM 2 BRINQUEDOS DE PP E NYLON;7896502944248;Incluido;29/04/2026
459357/1933;Ativo;;05/08/2021;;;GALZERANO INDUSTRIA DE CARRINHOS E BERCOS LTDA;43594977000197;19999947357;Via Prefeito Jurandyr Paixão;700;;13481149;Jd. Campo Belo;Limeira;SP;luisfernando.camargo@galzerano.com.br;GALZERANO INDUSTRIA DE CARRINHOS E BERCOS LTDA;Andadores Infantis;Portaria Inmetro nº 129 de 19/03/2021;;CE-AND/IQB 000006 54618/21-001;;;N;Brasil;GALZERANO;Ref.: 4050-Andador Torino. Versões: 4050RO (Rosa), 4050TER (Terracota);Mat Tec poliest TNT Espum PP PA6 Master Tint Tub aço Item fix/aviam CxLxA(cm) 71x62,5x51,5 Trav Trilh plást c/ botão destrav e reg alt Acess Band brinq não remov retrov Carac Tec Pçs plást Tint Ferrag;7908200102247|7908200102254;Excluido;11/05/2022
744267/1953;Ativo;;01/12/2021;;;HEMNANI COMERCIO DE VARIEDADES LTDA.;05469291000185;1124143633;Rua Marcílio Dias;304;N/A;69005270;Centro;Manaus;AM;papush@uol.com.br;China Zhejiang Techincal Co. Ltd;Andadores Infantis;Portaria Inmetro nº 42 de 19/01/2018;;OCAN-AND.189/21-1;;;S;China, República Popular;SITA;AKH602;Material: PP, Ferro e Poliester - Dimensões: 655 mm X 560mm X 500 mm - Sistema de Travamento: Travamento automatico com liberação em duas ações consecutivas - Sistema de Montagem e Ferragem: MANUAL;;Incluido;01/12/2021
332599/1965;Ativo;;07/03/2024;;;JASSUMAL LTDA;04214425000154;63881924131;AV SETE SETEMBRO;852;;69005140;CENTRO;MANAUS;AM;dgjohnny@gmail.com;PINGHU SHI XIAOTIANDI CHILDREN''S PRODUCTS FACTORY;Andadores Infantis;Portaria Inmetro nº 129 de 19/03/2021;;IN2087524;;;S;China, República Popular;BABY SPORTS;ANDADOR JASSUMAL - BS104 - AZUL CLARO E ESCURO-BS104A/ROSA CLARO E ESCURO-BS104R/VERMELHO E PRETO-BS104VP/ROXO E ROSA ESCURO-BS104RR;MAT.:PP,FERRO E POLIÉSTER/DIM.:63X57X53CM/SIST.TRAVA.:LIBERAÇÃO EM DUAS AÇÕES CONSECUTIVAS/SIST.MONT.FERRA.:MANUAL(SEM FERRAMENTA)/ACESSÓRIOS:N/A/CARACTERISTICAS DO MODELO: ANDADOR COM BRINQUEDO;6901041000155;Incluido;07/03/2024
501096/1958;Ativo;;06/05/2025;;;KAVOD BRASIL COMERCIO E IMPORTACAO DE PRODUTOS DE USO DOMESTICO LTDA;12389993000114;1136612389;Avenida Marquês de São Vicente;2219;Conj 1001;05036040;Água Branca;São Paulo;SP;adm@kababy.com.br;Tengzhou Lebeir Baby Carriage Co., Ltd.;Andadores Infantis;Portaria Inmetro nº 129 de 19/03/2021;;IN2610825;;;S;China, República Popular;KaBaby;DESIGNAÇÃO COMERCIAL: ANDADOR DE EMPURRAR STEP-UP KABABY CINZA/CÓDIGO DE REFERÊNCIA COMERCIAL: ANDADOR/QUANTIDADE: -/;MAT:PP/DIM:799x660x715mm/SIS_TRAV:LIBERAÇÃO EM DUAS AÇÕES CONSECUTIVAS/SIS_MONTAGEM/FERRAGEM:MANUAL SEM AUXILIO DE FERRAMENTA/ACESSORIOS:N/A/CARACT_DO_MODELO:ANDADOR COM BRINQUEDO ACOPLADO;7898605218394;Incluido;06/05/2025
349223/1983;Ativo;;05/08/2021;;;GALZERANO INDUSTRIA DE CARRINHOS E BERCOS LTDA;43594977000197;19999947357;Via Prefeito Jurandyr Paixão;700;;13481149;Jd. Campo Belo;Limeira;SP;luisfernando.camargo@galzerano.com.br;GALZERANO INDUSTRIA DE CARRINHOS E BERCOS LTDA;Andadores Infantis;Portaria Inmetro nº 129 de 19/03/2021;;CE-AND/IQB 000006 54618/21-001;;;N;Brasil;GALZERANO;Ref.: 4050-Andador Torino. Versões: 4050RO (Rosa), 4050TER (Terracota);Mat Tec poliest TNT Espum PP PA6 Master Tint Tub aço Item fix/aviam CxLxA(cm) 71x62,5x51,5 Trav Trilh plást c/ botão destrav e reg alt Acess Band brinq não remov retrov Carac Tec Pçs plást Tint Ferrag;7908200102247|7908200102254;Excluido;11/05/2022
753361/1959;Ativo;;07/02/2022;;;TUTTI BABY INDUSTRIA E COMERCIO DE ARTIGOS INFANTIS LTDA;06981862000129;4733794000;Rod. Guilherme Jensen, SC413, km13;0;;89108000;Distrito Industrial;Massaranduba;SC;certificacao@tuttibaby.com.br;TUTTI BABY INDUSTRIA E COMERCIO DE ARTIGOS INFANTIS LTDA;Andadores Infantis;Portaria Inmetro nº 129 de 19/03/2021;;IN2869325;Modelo 5;;N;Brasil;Tutti Baby;Andador Safari II Azul/Rosa/Vermelho/Andador Princesa Rosa Coroa/Andador Acqua Explorador Cinza/Roxo;ESTRUT. MET.AÇO.TUBULAR/48x60,5x70CM/SIST.DE TRAV. COM.DUAS.AÇÕES.CONSECUT.PARA.LIBER./PARAFUSOS.E. REBITES/BRINQUEDOS.E.ADESIVOS;7898431501615|7898431501622|7898431501639|7898431501684|7898431501691|7898431501707;Excluido;12/01/2024
047365/1986;Inativo;;19/06/2023;;;VANMAX COMERCIO LTDA;84114198000124;9231337050;RUA CEL SERGIO PESSOA;91;;69005030;CENTRO;MANAUS;AM;GERENTEDEVENDAS@VANMAX.COM.BR;PINGHU SHI XIAOTIANDI CHILDREN´S PRODUCTS FACTORY;Andadores Infantis;Portaria Inmetro nº 129 de 19/03/2021;;IN1811123;;;S;China, República Popular;BRINKMAX;997A/ NOME COMERCIAL: ANDAJÁ/VERSÕES: AZUL - 582597/ROSA - 582596/VERMELHO - 582598/VERMELHO/BRANCO - 582599 - MAT.: FERRO,POLIPROPILENO E POLIÉSTER/DIM.:67X57X54CM;SIST.DE TRAVA.:LIBERAÇÃO EM DUAS AÇÕES CONSECUTIVAS/SIST.DE MONT.E FERR.MAN.(SEM FERRAMENTA)/ACESSÓRIOS: BRINQUEDO/CARACTERISTICAS DO MODELO: ANDADOR INFANTIL COM BRINQUEDO ACOPLADO;7890785825966|7890785825973|7890785825980|7890785825997;Incluido;19/06/2023
128329/1965;Ativo;;16/07/2025;;;KIDDO INDUSTRIA E COMERCIO LTDA;60688090000187;1147870744;Rodovia Regis Bittencourt ;3666;;06793000;Jardim Três Marias ;Taboão da Serra;SP;m.nascimento@kiddo.com.br;JIN SUN GEE PLASTIC CO., LTD;Andadores Infantis;Portaria Inmetro nº 129 de 19/03/2021;;IN2735125;Modelo 5;;S;China, República Popular;Whoop;ANDADOR PASSINHOS 2 EM 1 REF. 8701/CINZA/ROSA/AZUL;MATERIAL:PP. POLIES/DIMENSÕES:59,5X68X53CM/SIST.DE.TRAVAM.:LIBER.EM DUAS AÇÕES CONSECUTIVAS/SIST.DE.MONTAG.E.FERRAGEM:MANUAL (SEM AUX. DE FERRAM)/ACESSÓRIOS:BRINQ./CARACT. DO MODELO:ANDADOR C/ BRINQ.;7896517223871|7896517223888|7896517223895;Incluido;16/07/2025
047689/1945;Inativo;;24/09/2019;;;Galzerano Indústria de Carrinhos e Berços Ltda;43594977000197;1934043030;Via Prefeito Jurandyr Paixão;700;;13481149;Jd. Campo Belo;Limeira;SP;luisfernando.camargo@galzerano.com.br;SHEN ZHEN WEI MEI CHILDCARE PRODUCT LIMITED COMPANY;Andadores Infantis;Portaria Inmetro nº 42 de 19/01/2018;;CE-AND/IQB 000006 53504/20-001;;;S;China, República Popular;GALZERANO;Andador de bebê 4 em 1 Funny - Versões: Color (CR), Verde Água (VDA);Mat Tec poli Espum Resin plást Itens fix Dimens 75Cx71Lx55A(cm) Sist trav Dobradiç plást c/ botã acion Sist mont frenag Encaix manua Mod Andador c/ módul sonor Pçs girat Cores divers Acess Brinq remov;7898089221477|7898089221996;Incluido;24/09/2019
913077/2005;Ativo;;15/12/2023;;;MADHULA COMERCIO DE ARTIGOS ELETROELETRONICOS LTDA;03838532000190;62811924131;Rua Marcilio Dias;166;;69005270;Centro;Manaus;AM;dgjohnny@gmail.com;PINGHU SHI XIAOTIANDI CHILDREN''S PRODUCTS FACTORY;Andadores Infantis;Portaria Inmetro nº 129 de 19/03/2021;;IN1983523;;;S;China, República Popular;BENMEK;ANDADOR MADHULA/REF.: MA100/VERSÕES:Verde e Azul - MA100VA,Rosa e Roxo - MA100RR,Branco e Azul Escuro - MA100BAE,Amarelo e Vermelho - MA100AV;MAT:PP, FERRO E POLIÉSTER/DIMEN.:63 X 57 X 53 CM/SIST. TRAVAMENTO:Liberação em duas ações consecutivas/SIST. MONTAGEM E FERRAGEM:MANUAL(SEM FERRAMENTA)/ACESS.:n/a/CARACTERÍSTICAS: ANDADOR COM BRINQUED;6901031000158;Incluido;15/12/2023
341369/2012;Ativo;;14/08/2019;;;BAMBOO COMERCIO, IMPORTAÇÃO E EXPORTAÇÃO EIRELI-EPP;27115224000103;8132419265;Rua. Alegre;154;Galpão A;52120125;Arruda;Recife;PE;bamboo@yescert.com.br;ZHEJIANG KINTEX INTERNATIONAL TRADING CO., LTD;Andadores Infantis;Portaria Inmetro nº 129 de 19/03/2021;;IN1632922;;;S;China, República Popular;BAMBOO;NOME FANTASIA: ANDAJAR GUGU MODELO: MD-18 CORES: VERDE;PLÁSTICO, METAL E FIBRA TÊXTIL,520 x 560 x 620 mm,MANUAL,MANUAL,BANDEJA, VOLANTE DO PUXADOR.;7909312341029;Excluido;22/07/2022
635384/1938;Ativo;;09/12/2019;;;TAPUZIM COMERCIAL LTDA;00513418000100;1138569063;Av. Monte Celeste;230;250;02561000;Vila S. Maria;São Paulo;SP;ehs0770@hotmail.com;SHEN ZHEN WEI MEI CHILDCARE PRODUCT LIMITED COMPANY;Andadores Infantis;Portaria Inmetro nº 129 de 19/03/2021;;IN2062423;Modelo 5;;S;China, República Popular;Baby Style;MODELO: ANIMAIS VERSÕES: Andador cachorro vermelho - Ref. 33721 Andador cachorro azul - Ref. 33722 Andador abelha rosa - Ref. 33723 Andador abelha azul - Ref. 33724 Andador pianinho rosa Ref: 33725 Andador pianinho azul Ref: 33726;Material: Plástico, metal e tecido, Dimensões: 50 x 70 x 60 cm, Sistema de Travamento: Stoper, Sistema deMontagem e Ferragem: Tesoura, Acessórios: Bandeja musical;4079337218996|4079337228995|4079337238994|4079337248993|4079337251993|4079337261992;Excluido;29/01/2024
929388/1964;Ativo;;14/08/2019;;;BAMBOO COMERCIO, IMPORTAÇÃO E EXPORTAÇÃO EIRELI-EPP;27115224000103;8132419265;Rua. Alegre;154;Galpão A;52120125;Arruda;Recife;PE;bamboo@yescert.com.br;ZHEJIANG KINTEX INTERNATIONAL TRADING CO., LTD;Andadores Infantis;Portaria Inmetro nº 129 de 19/03/2021;;IN1632922;;;S;China, República Popular;BAMBOO;NOME FANTASIA: ANDAJAR GUGU MODELO: MD-18 CORES: VERDE;PLÁSTICO, METAL E FIBRA TÊXTIL,520 x 560 x 620 mm,MANUAL,MANUAL,BANDEJA, VOLANTE DO PUXADOR.;7909312341029;Excluido;22/07/2022
263254/1963;Ativo;;24/01/2025;;;PLANETA - IMPORTACAO E DISTRIBUICAO DE BRINQUEDOS LTDA;13434272000141;1138951572;AV VASCO MASSAFELI - GALPAO1 RUA A LADO IMPAR ANEXO;1000;MODULO1/21;06703600;JARDIM MARIA TEREZA;COTIA;SP;admin@planetadobebe.com.br;PLANETA - IMPORTACAO E DISTRIBUICAO DE BRINQUEDOS LTDA;Andadores Infantis;Portaria Inmetro nº 129 de 19/03/2021;;IN2476224;;;N;Brasil;REPLAY KIDS;ANDADOR QUICK/21680 / BELLA/21681 / PUPPY/21682 / ZOO/21683 / SPACE/21684 / RACING;M:POLIPROPILENO, ABS, AÇO,ELASTÔMERO TERMOPLÁSTICO E PVC/D:58X68X55CM/S.D/TRV:MANUAL (SEM FERRAMENTA)/ACS:N/A/CARACTERISTICAS DO MODELO:BANDEJA COM BRINQUEDO/ PLACA MUSICAL/PLACA ANTIDERRAPANTE;7899403216803|7899403216810|7899403216827|7899403216834|7899403216841;Incluido;24/01/2025
768745/1942;Inativo;;12/12/2022;;;COMPANHIA DOREL BRASIL PRODUTOS INFANTIS;10659948000883;2135547024;Av. Nilo Peçanha;1516 ;Galpão 3 ;28030035;Pq dos Rodoviários;Campos dos Goytacaze;RJ;standard@dorel.com.br;Dongguan Xinyeda Hardware Plastic Products Co., Ltd;Andadores Infantis;Portaria Inmetro nº 129 de 19/03/2021;;IN1715922;;;S;China, República Popular;Safety 1st;11389.  Melody Garden;ABS,PP.PVC.Pol.Esp, 64x55x66cm,Trav.Lib.2açoes cons, Mon.Manual. Aces: Brinquedos.;9312541727119;Incluido;12/12/2022
223392/1991;Ativo;;31/08/2026;;;MADHULA COMERCIO DE ARTIGOS ELETROELETRONICOS LTDA;03838532000190;92994433107;Rua Marcilio Dias;166;;69005270;Centro;Manaus;AM;mayapunjwani@gmail.com;PINGHU XIAOTIANDI CHILDRENS PRODUCTS FACTORY;Andadores Infantis;Portaria Inmetro nº 129 de 19/03/2021;;IN3141126-1;Modelo 5;;S;China, República Popular;BENMEK;MADHULA/ MA100/ Verde e Azul - MA100VA/ Rosa e Roxo - MA100RR/ Branco e Azul Escuro - MA100BAE/ Amarelo e Vermelho - MA100AV;MAT.:PP, FERRO E POLIÉSTER/DIM.:63X57X53 CM/SIST. DE TRAV.: LIBERAÇÃO EM DUAS AÇÕES CONSECUTIVAS/SIST. MONT. E FERR.:MANUAL (SEM FERRAMENTA)/ACESS.:BRINQUEDO/CARACT. DO MOD.: ANDADOR COM BRINQUEDO;6901031000158;Incluido;31/08/2026
517396/2017;Ativo;;07/03/2024;;;JASSUMAL LTDA;04214425000154;63881924131;AV SETE SETEMBRO;852;;69005140;CENTRO;MANAUS;AM;dgjohnny@gmail.com;PINGHU SHI XIAOTIANDI CHILDREN''S PRODUCTS FACTORY;Andadores Infantis;Portaria Inmetro nº 129 de 19/03/2021;;IN2087524;;;S;China, República Popular;BABY SPORTS;ANDADOR JASSUMAL - BS104 - AZUL CLARO E ESCURO-BS104A/ROSA CLARO E ESCURO-BS104R/VERMELHO E PRETO-BS104VP/ROXO E ROSA ESCURO-BS104RR;MAT.:PP,FERRO E POLIÉSTER/DIM.:63X57X53CM/SIST.TRAVA.:LIBERAÇÃO EM DUAS AÇÕES CONSECUTIVAS/SIST.MONT.FERRA.:MANUAL(SEM FERRAMENTA)/ACESSÓRIOS:N/A/CARACTERISTICAS DO MODELO: ANDADOR COM BRINQUEDO;6901041000155;Incluido;07/03/2024
854714/1962;Inativo;;07/10/2019;;;Galzerano Indústria de Carrinhos e Berços Ltda;43594977000197;1934043030;Via Prefeito Jurandyr Paixão;700;;13481149;Jd. Campo Belo;Limeira;SP;luisfernando.camargo@galzerano.com.br;GUANGDONG ZHIHUI CHILDREN?S PRODUCTS CO.,LTD;Andadores Infantis;Portaria Inmetro nº 42 de 19/01/2018;;CE-AND/IQB 000006 53503/20-001;;;S;China, República Popular;GALZERANO;Andador de bebê Magic - Versão: Cinza (CZ), Preto (PT);Mat Tec poli Espum Resin plást Tint Ferrag 70Cx65Lx54A cm Travam trilho plást com botão de destrav e regul alt Mont/frenag manual Andador com pçs girat e cores diversas Acess Bandej Brinq não removív.;7898089221590|7898089222283;Incluido;07/10/2019
811411/1943;Ativo;;07/02/2022;;;TUTTI BABY INDUSTRIA E COMERCIO DE ARTIGOS INFANTIS LTDA;06981862000129;4733794000;Rod. Guilherme Jensen, SC413, km13;0;;89108000;Distrito Industrial;Massaranduba;SC;certificacao@tuttibaby.com.br;TUTTI BABY INDUSTRIA E COMERCIO DE ARTIGOS INFANTIS LTDA;Andadores Infantis;Portaria Inmetro nº 129 de 19/03/2021;;IN2869325;Modelo 5;;N;Brasil;Tutti Baby;Andador: VERSÕES: Safari II (Azul/Rosa/Vermelho), Princesa Rosa Coroa, Acqua Explorador (Cinza/Roxo);ESTRUTURA METÁLICA , AÇO TUBULAR / 48 x 60,5 x 70CM / SISTEMA DE TRAVAMENTO COM DUAS AÇÕES CONSECUTIVAS PARA LIBERAÇÃO /SISTEMA DE MONTAGEM/FERRAGEM: PARAFUSOS E REBITES ACESSÓRIOS: BRINQUEDOS E ADESI;7898431501615|7898431501622|7898431501639|7898431501684|7898431501691|7898431501707;Excluido;15/03/2024
105415/1970;Ativo;;06/09/2024;;;TUTTI BABY INDUSTRIA E COMERCIO DE ARTIGOS INFANTIS LTDA;06981862000129;4733794000;Rod. Guilherme Jensen, SC413, km13;0;Galpão 01;89108000;Distrito Industrial;Massaranduba;SC;certificacao@tuttibaby.com.br;TUTTI BABY INDUSTRIA E COMERCIO DE ARTIGOS INFANTIS LTDA;Andadores Infantis;Portaria Inmetro nº 129 de 19/03/2021;;IN2321524;;;N;Brasil;TUTTI BABY;ANDADOR COMFORT/REF.ANDADOR COMFORT 40.005/40005004/40005003/40005011/40005028/40005007/40005010/40005006/40005029;MAT:PLAST.ENG/ALGODÃO/DIMEN:48X60,5X70CM/SIST.DE TRAV:DOIS DISP.DE TRAV.INDEP.SENDO OP.SIMUL/SIST.DE MONT.FERR:OUTROS:PARAF,MONT.PEÇAS PLAST./ACESS:BANDEIJA C/ BRINQ/CARAC.DO MOD:ANDADOR C/BRINQUEDO;7898431502063|7898431502070|7898431502087|7898431502094|7898431502100|7898431502117|7898431502124|7898431502131;Incluido;06/09/2024
399419/1996;Ativo;;03/04/2023;;;PLANETA - IMPORTACAO E DISTRIBUICAO DE BRINQUEDOS LTDA;13434272000141;1138951572;AV VASCO MASSAFELI;1000;G1A M1-21;06703600;JARDIM MARIA TEREZA;COTIA;SP;admin@planetadobebe.com.br;HEBEI WANXIN CHILDREN TOYS CO.,LTD.;Andadores Infantis;Portaria Inmetro nº 129 de 19/03/2021;;IN1765923;Modelo 5;;S;China, República Popular;MAXI BABY;NW-01 - ANDADOR LA BAMBA;MAT:PP PARTES EM ABS, AÇO DE ALTO CARB RODA ELAST.TERMO., PVC/DIM:580X680X550/SIS TRA:LIBERA.EM 2 AÇÕES CONSEC. SIS DE MON E FER:MAN.(S/ FER)/ACE:BANDEJA COM BRINQ/CAR MOD:AND COM BRINQ(BAND.A MUS.);7899403215370|7899403215387;Excluido;22/12/2025
693423/2022;Ativo;;03/04/2023;;;PLANETA - IMPORTACAO E DISTRIBUICAO DE BRINQUEDOS LTDA;13434272000141;1138951572;AV VASCO MASSAFELI;1000;G1A M1-21;06703600;JARDIM MARIA TEREZA;COTIA;SP;admin@planetadobebe.com.br;HEBEI WANXIN CHILDREN TOYS CO.,LTD.;Andadores Infantis;Portaria Inmetro nº 129 de 19/03/2021;;IN1765923;Modelo 5;;S;China, República Popular;MAXI BABY;NW-01 - ANDADOR LA BAMBA;MAT:PP PARTES EM ABS, AÇO DE ALTO CARB RODA ELAST.TERMO., PVC/DIM:580X680X550/SIS TRA:LIBERA.EM 2 AÇÕES CONSEC. SIS DE MON E FER:MAN.(S/ FER)/ACE:BANDEJA COM BRINQ/CAR MOD:AND COM BRINQ(BAND.A MUS.);7899403215370|7899403215387;Excluido;22/12/2025
987438/1948;Ativo;;22/11/2023;;;JASSUMAL LTDA;04214425000154;62811924131;AV SETE SETEMBRO;852;;69005140;CENTRO;MANAUS;AM;dgjohnny@gmail.com;PINGHU SHI XIAOTIANDI CHILDREN?S PRODUCTS FACTORY;Andadores Infantis;Portaria Inmetro nº 129 de 19/03/2021;;IN1984323;;;S;China, República Popular;BABY SPORTS;ANDADOR JASSUMAL /REF: BS103 /VERSÕES:Azul Claro e Escuro - BS103A/Rosa Claro e Escuro - BS103R/Roxo e Rosa Escuro - BS103RR;MATERIAL:PP, FERRO E POLIÉSTER|DIMENSÕES:63 X 57 X 53 CM|SISTEMA DE TRAVAMENTO:LIBERAÇÃO EM DUAS AÇÕES CONSECUTIVAS|SISTEMA DE MONTAGEM E FERRAGEM:MANUAL (SEM FERRAMENTA)|ACESSÓRIOS:N/A|CARACTERISTICA;6901041000155;Incluido;22/11/2023
392526/2002;Ativo;;30/08/2021;;;TA TE TI INDUSTRIA E COMERCIO DE BRINQUEDOS EDUCATIVOS LTDA;30261120000103;4732422225;RUA TIRADENTES;230;;89107000;CENTRO;POMERODE;SC;qualidade3@grupocalesita.com.br;TA TE TI INDUSTRIA E COMERCIO DE BRINQUEDOS EDUCATIVOS LTDA;Andadores Infantis;Portaria Inmetro nº 129 de 19/03/2021;;CE-AND/IQB 000010 55962/23-001;Modelo 5;;N;Brasil;Tateti;Ref.915 - Move Baby Rosa;PP, METAL, TECIDO POLIESTER. DIMENSAO: 70,20X59,83X49,12CM. SIST. TRAVAMENTO:FREIO DIANTEIRO E TRASEIRO. SIST DE MONTAGEM: MANUAL/PARAFUSOS PP. ACESSORIOS:BANDEJA DE BRINQUEDOS;7898664632247;Incluido;02/03/2026
324745/1994;Ativo;;09/12/2019;;;TAPUZIM COMERCIAL LTDA;00513418000100;1138569063;Av. Monte Celeste;230;250;02561000;Vila S. Maria;São Paulo;SP;ehs0770@hotmail.com;SHEN ZHEN WEI MEI CHILDCARE PRODUCT LIMITED COMPANY;Andadores Infantis;Portaria Inmetro nº 129 de 19/03/2021;;IN2062423;Modelo 5;;S;China, República Popular;Baby Style;MODELO: ANIMAIS VERSÕES: Andador cachorro vermelho - Ref. 33721 Andador cachorro azul - Ref. 33722 Andador abelha rosa - Ref. 33723 Andador abelha azul - Ref. 33724 Andador pianinho rosa Ref: 33725 Andador pianinho azul Ref: 33726;Material: Plástico, metal e tecido, Dimensões: 50 x 70 x 60 cm, Sistema de Travamento: Stoper, Sistema deMontagem e Ferragem: Tesoura, Acessórios: Bandeja musical;4079337218996|4079337228995|4079337238994|4079337248993|4079337251993|4079337261992;Excluido;29/01/2024
281442/1975;Ativo;;07/08/2024;;;AMAZONAS IMPORTADOS LTDA;07269201000138;9691131654;Rua Independência;175;;68900090;Central;Macapa;AP;adriana.abreu@amazonasimportados.com.br;YIWU BALBIAN ELECTRONIC TECHNOLOGICAL CO., LTD;Andadores Infantis;Portaria Inmetro nº 129 de 19/03/2021;;IN2086424-4;;;S;China, República Popular;LÉ PETIT;MODE:BABY WALKER/REF:LP-9917/ CONT: ANDADOR COM BRINQUEDO ACOPLADO/VERSÕES:AZUL,VERMELHO,AMARELO,ROSA.;MAT:PP E POLIÉSTER/DIM:65X54X49CM/SIST DE TRAV:LIBERAÇÃO EM DUAS AÇÕES CONSECUTIVAS/SIST DE MONT E FERRA :MANUAL (SEM FERRAMENTA)/ACES:N/A.CARACTERISTICAS DO MODELO:;7453116024706;Incluido;07/08/2024
997169/1972;Ativo;;02/09/2026;;;BAGATOLI COMERCIO DE REFRIGERACAO LTDA;00897750000108;47984556257;BR-470;8105;;89058020;FORTALEZA ALTA;BLUMENAU;SC;digitalpriceconsultoria@gmail.com;PINGHU XIAOTIANDI CHILDREN?S PRODUCTS FACTORY;Andadores Infantis;Portaria Inmetro nº 129 de 19/03/2021;;IN3155526;Modelo 5;;S;China, República Popular;BAGATOLI KIDS;MOD: ANDADOR INFANTIL PULSE/ N.COM: PULSE/ V.: ROSA, AZUL, CINZA;MAT.:PP,POLIÉSTER,AÇO/DIM.:51X61X69CM/SIST.TRAV.:LIB.2 AÇÕES CONSEC./SIST.MONT.FERR.:REBITES,PARAF.E ENCAIXE PEÇAS PLÁST./ACESS.:BRINQ.NA BANDEJA/CARACT.MOD.:ANDADOR C/BRINQ.;7901030400859|7901030400866|7901030400873;Incluido;02/09/2026
575446/2001;Inativo;;11/11/2022;;;COMPANHIA DOREL BRASIL PRODUTOS INFANTIS;10659948000883;2135547024;Av. Nilo Peçanha;1516 ;Galpão 3 ;28030035;Pq dos Rodoviários;Campos dos Goytacaze;RJ;standard@dorel.com.br;Jin Sun Gee Plastics Co., Ltd;Andadores Infantis;Portaria Inmetro nº 129 de 19/03/2021;;IN1701622-2;;;S;Formosa (Taiwan);Voyage;BG-1518. Nome comercial: Baby Step. Versões: Rosa e Azul.;Ferro,PP e poliéster. 60x49x68cm.Trav:Lib.2 ações consec.,Mont:Encaixe. Aces:Brinquedos;7908238801280|7908238801297;Incluido;11/11/2022
869461/1927;Ativo;;09/12/2019;;;TAPUZIM COMERCIAL LTDA;00513418000100;1138569063;Av. Monte Celeste;230;250;02561000;Vila S. Maria;São Paulo;SP;ehs0770@hotmail.com;SHEN ZHEN WEI MEI CHILDCARE PRODUCT LIMITED COMPANY;Andadores Infantis;Portaria Inmetro nº 42 de 19/01/2018;;OCAN-AND.165/19-3;;;S;China, República Popular;baby style;CENTRO DE ATIVIDADES;VERSÕES: Andador play - Ref.5821 Andador meninos - Ref. 515211 Andador meninas - Ref. 51522. Material: Plástico, metal e tecido. Dimensões: 74 x 75 x 18 cm Sistema de Travamento: Stoper Sistema de Mon;4079515211993|4079515222999|4532582122994;Incluido;09/12/2019
163465/1954;Ativo;;27/03/2026;;;HEMNANI COMERCIO DE VARIEDADES LTDA.;05469291000185;9232330121;Rua Marcílio Dias;304;;69005270;Centro;Manaus;AM;hemnanibr@yahoo.com;PINGHU XIAOTIANDI CHILDREN?S PRODUCTS FACTORY;Andadores Infantis;Portaria Inmetro nº 129 de 19/03/2021;;IN2911926;Modelo 5;;S;China, República Popular;SITA;ANDADOR AKH602 - AKH602 - AVIÃO - AVIAO;MAT:PP,FERRO E POLIE./DIM:70 X62.5 X 51 CM/SISTEMA DE TRAVAMENTO:LIBERAÇÃO EM DUAS AÇÕES CONSECUTIVAS/SISTEMA DE MONTAGEM E FERRAGEM:MAN.(S/FERRAM.)/ACESS:BAND.MUSI./CARAC.DO MOD.:AND.COM BAND.MUSI.;0618231660148;Incluido;27/03/2026
028853/2015;Ativo;;07/08/2024;;;AMAZONAS IMPORTADOS LTDA;07269201000138;9691131654;Rua Independência;175;;68900090;Central;Macapa;AP;adriana.abreu@amazonasimportados.com.br;YIWU BALBIAN ELECTRONIC TECHNOLOGICAL CO., LTD;Andadores Infantis;Portaria Inmetro nº 129 de 19/03/2021;;IN2086424-3;;;S;China, República Popular;LÉ PETIT;MODE,BABY WALKER/REF:LP-9824/ CONT: ANDADOR COM BRINQUEDO ACOPLADO:/VERSÕES:AZUL,VERDE,ROSA.;MATL:PP E POLIÉSTER/DIM:66X54X52CM/SIST DE TRAV:LIBERAÇÃO EM DUAS AÇÕES CONSECUTIVAS/SIST DE MONT E FERR :MANUAL (SEM FERRAMENTA)/ACESSÓRIOS:N/A.CARACT DO MODELO:;7453116003640;Incluido;07/08/2024
545963/1971;Ativo;;07/08/2024;;;AMAZONAS IMPORTADOS LTDA;07269201000138;9691131654;Rua Independência;175;;68900090;Central;Macapa;AP;adriana.abreu@amazonasimportados.com.br;YIWU BALBIAN ELECTRONIC TECHNOLOGICAL CO., LTD;Andadores Infantis;Portaria Inmetro nº 129 de 19/03/2021;;IN2086424-3;;;S;China, República Popular;LÉ PETIT;MODE,BABY WALKER/REF:LP-9824/ CONT: ANDADOR COM BRINQUEDO ACOPLADO:/VERSÕES:AZUL,VERDE,ROSA.;MATL:PP E POLIÉSTER/DIM:66X54X52CM/SIST DE TRAV:LIBERAÇÃO EM DUAS AÇÕES CONSECUTIVAS/SIST DE MONT E FERR :MANUAL (SEM FERRAMENTA)/ACESSÓRIOS:N/A.CARACT DO MODELO:;7453116003640;Incluido;07/08/2024
982422/2007;Ativo;;30/09/2019;;;BURIGOTTO SA INDUSTRIA E COMERCIO;51460277000138;1934042000;Rua Martino Dragone;280;;13480308;Jardim Santa Barbara;Limeira;SP;carlos.riva@burigotto.com;JIN SUN GEE PLASTICS. CO., LTD.;Andadores Infantis;Portaria Inmetro nº 42 de 19/01/2018;;CE-AND/IQB 000004 53005/19-001;;;S;Formosa (Taiwan);Burigotto;Andador Baby Coupe (ref. com. IXAN3034PK10-Rosa, IXAN3034AZ19-Azul, IXAN3034CL-CL);Andador Infantil, Mat.: Polipropileno, Nylon, Aço, Tecido e Espuma, Dim: 760X650X640mm, Sist. Trav. Automático, Sistema Montagem/Ferragem Rebites, parafusos e Encaixe de peças plásticas, Acessorio: Ba;7896502916146|7896502916160|7896502935550;Incluido;30/09/2019
536545/2006;Ativo;;14/08/2019;;;BAMBOO COMERCIO, IMPORTAÇÃO E EXPORTAÇÃO EIRELI-EPP;27115224000103;8132419265;Rua. Alegre;154;Galpão A;52120125;Arruda;Recife;PE;bamboo@yescert.com.br;ZHEJIANG KINTEX INTERNATIONAL TRADING CO., LTD;Andadores Infantis;Portaria Inmetro nº 129 de 19/03/2021;;IN1632922;;;S;China, República Popular;BAMBOO;MODELO:MD-18NOME COMERCIAL:ANDAJAR GUGUVERSÕES: Azul (Ref.: MD18.1)Rosa (Ref.: MD18.2)Verde (Ref.: MD18.3)Vermelho (Ref.: MD18.4);Mat: PLAST / MET/FIB TEXTIL,DIM:ABRT:62X56X52CM,FECH:62X56X16,SIST TRAV:LIBER EM 2 ACOES CONSEC,SIST MONT FERRAG: MANUAL(S/FERRAMENTA),ACESS:BANDEJ C/BRINQ E HAST C/PUXADOR;7909312341029;Incluido;22/07/2022
422333/1991;Ativo;;01/12/2021;;;HEMNANI COMERCIO DE VARIEDADES LTDA.;05469291000185;1124143633;Rua Marcílio Dias;304;N/A;69005270;Centro;Manaus;AM;papush@uol.com.br;China Zhejiang Techincal Co. Ltd;Andadores Infantis;Portaria Inmetro nº 42 de 19/01/2018;;OCAN-AND.189/21-1;;;S;China, República Popular;SITA;AKH602;Material: PP, Ferro e Poliester - Dimensões: 655 mm X 560mm X 500 mm - Sistema de Travamento: Travamento automatico com liberação em duas ações consecutivas - Sistema de Montagem e Ferragem: MANUAL;;Incluido;01/12/2021
783805/1966;Ativo;;29/04/2025;;;MD COMERCIO DE FERRAGENS LTDA;55274701000100;92981285408;AVENIDA JOAQUIM NABUCO;1094;A;69020030;Centro;Manaus;AM;mdcomerciodeferragensltda@gmail.com;PINGHU XIAOTIANDI CHILDREN''S PRODUCTS FACTORY;Andadores Infantis;Portaria Inmetro nº 129 de 19/03/2021;;IN2610925;Modelo 5;;S;China, República Popular;ULTRA BABY;REF: UBW-601 - ANDADOR INFANTIL MUSICAL PARA BEBÊ - NAVY BLUE / RED, GREEN / BLUE, ROYAL BLUE / TEAL, LIGHT PINK / LAVANDER, DARK PURPLE / PINK;MAT:PP,FERRO E POLIÉSTER/DIM:70X62,5X55CM/SIS_TRAV:LIBERAÇÃO EM 2 AÇÕES CONSECUTIVAS/SIS_MONT.E_FERRAGEM:MANUAL(SEM FERRAMENTA)/ACESSÓRIOS: N/A/CARACTERISTICAS_MODELO:ANDADOR COM BRINQUEDO ACOPLADO;7890012361120|7890012361137|7890012361144|7890012361151|7890012361168;Incluido;29/04/2025
156572/1960;Ativo;;07/03/2024;;;COMPANHIA DOREL BRASIL PRODUTOS INFANTIS;10659948000107;2135547024;Av. Nilo Peçanha;1516;1582;28030035;Pq dos Rodoviários;Campos dos Goytacaze;RJ;standard@dorel.com.br;COMPANHIA DOREL BRASIL PRODUTOS INFANTIS;Andadores Infantis;Portaria Inmetro nº 129 de 19/03/2021;;IN2040823;Modelo 5;;N;Brasil;Infanti;APPIA - HE022 - AZUL/ROSA - MAT.:PP, POLIÉSTER,PTA, EG, POLIPROPILENO E POLIETILENO.DIMENSÕES:56,5X68X60,5CM/;SIST. DE TRAVAMENTO: LIBERAÇÃO EM 2 AÇÕES CONSECUTIVAS/SIST. DE MONTAGEM E FERRAGEM: MANUAL (S/ FERRAMENTAS)/ACES.: BANDEJA DE BRINQUEDOS/ANDADOR COM BRINQUEDO;7908238809774|7908238809781;Excluido;10/04/2026
457469/1980;Inativo;;11/11/2022;;;COMPANHIA DOREL BRASIL PRODUTOS INFANTIS;10659948000883;2135547024;Av. Nilo Peçanha;1516 /1582;Galpão 3 ;28030035;Pq dos Rodoviários;Campos dos Goytacaze;RJ;standard@dorel.com.br;Jin Sun Gee Plastics Co., Ltd;Andadores Infantis;Portaria Inmetro nº 129 de 19/03/2021;;IN1701622-1;;;S;Formosa (Taiwan);Cosco;BG-2023. Nome comercial: Goal Walker 4 em 1. Versões: Rosa e Azul.;Ferro, PP, PU e Pol, 74x44x66,5cm.Trav.real.único acion.,Mont: Manual(c/chave phil,n/inclusa). Aces: Brinq.;7898509478375|7898509478665;Incluido;11/11/2022
349223/1983;Ativo;;07/08/2024;;;COMERCIO E IMPORTACAO DENISE LTDA;29963642000178;21997976531;RUA DO MILHO;72;A;21011090;PENHA CIRCULAR;RIO DE JANEIRO;RJ;comerciomybaby@hotmail.com;PING HU BEST CHILDREN?S CARRIER CO.LTD;Andadores Infantis;Portaria Inmetro nº 129 de 19/03/2021;;IN2189524;;;S;China, República Popular;MY BABY;PATO A1 - ROSA LISO, AZUL LISO, ROSA COLORIDO, AZUL COLORIDO - Acessórios: Brinquedos Caracteristicas do modelo: Andador infantil com brinquedo elétrico;Material: Ferro, PP e Poliéster Dimensões: 71 x 62 x 55 cm Sistema de Travamento: Liberação em duas ações consecutivas Sistema de Montagem e Ferragem: Manual (com auxílio de ferramenta);6294013738218|6294013738225|6294013738287|6294013738294;Incluido;07/08/2024
751473/2006;Ativo;;07/08/2024;;;AMAZONAS IMPORTADOS LTDA;07269201000138;9691131654;Rua Independência;175;;68900090;Central;Macapa;AP;adriana.abreu@amazonasimportados.com.br;YIWU BALBIAN ELECTRONIC TECHNOLOGICAL CO., LTD;Andadores Infantis;Portaria Inmetro nº 129 de 19/03/2021;;IN2086424-3;;;S;China, República Popular;LÉ PETIT;MODE,BABY WALKER/REF:LP-9824/ CONT: ANDADOR COM BRINQUEDO ACOPLADO:/VERSÕES:AZUL,VERDE,ROSA.;MATL:PP E POLIÉSTER/DIM:66X54X52CM/SIST DE TRAV:LIBERAÇÃO EM DUAS AÇÕES CONSECUTIVAS/SIST DE MONT E FERR :MANUAL (SEM FERRAMENTA)/ACESSÓRIOS:N/A.CARACT DO MODELO:;7453116003640;Incluido;07/08/2024
787246/2013;Ativo;;06/05/2025;;;KAVOD BRASIL COMERCIO E IMPORTACAO DE PRODUTOS DE USO DOMESTICO LTDA;12389993000114;1136612389;Avenida Marquês de São Vicente;2219;Conj 1001;05036040;Água Branca;São Paulo;SP;adm@kababy.com.br;Tengzhou Lebeir Baby Carriage Co., Ltd.;Andadores Infantis;Portaria Inmetro nº 129 de 19/03/2021;;IN2610825;;;S;China, República Popular;KaBaby;DESIGNAÇÃO COMERCIAL: ANDADOR DE EMPURRAR STEP-UP KABABY CINZA/CÓDIGO DE REFERÊNCIA COMERCIAL: ANDADOR/QUANTIDADE: -/;MAT:PP/DIM:799x660x715mm/SIS_TRAV:LIBERAÇÃO EM DUAS AÇÕES CONSECUTIVAS/SIS_MONTAGEM/FERRAGEM:MANUAL SEM AUXILIO DE FERRAMENTA/ACESSORIOS:N/A/CARACT_DO_MODELO:ANDADOR COM BRINQUEDO ACOPLADO;7898605218394;Incluido;06/05/2025
045488/1933;Ativo;;07/08/2024;;;AMAZONAS IMPORTADOS LTDA;07269201000138;9691131654;Rua Independência;175;;68900090;Central;Macapa;AP;adriana.abreu@amazonasimportados.com.br;YIWU BALBIAN ELECTRONIC TECHNOLOGICAL CO., LTD;Andadores Infantis;Portaria Inmetro nº 129 de 19/03/2021;;IN2086424-2;;;S;China, República Popular;LÉ PETIT;MODE:BABY WALKER/REF:LP-9618/ CONT: ANDADOR COM BRINQUEDO ACOPLADO/VERSÕES:AZUL,VERDE,ROSA,VERMELHO.;MAT:PP E POLIÉSTER/DIM:65X54X49CM/SIST DE TRAV:LIBERAÇÃO EM DUAS AÇÕES CONSECUTIVAS/SIST DE MONT E FERR:MANUAL (SEM FERRAMENTA)ACE:N/A.CARACTERISTICAS DO MODELO:;7453068240131;Incluido;07/08/2024
980221/1995;Ativo;;01/07/2026;;;APS IMPORTACAO EXPORTACAO DISTRIBUICAO LTDA;44540981000135;11974642778;EST GERAL DE MEDEIROS;20;SALA 05;88390000;MEDEIROS;BARRA VELHA;SC;orquestra@yescert.com.br;Tengzhou Lebeir Baby Carriage Co., Ltd.;Andadores Infantis;Portaria Inmetro nº 129 de 19/03/2021;;IN3076626;Modelo 5;;S;China, República Popular;TOYS&TOYS;MOD:ANDADOR MUSICAL PARA BEBES/INFANTIL/CÓD DE REFERÊNCIA COMERCIAL: ANDADOR MUSICAL V:CINZA - 310552,MARROM - 310569,AZUL - 310576,ROSA 310583;Mat:PP/Dim:799x660x715mm/Sist de Travam: Dois dispositivos de travam independentes sendo operados simult/Sist de Mont e Ferr:Manual (sem ferram)/Acess:N/A/Caract do modelo:ANDADOR COM BRINQ.MUSICAL AC;7908888310552|7908888310569|7908888310576|7908888310583;Incluido;01/07/2026
339492/1959;Ativo;;29/01/2025;;;HCM INDUSTRIA E IMPORTACAO LTDA;12538691000160;3798753533;RUA SERGIPE ;1963;;35591096;SANTA ALEXANDRINA;LAGOA DA PRATA;MG;compras@hcmmalta.com.br;HCM INDUSTRIA E IMPORTACAO LTDA;Andadores Infantis;Portaria Inmetro nº 129 de 19/03/2021;;IN2431224-1;;;N;Brasil;JUMBO BABY;ANDADOR MUSICAL SUPERLUXO JUMBO BABY/Acessórios:Assento,Empurrador,Painel Musical/Caracteristicas do modelo:Andador com brinquedo na bandeja/Versões:AZUL,ROSA,VERMELHO,LARANJA;Mat:POLIPROPILENO (PP)/ACO CARBONO(FERRAGENS)/TECIDO(POLIÉSTER)/Dim:69,5X58,5X14,5/Sist de Trav:Liberação em duas ações consecutivas/Sist de Mont e Fer:Manual(sem ferramenta);7898947715025|7898947715032|7898947715049|7898947715056;Incluido;29/01/2025
047689/1945;Inativo;;09/02/2022;;;COMPANHIA DOREL BRASIL PRODUTOS INFANTIS;10659948000107;02135547024;Av. Nilo Peçanha;1516 /1582;Térreo;28030035;Pq dos Rodoviários;Campos dos Goytacaze;RJ;mariana.magalhaes@dorel.com.br;Dong Guan Hua Song Plastic Products Co.Ltd;Andadores Infantis;Portaria Inmetro nº 42 de 19/01/2018;;IN1512522;;;S;China, República Popular;Safety 1st;11389.  Melody Garden;Pol.,PP,Aço. 65x55x66cm. Aut.c/lib.em 2 ações consec.,Manual. Acessórios: Brinquedo(centro de atividades);9312541727119;Incluido;09/02/2022
912764/1946;Ativo;;12/04/2021;;;TUTTI BABY INDUSTRIA E COMERCIO DE ARTIGOS INFANT;06981862000129;4733794000;Rod. Guilherme Jensen;0;Galpão 01;89108000;Distrito Industrial;Massaranduba;SC;qualidade@tuttibaby.com.br;TUTTI BABY INDUSTRIA E COMERCIO DE ARTIGOS INFANT;Andadores Infantis;Portaria Inmetro nº 129 de 19/03/2021;;CE-AND/IQB 000005 54149/20-001;Modelo 5;;N;Brasil;Tutti Baby;Andador 40.001;ESTRUT.MET. DE AÇO TUB.PLÁST. DE ENG.ALGODÃO.48CM X60,5CMX70CM,COM DUAS AÇÕESCONSEC PARA LIB.REB.E PARAF.BRINQ. E ADES.BASE SUP.BASE INF.FREIO ANTI-QUEDA E CONJ.DE RODAS,PNEU DA RODA TRAS. E TRAVA ANT;7898431501219|7898431501226|7898431501233;Incluido;12/04/2021
633496/1985;Inativo;;14/08/2019;;;Companhia Dorel Brasil Produtos Infantis;10659948000107;2135633602;Av. Nilo Peçanha;1516 /1582;Térreo;28030035;Pq dos Rodoviários;Campos dos Goytacaze;RJ;mariana.magalhaes@dorel.com.br;JIN SUN GEE PLASTIC CO.,LTD;Andadores Infantis;Portaria Inmetro nº 42 de 19/01/2018;;OCAN-AND.145/19-2;;;S;Formosa (Taiwan);Cosco;BG-2023;Nome Fantasia: Goal Walker 4 em 1. Cores: Rosa e Azul. Material: Ferro, Plástico, PP e PU. 74 x 44x 66.5 cm. Sistema de Travamento e Montagem: Manual. Acessórios: Bandeja de Brinquedos.;7898509478375|7898509478665;Incluido;14/08/2019
870098/1945;Ativo;;07/08/2024;;;AMAZONAS IMPORTADOS LTDA;07269201000138;9691131654;Rua Independência;175;;68900090;Central;Macapa;AP;adriana.abreu@amazonasimportados.com.br;YIWU BALBIAN ELECTRONIC TECHNOLOGICAL CO., LTD;Andadores Infantis;Portaria Inmetro nº 129 de 19/03/2021;;IN2086424-3;;;S;China, República Popular;LÉ PETIT;MODE,BABY WALKER/REF:LP-9824/ CONT: ANDADOR COM BRINQUEDO ACOPLADO:/VERSÕES:AZUL,VERDE,ROSA.;MATL:PP E POLIÉSTER/DIM:66X54X52CM/SIST DE TRAV:LIBERAÇÃO EM DUAS AÇÕES CONSECUTIVAS/SIST DE MONT E FERR :MANUAL (SEM FERRAMENTA)/ACESSÓRIOS:N/A.CARACT DO MODELO:;7453116003640;Incluido;07/08/2024
158136/1954;Ativo;;09/09/2026;;;TUTTI BABY INDUSTRIA E COMERCIO DE ARTIGOS INFANTIS LTDA;06981862000129;4733794000;Rua Vicente Zanotti;177;Galpão 01;89381270;Industrial Zaferino ;Massaranduba;SC;heloiza.souza@tuttibaby.com.br;TUTTI BABY INDUSTRIA E COMERCIO DE ARTIGOS INFANTIS LTDA;Andadores Infantis;Portaria Inmetro nº 129 de 19/03/2021;;CE-AND/IQB 000013 57036/26-001;Modelo 5;;N;Brasil;TUTTI BABY;ANDADOR SAFARI - REF. 40002003,40002004,40002007,40003004,40004002,40004003;ESTRU.MET.:ACO TUBULAR,BRINQ:PLAST. DE ENG.,REVEST. TEXTIL:ALGODAO/51X61X70 CM/DOIS DISP. DE TRAV. INDEPENDENTES SENDO OPERADOS SIMULT./PARAFUSOS E MONT. DE PÇS PLAST./BRINQ. CERTIF.E ADESIVO-57036/26;7898431501615|7898431501622|7898431501639|7898431501684|7898431501691|7898431501707;Incluido;09/09/2026
927500/2011;Ativo;;19/02/2026;;;RGM  COMERCIO E SERVICOS LTDA;18007664000148;11996294240;Avenida Angélica;511;Cj. 904;01227100;Santa Cecilia;São Paulo;SP;papush@uol.com.br;PINGHU XIAOTIANDI CHILDREN?S PRODUCTS FACTORY;Andadores Infantis;Portaria Inmetro nº 129 de 19/03/2021;;IN2911726;Modelo 5;;S;China, República Popular;RGM;ANDADOR DREUX - R602 - AVIÃO - AVIAO;MAT:PP,FERRO E POLIÉ./DIM:70X62.5X51 CM/SIST.DE TRAV.:LIB.EM DUAS AÇÕES CONSECU./SIST.DE MONT.E FERR.:MANUAL (SEM FERRAMENTA)/ACESS:BANDEJA MUSICAL/CARACT.DO MODELO:ANDADOR COM BANDEJA MUSICAL;7898926505616;Incluido;19/02/2026
201439/1973;Ativo;;09/12/2019;;;TAPUZIM COMERCIAL LTDA;00513418000100;1138569063;Av. Monte Celeste;230;250;02561000;Vila S. Maria;São Paulo;SP;ehs0770@hotmail.com;SHEN ZHEN WEI MEI CHILDCARE PRODUCT LIMITED COMPANY;Andadores Infantis;Portaria Inmetro nº 129 de 19/03/2021;;IN2062423;Modelo 5;;S;China, República Popular;Baby Style;MODELO: ANIMAIS VERSÕES: Andador cachorro vermelho - Ref. 33721 Andador cachorro azul - Ref. 33722 Andador abelha rosa - Ref. 33723 Andador abelha azul - Ref. 33724 Andador pianinho rosa Ref: 33725 Andador pianinho azul Ref: 33726;Material: Plástico, metal e tecido, Dimensões: 50 x 70 x 60 cm, Sistema de Travamento: Stoper, Sistema deMontagem e Ferragem: Tesoura, Acessórios: Bandeja musical;4079337218996|4079337228995|4079337238994|4079337248993|4079337251993|4079337261992;Excluido;29/01/2024
339492/1959;Cancelado;;24/08/2020;;14/07/2025;Dardara Comercio Importacao e Exportacao Ltda.;07774907000157;1147447248;R VALENTIM MAGALHAES;95;***;03184090;ALTO DA MOOCA;SÃO PAULO;SP;dardara@yescert.com.br;FOSHAN BAOLIMEI CHILD?S VEHICLE CO.LTD;Andadores Infantis;Portaria Inmetro nº 42 de 19/01/2018;;OCAN-AND.134/20-5;;;S;China, República Popular;DARDARA;ANDADOR CARRO (FD-2407);Material: Moldes e peças em plástico P.P.(polipropileno) Adesivos (papel colante) Painel - parte interna: sistema eletrônico (placa, fio colorido, alto falante). Estrutura em metal, Dimensões: 74 x 63;;Incluido;24/08/2020
221515/1938;Ativo;;07/02/2022;;;TUTTI BABY INDUSTRIA E COMERCIO DE ARTIGOS INFANTIS LTDA;06981862000129;4733794000;Rod. Guilherme Jensen, SC413, km13;0;;89108000;Distrito Industrial;Massaranduba;SC;certificacao@tuttibaby.com.br;TUTTI BABY INDUSTRIA E COMERCIO DE ARTIGOS INFANTIS LTDA;Andadores Infantis;Portaria Inmetro nº 129 de 19/03/2021;;IN2869325;Modelo 5;;N;Brasil;TUTTI BABY;DESIGNAÇÃO COMERC SAFARI II (AZUL/ROSA/VERMELHO),PRINCESA ROSA COROA,ACQUA,EXPLORADOR (CINZA/ ROXO) CÓD D REF COMERC:ANDAD 40.002/40002003/40002004/40002007/40003004/40004002/40004003;MAT:ESTRUTURA METALICA - AÇO TUBULAR/DIM:48X60,5X70CM/SIST DE TRAVA:LIBERAÇ EM 2AÇÕES CONSECUT/SIST DE MONTAGEM E FERRAGEM:PARAFUSOS E REBITES/ACESSÓ:BRINQUEDOS E ADESIVOS/CARACT DO MODELO:ANDADOR C B;7898431501615|7898431501622|7898431501639|7898431501684|7898431501691|7898431501707;Excluido;26/04/2024
204880/2020;Ativo;;05/08/2021;;;GALZERANO INDUSTRIA DE CARRINHOS E BERCOS LTDA;43594977000197;19999947357;Via Prefeito Jurandyr Paixão;700;;13481149;Jd. Campo Belo;Limeira;SP;luisfernando.camargo@galzerano.com.br;GALZERANO INDUSTRIA DE CARRINHOS E BERCOS LTDA;Andadores Infantis;Portaria Inmetro nº 129 de 19/03/2021;;CE-AND/IQB 000006 54618/21-001;;;N;Brasil;GALZERANO;Ref.: 4050-Andador Torino. Versões: 4050RO (Rosa), 4050TER (Terracota);Mat Tec poliest TNT Espum PP PA6 Master Tint Tub aço Item fix/aviam CxLxA(cm) 71x62,5x51,5 Trav Trilh plást c/ botão destrav e reg alt Acess Band brinq não remov retrov Carac Tec Pçs plást Tint Ferrag;7908200102247|7908200102254;Excluido;11/05/2022
650757/2021;Ativo;;03/04/2023;;;PLANETA - IMPORTACAO E DISTRIBUICAO DE BRINQUEDOS LTDA;13434272000141;1138951572;AV VASCO MASSAFELI;1000;G1A M1-21;06703600;JARDIM MARIA TEREZA;COTIA;SP;admin@planetadobebe.com.br;HEBEI WANXIN CHILDREN TOYS CO.,LTD.;Andadores Infantis;Portaria Inmetro nº 129 de 19/03/2021;;IN1765923;Modelo 5;;S;China, República Popular;MAXI BABY;ANDADOR LA BAMBA - NW-01 - AZUL #21537/ROSA #21538/VERMELHO #75268;MAT: PP E PAR. ABS, AÇO DE ALT. CARB.-RODA ELAST. TERM.,PVC/DIM:580X680X550(LXCXH)/SIS_TRAV:LIBE.EMDUAS AÇÕES CONS./SIS_MONT E FER:MAN.(S/FER.)/ACES:BAND C BRINQ./CARAC.DO MOD:ANDADOR C BRI.(BAD. MUS.;7898975752689|7899403215370|7899403215387;Excluido;18/03/2026
476618/1969;Ativo;;31/10/2025;;;MD COMERCIO DE FERRAGENS LTDA;55274701000100;92985975259;Avenida Joaquim Nabuco;1094;A;69020030;Centro;Manaus;AM;mdcomerciodeferragensltda@gmail.com;Xingtai Pandelo Technology Co.,Ltd;Andadores Infantis;Portaria Inmetro nº 129 de 19/03/2021;;IN2824825;Modelo 5;;S;China, República Popular;ULTRA BABY;ANDADOR INFANTIL MUSICAL PARA BEBÊ - UBW -305 - N/A - BABY PINK / BARBIE PINK/RED / WHITE/ROYAL BLUE /ORANGE / WHITE/LIGHT BLUE / WHITE;MAT:PP,FERRO E POLIÉ./DIM.:68X59X52 CM/SIST.DE TRAV.:LIB.EM DUAS AÇÕES CONS./SIST.DE MONT. E FERR.:MAN.(S/FERRAM.)/ACESS.:N/A/CARACTERISTICAS DO MODELO:ANDADOR COM BRINQUEDO ACOPLADO;7890012361007|7890012361113|7890012368082|7890012369096;Incluido;31/10/2025
515519/1964;Ativo;;07/03/2024;;;JASSUMAL LTDA;04214425000154;63881924131;AV SETE SETEMBRO;852;;69005140;CENTRO;MANAUS;AM;dgjohnny@gmail.com;PINGHU SHI XIAOTIANDI CHILDREN''S PRODUCTS FACTORY;Andadores Infantis;Portaria Inmetro nº 129 de 19/03/2021;;IN2087524;;;S;China, República Popular;BABY SPORTS;ANDADOR JASSUMAL - BS104 - AZUL CLARO E ESCURO-BS104A/ROSA CLARO E ESCURO-BS104R/VERMELHO E PRETO-BS104VP/ROXO E ROSA ESCURO-BS104RR;MAT.:PP,FERRO E POLIÉSTER/DIM.:63X57X53CM/SIST.TRAVA.:LIBERAÇÃO EM DUAS AÇÕES CONSECUTIVAS/SIST.MONT.FERRA.:MANUAL(SEM FERRAMENTA)/ACESSÓRIOS:N/A/CARACTERISTICAS DO MODELO: ANDADOR COM BRINQUEDO;6901041000155;Incluido;07/03/2024
809523/1990;Ativo;;12/04/2021;;;TUTTI BABY INDUSTRIA E COMERCIO DE ARTIGOS INFANT;06981862000129;4733794000;Rod. Guilherme Jensen;0;Galpão 01;89108000;Distrito Industrial;Massaranduba;SC;qualidade@tuttibaby.com.br;TUTTI BABY INDUSTRIA E COMERCIO DE ARTIGOS INFANT;Andadores Infantis;Portaria Inmetro nº 129 de 19/03/2021;;CE-AND/IQB 000005 54149/20-001;Modelo 5;;N;Brasil;Tutti Baby;Andador 40.001;ESTRUT.MET. DE AÇO TUB.PLÁST. DE ENG.ALGODÃO.48CM X60,5CMX70CM,COM DUAS AÇÕESCONSEC PARA LIB.REB.E PARAF.BRINQ. E ADES.BASE SUP.BASE INF.FREIO ANTI-QUEDA E CONJ.DE RODAS,PNEU DA RODA TRAS. E TRAVA ANT;7898431501219|7898431501226|7898431501233;Incluido;12/04/2021
103527/2017;Ativo;;05/08/2021;;;GALZERANO INDUSTRIA DE CARRINHOS E BERCOS LTDA;43594977000197;19999947357;Via Prefeito Jurandyr Paixão;700;;13481149;Jd. Campo Belo;Limeira;SP;luisfernando.camargo@galzerano.com.br;GALZERANO INDUSTRIA DE CARRINHOS E BERCOS LTDA;Andadores Infantis;Portaria Inmetro nº 129 de 19/03/2021;;CE-AND/IQB 000006 54618/21-001;;;N;Brasil;GALZERANO;Ref.: 4050-Andador Torino. Versões: 4050RO (Rosa), 4050TER (Terracota), 4050EST (Estrela), 4050SPR (Spring) - Material: Tecido poliéster, TNT, Espuma, PP, PA6, Master, Tinta, Tubo de aço, Itens de fixação e aviamentos. Dimensões: CxLxA (cm) 71x62,5x51,5. Sistema de travamento: Trilho plástico com botão de destrave e regulagem de altura;Sistema de montagem/ferragem: Manual. Acessórios que venham com o produto: Bandeja de brinquedos não removível, Características do modelo: Tecidos, Peças plásticas, Tinta, Ferragens;7908200102247|7908200102254|7908200102520|7908200102537;Excluido;17/01/2024
397542/1943;Ativo;;31/08/2026;;;TUTTI BABY INDUSTRIA E COMERCIO DE ARTIGOS INFANTIS LTDA;06981862000129;4733794000;Rod. Guilherme Jensen, SC413, km13;0;Galpão 01;89108000;Distrito Industrial;Massaranduba;SC;heloiza.souza@tuttibaby.com.br;TUTTI BABY INDUSTRIA E COMERCIO DE ARTIGOS INFANTIS LTDA;Andadores Infantis;Portaria Inmetro nº 129 de 19/03/2021;;CE-AND/IQB 000013 57036/26-002;Modelo 5;;N;Brasil;TUTTI BABY;ANDADOR COMFORT - 40005004,40005003,40005011,40005028,40005007,40005010,40005006,40005029;ESTRU.METALICA:ACO TUBULAR,BRINQ:PLAST.DE ENG.,REVEST. TEXTIL: ALGODAO/48X60,5X70 CM/DOIS DISP. DE TRAV. INDEP. SENDO OP. SIMULT./PARAFUSOS E MONT. DE PÇS PLAST./BRINQ. CERT. E ADESIVO-57036/26;7898431502063|7898431502070|7898431502087|7898431502094|7898431502100|7898431502117|7898431502124|7898431502131;Incluido;31/08/2026
055532/2016;Ativo;;07/08/2024;;;AMAZONAS IMPORTADOS LTDA;07269201000138;9691131654;Rua Independência;175;;68900090;Central;Macapa;AP;adriana.abreu@amazonasimportados.com.br;YIWU BALBIAN ELECTRONIC TECHNOLOGICAL CO., LTD;Andadores Infantis;Portaria Inmetro nº 129 de 19/03/2021;;IN2086424-3;;;S;China, República Popular;LÉ PETIT;MODE,BABY WALKER/REF:LP-9824/ CONT: ANDADOR COM BRINQUEDO ACOPLADO:/VERSÕES:AZUL,VERDE,ROSA.;MATL:PP E POLIÉSTER/DIM:66X54X52CM/SIST DE TRAV:LIBERAÇÃO EM DUAS AÇÕES CONSECUTIVAS/SIST DE MONT E FERR :MANUAL (SEM FERRAMENTA)/ACESSÓRIOS:N/A.CARACT DO MODELO:;7453116003640;Incluido;07/08/2024
287732/1952;Ativo;;29/04/2024;;;TAPUZIM COMERCIAL LTDA;00513418000100;113856906;Av. Monte Celeste;230;250;02561000;Vila S. Maria;São Paulo;SP;sergio@babystylebrasil.com.br;SHEN ZHEN WEI MEI CHILDCARE PRODUCT LIMITED COMPANY;Andadores Infantis;Portaria Inmetro nº 129 de 19/03/2021;;IN2118124-2;;;S;China, República Popular;Baby Style;ANDADOR FOGUETE - FOGUETE CINZA E FOGUETE ROSA;MATERIAL:PP/DIM:62X53X78CM/SISTEMA DE TRAVAME:LIBERA EM 2 AÇÕES CONSECUTIVAS/MANUAL/ACESSÓRIOS:N/A/CARACT DO MODELO:ANDADOR C BRINQUEDO NA BANDEJA;4079337285219|4079337296543;Incluido;29/04/2024
691546/1969;Ativo;;01/12/2021;;;HEMNANI COMERCIO DE VARIEDADES LTDA.;05469291000185;1124143633;Rua Marcílio Dias;304;N/A;69005270;Centro;Manaus;AM;papush@uol.com.br;China Zhejiang Techincal Co. Ltd;Andadores Infantis;Portaria Inmetro nº 42 de 19/01/2018;;OCAN-AND.189/21-1;;;S;China, República Popular;SITA;AKH602;Material: PP, Ferro e Poliester - Dimensões: 655 mm X 560mm X 500 mm - Sistema de Travamento: Travamento automatico com liberação em duas ações consecutivas - Sistema de Montagem e Ferragem: MANUAL;;Incluido;01/12/2021
916842/2011;Inativo;;30/09/2019;;;Tutti Baby Indústria e Comércio de Artigos Infantis Ltda;06981862000129;4733794000;Rod. Guilherme Jensen;s/n;Galpão 01;89108000;Distrito Industrial;Massaranduba;SC;qualidade@tuttibaby.com.br;;Andadores Infantis;Portaria Inmetro nº 42 de 19/01/2018;;CE-AND/IQB 000005 53137/19-001;;;N; ;Tutti Baby;Andador 02003;Material: Estrut. metálica de aço tub, plást. de engenharia, algodão. Dim: 52cmx60cmx70,5cm, sist.de trav: com duas ações consecutivas para liber, sist. de mont.ferrag: rebites e parafusos, aces: brin;17898431495966|17898431495980|17898431496000|17898431496024|17898431500660|17898431500677|17898431500684|7898431495952|7898431495969|7898431495976|7898431495983|7898431495990|7898431496006|7898431496010|7898431496027|7898431500601|7898431500618|7898431500625|7898431500632|7898431500649|7898431500656;Incluido;30/09/2019
536545/2006;Inativo;;11/01/2023;;;COMPANHIA DOREL BRASIL PRODUTOS INFANTIS;10659948000883;2135547024;Av. Nilo Peçanha;1516 ;Galpão 3 ;28030035;Pq dos Rodoviários;Campos dos Goytacaze;RJ;standard@dorel.com.br;Jin Sun Gee Plastics Co., Ltd;Andadores Infantis;Portaria Inmetro nº 129 de 19/03/2021;;IN1701622-4;;;S;Formosa (Taiwan);Voyage;BG1401. Nome comercial: Buggy. Versões: Azul, Rosa.;PP,PVC,Ferro,POM,PU,Pol, 42x58.5x65cm. Trav:Lib.2 ações cons,Mont:Manual, Aces. Brinq.;7898509475206|7898509475213;Incluido;11/01/2023
985550/1995;Ativo;;04/08/2025;;;BAMBINO COMERCIAL LTDA;06006481000129;81987347022;R. 23;175;;53090190;RIO DOCE;OLINDA;PE;bambino.souza@terra.com.br;PINGHU XIAOTIANDI CHILDREN?S PRODUCTS FACTORY;Andadores Infantis;Portaria Inmetro nº 129 de 19/03/2021;;IN2750125;Modelo 5;;S;China, República Popular;BAMBINO;ANDADOR - BA01 - ROSA/AZUL;MAT:PP,FERRO E POLIÉSTER/DIM:70X62.5X51CM/SIS_TRAV:LIBERAÇÃO EM DUAS AÇÕES CONSECUTIVAS/SIS_MONT E FERRG:MANUAL(S/FERRAM.)/ACESS.:BRINQ.CEN.DE ATIVI./CARACT.DO MODELO:ANDADOR COM BANDEJA MUSICAL;7898576907150|7898576907167;Incluido;04/08/2025
748032/1959;Ativo;;06/03/2023;;;BURIGOTTO S A INDUSTRIA E COMERCIO;51460277000138;1934464813;Rua Martino Dragone;280;;13480308;Jardim Santa Barbara;Liemira;SP;alison.smanioto@burigotto.com;JIN SUN GEE PLASTICS CO., LTD;Andadores Infantis;Portaria Inmetro nº 129 de 19/03/2021;;CE-AND/IQB 000004 55573/23-001;Modelo 5;;S;Formosa (Taiwan);BURIGOTTO;ANDADOR OLÉ CL - REF. IXAN5143CL;PP, AÇO, TECIDO / 590 X 690 X 550 MM / TRILHO PLÁSTICO COM BOTÃO DE TRAVA/DESTRAVA E REGULAGEM DE ALTURA / REBITES, PARAFUSOS E ENCAIXE DE PEÇAS PLÁSTICAS / BANDEJA COM 2 BRINQUEDOS DE PP E NYLON;7896502944248;Incluido;29/04/2026
279554/2022;Ativo;;07/02/2022;;;TUTTI BABY INDUSTRIA E COMERCIO DE ARTIGOS INFANTIS LTDA;06981862000129;4733794000;Rod. Guilherme Jensen, SC413, km13;0;;89108000;Distrito Industrial;Massaranduba;SC;certificacao@tuttibaby.com.br;TUTTI BABY INDUSTRIA E COMERCIO DE ARTIGOS INFANTIS LTDA;Andadores Infantis;Portaria Inmetro nº 129 de 19/03/2021;;IN2869325;Modelo 5;;N;Brasil;TUTTI BABY;ANDADOR SAFARI II-ANDADOR 40.002-40002003/40002004/40002007/40003004/40004002/40004003;MAT:PP E ALGODAO/DIM:51X61X70CM/SIS_TRAV:DOIS DISPOS TRAV INDEPEND SENDO OPER SIMULTÂNEAM./SIS_MONT/FERRG:REBITES,PARAFUSOS E ENCAIXE DE PÇS PLAST/ACESS:BAND. COM BRINQ/CARAC. DO MOD.:AND. C/ BRINQ NA;7898431501615|7898431501622|7898431501639|7898431501684|7898431501691|7898431501707;Excluido;27/02/2026
573569/1948;Ativo;;09/12/2019;;;TAPUZIM COMERCIAL LTDA;00513418000100;1138569063;Av. Monte Celeste;230;250;02561000;Vila S. Maria;São Paulo;SP;ehs0770@hotmail.com;SHEN ZHEN WEI MEI CHILDCARE PRODUCT LIMITED COMPANY;Andadores Infantis;Portaria Inmetro nº 129 de 19/03/2021;;IN2062423;Modelo 5;;S;China, República Popular;Baby Style;MODELO: ANIMAIS VERSÕES: Andador cachorro vermelho - Ref. 33721 Andador cachorro azul - Ref. 33722 Andador abelha rosa - Ref. 33723 Andador abelha azul - Ref. 33724 Andador pianinho rosa Ref: 33725 Andador pianinho azul Ref: 33726;Material: Plástico, metal e tecido, Dimensões: 50 x 70 x 60 cm, Sistema de Travamento: Stoper, Sistema deMontagem e Ferragem: Tesoura, Acessórios: Bandeja musical;4079337218996|4079337228995|4079337238994|4079337248993|4079337251993|4079337261992;Excluido;29/01/2024
867573/1974;Ativo;;22/11/2023;;;JASSUMAL LTDA;04214425000154;62811924131;AV SETE SETEMBRO;852;;69005140;CENTRO;MANAUS;AM;dgjohnny@gmail.com;PINGHU SHI XIAOTIANDI CHILDREN?S PRODUCTS FACTORY;Andadores Infantis;Portaria Inmetro nº 129 de 19/03/2021;;IN1984323;;;S;China, República Popular;BABY SPORTS;ANDADOR JASSUMAL /REF: BS103 /VERSÕES:Azul Claro e Escuro - BS103A/Rosa Claro e Escuro - BS103R/Roxo e Rosa Escuro - BS103RR;MATERIAL:PP, FERRO E POLIÉSTER|DIMENSÕES:63 X 57 X 53 CM|SISTEMA DE TRAVAMENTO:LIBERAÇÃO EM DUAS AÇÕES CONSECUTIVAS|SISTEMA DE MONTAGEM E FERRAGEM:MANUAL (SEM FERRAMENTA)|ACESSÓRIOS:N/A|CARACTERISTICA;6901041000155;Incluido;22/11/2023
555381/1936;Inativo;;11/01/2023;;;COMPANHIA DOREL BRASIL PRODUTOS INFANTIS;10659948000883;2135547024;Av. Nilo Peçanha;1516 ;Galpão 3 ;28030035;Pq dos Rodoviários;Campos dos Goytacaze;RJ;standard@dorel.com.br;Jin Sun Gee Plastics Co., Ltd;Andadores Infantis;Portaria Inmetro nº 129 de 19/03/2021;;IN1722522;;;S;Formosa (Taiwan);Cosco;BG-1518. Nome comercial: Follow. Versões: Azul e Laranja.;Ferro, plástico, PP,PET, PU e poliéster. 60 x 49 x 68 cm.Trav:Lib.2 ações cons., Encaixe,aces: Brinquedos.;7908238808043|7908238808050;Incluido;11/01/2023
161577/2001;Inativo;;24/09/2019;;;Galzerano Indústria de Carrinhos e Berços Ltda;43594977000197;1934043030;Via Prefeito Jurandyr Paixão;700;;13481149;Jd. Campo Belo;Limeira;SP;luisfernando.camargo@galzerano.com.br;SHEN ZHEN WEI MEI CHILDCARE PRODUCT LIMITED COMPANY;Andadores Infantis;Portaria Inmetro nº 42 de 19/01/2018;;CE-AND/IQB 000006 53504/20-001;;;S;China, República Popular;GALZERANO;Andador de bebê 4 em 1 Funny - Versões: Color (CR), Verde Água (VDA);Mat Tec poli Espum Resin plást Itens fix Dimens 75Cx71Lx55A(cm) Sist trav Dobradiç plást c/ botã acion Sist mont frenag Encaix manua Mod Andador c/ módul sonor Pçs girat Cores divers Acess Brinq remov;7898089221477|7898089221996;Incluido;24/09/2019
455592/1927;Ativo;;15/12/2023;;;MADHULA COMERCIO DE ARTIGOS ELETROELETRONICOS LTDA;03838532000190;62811924131;Rua Marcilio Dias;166;;69005270;Centro;Manaus;AM;dgjohnny@gmail.com;PINGHU SHI XIAOTIANDI CHILDREN''S PRODUCTS FACTORY;Andadores Infantis;Portaria Inmetro nº 129 de 19/03/2021;;IN1983523;;;S;China, República Popular;BENMEK;ANDADOR MADHULA/REF.: MA100/VERSÕES:Verde e Azul - MA100VA,Rosa e Roxo - MA100RR,Branco e Azul Escuro - MA100BAE,Amarelo e Vermelho - MA100AV;MAT:PP, FERRO E POLIÉSTER/DIMEN.:63 X 57 X 53 CM/SIST. TRAVAMENTO:Liberação em duas ações consecutivas/SIST. MONTAGEM E FERRAGEM:MANUAL(SEM FERRAMENTA)/ACESS.:n/a/CARACTERÍSTICAS: ANDADOR COM BRINQUED;6901031000158;Incluido;15/12/2023
620637/1973;Ativo;;04/08/2025;;;BAMBINO COMERCIAL LTDA;06006481000129;81987347022;R. 23;175;;53090190;RIO DOCE;OLINDA;PE;bambino.souza@terra.com.br;PINGHU XIAOTIANDI CHILDREN?S PRODUCTS FACTORY;Andadores Infantis;Portaria Inmetro nº 129 de 19/03/2021;;IN2750125;Modelo 5;;S;China, República Popular;BAMBINO;ANDADOR - BA01 - ROSA/AZUL;MAT:PP,FERRO E POLIÉSTER/DIM:70X62.5X51CM/SIS_TRAV:LIBERAÇÃO EM DUAS AÇÕES CONSECUTIVAS/SIS_MONT E FERRG:MANUAL(S/FERRAM.)/ACESS.:BRINQ.CEN.DE ATIVI./CARACT.DO MODELO:ANDADOR COM BANDEJA MUSICAL;7898576907150|7898576907167;Incluido;04/08/2025
911200/1952;Ativo;;03/04/2023;;;PLANETA - IMPORTACAO E DISTRIBUICAO DE BRINQUEDOS LTDA;13434272000141;1138951572;AV VASCO MASSAFELI;1000;G1A M1-21;06703600;JARDIM MARIA TEREZA;COTIA;SP;admin@planetadobebe.com.br;HEBEI WANXIN CHILDREN TOYS CO.,LTD.;Andadores Infantis;Portaria Inmetro nº 129 de 19/03/2021;;IN1765923;Modelo 5;;S;China, República Popular;MAXI BABY;ANDADOR LA BAMBA - NW-01 - AZUL #21537/ROSA #21538/VERMELHO #75268;MAT: PP E PAR. ABS, AÇO DE ALT. CARB.-RODA ELAST. TERM.,PVC/DIM:580X680X550(LXCXH)/SIS_TRAV:LIBE.EMDUAS AÇÕES CONS./SIS_MONT E FER:MAN.(S/FER.)/ACES:BAND C BRINQ./CARAC.DO MOD:ANDADOR C BRI.(BAD. MUS.;7898975752689|7899403215370|7899403215387;Excluido;18/03/2026
957631/1959;Ativo;;20/12/2019;;;TAPUZIM COMERCIAL LTDA;00513418000100;1138569063;Av. Monte Celeste;230;250;02561000;Vila S. Maria;São Paulo;SP;ehs0770@hotmail.com;SHEN ZHEN WEI MEI CHILDCARE PRODUCT LIMITED COMPANY;Andadores Infantis;Portaria Inmetro nº 42 de 19/01/2018;;OCAN-AND.165/19-2;;;S;China, República Popular;baby style;SPACECAR - VERSÕES: Andador car - Ref. 21302 / Andador space - Ref. 33117;Material: Plástico, metal e tecido. Dimensões: 59 x 59 x 69 cm , Sistema de Travamento: Stoper, Sistema de Montagem e Ferragem: Tesoura, Acessórios: Bandeja musical;4532213022990|4532331172997;Incluido;20/12/2019
749596/1953;Ativo;;06/03/2023;;;BURIGOTTO S A INDUSTRIA E COMERCIO;51460277000138;1934464813;Rua Martino Dragone;280;;13480308;Jardim Santa Barbara;Liemira;SP;alison.smanioto@burigotto.com;JIN SUN GEE PLASTICS CO., LTD;Andadores Infantis;Portaria Inmetro nº 129 de 19/03/2021;;CE-AND/IQB 000004 55573/23-001;Modelo 5;;S;Formosa (Taiwan);BURIGOTTO;ANDADOR OLÉ CL - REF. IXAN5143CL;PP, AÇO, TECIDO / 590 X 690 X 550 MM / TRILHO PLÁSTICO COM BOTÃO DE TRAVA/DESTRAVA E REGULAGEM DE ALTURA / REBITES, PARAFUSOS E ENCAIXE DE PEÇAS PLÁSTICAS / BANDEJA COM 2 BRINQUEDOS DE PP E NYLON;7896502944248;Incluido;29/04/2026
240977/1986;Inativo;;11/11/2022;;;COMPANHIA DOREL BRASIL PRODUTOS INFANTIS;10659948000883;2135547024;Av. Nilo Peçanha;1516 /1582;Galpão 3 ;28030035;Pq dos Rodoviários;Campos dos Goytacaze;RJ;standard@dorel.com.br;Jin Sun Gee Plastics Co., Ltd;Andadores Infantis;Portaria Inmetro nº 129 de 19/03/2021;;IN1701622-1;;;S;Formosa (Taiwan);Cosco;BG-2023. Nome comercial: Goal Walker 4 em 1. Versões: Rosa e Azul.;Ferro, PP, PU e Pol, 74x44x66,5cm.Trav.real.único acion.,Mont: Manual(c/chave phil,n/inclusa). Aces: Brinq.;7898509478375|7898509478665;Incluido;11/11/2022
257288/1945;Ativo;;09/12/2019;;;TAPUZIM COMERCIAL LTDA;00513418000100;1138569063;Av. Monte Celeste;230;250;02561000;Vila S. Maria;São Paulo;SP;ehs0770@hotmail.com;SHEN ZHEN WEI MEI CHILDCARE PRODUCT LIMITED COMPANY;Andadores Infantis;Portaria Inmetro nº 129 de 19/03/2021;;IN2062423;Modelo 5;;S;China, República Popular;Baby Style;MODELO: ANIMAIS VERSÕES: Andador cachorro vermelho - Ref. 33721 Andador cachorro azul - Ref. 33722 Andador abelha rosa - Ref. 33723 Andador abelha azul - Ref. 33724 Andador pianinho rosa Ref: 33725 Andador pianinho azul Ref: 33726;Material: Plástico, metal e tecido, Dimensões: 50 x 70 x 60 cm, Sistema de Travamento: Stoper, Sistema deMontagem e Ferragem: Tesoura, Acessórios: Bandeja musical;4079337218996|4079337228995|4079337238994|4079337248993|4079337251993|4079337261992;Excluido;29/01/2024
283967/1946;Ativo;;03/04/2023;;;PLANETA - IMPORTACAO E DISTRIBUICAO DE BRINQUEDOS LTDA;13434272000141;1138951572;AV VASCO MASSAFELI;1000;G1A M1-21;06703600;JARDIM MARIA TEREZA;COTIA;SP;admin@planetadobebe.com.br;HEBEI WANXIN CHILDREN TOYS CO.,LTD.;Andadores Infantis;Portaria Inmetro nº 129 de 19/03/2021;;IN1765923;Modelo 5;;S;China, República Popular;MAXI BABY;ANDADOR LA BAMBA - NW-01 - AZUL #21537/ROSA #21538/VERMELHO #75268;MAT:PP E PART.ABS,AÇOD.ALTOCARB.RODAELASTÔM.TERMOP.,PVC/DIM:580X680X550(LXCXH)/SIS_TRAV:LIBER.EM 2 AÇÕES CONS./SIS_MONT E FERRG:MAN.(S/FERM)/ACES:BANDJ C BRI./CARAC.D.M.:ANDAD.C BRINQ.REG.002149/2023 ;7898975752689|7899403215370|7899403215387;Incluido;18/03/2026
287732/1952;Ativo;;07/08/2024;;;AMAZONAS IMPORTADOS LTDA;07269201000138;9691131654;Rua Independência;175;;68900090;Central;Macapa;AP;adriana.abreu@amazonasimportados.com.br;YIWU BALBIAN ELECTRONIC TECHNOLOGICAL CO., LTD;Andadores Infantis;Portaria Inmetro nº 129 de 19/03/2021;;IN2086424-2;;;S;China, República Popular;LÉ PETIT;MODE:BABY WALKER/REF:LP-9618/ CONT: ANDADOR COM BRINQUEDO ACOPLADO/VERSÕES:AZUL,VERDE,ROSA,VERMELHO.;MAT:PP E POLIÉSTER/DIM:65X54X49CM/SIST DE TRAV:LIBERAÇÃO EM DUAS AÇÕES CONSECUTIVAS/SIST DE MONT E FERR:MANUAL (SEM FERRAMENTA)ACE:N/A.CARACTERISTICAS DO MODELO:;7453068240131;Incluido;07/08/2024
721666/2017;Ativo;;07/02/2022;;;TUTTI BABY INDUSTRIA E COMERCIO DE ARTIGOS INFANTIS LTDA;06981862000129;4733794000;Rod. Guilherme Jensen, SC413, km13;0;;89108000;Distrito Industrial;Massaranduba;SC;certificacao@tuttibaby.com.br;TUTTI BABY INDUSTRIA E COMERCIO DE ARTIGOS INFANTIS LTDA;Andadores Infantis;Portaria Inmetro nº 129 de 19/03/2021;;IN2869325;Modelo 5;;N;Brasil;TUTTI BABY;DESIGNAÇÃO COMERC SAFARI II (AZUL/ROSA/VERMELHO),PRINCESA ROSA COROA,ACQUA,EXPLORADOR (CINZA/ ROXO) CÓD D REF COMERC:ANDAD 40.002/40002003/40002004/40002007/40003004/40004002/40004003;MAT:ESTRUTURA METALICA - AÇO TUBULAR/DIM:48X60,5X70CM/SIST DE TRAVA:LIBERAÇ EM 2AÇÕES CONSECUT/SIST DE MONTAGEM E FERRAGEM:PARAFUSOS E REBITES/ACESSÓ:BRINQUEDOS E ADESIVOS/CARACT DO MODELO:ANDADOR C B;7898431501615|7898431501622|7898431501639|7898431501684|7898431501691|7898431501707;Excluido;26/04/2024
115470/1953;Ativo;;29/04/2024;;;TAPUZIM COMERCIAL LTDA;00513418000100;1138569063;Av. Monte Celeste;230;250;02561000;Vila S. Maria;São Paulo;SP;sergio@babystylebrasil.com.br;SHEN ZHEN WEI MEI CHILDCARE PRODUCT LIMITED COMPANY;Andadores Infantis;Portaria Inmetro nº 129 de 19/03/2021;;IN2118124-1;;;S;China, República Popular;Baby Style;ANDADOR SMART - SMART AZUL E SMART ROSA;PP,62 X 53 X 78CM,LIBERAÇÃO EM DUAS AÇÕES CONSECUTIVAS,MANUAL (SEM FERRAMENTA),ACESSÓRIOS:N/A/CARAC MODELO:ANDADOR C BRINQUEDO NA BANDEJA;4079337307416|4079337313325;Incluido;29/04/2024
545639/2012;Inativo;;11/01/2023;;;COMPANHIA DOREL BRASIL PRODUTOS INFANTIS;10659948000883;2135547024;Av. Nilo Peçanha;1516 ;Galpão 3 ;28030035;Pq dos Rodoviários;Campos dos Goytacaze;RJ;standard@dorel.com.br;Jin Sun Gee Plastics Co., Ltd;Andadores Infantis;Portaria Inmetro nº 129 de 19/03/2021;;IN1722522;;;S;Formosa (Taiwan);Cosco;BG-1518. Nome comercial: Follow. Versões: Azul e Laranja.;Ferro, plástico, PP,PET, PU e poliéster. 60 x 49 x 68 cm.Trav:Lib.2 ações cons., Encaixe,aces: Brinquedos.;7908238808043|7908238808050;Incluido;11/01/2023
043600/1980;Ativo;;09/12/2019;;;TAPUZIM COMERCIAL LTDA;00513418000100;1138569063;Av. Monte Celeste;230;250;02561000;Vila S. Maria;São Paulo;SP;ehs0770@hotmail.com;SHEN ZHEN WEI MEI CHILDCARE PRODUCT LIMITED COMPANY;Andadores Infantis;Portaria Inmetro nº 129 de 19/03/2021;;IN2062423;Modelo 5;;S;China, República Popular;baby style;ANDADOR ANIMAIS;ANIMAISVERSÕES: Andador cachorro vermelho - Ref. 33721 Andador cachorro azul - Ref. 33722 Andador abelha rosa - Ref. 33723 Andador abelha azul - Ref. 33724 . Material: Plástico, metal e tecido. Dimen;4079337218996|4079337228995|4079337238994|4079337248993;Excluido;21/12/2020
652645/1974;Ativo;;15/12/2023;;;MADHULA COMERCIO DE ARTIGOS ELETROELETRONICOS LTDA;03838532000190;62811924131;Rua Marcilio Dias;166;;69005270;Centro;Manaus;AM;dgjohnny@gmail.com;PINGHU SHI XIAOTIANDI CHILDREN''S PRODUCTS FACTORY;Andadores Infantis;Portaria Inmetro nº 129 de 19/03/2021;;IN1983523;;;S;China, República Popular;BENMEK;ANDADOR MADHULA/REF.: MA100/VERSÕES:Verde e Azul - MA100VA,Rosa e Roxo - MA100RR,Branco e Azul Escuro - MA100BAE,Amarelo e Vermelho - MA100AV;MAT:PP, FERRO E POLIÉSTER/DIMEN.:63 X 57 X 53 CM/SIST. TRAVAMENTO:Liberação em duas ações consecutivas/SIST. MONTAGEM E FERRAGEM:MANUAL(SEM FERRAMENTA)/ACESS.:n/a/CARACTERÍSTICAS: ANDADOR COM BRINQUED;6901031000158;Incluido;15/12/2023
253523/1939;Ativo;;07/03/2024;;;MADHULA COMERCIO DE ARTIGOS ELETROELETRONICOS LTDA;03838532000190;63881924131;Rua Marcilio Dias;166;;69005270;Centro;Manaus;AM;ltdamcg@gmail.com;PINGHU SHI XIAOTIANDI CHILDREN''S PRODUCTS FACTORY;Andadores Infantis;Portaria Inmetro nº 129 de 19/03/2021;;IN2088024;;;S;China, República Popular;BENMEK;ANDADOR MADHULA - MA101 - ROSA-MA101R/AZUL-MA101A/VERDE-MA101V/LARANJA-MA101L;MAT.:PP,FERRO E POLIÉSTER/DIM.:63X57X53CM/SIST.TRAVA.:LIBERAÇÃO EM DUAS AÇÕES CONSECUTIVAS/SIST.MONT.FERRA.:MANUAL(SEM FERRAMENTA)/ACESSÓRIOS:N/A/CARACTERISTICAS DO MODELO: ANDADOR COM BRINQUEDO;6901031000158;Incluido;07/03/2024
337604/2006;Ativo;;07/08/2024;;;AMAZONAS IMPORTADOS LTDA;07269201000138;9691131654;Rua Independência;175;;68900090;Central;Macapa;AP;adriana.abreu@amazonasimportados.com.br;YIWU BALBIAN ELECTRONIC TECHNOLOGICAL CO., LTD;Andadores Infantis;Portaria Inmetro nº 129 de 19/03/2021;;IN2086424-4;;;S;China, República Popular;LÉ PETIT;MODE:BABY WALKER/REF:LP-9917/ CONT: ANDADOR COM BRINQUEDO ACOPLADO/VERSÕES:AZUL,VERMELHO,AMARELO,ROSA.;MAT:PP E POLIÉSTER/DIM:65X54X49CM/SIST DE TRAV:LIBERAÇÃO EM DUAS AÇÕES CONSECUTIVAS/SIST DE MONT E FERRA :MANUAL (SEM FERRAMENTA)/ACES:N/A.CARACTERISTICAS DO MODELO:;7453116024706;Incluido;07/08/2024
631619/1932;Ativo;;27/03/2026;;;HEMNANI COMERCIO DE VARIEDADES LTDA.;05469291000185;9232330121;Rua Marcílio Dias;304;;69005270;Centro;Manaus;AM;hemnanibr@yahoo.com;PINGHU XIAOTIANDI CHILDREN?S PRODUCTS FACTORY;Andadores Infantis;Portaria Inmetro nº 129 de 19/03/2021;;IN2911926;Modelo 5;;S;China, República Popular;SITA;ANDADOR AKH602 - AKH602 - AVIÃO - AVIAO;MAT:PP,FERRO E POLIE./DIM:70 X62.5 X 51 CM/SISTEMA DE TRAVAMENTO:LIBERAÇÃO EM DUAS AÇÕES CONSECUTIVAS/SISTEMA DE MONTAGEM E FERRAGEM:MAN.(S/FERRAM.)/ACESS:BAND.MUSI./CARAC.DO MOD.:AND.COM BAND.MUSI.;0618231660148;Incluido;27/03/2026
158449/2013;Ativo;;09/12/2019;;;TAPUZIM COMERCIAL LTDA;00513418000100;1138569063;Av. Monte Celeste;230;250;02561000;Vila S. Maria;São Paulo;SP;ehs0770@hotmail.com;SHEN ZHEN WEI MEI CHILDCARE PRODUCT LIMITED COMPANY;Andadores Infantis;Portaria Inmetro nº 129 de 19/03/2021;;IN2062423;Modelo 5;;S;China, República Popular;Baby Style;ANDADOR PIANINHO ROSA - 33725 / ANDADOR PIANINHO AZUL - 33726;ANDADOR PIANINHO RS E AZ, MATERIAL:PLÁSTICO/62 X 53 X 78 CM/LIBERAÇÃO EM DUAS AÇÕES CONSECUTIVAS/MANUAL (SEM FERRAMENTAS)/BRINQUEDO;4079337251993|4079337261992;Incluido;29/01/2024
925623/1958;Cancelado;;24/08/2020;;14/07/2025;Dardara Comercio Importacao e Exportacao Ltda.;07774907000157;1147447248;R VALENTIM MAGALHAES;95;***;03184090;ALTO DA MOOCA;SÃO PAULO;SP;dardara@yescert.com.br;FOSHAN BAOLIMEI CHILD?S VEHICLE CO.LTD;Andadores Infantis;Portaria Inmetro nº 42 de 19/01/2018;;OCAN-AND.134/20-5;;;S;China, República Popular;DARDARA;ANDADOR CARRO (FD-2407);Material: Moldes e peças em plástico P.P.(polipropileno) Adesivos (papel colante) Painel - parte interna: sistema eletrônico (placa, fio colorido, alto falante). Estrutura em metal, Dimensões: 74 x 63;;Incluido;24/08/2020
422333/1991;Inativo;;14/08/2019;;;Companhia Dorel Brasil Produtos Infantis;10659948000107;2135633602;Av. Nilo Peçanha;1516 /1582;Térreo;28030035;Pq dos Rodoviários;Campos dos Goytacaze;RJ;mariana.magalhaes@dorel.com.br;JIN SUN GEE PLASTIC CO.,LTD;Andadores Infantis;Portaria Inmetro nº 42 de 19/01/2018;;OCAN-AND.145/19-2;;;S;Formosa (Taiwan);Cosco;BG-2023;Nome Fantasia: Goal Walker 4 em 1. Cores: Rosa e Azul. Material: Ferro, Plástico, PP e PU. 74 x 44x 66.5 cm. Sistema de Travamento e Montagem: Manual. Acessórios: Bandeja de Brinquedos.;7898509478375|7898509478665;Incluido;14/08/2019
219627/1985;Ativo;;14/05/2026;;;UNI-ART IMPORT LTDA.;68168368000105;11952844300;AV DAS INDUSTRIAS ;755;;13288163;DIST.INDL B. STORANI;VINHEDO;SP; www.unitoys.com.br;QINGYUAN XINGLONG BALL PRODUCING CO., LTD.;Andadores Infantis;Portaria Inmetro nº 129 de 19/03/2021;;IN2985326;Modelo 5;;S;China, República Popular;UNITOYS;ANDADOR COM EMPURRADOR - N/A - 3726 AZUL/3726 ROSA;MAT:PP, POLIÉSTER E AÇO/DIM:50X60X102 CM/SIS_TRAV:LIBERAÇÃO EM DUAS AÇÕES CONSECUTIVAS/SIS_MONT E FERRG:MANUAL (SEM FERRAMENTA)/ACESS:N/A/CARACTERISTICAS DO MODELO:ANDADOR COM BANDEJA MUSICAL;7908901504395|7908901504401;Incluido;14/05/2026
513631/2011;Ativo;;05/08/2021;;;GALZERANO INDUSTRIA DE CARRINHOS E BERCOS LTDA;43594977000197;19999947357;Via Prefeito Jurandyr Paixão;700;;13481149;Jd. Campo Belo;Limeira;SP;luisfernando.camargo@galzerano.com.br;GALZERANO INDUSTRIA DE CARRINHOS E BERCOS LTDA;Andadores Infantis;Portaria Inmetro nº 129 de 19/03/2021;;CE-AND/IQB 000006 54618/21-001;;;N;Brasil;GALZERANO;Ref.: 4050-Andador Torino. Versões: 4050EST (Estrela), 4050SPR (Spring);Tecido Pes, TNT, Espuma, PP, PA6, Master, Tinta, Tubo de aço. CxLxA(cm) 71x62,5x51,5 Travamento: Trilho plástico c/ botão de destrave e regulagem de altura. Montagem: Manual. Acess: Brinquedo acoplado;7908200102520|7908200102537;Incluido;17/01/2024
336040/2012;Inativo;;24/09/2019;;;Galzerano Indústria de Carrinhos e Berços Ltda;43594977000197;1934043030;Via Prefeito Jurandyr Paixão;700;;13481149;Jd. Campo Belo;Limeira;SP;luisfernando.camargo@galzerano.com.br;SHEN ZHEN WEI MEI CHILDCARE PRODUCT LIMITED COMPANY;Andadores Infantis;Portaria Inmetro nº 42 de 19/01/2018;;CE-AND/IQB 000006 53504/20-001;;;S;China, República Popular;GALZERANO;Andador de bebê 4 em 1 Funny - Versões: Color (CR), Verde Água (VDA);Mat Tec poli Espum Resin plást Itens fix Dimens 75Cx71Lx55A(cm) Sist trav Dobradiç plást c/ botã acion Sist mont frenag Encaix manua Mod Andador c/ módul sonor Pçs girat Cores divers Acess Brinq remov;7898089221477|7898089221996;Incluido;24/09/2019
807646/1937;Ativo;;19/02/2026;;;RGM  COMERCIO E SERVICOS LTDA;18007664000148;11996294240;Avenida Angélica;511;Cj. 904;01227100;Santa Cecilia;São Paulo;SP;papush@uol.com.br;PINGHU XIAOTIANDI CHILDREN?S PRODUCTS FACTORY;Andadores Infantis;Portaria Inmetro nº 129 de 19/03/2021;;IN2911726;Modelo 5;;S;China, República Popular;RGM;ANDADOR DREUX - R602 - AVIÃO - AVIAO;MAT:PP,FERRO E POLIÉ./DIM:70X62.5X51 CM/SIST.DE TRAV.:LIB.EM DUAS AÇÕES CONSECU./SIST.DE MONT.E FERR.:MANUAL (SEM FERRAMENTA)/ACESS:BANDEJA MUSICAL/CARACT.DO MODELO:ANDADOR COM BANDEJA MUSICAL;7898926505616;Incluido;19/02/2026
101650/1964;Ativo;;31/10/2025;;;MD COMERCIO DE FERRAGENS LTDA;55274701000100;92985975259;Avenida Joaquim Nabuco;1094;A;69020030;Centro;Manaus;AM;mdcomerciodeferragensltda@gmail.com;Xingtai Pandelo Technology Co.,Ltd;Andadores Infantis;Portaria Inmetro nº 129 de 19/03/2021;;IN2824825;Modelo 5;;S;China, República Popular;ULTRA BABY;ANDADOR INFANTIL MUSICAL PARA BEBÊ - UBW -305 - N/A - BABY PINK / BARBIE PINK/RED / WHITE/ROYAL BLUE /ORANGE / WHITE/LIGHT BLUE / WHITE;MAT:PP,FERRO E POLIÉ./DIM.:68X59X52 CM/SIST.DE TRAV.:LIB.EM DUAS AÇÕES CONS./SIST.DE MONT. E FERR.:MAN.(S/FERRAM.)/ACESS.:N/A/CARACTERISTICAS DO MODELO:ANDADOR COM BRINQUEDO ACOPLADO;7890012361007|7890012361113|7890012368082|7890012369096;Incluido;31/10/2025
781604/1954;Ativo;;07/03/2024;;;COMPANHIA DOREL BRASIL PRODUTOS INFANTIS;10659948000107;2135547024;Av. Nilo Peçanha;1516;1582;28030035;Pq dos Rodoviários;Campos dos Goytacaze;RJ;standard@dorel.com.br;COMPANHIA DOREL BRASIL PRODUTOS INFANTIS;Andadores Infantis;Portaria Inmetro nº 129 de 19/03/2021;;IN2040823;Modelo 5;;N;Brasil;Infanti;APPIA - HE022 - AZUL/ROSA - MAT.:PP, POLIÉSTER,PTA, EG, POLIPROPILENO E POLIETILENO.DIMENSÕES:56,5X68X60,5CM/;SIST. DE TRAVAMENTO: LIBERAÇÃO EM 2 AÇÕES CONSECUTIVAS/SIST. DE MONTAGEM E FERRAGEM: MANUAL (S/ FERRAMENTAS)/ACES.: BANDEJA DE BRINQUEDOS/ANDADOR COM BRINQUEDO;7908238809774|7908238809781;Excluido;10/04/2026
467524/1963;Ativo;;14/08/2019;;;BAMBOO COMERCIO, IMPORTAÇÃO E EXPORTAÇÃO EIRELI-EPP;27115224000103;8132419265;Rua. Alegre;154;Galpão A;52120125;Arruda;Recife;PE;bamboo@yescert.com.br;ZHEJIANG KINTEX INTERNATIONAL TRADING CO., LTD;Andadores Infantis;Portaria Inmetro nº 129 de 19/03/2021;;IN1632922;;;S;China, República Popular;BAMBOO;NOME FANTASIA: ANDAJAR GUGU MODELO: MD-18 CORES: VERDE;PLÁSTICO, METAL E FIBRA TÊXTIL,520 x 560 x 620 mm,MANUAL,MANUAL,BANDEJA, VOLANTE DO PUXADOR.;7909312341029;Excluido;22/07/2022
395654/1990;Ativo;;14/08/2019;;;BAMBOO COMERCIO, IMPORTAÇÃO E EXPORTAÇÃO EIRELI-EPP;27115224000103;8132419265;Rua. Alegre;154;Galpão A;52120125;Arruda;Recife;PE;bamboo@yescert.com.br;ZHEJIANG KINTEX INTERNATIONAL TRADING CO., LTD;Andadores Infantis;Portaria Inmetro nº 129 de 19/03/2021;;IN1632922;;;S;China, República Popular;BAMBOO;MODELO:MD-18NOME COMERCIAL:ANDAJAR GUGUVERSÕES: Azul (Ref.: MD18.1)Rosa (Ref.: MD18.2)Verde (Ref.: MD18.3)Vermelho (Ref.: MD18.4);Mat: PLAST / MET/FIB TEXTIL,DIM:ABRT:62X56X52CM,FECH:62X56X16,SIST TRAV:LIBER EM 2 ACOES CONSEC,SIST MONT FERRAG: MANUAL(S/FERRAMENTA),ACESS:BANDEJ C/BRINQ E HAST C/PUXADOR;7909312341029;Incluido;22/07/2022
527451/2000;Ativo;;05/08/2021;;;GALZERANO INDUSTRIA DE CARRINHOS E BERCOS LTDA;43594977000197;19999947357;Via Prefeito Jurandyr Paixão;700;;13481149;Jd. Campo Belo;Limeira;SP;luisfernando.camargo@galzerano.com.br;GALZERANO INDUSTRIA DE CARRINHOS E BERCOS LTDA;Andadores Infantis;Portaria Inmetro nº 129 de 19/03/2021;;CE-AND/IQB 000006 54618/21-001;;;N;Brasil;GALZERANO;Ref.: 4050-Andador Torino. Versões: 4050PTR (Preto Rosa), 4050PTT (Preto Terracota);Mat Tec poliest Espum PP PA6 Master Tint Tub aço Itens fix/aviam CxLxA(cm) 71x62,5x51,5 Trav Trilh plást c/ botão destrav e reg alt Acess Band brinq não remove retrov Caract Tec Pçs plást Tint Ferrage;7908200102193|7908200102209;Excluido;01/09/2021
669269/1992;Ativo;;06/09/2024;;;TUTTI BABY INDUSTRIA E COMERCIO DE ARTIGOS INFANTIS LTDA;06981862000129;4733794000;Rod. Guilherme Jensen, SC413, km13;0;Galpão 01;89108000;Distrito Industrial;Massaranduba;SC;certificacao@tuttibaby.com.br;TUTTI BABY INDUSTRIA E COMERCIO DE ARTIGOS INFANTIS LTDA;Andadores Infantis;Portaria Inmetro nº 129 de 19/03/2021;;IN2321524;;;N;Brasil;TUTTI BABY;ANDADOR COMFORT/REF.ANDADOR COMFORT 40.005/40005004/40005003/40005011/40005028/40005007/40005010/40005006/40005029;MAT:PLAST.ENG/ALGODÃO/DIMEN:48X60,5X70CM/SIST.DE TRAV:DOIS DISP.DE TRAV.INDEP.SENDO OP.SIMUL/SIST.DE MONT.FERR:OUTROS:PARAF,MONT.PEÇAS PLAST./ACESS:BANDEIJA C/ BRINQ/CARAC.DO MOD:ANDADOR C/BRINQUEDO;7898431502063|7898431502070|7898431502087|7898431502094|7898431502100|7898431502117|7898431502124|7898431502131;Incluido;06/09/2024
689658/2016;Ativo;;26/07/2024;;;DARDARA COMERCIO IMPORTACAO E EXPORTACAO LTDA;07774907000157;11964220291;R VALENTIM MAGALHAES;95;***;03184090;ALTO DA MOOCA;SÃO PAULO;SP;sac@dardara.com.br;FOSHAN BAOLIMEI BABY CARRIER CO., ;Andadores Infantis;Portaria Inmetro nº 129 de 19/03/2021;;IN2255924;;;S;China, República Popular;DARDARA;ANDADOR CARRO FD-2407 / VERSÕES: AZUL E ROSA;MAT:PP,METAL E POLIÉSTER/DIM:740X630X510MM/SIST DE TRAVA:LIB EM 2 AÇÕES CONSECUT/SIST DE MONT/FERRAG:MANUAL(C/FERRAMENTAS)/ACESSÓRIOS: BRINQ/CARACT DO MODELO:ANDADOR C/BRINQ INTEGRADO;7898572462738|7898572462755;Incluido;26/07/2024
336364/1971;Ativo;;29/01/2025;;;MD COMERCIO DE FERRAGENS LTDA;55274701000100;92981285408;AVENIDA JOAQUIM NABUCO, ;1094;A;69020030;CENTRO;MANAUS;AM;monadowlani@gmail.com;Hebei Zhongtai Bicycle manufacturing Co,. Ltd;Andadores Infantis;Portaria Inmetro nº 129 de 19/03/2021;;IN2520425;;;S;China, República Popular;ULTRA BABY;ANDADOR INFANTIL MUSICAL PARA BEBÊ/REF.:UBW-1026/PINK/GREEN/BLUE;MAT:PU,PP,AÇO,POLIÉSTER,ABS/DIM:70X60X55CM/SIST.DE TRAV.:LIB.EM DUAS AÇÕ.CONS./SIS.DE MONT.E FER.:MAN.(S/FERR.)/ACESS.:BANDE.COM BRINQ./CARAC.DO MODE.:ANDAD.C/BRINQ;7890012365050|7890012366064|7890012367078;Incluido;29/01/2025
806395/2002;Ativo;;01/12/2021;;;HEMNANI COMERCIO DE VARIEDADES LTDA.;05469291000185;1124143633;Rua Marcílio Dias;304;N/A;69005270;Centro;Manaus;AM;papush@uol.com.br;China Zhejiang Techincal Co. Ltd;Andadores Infantis;Portaria Inmetro nº 42 de 19/01/2018;;OCAN-AND.189/21-1;;;S;China, República Popular;SITA;AKH602;Material: PP, Ferro e Poliester - Dimensões: 655 mm X 560mm X 500 mm - Sistema de Travamento: Travamento automatico com liberação em duas ações consecutivas - Sistema de Montagem e Ferragem: MANUAL;;Incluido;01/12/2021
135535/2018;Ativo;;05/08/2021;;;GALZERANO INDUSTRIA DE CARRINHOS E BERCOS LTDA;43594977000197;19999947357;Via Prefeito Jurandyr Paixão;700;;13481149;Jd. Campo Belo;Limeira;SP;luisfernando.camargo@galzerano.com.br;GALZERANO INDUSTRIA DE CARRINHOS E BERCOS LTDA;Andadores Infantis;Portaria Inmetro nº 129 de 19/03/2021;;CE-AND/IQB 000006 54618/21-001;;;N;Brasil;GALZERANO;Ref.: 4050-Andador Torino. Versões: 4050RO (Rosa), 4050TER (Terracota);Mat Tec poliest TNT Espum PP PA6 Master Tint Tub aço Item fix/aviam CxLxA(cm) 71x62,5x51,5 Trav Trilh plást c/ botão destrav e reg alt Acess Band brinq não remov retrov Carac Tec Pçs plást Tint Ferrag;7908200102247|7908200102254;Excluido;11/05/2022
983673/1942;Ativo;;30/06/2026;;;MARKETGOOL TRADING IMPORTACAO E EXPORTACAO LTDA;18787076000174;11947652325;ROD RODOLFO JAHN;326;ANEXO 92;89237680; VILA NOVA;JOINVILLE;SC;alexandre.morroni@hotmail.com;PINGHU XIAOTIANDI CHILDREN''S PRODUCTS FACTORY;Andadores Infantis;Portaria Inmetro nº 129 de 19/03/2021;;IN3048926;Modelo 5;;S;China, República Popular;MARKETGOOL;Designação Comercial: Andador Marketgool / Código de referência comercial / MKG-010 / ROSA;Mat: PP, FERRO E POLIÉSTER / Dim: 65X55X45 CM/ SIST DE TRAV: Liberação em duas ações consecutivas/ Acess: Brinquedo do andador/ Caract do mod: Andador com Brinquedo;0070341132777;Incluido;30/06/2026
066514/1975;Ativo;;07/03/2024;;;COMPANHIA DOREL BRASIL PRODUTOS INFANTIS;10659948000107;2135547024;Av. Nilo Peçanha;1516;1582;28030035;Pq dos Rodoviários;Campos dos Goytacaze;RJ;standard@dorel.com.br;COMPANHIA DOREL BRASIL PRODUTOS INFANTIS;Andadores Infantis;Portaria Inmetro nº 129 de 19/03/2021;;IN2040823;Modelo 5;;N;Brasil;INFANTI/ COSCO;APPIA/ ZIGGY - HE022 - N/A - AZUL / ROSA / AZUL / ROSA;MAT:PP,PES,PTA,EG,POLIPROPILENO E POLIETILENO/DIM:56,5 X 68 X 60,5 CM/SIST D TRAVAMENTO:LIB EM DUAS AÇÕES CONSEC/SIST DE MNTGM E FERRG:MAN (SEM FER)/ACESS:BAND D BRINQ./CARACT D MODELO:ANDADOR C BRINQ;7908238809774|7908238809781|7908238815812|7908238815829;Incluido;10/04/2026
277677/1969;Inativo;;07/10/2019;;;Galzerano Indústria de Carrinhos e Berços Ltda;43594977000197;1934043030;Via Prefeito Jurandyr Paixão;700;;13481149;Jd. Campo Belo;Limeira;SP;luisfernando.camargo@galzerano.com.br;GUANGDONG ZHIHUI CHILDREN?S PRODUCTS CO.,LTD;Andadores Infantis;Portaria Inmetro nº 42 de 19/01/2018;;CE-AND/IQB 000006 53503/20-001;;;S;China, República Popular;GALZERANO;Andador de bebê Magic - Versão: Cinza (CZ), Preto (PT);Mat Tec poli Espum Resin plást Tint Ferrag 70Cx65Lx54A cm Travam trilho plást com botão de destrav e regul alt Mont/frenag manual Andador com pçs girat e cores diversas Acess Bandej Brinq não removív.;7898089221590|7898089222283;Incluido;07/10/2019
926260/1976;Ativo;;07/08/2024;;;AMAZONAS IMPORTADOS LTDA;07269201000138;9691131654;Rua Independência;175;;68900090;Central;Macapa;AP;adriana.abreu@amazonasimportados.com.br;YIWU BALBIAN ELECTRONIC TECHNOLOGICAL CO., LTD;Andadores Infantis;Portaria Inmetro nº 129 de 19/03/2021;;IN2086424-4;;;S;China, República Popular;LÉ PETIT;MODE:BABY WALKER/REF:LP-9917/ CONT: ANDADOR COM BRINQUEDO ACOPLADO/VERSÕES:AZUL,VERMELHO,AMARELO,ROSA.;MAT:PP E POLIÉSTER/DIM:65X54X49CM/SIST DE TRAV:LIBERAÇÃO EM DUAS AÇÕES CONSECUTIVAS/SIST DE MONT E FERRA :MANUAL (SEM FERRAMENTA)/ACES:N/A.CARACTERISTICAS DO MODELO:;7453116024706;Incluido;07/08/2024
761528/1989;Ativo;;07/02/2022;;;TUTTI BABY INDUSTRIA E COMERCIO DE ARTIGOS INFANTIS LTDA;06981862000129;4733794000;Rod. Guilherme Jensen, SC413, km13;0;;89108000;Distrito Industrial;Massaranduba;SC;certificacao@tuttibaby.com.br;TUTTI BABY INDUSTRIA E COMERCIO DE ARTIGOS INFANTIS LTDA;Andadores Infantis;Portaria Inmetro nº 129 de 19/03/2021;;IN2869325;Modelo 5;;N;Brasil;TUTTI BABY;DESIGNAÇÃO COMERC SAFARI II (AZUL/ROSA/VERMELHO),PRINCESA ROSA COROA,ACQUA,EXPLORADOR (CINZA/ ROXO) CÓD D REF COMERC:ANDAD 40.002/40002003/40002004/40002007/40003004/40004002/40004003 CARACT DO MODELO:ANDADOR C BRINQUEDO;MAT:ESTRUTURA METALICA - AÇO TUBULAR/DIM:48X60,5X70CM/SIST DE TRAVA:LIBERAÇ EM 2AÇÕES CONSECUT/SIST DE MONTAGEM E FERRAGEM:PARAFUSOS E REBITES/ACESSÓ:BRINQUEDOS E ADESIVOS;7898431501615|7898431501622|7898431501639|7898431501684|7898431501691|7898431501707;Excluido;10/12/2025
571681/1995;Inativo;;12/12/2022;;;COMPANHIA DOREL BRASIL PRODUTOS INFANTIS;10659948000883;2135547024;Av. Nilo Peçanha;1516 ;Galpão 3 ;28030035;Pq dos Rodoviários;Campos dos Goytacaze;RJ;standard@dorel.com.br;Dongguan Xinyeda Hardware Plastic Products Co., Ltd;Andadores Infantis;Portaria Inmetro nº 129 de 19/03/2021;;IN1715922;;;S;China, República Popular;Safety 1st;11389.  Melody Garden;ABS,PP.PVC.Pol.Esp, 64x55x66cm,Trav.Lib.2açoes cons, Mon.Manual. Aces: Brinquedos.;9312541727119;Incluido;12/12/2022
342017/1930;Ativo;;16/09/2024;;;AMAZONAS IMPORTADOS LTDA;07269201000138;9691131654;Rua Independência;175;;68900090;Central;Macapa;AP;adriana.abreu@amazonasimportados.com.br;YIWU BALBIAN ELECTRONIC TECHNOLOGICAL CO., LTD;Andadores Infantis;Portaria Inmetro nº 129 de 19/03/2021;;IN2086424-1;;;S;China, República Popular;LÉ PETIT;MODE:BABY WALKER/REF:LP-9517/ CONT: ANDADOR COM BRINQUEDO ACOPLADO/VERSÕES:AZUL,ROSA,VERDE,;MAT:PP E POLIÉSTER/DIM:62X55,5X50CM/SIST DE TRAV:LIBERAÇÃO EM DUAS AÇÕES CONSECUTIVAS/SIST DE MONT E FERRAGEM:MANUAL (SEM FERRAMENTA)/ACESSÓRIOS:N/A.CARACTERISTICAS DO MODELO:;453068745717;Incluido;16/09/2024
865685/2021;Ativo;;30/06/2026;;;MARKETGOOL TRADING IMPORTACAO E EXPORTACAO LTDA;18787076000174;11947652325;ROD RODOLFO JAHN;326;ANEXO 92;89237680; VILA NOVA;JOINVILLE;SC;alexandre.morroni@hotmail.com;PINGHU XIAOTIANDI CHILDREN''S PRODUCTS FACTORY;Andadores Infantis;Portaria Inmetro nº 129 de 19/03/2021;;IN3048926;Modelo 5;;S;China, República Popular;MARKETGOOL;Designação Comercial: Andador Marketgool / Código de referência comercial / MKG-010 / ROSA;Mat: PP, FERRO E POLIÉSTER / Dim: 65X55X45 CM/ SIST DE TRAV: Liberação em duas ações consecutivas/ Acess: Brinquedo do andador/ Caract do mod: Andador com Brinquedo;0070341132777;Incluido;30/06/2026
159700/1948;Ativo;;13/04/2026;;;VG SHOP COMERCIO ON LINE LTDA;16857384000365;1149690505;RUA PROJETADA SN KM 15 NUCLEO AGUA COMPRIDA;0;KM 15;37600000;AGUA COMPRIDA;CAMBUI;MG;gilson@vgshop.com.br;YONGXING SPORTS LIMITED;Andadores Infantis;Portaria Inmetro nº 129 de 19/03/2021;;IN2982826;Modelo 5;;S;China, República Popular;MULTMAXX;Desig. Com. andador infantil com empurrador Cod. Ref. MTX150 / MTX151 Quant. (aplic. para mod. 1b) n/a Mat: poliéster, abs, pp e borracha Dim. 76x65x65cm Sis. Trav. dois dispositivos independentes sendo operador simultaneamente;Sis. de Mont. e Ferragem: manual (com ferramenta) acess: N/A Car.do mod: andador ccom empurrador e brinquedo musical Vers. MTX150 cinza MTX151 rosa;7898758400394|7898758400400;Incluido;13/04/2026
453704/1974;Ativo;;15/11/2024;;;HCM INDUSTRIA E IMPORTACAO LTDA;12538691000160;37998767200;RUA SERGIPE ;1963;;35591096;SANTA ALEXANDRINA;LAGOA DA PRATA;MG;compras.hcmmalta@gmail.com;HCM INDUSTRIA E IMPORTACAO LTDA;Andadores Infantis;Portaria Inmetro nº 129 de 19/03/2021;;IN2431224-2;;;N;Brasil;JUMBO BABY;ANDADOR MUSICAL MEGALUXO JUMBO BABY/AZUL/ROSA/VERMELHO/LARANJA, CARAC.D/MODEL:ANDADOR COM BRINQUEDO NA BANDEJA;MAT.:POLIPROPILENO(PP)/ACO CARBONO(FERRAGENS)/TECIDO(POLIÉSTER)/DIM:69,5X58,5X14,5/SIS.D/TRAV.:LIB.EM 2AS.CON./SIS.D/MONT.E FERR.:MAN.(S/FERR.)/ACESS.:ASSE/FORR.P/OS PÉS/EMP./PAI.MUS;7898947715063|7898947715070|7898947715087|7898947715094;Incluido;15/11/2024
747708/2000;Ativo;;09/12/2019;;;TAPUZIM COMERCIAL LTDA;00513418000100;1138569063;Av. Monte Celeste;230;250;02561000;Vila S. Maria;São Paulo;SP;ehs0770@hotmail.com;SHEN ZHEN WEI MEI CHILDCARE PRODUCT LIMITED COMPANY;Andadores Infantis;Portaria Inmetro nº 42 de 19/01/2018;;OCAN-AND.165/19-3;;;S;China, República Popular;baby style;CENTRO DE ATIVIDADES;VERSÕES: Andador play - Ref.5821 Andador meninos - Ref. 515211 Andador meninas - Ref. 51522. Material: Plástico, metal e tecido. Dimensões: 74 x 75 x 18 cm Sistema de Travamento: Stoper Sistema de Mon;4079515211993|4079515222999|4532582122994;Incluido;09/12/2019
041723/1927;Ativo;;31/10/2025;;;MD COMERCIO DE FERRAGENS LTDA;55274701000100;92985975259;Avenida Joaquim Nabuco;1094;A;69020030;Centro;Manaus;AM;mdcomerciodeferragensltda@gmail.com;Xingtai Pandelo Technology Co.,Ltd;Andadores Infantis;Portaria Inmetro nº 129 de 19/03/2021;;IN2824825;Modelo 5;;S;China, República Popular;ULTRA BABY;ANDADOR INFANTIL MUSICAL PARA BEBÊ - UBW -305 - N/A - BABY PINK / BARBIE PINK/RED / WHITE/ROYAL BLUE /ORANGE / WHITE/LIGHT BLUE / WHITE;MAT:PP,FERRO E POLIÉ./DIM.:68X59X52 CM/SIST.DE TRAV.:LIB.EM DUAS AÇÕES CONS./SIST.DE MONT. E FERR.:MAN.(S/FERRAM.)/ACESS.:N/A/CARACTERISTICAS DO MODELO:ANDADOR COM BRINQUEDO ACOPLADO;7890012361007|7890012361113|7890012368082|7890012369096;Incluido;31/10/2025
034506/1974;Ativo;;19/06/2026;;;LILI FLORES ARTESANAIS LTDA;50509301000113;2199999999;R SANTO SEPULCRO;00279;;21350220;MADUREIRA;RIO DE JANEIRO;RJ;xiaoweiliu663@gmail.com;PINGHU XIAOTIANDI CHILDREN''S PRODUCTS FACTORY ;Andadores Infantis;Portaria Inmetro nº 129 de 19/03/2021;;IN3051726;Modelo 5;;S;China, República Popular;LILI;MOD:ANDADOR LL-2931 / CÓD. DE REFERÊNCIA COMERCIAL: LL-2931 / AZUL,ROSA,VERDE;MAT.:PP, POLIÉSTER E POLIETILENO/DIM:56,5X68X60,5CM/ SIST.TRAV.:LIBERAÇÃO EM DUAS AÇÕES CONSECUTIVAS/SIST. MONT.:LIBERAÇÃO EM DUAS AÇÕES CONSECUTIVAS/SEM ACESSÓRIOS/ANDADOR COM BRINQUEDO INTERATIVO;;Incluido;19/06/2026
335727/1953;Ativo;;12/11/2024;;;CACANDO OFERTAS LTDA;23230465000134;11976586700;Rua José Ferreira Crespo;752;Sala 1;08021480;Jardim São Vicente;São Paulo;SP;diegofrancisco22@bol.com.br;STYLL ADMINISTRACAO, INVESTIMENTOS, LOCACOES & SERVICOS LIMITADA;Andadores Infantis;Portaria Inmetro nº 129 de 19/03/2021;;IN2382924;;;N;Brasil;ClickBaby's;Andador Happy baby - Versões AZUL-HAPPY BABY ROSA-HAPPY BABY LARANJA-HAPPY BABY;Mat.Aço Polipropileno.Dim:640x570x470cm.Sist.Trav. Liberação duas ações consecutivas.Sist de Mont e Ferrag:Manual sem ferramenta.Acess: Bandeja c/Brinquedo.Caract/modelo:Andador c/brinquedo na bandeja;7898975097001|7898975097018|7898975097025;Incluido;12/11/2024
918730/1964;Inativo;;07/10/2019;;;Galzerano Indústria de Carrinhos e Berços Ltda;43594977000197;1934043030;Via Prefeito Jurandyr Paixão;700;;13481149;Jd. Campo Belo;Limeira;SP;luisfernando.camargo@galzerano.com.br;GUANGDONG ZHIHUI CHILDREN?S PRODUCTS CO.,LTD;Andadores Infantis;Portaria Inmetro nº 42 de 19/01/2018;;CE-AND/IQB 000006 53503/20-001;;;S;China, República Popular;GALZERANO;Andador de bebê Magic - Versão: Cinza (CZ), Preto (PT);Mat Tec poli Espum Resin plást Tint Ferrag 70Cx65Lx54A cm Travam trilho plást com botão de destrav e regul alt Mont/frenag manual Andador com pçs girat e cores diversas Acess Bandej Brinq não removív.;7898089221590|7898089222283;Incluido;07/10/2019
969250/1936;Ativo;;06/03/2023;;;BURIGOTTO S A INDUSTRIA E COMERCIO;51460277000138;1934464813;Rua Martino Dragone;280;;13480308;Jardim Santa Barbara;Liemira;SP;alison.smanioto@burigotto.com;JIN SUN GEE PLASTICS CO., LTD;Andadores Infantis;Portaria Inmetro nº 129 de 19/03/2021;;CE-AND/IQB 000004 55573/23-001;Modelo 5;;S;Formosa (Taiwan);BURIGOTTO;ANDADOR OLÉ CL (REF.COM.  IXAN5143CL);PP, AÇO, TECIDO / 590 X 690 X 550 MM / TRILHO PLÁSTICO COM BOTÃO DE TRAVA/DESTRAVA E REGULAGEM DE ALTURA / REBITES, PARAFUSOS E ENCAIXE DE PEÇAS PLÁSTICAS / BANDEJA COM 2 BRINQUEDOS DE PP E NYLON;7896502944248;Excluido;29/04/2026
965161/1971;Ativo;;01/07/2026;;;APS IMPORTACAO EXPORTACAO DISTRIBUICAO LTDA;44540981000135;11974642778;EST GERAL DE MEDEIROS;20;SALA 05;88390000;MEDEIROS;BARRA VELHA;SC;orquestra@yescert.com.br;Tengzhou Lebeir Baby Carriage Co., Ltd.;Andadores Infantis;Portaria Inmetro nº 129 de 19/03/2021;;IN3076626;Modelo 5;;S;China, República Popular;TOYS&TOYS;MOD:ANDADOR MUSICAL PARA BEBES/INFANTIL/CÓD DE REFERÊNCIA COMERCIAL: ANDADOR MUSICAL V:CINZA - 310552,MARROM - 310569,AZUL - 310576,ROSA 310583;Mat:PP/Dim:799x660x715mm/Sist de Travam: Dois dispositivos de travam independentes sendo operados simult/Sist de Mont e Ferr:Manual (sem ferram)/Acess:N/A/Caract do modelo:ANDADOR COM BRINQ.MUSICAL AC;7908888310552|7908888310569|7908888310576|7908888310583;Incluido;01/07/2026
148718/1989;Ativo;;07/02/2022;;;TUTTI BABY INDUSTRIA E COMERCIO DE ARTIGOS INFANTIS LTDA;06981862000129;4733794000;Rod. Guilherme Jensen, SC413, km13;0;;89108000;Distrito Industrial;Massaranduba;SC;certificacao@tuttibaby.com.br;TUTTI BABY INDUSTRIA E COMERCIO DE ARTIGOS INFANTIS LTDA;Andadores Infantis;Portaria Inmetro nº 129 de 19/03/2021;;IN2869325;Modelo 5;;N;Brasil;TUTTI BABY;DESIGNAÇÃO COMERC SAFARI II (AZUL/ROSA/VERMELHO),PRINCESA ROSA COROA,ACQUA,EXPLORADOR (CINZA/ ROXO) CÓD D REF COMERC:ANDAD 40.002/40002003/40002004/40002007/40003004/40004002/40004003;MAT:ESTRUTURA METALICA - AÇO TUBULAR/DIM:48X60,5X70CM/SIST DE TRAVA:LIBERAÇ EM 2AÇÕES CONSECUT/SIST DE MONTAGEM E FERRAGEM:PARAFUSOS E REBITES/ACESSÓ:BRINQUEDOS E ADESIVOS/CARACT DO MODELO:ANDADOR C B;7898431501615|7898431501622|7898431501639|7898431501684|7898431501691|7898431501707;Excluido;26/04/2024
467200/2004;Ativo;;01/12/2021;;;HEMNANI COMERCIO DE VARIEDADES LTDA.;05469291000185;1124143633;Rua Marcílio Dias;304;N/A;69005270;Centro;Manaus;AM;papush@uol.com.br;China Zhejiang Techincal Co. Ltd;Andadores Infantis;Portaria Inmetro nº 42 de 19/01/2018;;OCAN-AND.189/21-1;;;S;China, República Popular;SITA;AKH602;Material: PP, Ferro e Poliester - Dimensões: 655 mm X 560mm X 500 mm - Sistema de Travamento: Travamento automatico com liberação em duas ações consecutivas - Sistema de Montagem e Ferragem: MANUAL;;Incluido;01/12/2021
629731/1979;Ativo;;14/08/2019;;;BAMBOO COMERCIO, IMPORTAÇÃO E EXPORTAÇÃO EIRELI-EPP;27115224000103;8132419265;Rua. Alegre;154;Galpão A;52120125;Arruda;Recife;PE;bamboo@yescert.com.br;ZHEJIANG KINTEX INTERNATIONAL TRADING CO., LTD;Andadores Infantis;Portaria Inmetro nº 129 de 19/03/2021;;IN1632922;;;S;China, República Popular;BAMBOO;MODELO:MD-18NOME COMERCIAL:ANDAJAR GUGUVERSÕES: Azul (Ref.: MD18.1)Rosa (Ref.: MD18.2)Verde (Ref.: MD18.3)Vermelho (Ref.: MD18.4);Mat: PLAST / MET/FIB TEXTIL,DIM:ABRT:62X56X52CM,FECH:62X56X16,SIST TRAV:LIBER EM 2 ACOES CONSEC,SIST MONT FERRAG: MANUAL(S/FERRAMENTA),ACESS:BANDEJ C/BRINQ E HAST C/PUXADOR;7909312341029;Incluido;22/07/2022
641663/2015;Ativo;;09/12/2019;;;TAPUZIM COMERCIAL LTDA;00513418000100;1138569063;Av. Monte Celeste;230;250;02561000;Vila S. Maria;São Paulo;SP;ehs0770@hotmail.com;SHEN ZHEN WEI MEI CHILDCARE PRODUCT LIMITED COMPANY;Andadores Infantis;Portaria Inmetro nº 129 de 19/03/2021;;IN2062423;Modelo 5;;S;China, República Popular;Baby Style;MODELO: ANIMAIS VERSÕES: Andador cachorro vermelho - Ref. 33721 Andador cachorro azul - Ref. 33722 Andador abelha rosa - Ref. 33723 Andador abelha azul - Ref. 33724 Andador pianinho rosa Ref: 33725 Andador pianinho azul Ref: 33726;Material: Plástico, metal e tecido, Dimensões: 50 x 70 x 60 cm, Sistema de Travamento: Stoper, Sistema deMontagem e Ferragem: Tesoura, Acessórios: Bandeja musical;4079337218996|4079337228995|4079337238994|4079337248993|4079337251993|4079337261992;Excluido;29/01/2024
980221/1995;Inativo;;14/08/2019;;;Companhia Dorel Brasil Produtos Infantis;10659948000107;2135633602;Av. Nilo Peçanha;1516 /1582;Térreo;28030035;Pq dos Rodoviários;Campos dos Goytacaze;RJ;mariana.magalhaes@dorel.com.br;JIN SUN GEE PLASTIC CO.,LTD;Andadores Infantis;Portaria Inmetro nº 42 de 19/01/2018;;OCAN-AND.145/19-2;;;S;Formosa (Taiwan);Cosco;BG-2023;Nome Fantasia: Goal Walker 4 em 1. Cores: Rosa e Azul. Material: Ferro, Plástico, PP e PU. 74 x 44x 66.5 cm. Sistema de Travamento e Montagem: Manual. Acessórios: Bandeja de Brinquedos.;7898509478375|7898509478665;Incluido;14/08/2019
298703/2011;Inativo;;19/04/2021;;;COMPANHIA DOREL BRASIL PRODUTOS INFANTIS;10659948000107;02135547024;Av. Nilo Peçanha;1516 /1582;Térreo;28030035;Pq dos Rodoviários;Campos dos Goytacaze;RJ;mariana.magalhaes@dorel.com.br;Jin Sun Gee Plastic Co.,Ltd;Andadores Infantis;Portaria Inmetro nº 42 de 19/01/2018;;OCAN-AND.145/21-5;;;S;Formosa (Taiwan);Safety 1st;HE001. Andador Spacewalker. Cores: Grey e Orange.;PP, Ferro, ABS. 58x65.5x71.5cm.Trav.Manual.Sist.Mont.Fren.Manual. Bandeja de Brinquedos.;7908238803932|7908283803949;Incluido;19/04/2021
888923/1975;Ativo;;04/08/2025;;;BAMBINO COMERCIAL LTDA;06006481000129;81987347022;R. 23;175;;53090190;RIO DOCE;OLINDA;PE;bambino.souza@terra.com.br;PINGHU XIAOTIANDI CHILDREN?S PRODUCTS FACTORY;Andadores Infantis;Portaria Inmetro nº 129 de 19/03/2021;;IN2750125;Modelo 5;;S;China, República Popular;BAMBINO;ANDADOR - BA01 - ROSA/AZUL;MAT:PP,FERRO E POLIÉSTER/DIM:70X62.5X51CM/SIS_TRAV:LIBERAÇÃO EM DUAS AÇÕES CONSECUTIVAS/SIS_MONT E FERRG:MANUAL(S/FERRAM.)/ACESS.:BRINQ.CEN.DE ATIVI./CARACT.DO MODELO:ANDADOR COM BANDEJA MUSICAL;7898576907150|7898576907167;Incluido;04/08/2025
240664/1927;Ativo;;07/02/2022;;;TUTTI BABY INDUSTRIA E COMERCIO DE ARTIGOS INFANTIS LTDA;06981862000129;4733794000;Rod. Guilherme Jensen, SC413, km13;0;;89108000;Distrito Industrial;Massaranduba;SC;certificacao@tuttibaby.com.br;TUTTI BABY INDUSTRIA E COMERCIO DE ARTIGOS INFANTIS LTDA;Andadores Infantis;Portaria Inmetro nº 129 de 19/03/2021;;IN2869325;Modelo 5;;N;Brasil;TUTTI BABY;DESIGNAÇÃO COMERC SAFARI II (AZUL/ROSA/VERMELHO),PRINCESA ROSA COROA,ACQUA,EXPLORADOR (CINZA/ ROXO) CÓD D REF COMERC:ANDAD 40.002/40002003/40002004/40002007/40003004/40004002/40004003;MAT:ESTRUTURA METALICA - AÇO TUBULAR/DIM:48X60,5X70CM/SIST DE TRAVA:LIBERAÇ EM 2AÇÕES CONSECUT/SIST DE MONTAGEM E FERRAGEM:PARAFUSOS E REBITES/ACESSÓ:BRINQUEDOS E ADESIVOS/CARACT DO MODELO:ANDADOR C B;7898431501615|7898431501622|7898431501639|7898431501684|7898431501691|7898431501707;Excluido;26/04/2024
923735/2005;Ativo;;20/10/2022;;;STYLL ADMINISTRACAO, INVESTIMENTOS, LOCACOES & SERVICOS LIMITADA;22475905000231;11994300960;Rua Marcio Carlim;401;;13849226;Parque Industrial;Mogi Guaçu;SP;alexandre@styll.com.br;STYLL ADMINISTRACAO, INVESTIMENTOS, LOCACOES & SERVICOS LIMITADA;Andadores Infantis;Portaria Inmetro nº 129 de 19/03/2021;;IN1679022;Modelo 5;;N;Brasil;STYLL BABY;ANDADOR SOFT WAY / V:V:AZ.SON.(AND-98.001-05)/RO.SON.(AND-98.002-05)/LAR.SON.(AND-98.003-05)/GUARÁ AZ.(AND-50.022-01)/GUARÁ RO.(AND-50.022-02)/GUARÁ LAR.(AND-50.022-03)/VE.SON.(AND-99.009-68)/AZ.CLÁS.(AND-98.001-04)/RO.CLÁS.(AND-98.002-04))/...;MAT:AÇO,POLIPR. E POLIÉ./DIM:640X570X470MM/SIS.DE TRAV:CATRA.EM BAI.DA BAN.(LIBER. EM DU.AÇÕ.CONS.)/SIST.DE MON.E FERR.:MANUAL(COM CHA.PHI.NÃO INCL.)/ACES:BAND.COM BRIN./ CONT.VERSÔES;7898488590037|7898488590440|7898488590457|7898488590464|7898488590624|7898488599849|7898488599856|7898488599863|7898488599870|7898488599887|789848859994;Incluido;20/10/2022
349223/1983;Ativo;;05/08/2021;;;GALZERANO INDUSTRIA DE CARRINHOS E BERCOS LTDA;43594977000197;19999947357;Via Prefeito Jurandyr Paixão;700;;13481149;Jd. Campo Belo;Limeira;SP;luisfernando.camargo@galzerano.com.br;GALZERANO INDUSTRIA DE CARRINHOS E BERCOS LTDA;Andadores Infantis;Portaria Inmetro nº 129 de 19/03/2021;;CE-AND/IQB 000006 54618/21-001;;;N;Brasil;GALZERANO;Ref.: 4050-Andador Torino. Versões: 4050RO (Rosa), 4050TER (Terracota), 4050EST (Estrela), 4050SPR (Spring) - Material: Tecido poliéster, TNT, Espuma, PP, PA6, Master, Tinta, Tubo de aço, Itens de fixação e aviamentos. Dimensões: CxLxA (cm) 71x62,5x51,5. Sistema de travamento: Trilho plástico com botão de destrave e regulagem de altura;Sistema de montagem/ferragem: Manual. Acessórios que venham com o produto: Bandeja de brinquedos não removível, Características do modelo: Tecidos, Peças plásticas, Tinta, Ferragens;7908200102247|7908200102254|7908200102520|7908200102537;Excluido;17/01/2024
217750/1932;Ativo;;07/02/2022;;;TUTTI BABY INDUSTRIA E COMERCIO DE ARTIGOS INFANTIS LTDA;06981862000129;4733794000;Rod. Guilherme Jensen, SC413, km13;0;;89108000;Distrito Industrial;Massaranduba;SC;certificacao@tuttibaby.com.br;TUTTI BABY INDUSTRIA E COMERCIO DE ARTIGOS INFANTIS LTDA;Andadores Infantis;Portaria Inmetro nº 129 de 19/03/2021;;IN2869325;Modelo 5;;N;Brasil;Tutti Baby;Andador Safari II Azul/Rosa/Vermelho/Andador Princesa Rosa Coroa/Andador Acqua Explorador Cinza/Roxo;ESTRUT. MET.AÇO.TUBULAR/48x60,5x70CM/SIST.DE TRAV. COM.DUAS.AÇÕES.CONSECUT.PARA.LIBER./PARAFUSOS.E. REBITES/BRINQUEDOS.E.ADESIVOS;7898431501615|7898431501622|7898431501639|7898431501684|7898431501691|7898431501707;Excluido;12/01/2024
511754/1958;Ativo;;07/02/2022;;;TUTTI BABY INDUSTRIA E COMERCIO DE ARTIGOS INFANTIS LTDA;06981862000129;4733794000;Rod. Guilherme Jensen, SC413, km13;0;;89108000;Distrito Industrial;Massaranduba;SC;certificacao@tuttibaby.com.br;TUTTI BABY INDUSTRIA E COMERCIO DE ARTIGOS INFANTIS LTDA;Andadores Infantis;Portaria Inmetro nº 129 de 19/03/2021;;IN2869325;Modelo 5;;N;Brasil;Tutti Baby;Andador Safari II Azul/Rosa/Vermelho/Andador Princesa Rosa Coroa/Andador Acqua Explorador Cinza/Roxo;ESTRUT. MET.AÇO.TUBULAR/48x60,5x70CM/SIST.DE TRAV. COM.DUAS.AÇÕES.CONSECUT.PARA.LIBER./PARAFUSOS.E. REBITES/BRINQUEDOS.E.ADESIVOS;7898431501615|7898431501622|7898431501639|7898431501684|7898431501691|7898431501707;Excluido;12/01/2024
805758/1984;Ativo;;13/04/2026;;;VG SHOP COMERCIO ON LINE LTDA;16857384000365;1149690505;RUA PROJETADA SN KM 15 NUCLEO AGUA COMPRIDA;0;KM 15;37600000;AGUA COMPRIDA;CAMBUI;MG;gilson@vgshop.com.br;YONGXING SPORTS LIMITED;Andadores Infantis;Portaria Inmetro nº 129 de 19/03/2021;;IN2982826;Modelo 5;;S;China, República Popular;MULTMAXX;Desig. Com. andador infantil com empurrador Cod. Ref. MTX150 / MTX151 Quant. (aplic. para mod. 1b) n/a Mat: poliéster, abs, pp e borracha Dim. 76x65x65cm Sis. Trav. dois dispositivos independentes sendo operador simultaneamente;Sis. de Mont. e Ferragem: manual (com ferramenta) acess: N/A Car.do mod: andador ccom empurrador e brinquedo musical Vers. MTX150 cinza MTX151 rosa;7898758400394|7898758400400;Incluido;13/04/2026
099762/2011;Inativo;;02/04/2020;;;Galzerano Indústria de Carrinhos e Berços Ltda;43594977000197;1934043030;Via Prefeito Jurandyr Paixão;700;;13481149;Jd. Campo Belo;Limeira;SP;luisfernando.camargo@galzerano.com.br;FOSHAN SHUNDE QIJUN TOYS CO., LTD;Andadores Infantis;Portaria Inmetro nº 42 de 19/01/2018;;CE-AND/IQB 000006 53487/19-001;;;S;China, República Popular;GALZERANO;Ref.: 4090 - Liam. Versões: 4090CZ (Cinza), 4090PT (Preto);Mat: Tec poli Espum Resin plást Tinta Ferragens. Dim: 70x65x54(cm). Sist Trav: Trilho plást c/ botão destrav e reg de altura. Sist mont/ferragem: Manual. Acess: Bandej brinq não removív e retrovisores;7908200101431|7908200101448;Incluido;02/04/2020
393777/1937;Inativo;;19/06/2023;;;VANMAX COMERCIO LTDA;84114198000124;9231337050;RUA CEL SERGIO PESSOA;91;;69005030;CENTRO;MANAUS;AM;GERENTEDEVENDAS@VANMAX.COM.BR;PINGHU SHI XIAOTIANDI CHILDREN´S PRODUCTS FACTORY;Andadores Infantis;Portaria Inmetro nº 129 de 19/03/2021;;IN1811123;;;S;China, República Popular;BRINKMAX;997A/ NOME COMERCIAL: ANDAJÁ/VERSÕES: AZUL - 582597/ROSA - 582596/VERMELHO - 582598/VERMELHO/BRANCO - 582599 - MAT.: FERRO,POLIPROPILENO E POLIÉSTER/DIM.:67X57X54CM;SIST.DE TRAVA.:LIBERAÇÃO EM DUAS AÇÕES CONSECUTIVAS/SIST.DE MONT.E FERR.MAN.(SEM FERRAMENTA)/ACESSÓRIOS: BRINQUEDO/CARACTERISTICAS DO MODELO: ANDADOR INFANTIL COM BRINQUEDO ACOPLADO;7890785825966|7890785825973|7890785825980|7890785825997;Incluido;19/06/2023
025412/1968;Ativo;;15/11/2024;;;HCM INDUSTRIA E IMPORTACAO LTDA;12538691000160;37998767200;RUA SERGIPE ;1963;;35591096;SANTA ALEXANDRINA;LAGOA DA PRATA;MG;compras.hcmmalta@gmail.com;HCM INDUSTRIA E IMPORTACAO LTDA;Andadores Infantis;Portaria Inmetro nº 129 de 19/03/2021;;IN2431224-2;;;N;Brasil;JUMBO BABY;ANDADOR MUSICAL MEGALUXO JUMBO BABY/AZUL/ROSA/VERMELHO/LARANJA, CARAC.D/MODEL:ANDADOR COM BRINQUEDO NA BANDEJA;MAT.:POLIPROPILENO(PP)/ACO CARBONO(FERRAGENS)/TECIDO(POLIÉSTER)/DIM:69,5X58,5X14,5/SIS.D/TRAV.:LIB.EM 2AS.CON./SIS.D/MONT.E FERR.:MAN.(S/FERR.)/ACESS.:ASSE/FORR.P/OS PÉS/EMP./PAI.MUS;7898947715063|7898947715070|7898947715087|7898947715094;Incluido;15/11/2024
169107/2013;Ativo;;27/08/2026;;;MADHULA COMERCIO DE ARTIGOS ELETROELETRONICOS LTDA;03838532000190;92994433107;Rua Marcilio Dias;166;;69005270;Centro;Manaus;AM;mayapunjwani@gmail.com;PINGHU XIAOTIANDI CHILDREN?S PRODUCTS FACTORY;Andadores Infantis;Portaria Inmetro nº 129 de 19/03/2021;;IN3141126-2;Modelo 5;;S;China, República Popular;BENMEK;ANDADOR MADHULA/ MA101/ Rosa - MA101R/ Azul - MA101A/ Verde - MA101V/ Laranja - MA101L;MAT.:PP, FERRO E POLIÉSTER/DIM.:63X57X53 CM/SIST. DE TRAV.:LIBERAÇÃO EM DUAS AÇÕES CONSECUTIVAS/SIST. MONT. E FERR.:MANUAL (SEM FERRAMENTA)/ACESS.:BRINQUEDO/CARACT. DO MOD.:ANDADOR COM BRINQUEDO;6901031000158;Incluido;27/08/2026
687781/1963;Ativo;;07/02/2022;;;TUTTI BABY INDUSTRIA E COMERCIO DE ARTIGOS INFANTIS LTDA;06981862000129;4733794000;Rod. Guilherme Jensen, SC413, km13;0;;89108000;Distrito Industrial;Massaranduba;SC;certificacao@tuttibaby.com.br;TUTTI BABY INDUSTRIA E COMERCIO DE ARTIGOS INFANTIS LTDA;Andadores Infantis;Portaria Inmetro nº 129 de 19/03/2021;;IN2869325;Modelo 5;;N;Brasil;Tutti Baby;Andador Safari II Azul/Rosa/Vermelho/Andador Princesa Rosa Coroa/Andador Acqua Explorador Cinza/Roxo;ESTRUT. MET.AÇO.TUBULAR/48x60,5x70CM/SIST.DE TRAV. COM.DUAS.AÇÕES.CONSECUT.PARA.LIBER./PARAFUSOS.E. REBITES/BRINQUEDOS.E.ADESIVOS;7898431501615|7898431501622|7898431501639|7898431501684|7898431501691|7898431501707;Excluido;12/01/2024
935354/1982;Ativo;;05/08/2021;;;GALZERANO INDUSTRIA DE CARRINHOS E BERCOS LTDA;43594977000197;19999947357;Via Prefeito Jurandyr Paixão;700;;13481149;Jd. Campo Belo;Limeira;SP;luisfernando.camargo@galzerano.com.br;GALZERANO INDUSTRIA DE CARRINHOS E BERCOS LTDA;Andadores Infantis;Portaria Inmetro nº 129 de 19/03/2021;;CE-AND/IQB 000006 54618/21-001;;;N;Brasil;GALZERANO;Ref.: 4050-Andador Torino. Versões: 4050RO (Rosa), 4050TER (Terracota);Mat Tec poliest TNT Espum PP PA6 Master Tint Tub aço Item fix/aviam CxLxA(cm) 71x62,5x51,5 Trav Trilh plást c/ botão destrav e reg alt Acess Band brinq não remov retrov Carac Tec Pçs plást Tint Ferrag;7908200102247|7908200102254;Excluido;11/05/2022
897693/2022;Ativo;;01/12/2021;;;FAST TRADING IMPORTACAO, EXPORTACAO E COMERCIO DE BEBIDAS EIRELI;34076058000130;8130191960;AV. GOVERNADOR AGAMENON MAGALHÃES,  EDF. EMPRESSARIAL RENATO DIAS - ANDAR 15º, SALA 1502 ;4318;SALA 1502;52010075;PAISSANDU; RECIFE;PE;ricardo.ferreira@fasttradingimport.com.br;China Zhejiang Techincal Co. Ltd;Andadores Infantis;Portaria Inmetro nº 42 de 19/01/2018;;OCAN-AND.514/21-1;;;S;China, República Popular;Fast;602;Material:	PP, Ferro e Poliester/ Dimensões:	63 x 57 x 53 cm/ Sistema de Travamento: Travamento automático com liberação em duas ações consecutivas/ Sistema de Montagem e Ferragem: Manual	/Acessórios: ;;Incluido;01/12/2021
738614/1994;Inativo;;14/01/2021;;;GALZERANO INDUSTRIA DE CARRINHOS E BERCOS LTDA;43594977000197;1934043030;Via Prefeito Jurandyr Paixão;700;;13481149;Jd. Campo Belo;Limeira;SP;luisfernando.camargo@galzerano.com.br;HUNGSENG HARDWARE PLASTIC (DG) CORP., LTD;Andadores Infantis;Portaria Inmetro nº 42 de 19/01/2018;;CE-AND/IQB 000006 54018/20-001;;;S;China, República Popular;GALZERANO;Ref.: 4015-Andador 3 em 1 Fênix. Versões: 4015CR (Color);Mat Tec polié Espum Resin plást Itens fixação Dimens 103x103x72(cm) Sist travamento suporte plástico c/ encaixe Sist montagem/ferragem encaixes manuais Acessório: Bandeja de brinquedos não removíveis;7908200101936;Incluido;14/01/2021
002822/1932;Ativo;;07/02/2022;;;TUTTI BABY INDUSTRIA E COMERCIO DE ARTIGOS INFANTIS LTDA;06981862000129;4733794000;Rod. Guilherme Jensen, SC413, km13;0;;89108000;Distrito Industrial;Massaranduba;SC;certificacao@tuttibaby.com.br;TUTTI BABY INDUSTRIA E COMERCIO DE ARTIGOS INFANTIS LTDA;Andadores Infantis;Portaria Inmetro nº 129 de 19/03/2021;;IN2869325;Modelo 5;;N;Brasil;TUTTI BABY;ANDADOR SAFARI II-ANDADOR 40.002-40002003/40002004/40002007/40003004/40004002/40004003;MAT:PP E ALGODAO/DIM:51X61X70CM/SIS_TRAV:DOIS DISPOS TRAV INDEPEND SENDO OPER SIMULTÂNEAM./SIS_MONT/FERRG:REBITES,PARAFUSOS E ENCAIXE DE PÇS PLAST/ACESS:BAND. COM BRINQ/CARAC. DO MOD.:AND. C/ BRINQ NA;7898431501615|7898431501622|7898431501639|7898431501684|7898431501691|7898431501707;Excluido;27/02/2026
021323/2003;Inativo;;14/08/2019;;;Companhia Dorel Brasil Produtos Infantis;10659948000107;2135633602;Av. Nilo Peçanha;1516 /1582;Térreo;28030035;Pq dos Rodoviários;Campos dos Goytacaze;RJ;mariana.magalhaes@dorel.com.br;JIN SUN GEE PLASTIC CO.,LTD;Andadores Infantis;Portaria Inmetro nº 42 de 19/01/2018;;OCAN-AND.145/19-2;;;S;Formosa (Taiwan);Cosco;BG-2023;Nome Fantasia: Goal Walker 4 em 1. Cores: Rosa e Azul. Material: Ferro, Plástico, PP e PU. 74 x 44x 66.5 cm. Sistema de Travamento e Montagem: Manual. Acessórios: Bandeja de Brinquedos.;7898509478375|7898509478665;Incluido;14/08/2019
560710/1936;Ativo;;06/09/2024;;;TUTTI BABY INDUSTRIA E COMERCIO DE ARTIGOS INFANTIS LTDA;06981862000129;4733794000;Rod. Guilherme Jensen, SC413, km13;0;Galpão 01;89108000;Distrito Industrial;Massaranduba;SC;certificacao@tuttibaby.com.br;TUTTI BABY INDUSTRIA E COMERCIO DE ARTIGOS INFANTIS LTDA;Andadores Infantis;Portaria Inmetro nº 129 de 19/03/2021;;IN2321524;;;N;Brasil;TUTTI BABY;ANDADOR COMFORT/REF.ANDADOR COMFORT 40.005/40005004/40005003/40005011/40005028/40005007/40005010/40005006/40005029;MAT:PLAST.ENG/ALGODÃO/DIMEN:48X60,5X70CM/SIST.DE TRAV:DOIS DISP.DE TRAV.INDEP.SENDO OP.SIMUL/SIST.DE MONT.FERR:OUTROS:PARAF,MONT.PEÇAS PLAST./ACESS:BANDEIJA C/ BRINQ/CARAC.DO MOD:ANDADOR C/BRINQUEDO;7898431502063|7898431502070|7898431502087|7898431502094|7898431502100|7898431502117|7898431502124|7898431502131;Incluido;06/09/2024
978344/1942;Cancelado;;28/02/2020;;14/07/2025;COMÉRCIO E IMPORTAÇÃO DENISE LTDA;29963642000178;2125843843;RUA DO MILHO;72;A;21011090;PENHA CIRCULAR;RIO DE JANEIRO;RJ;comerciomybaby@hotmail.com;PING HU BEST CHILDREN'S CARRIER CO.LTD;Andadores Infantis;Portaria Inmetro nº 42 de 19/01/2018;;OCAN-AND.329/20-1;;;S;China, República Popular;MY BABY;A-1;VERSÕES: ROSA, AZUL, AZUL COM VERDE, AZUL COM VERMELHO, ROSA COM LILÁS, ROSA COM ROSA ESCURO;;Incluido;28/02/2020
770622/1995;Inativo;;19/04/2021;;;COMPANHIA DOREL BRASIL PRODUTOS INFANTIS;10659948000107;02135547024;Av. Nilo Peçanha;1516 /1582;Térreo;28030035;Pq dos Rodoviários;Campos dos Goytacaze;RJ;mariana.magalhaes@dorel.com.br;Jin Sun Gee Plastic Co.,Ltd;Andadores Infantis;Portaria Inmetro nº 42 de 19/01/2018;;OCAN-AND.145/21-5;;;S;Formosa (Taiwan);Safety 1st;HE001. Andador Spacewalker. Cores: Grey e Orange.;PP, Ferro, ABS. 58x65.5x71.5cm.Trav.Manual.Sist.Mont.Fren.Manual. Bandeja de Brinquedos.;7908238803932|7908283803949;Incluido;19/04/2021
981785/1989;Ativo;;29/04/2025;;;MD COMERCIO DE FERRAGENS LTDA;55274701000100;92981285408;AVENIDA JOAQUIM NABUCO;1094;A;69020030;Centro;Manaus;AM;mdcomerciodeferragensltda@gmail.com;PINGHU XIAOTIANDI CHILDREN''S PRODUCTS FACTORY;Andadores Infantis;Portaria Inmetro nº 129 de 19/03/2021;;IN2610925;Modelo 5;;S;China, República Popular;ULTRA BABY;REF: UBW-601 - ANDADOR INFANTIL MUSICAL PARA BEBÊ - NAVY BLUE / RED, GREEN / BLUE, ROYAL BLUE / TEAL, LIGHT PINK / LAVANDER, DARK PURPLE / PINK;MAT:PP,FERRO E POLIÉSTER/DIM:70X62,5X55CM/SIS_TRAV:LIBERAÇÃO EM 2 AÇÕES CONSECUTIVAS/SIS_MONT.E_FERRAGEM:MANUAL(SEM FERRAMENTA)/ACESSÓRIOS: N/A/CARACTERISTICAS_MODELO:ANDADOR COM BRINQUEDO ACOPLADO;7890012361120|7890012361137|7890012361144|7890012361151|7890012361168;Incluido;29/04/2025
283643/1987;Inativo;;11/01/2023;;;COMPANHIA DOREL BRASIL PRODUTOS INFANTIS;10659948000883;2135547024;Av. Nilo Peçanha;1516 ;Galpão 3 ;28030035;Pq dos Rodoviários;Campos dos Goytacaze;RJ;standard@dorel.com.br;Jin Sun Gee Plastics Co., Ltd;Andadores Infantis;Portaria Inmetro nº 129 de 19/03/2021;;IN1722522;;;S;Formosa (Taiwan);Cosco;BG-1518. Nome comercial: Follow. Versões: Azul e Laranja.;Ferro, plástico, PP,PET, PU e poliéster. 60 x 49 x 68 cm.Trav:Lib.2 ações cons., Encaixe,aces: Brinquedos.;7908238808043|7908238808050;Incluido;11/01/2023
275789/2016;Inativo;;14/08/2019;;;Companhia Dorel Brasil Produtos Infantis;10659948000107;2135633602;Av. Nilo Peçanha;1516 /1582;Térreo;28030035;Pq dos Rodoviários;Campos dos Goytacaze;RJ;mariana.magalhaes@dorel.com.br;JIN SUN GEE PLASTIC CO.,LTD;Andadores Infantis;Portaria Inmetro nº 42 de 19/01/2018;;OCAN-AND.145/19-2;;;S;Formosa (Taiwan);Cosco;BG-2023;Nome Fantasia: Goal Walker 4 em 1. Cores: Rosa e Azul. Material: Ferro, Plástico, PP e PU. 74 x 44x 66.5 cm. Sistema de Travamento e Montagem: Manual. Acessórios: Bandeja de Brinquedos.;7898509478375|7898509478665;Incluido;14/08/2019
569804/1942;Inativo;;14/01/2021;;;GALZERANO INDUSTRIA DE CARRINHOS E BERCOS LTDA;43594977000197;1934043030;Via Prefeito Jurandyr Paixão;700;;13481149;Jd. Campo Belo;Limeira;SP;luisfernando.camargo@galzerano.com.br;HUNGSENG HARDWARE PLASTIC (DG) CORP., LTD;Andadores Infantis;Portaria Inmetro nº 42 de 19/01/2018;;CE-AND/IQB 000006 54018/20-001;;;S;China, República Popular;GALZERANO;Ref.: 4015-Andador 3 em 1 Fênix. Versões: 4015CR (Color);Mat Tec polié Espum Resin plást Itens fixação Dimens 103x103x72(cm) Sist travamento suporte plástico c/ encaixe Sist montagem/ferragem encaixes manuais Acessório: Bandeja de brinquedos não removíveis;7908200101936;Incluido;14/01/2021
863808/1968;Ativo;;24/01/2025;;;PLANETA - IMPORTACAO E DISTRIBUICAO DE BRINQUEDOS LTDA;13434272000141;1138951572;AV VASCO MASSAFELI - GALPAO1 RUA A LADO IMPAR ANEXO;1000;MODULO1/21;06703600;JARDIM MARIA TEREZA;COTIA;SP;admin@planetadobebe.com.br;PLANETA - IMPORTACAO E DISTRIBUICAO DE BRINQUEDOS LTDA;Andadores Infantis;Portaria Inmetro nº 129 de 19/03/2021;;IN2476224;;;N;Brasil;REPLAY KIDS;ANDADOR QUICK/21680 / BELLA/21681 / PUPPY/21682 / ZOO/21683 / SPACE/21684 / RACING;M:POLIPROPILENO, ABS, AÇO,ELASTÔMERO TERMOPLÁSTICO E PVC/D:58X68X55CM/S.D/TRV:MANUAL (SEM FERRAMENTA)/ACS:N/A/CARACTERISTICAS DO MODELO:BANDEJA COM BRINQUEDO/ PLACA MUSICAL/PLACA ANTIDERRAPANTE;7899403216803|7899403216810|7899403216827|7899403216834|7899403216841;Incluido;24/01/2025
157812/1995;Ativo;;30/08/2021;;;TA TE TI INDUSTRIA E COMERCIO DE BRINQUEDOS EDUCATIVOS LTDA;30261120000103;4732422225;RUA TIRADENTES;230;;89107000;CENTRO;POMERODE;SC;qualidade3@grupocalesita.com.br;TA TE TI INDUSTRIA E COMERCIO DE BRINQUEDOS EDUCATIVOS LTDA;Andadores Infantis;Portaria Inmetro nº 129 de 19/03/2021;;CE-AND/IQB 000010 55962/23-001;Modelo 5;;N;Brasil;Tateti;Ref.915 - Move Baby Rosa;PP, METAL, TECIDO POLIESTER. DIMENSAO: 70,20X59,83X49,12CM. SIST. TRAVAMENTO:FREIO DIANTEIRO E TRASEIRO. SIST DE MONTAGEM: MANUAL/PARAFUSOS PP. ACESSORIOS:BANDEJA DE BRINQUEDOS;7898664632247;Incluido;02/03/2026
294938/2005;Cancelado;;28/02/2020;;14/07/2025;COMÉRCIO E IMPORTAÇÃO DENISE LTDA;29963642000178;2125843843;RUA DO MILHO;72;A;21011090;PENHA CIRCULAR;RIO DE JANEIRO;RJ;comerciomybaby@hotmail.com;PING HU BEST CHILDREN'S CARRIER CO.LTD;Andadores Infantis;Portaria Inmetro nº 42 de 19/01/2018;;OCAN-AND.329/20-1;;;S;China, República Popular;MY BABY;A-1;VERSÕES: ROSA, AZUL, AZUL COM VERDE, AZUL COM VERMELHO, ROSA COM LILÁS, ROSA COM ROSA ESCURO;;Incluido;28/02/2020
451816/2021;Ativo;;16/07/2025;;;KIDDO INDUSTRIA E COMERCIO LTDA;60688090000187;1147870744;Rodovia Regis Bittencourt ;3666;;06793000;Jardim Três Marias ;Taboão da Serra;SP;m.nascimento@kiddo.com.br;JIN SUN GEE PLASTIC CO., LTD;Andadores Infantis;Portaria Inmetro nº 129 de 19/03/2021;;IN2735125;Modelo 5;;S;China, República Popular;Whoop;ANDADOR PASSINHOS 2 EM 1 REF. 8701/CINZA/ROSA/AZUL;MATERIAL:PP. POLIES/DIMENSÕES:59,5X68X53CM/SIST.DE.TRAVAM.:LIBER.EM DUAS AÇÕES CONSECUTIVAS/SIST.DE.MONTAG.E.FERRAGEM:MANUAL (SEM AUX. DE FERRAM)/ACESSÓRIOS:BRINQ./CARACT. DO MODELO:ANDADOR C/ BRINQ.;7896517223871|7896517223888|7896517223895;Incluido;16/07/2025
745831/1947;Ativo;;04/08/2025;;;BAMBINO COMERCIAL LTDA;06006481000129;81987347022;R. 23;175;;53090190;RIO DOCE;OLINDA;PE;bambino.souza@terra.com.br;PINGHU XIAOTIANDI CHILDREN?S PRODUCTS FACTORY;Andadores Infantis;Portaria Inmetro nº 129 de 19/03/2021;;IN2750125;Modelo 5;;S;China, República Popular;BAMBINO;ANDADOR - BA01 - ROSA/AZUL;MAT:PP,FERRO E POLIÉSTER/DIM:70X62.5X51CM/SIS_TRAV:LIBERAÇÃO EM DUAS AÇÕES CONSECUTIVAS/SIS_MONT E FERRG:MANUAL(S/FERRAM.)/ACESS.:BRINQ.CEN.DE ATIVI./CARACT.DO MODELO:ANDADOR COM BANDEJA MUSICAL;7898576907150|7898576907167;Incluido;04/08/2025
583624/1931;Inativo;;11/11/2022;;;COMPANHIA DOREL BRASIL PRODUTOS INFANTIS;10659948000883;2135547024;Av. Nilo Peçanha;1516 /1582;Galpão 3 ;28030035;Pq dos Rodoviários;Campos dos Goytacaze;RJ;standard@dorel.com.br;Jin Sun Gee Plastics Co., Ltd;Andadores Infantis;Portaria Inmetro nº 129 de 19/03/2021;;IN1701622-1;;;S;Formosa (Taiwan);Cosco;BG-2023. Nome comercial: Goal Walker 4 em 1. Versões: Rosa e Azul.;Ferro, PP, PU e Pol, 74x44x66,5cm.Trav.real.único acion.,Mont: Manual(c/chave phil,n/inclusa). Aces: Brinq.;7898509478375|7898509478665;Incluido;11/11/2022
039835/1974;Ativo;;06/03/2023;;;BURIGOTTO S A INDUSTRIA E COMERCIO;51460277000138;1934464813;Rua Martino Dragone;280;;13480308;Jardim Santa Barbara;Liemira;SP;alison.smanioto@burigotto.com;JIN SUN GEE PLASTICS CO., LTD;Andadores Infantis;Portaria Inmetro nº 129 de 19/03/2021;;CE-AND/IQB 000004 55573/23-001;Modelo 5;;S;Formosa (Taiwan);BURIGOTTO;ANDADOR OLÉ CL - REF. IXAN5143CL;PP, AÇO, TECIDO / 590 X 690 X 550 MM / TRILHO PLÁSTICO COM BOTÃO DE TRAVA/DESTRAVA E REGULAGEM DE ALTURA / REBITES, PARAFUSOS E ENCAIXE DE PEÇAS PLÁSTICAS / BANDEJA COM 2 BRINQUEDOS DE PP E NYLON;7896502944248;Incluido;29/04/2026
333839/2000;Inativo;;02/04/2020;;;Galzerano Indústria de Carrinhos e Berços Ltda;43594977000197;1934043030;Via Prefeito Jurandyr Paixão;700;;13481149;Jd. Campo Belo;Limeira;SP;luisfernando.camargo@galzerano.com.br;FOSHAN SHUNDE QIJUN TOYS CO., LTD;Andadores Infantis;Portaria Inmetro nº 42 de 19/01/2018;;CE-AND/IQB 000006 53487/19-001;;;S;China, República Popular;GALZERANO;Ref.: 4090 - Liam. Versões: 4090CZ (Cinza), 4090PT (Preto);Mat: Tec poli Espum Resin plást Tinta Ferragens. Dim: 70x65x54(cm). Sist Trav: Trilho plást c/ botão destrav e reg de altura. Sist mont/ferragem: Manual. Acess: Bandej brinq não removív e retrovisores;7908200101431|7908200101448;Incluido;02/04/2020
627854/1926;Ativo;;09/12/2019;;;TAPUZIM COMERCIAL LTDA;00513418000100;1138569063;Av. Monte Celeste;230;250;02561000;Vila S. Maria;São Paulo;SP;ehs0770@hotmail.com;SHEN ZHEN WEI MEI CHILDCARE PRODUCT LIMITED COMPANY;Andadores Infantis;Portaria Inmetro nº 42 de 19/01/2018;;OCAN-AND.165/19-3;;;S;China, República Popular;baby style;CENTRO DE ATIVIDADES;VERSÕES: Andador play - Ref.5821 Andador meninos - Ref. 515211 Andador meninas - Ref. 51522. Material: Plástico, metal e tecido. Dimensões: 74 x 75 x 18 cm Sistema de Travamento: Stoper Sistema de Mon;4079515211993|4079515222999|4532582122994;Incluido;09/12/2019
921858/1952;Ativo;;06/03/2023;;;BURIGOTTO S A INDUSTRIA E COMERCIO;51460277000138;1934464813;Rua Martino Dragone;280;;13480308;Jardim Santa Barbara;Liemira;SP;alison.smanioto@burigotto.com;JIN SUN GEE PLASTICS CO., LTD;Andadores Infantis;Portaria Inmetro nº 129 de 19/03/2021;;CE-AND/IQB 000004 55573/23-001;Modelo 5;;S;Formosa (Taiwan);BURIGOTTO;ANDADOR OLÉ CL (REF.COM.  IXAN5143CL);PP, AÇO, TECIDO / 590 X 690 X 550 MM / TRILHO PLÁSTICO COM BOTÃO DE TRAVA/DESTRAVA E REGULAGEM DE ALTURA / REBITES, PARAFUSOS E ENCAIXE DE PEÇAS PLÁSTICAS / BANDEJA COM 2 BRINQUEDOS DE PP E NYLON;7896502944248;Excluido;29/04/2026
215862/1979;Inativo;;14/08/2019;;;Companhia Dorel Brasil Produtos Infantis;10659948000107;2135633602;Av. Nilo Peçanha;1516 /1582;Térreo;28030035;Pq dos Rodoviários;Campos dos Goytacaze;RJ;mariana.magalhaes@dorel.com.br;JIN SUN GEE PLASTIC CO.,LTD;Andadores Infantis;Portaria Inmetro nº 42 de 19/01/2018;;OCAN-AND.145/19-1;;;S;Formosa (Taiwan);Voyage;BG-1518;Nome Fantasia: Baby Step. Cores: Rosa e Azul. Material: Ferro, Plástico e Polipropileno. 60x49x68cm. Sistema Travamento e Montagem:Manual. Acessórios: Bandeja.;7908238801280|7908238801297;Incluido;14/08/2019
509866/2005;Ativo;;09/09/2026;;;TUTTI BABY INDUSTRIA E COMERCIO DE ARTIGOS INFANTIS LTDA;06981862000129;4733794000;Rua Vicente Zanotti;177;Galpão 01;89381270;Industrial Zaferino ;Massaranduba;SC;heloiza.souza@tuttibaby.com.br;TUTTI BABY INDUSTRIA E COMERCIO DE ARTIGOS INFANTIS LTDA;Andadores Infantis;Portaria Inmetro nº 129 de 19/03/2021;;CE-AND/IQB 000013 57036/26-001;Modelo 5;;N;Brasil;TUTTI BABY;ANDADOR SAFARI - REF. 40002003,40002004,40002007,40003004,40004002,40004003;ESTRU.MET.:ACO TUBULAR,BRINQ:PLAST. DE ENG.,REVEST. TEXTIL:ALGODAO/51X61X70 CM/DOIS DISP. DE TRAV. INDEPENDENTES SENDO OPERADOS SIMULT./PARAFUSOS E MONT. DE PÇS PLAST./BRINQ. CERTIF.E ADESIVO-57036/26;7898431501615|7898431501622|7898431501639|7898431501684|7898431501691|7898431501707;Incluido;09/09/2026
298703/2011;Ativo;;29/01/2025;;;MD COMERCIO DE FERRAGENS LTDA;55274701000100;92981285408;AVENIDA JOAQUIM NABUCO, ;1094;A;69020030;CENTRO;MANAUS;AM;monadowlani@gmail.com;Hebei Zhongtai Bicycle manufacturing Co,. Ltd;Andadores Infantis;Portaria Inmetro nº 129 de 19/03/2021;;IN2520425;;;S;China, República Popular;ULTRA BABY;ANDADOR INFANTIL MUSICAL PARA BEBÊ/REF.:UBW-1026/PINK/GREEN/BLUE;MAT:PU,PP,AÇO,POLIÉSTER,ABS/DIM:70X60X55CM/SIST.DE TRAV.:LIB.EM DUAS AÇÕ.CONS./SIS.DE MONT.E FER.:MAN.(S/FERR.)/ACESS.:BANDE.COM BRINQ./CARAC.DO MODE.:ANDAD.C/BRINQ;7890012365050|7890012366064|7890012367078;Incluido;29/01/2025
999046/2025;Ativo;;05/08/2021;;;GALZERANO INDUSTRIA DE CARRINHOS E BERCOS LTDA;43594977000197;19999947357;Via Prefeito Jurandyr Paixão;700;;13481149;Jd. Campo Belo;Limeira;SP;luisfernando.camargo@galzerano.com.br;GALZERANO INDUSTRIA DE CARRINHOS E BERCOS LTDA;Andadores Infantis;Portaria Inmetro nº 129 de 19/03/2021;;CE-AND/IQB 000006 54618/21-001;;;N;Brasil;GALZERANO;Ref.: 4050-Andador Torino. Versões: 4050EST (Estrela), 4050SPR (Spring);Tecido Pes, TNT, Espuma, PP, PA6, Master, Tinta, Tubo de aço. CxLxA(cm) 71x62,5x51,5 Travamento: Trilho plástico c/ botão de destrave e regulagem de altura. Montagem: Manual. Acess: Brinquedo acoplado;7908200102520|7908200102537;Incluido;17/01/2024
161901/1960;Inativo;;02/04/2020;;;Galzerano Indústria de Carrinhos e Berços Ltda;43594977000197;1934043030;Via Prefeito Jurandyr Paixão;700;;13481149;Jd. Campo Belo;Limeira;SP;luisfernando.camargo@galzerano.com.br;FOSHAN SHUNDE QIJUN TOYS CO., LTD;Andadores Infantis;Portaria Inmetro nº 42 de 19/01/2018;;CE-AND/IQB 000006 53487/19-001;;;S;China, República Popular;GALZERANO;Ref.: 4090 - Liam. Versões: 4090CZ (Cinza), 4090PT (Preto);Mat: Tec poli Espum Resin plást Tinta Ferragens. Dim: 70x65x54(cm). Sist Trav: Trilho plást c/ botão destrav e reg de altura. Sist mont/ferragem: Manual. Acess: Bandej brinq não removív e retrovisores;7908200101431|7908200101448;Incluido;02/04/2020
803881/1931;Ativo;;07/02/2022;;;TUTTI BABY INDUSTRIA E COMERCIO DE ARTIGOS INFANTIS LTDA;06981862000129;4733794000;Rod. Guilherme Jensen, SC413, km13;0;;89108000;Distrito Industrial;Massaranduba;SC;certificacao@tuttibaby.com.br;TUTTI BABY INDUSTRIA E COMERCIO DE ARTIGOS INFANTIS LTDA;Andadores Infantis;Portaria Inmetro nº 129 de 19/03/2021;;IN2869325;Modelo 5;;N;Brasil;Tutti Baby;Andador Safari Plus II (Azul / Rosa / Vermelho);ESTRUT. MET.AÇO.TUBULAR/48x60,5x70CM/SIST.DE TRAV. COM.DUAS.AÇÕES.CONSECUT.PARA.LIBER./PARAFUSOS.E. REBITES/BRINQUEDOS.E.ADESIVOS;7898431501615|7898431501622|7898431501639;Excluido;08/04/2022
097885/1958;Ativo;;07/03/2024;;;COMPANHIA DOREL BRASIL PRODUTOS INFANTIS;10659948000107;2135547024;Av. Nilo Peçanha;1516;1582;28030035;Pq dos Rodoviários;Campos dos Goytacaze;RJ;standard@dorel.com.br;COMPANHIA DOREL BRASIL PRODUTOS INFANTIS;Andadores Infantis;Portaria Inmetro nº 129 de 19/03/2021;;IN2040823;Modelo 5;;N;Brasil;Infanti;APPIA - HE022 - AZUL/ROSA - MAT.:PP, POLIÉSTER,PTA, EG, POLIPROPILENO E POLIETILENO.DIMENSÕES:56,5X68X60,5CM/;SIST. DE TRAVAMENTO: LIBERAÇÃO EM 2 AÇÕES CONSECUTIVAS/SIST. DE MONTAGEM E FERRAGEM: MANUAL (S/ FERRAMENTAS)/ACES.: BANDEJA DE BRINQUEDOS/ANDADOR COM BRINQUEDO;7908238809774|7908238809781;Excluido;10/04/2026
796988/1937;Ativo;;07/02/2022;;;TUTTI BABY INDUSTRIA E COMERCIO DE ARTIGOS INFANTIS LTDA;06981862000129;4733794000;Rod. Guilherme Jensen, SC413, km13;0;;89108000;Distrito Industrial;Massaranduba;SC;certificacao@tuttibaby.com.br;TUTTI BABY INDUSTRIA E COMERCIO DE ARTIGOS INFANTIS LTDA;Andadores Infantis;Portaria Inmetro nº 129 de 19/03/2021;;IN2869325;Modelo 5;;N;Brasil;TUTTI BABY;DESIGNAÇÃO COMERC SAFARI II (AZUL/ROSA/VERMELHO),PRINCESA ROSA COROA,ACQUA,EXPLORADOR (CINZA/ ROXO) CÓD D REF COMERC:ANDAD 40.002/40002003/40002004/40002007/40003004/40004002/40004003;MAT:ESTRUTURA METALICA - AÇO TUBULAR/DIM:48X60,5X70CM/SIST DE TRAVA:LIBERAÇ EM 2AÇÕES CONSECUT/SIST DE MONTAGEM E FERRAGEM:PARAFUSOS E REBITES/ACESSÓ:BRINQUEDOS E ADESIVOS/CARACT DO MODELO:ANDADOR C B;7898431501615|7898431501622|7898431501639|7898431501684|7898431501691|7898431501707;Excluido;26/04/2024
467200/2004;Ativo;;30/06/2026;;;MARKETGOOL TRADING IMPORTACAO E EXPORTACAO LTDA;18787076000174;11947652325;ROD RODOLFO JAHN;326;ANEXO 92;89237680; VILA NOVA;JOINVILLE;SC;alexandre.morroni@hotmail.com;PINGHU XIAOTIANDI CHILDREN''S PRODUCTS FACTORY;Andadores Infantis;Portaria Inmetro nº 129 de 19/03/2021;;IN3048926;Modelo 5;;S;China, República Popular;MARKETGOOL;Designação Comercial: Andador Marketgool / Código de referência comercial / MKG-010 / ROSA;Mat: PP, FERRO E POLIÉSTER / Dim: 65X55X45 CM/ SIST DE TRAV: Liberação em duas ações consecutivas/ Acess: Brinquedo do andador/ Caract do mod: Andador com Brinquedo;0070341132777;Incluido;30/06/2026
391889/1984;Ativo;;15/12/2023;;;MADHULA COMERCIO DE ARTIGOS ELETROELETRONICOS LTDA;03838532000190;62811924131;Rua Marcilio Dias;166;;69005270;Centro;Manaus;AM;dgjohnny@gmail.com;PINGHU SHI XIAOTIANDI CHILDREN''S PRODUCTS FACTORY;Andadores Infantis;Portaria Inmetro nº 129 de 19/03/2021;;IN1983523;;;S;China, República Popular;BENMEK;ANDADOR MADHULA/REF.: MA100/VERSÕES:Verde e Azul - MA100VA,Rosa e Roxo - MA100RR,Branco e Azul Escuro - MA100BAE,Amarelo e Vermelho - MA100AV;MAT:PP, FERRO E POLIÉSTER/DIMEN.:63 X 57 X 53 CM/SIST. TRAVAMENTO:Liberação em duas ações consecutivas/SIST. MONTAGEM E FERRAGEM:MANUAL(SEM FERRAMENTA)/ACESS.:n/a/CARACTERÍSTICAS: ANDADOR COM BRINQUED;6901031000158;Incluido;15/12/2023
685893/2010;Ativo;;07/08/2024;;;AMAZONAS IMPORTADOS LTDA;07269201000138;9691131654;Rua Independência;175;;68900090;Central;Macapa;AP;adriana.abreu@amazonasimportados.com.br;YIWU BALBIAN ELECTRONIC TECHNOLOGICAL CO., LTD;Andadores Infantis;Portaria Inmetro nº 129 de 19/03/2021;;IN2086424-4;;;S;China, República Popular;LÉ PETIT;MODE:BABY WALKER/REF:LP-9917/ CONT: ANDADOR COM BRINQUEDO ACOPLADO/VERSÕES:AZUL,VERMELHO,AMARELO,ROSA.;MAT:PP E POLIÉSTER/DIM:65X54X49CM/SIST DE TRAV:LIBERAÇÃO EM DUAS AÇÕES CONSECUTIVAS/SIST DE MONT E FERRA :MANUAL (SEM FERRAMENTA)/ACES:N/A.CARACTERISTICAS DO MODELO:;7453116024706;Incluido;07/08/2024
937242/1935;Ativo;;07/03/2024;;;MADHULA COMERCIO DE ARTIGOS ELETROELETRONICOS LTDA;03838532000190;63881924131;Rua Marcilio Dias;166;;69005270;Centro;Manaus;AM;ltdamcg@gmail.com;PINGHU SHI XIAOTIANDI CHILDREN''S PRODUCTS FACTORY;Andadores Infantis;Portaria Inmetro nº 129 de 19/03/2021;;IN2088024;;;S;China, República Popular;BENMEK;ANDADOR MADHULA - MA101 - ROSA-MA101R/AZUL-MA101A/VERDE-MA101V/LARANJA-MA101L;MAT.:PP,FERRO E POLIÉSTER/DIM.:63X57X53CM/SIST.TRAVA.:LIBERAÇÃO EM DUAS AÇÕES CONSECUTIVAS/SIST.MONT.FERRA.:MANUAL(SEM FERRAMENTA)/ACESSÓRIOS:N/A/CARACTERISTICAS DO MODELO: ANDADOR COM BRINQUEDO;6901031000158;Incluido;07/03/2024
979908/1936;Ativo;;06/03/2023;;;BURIGOTTO S A INDUSTRIA E COMERCIO;51460277000138;1934464813;Rua Martino Dragone;280;;13480308;Jardim Santa Barbara;Liemira;SP;alison.smanioto@burigotto.com;JIN SUN GEE PLASTICS CO., LTD;Andadores Infantis;Portaria Inmetro nº 129 de 19/03/2021;;CE-AND/IQB 000004 55573/23-001;Modelo 5;;S;Formosa (Taiwan);BURIGOTTO;ANDADOR OLÉ CL - REF. IXAN5143CL;PP, AÇO, TECIDO / 590 X 690 X 550 MM / TRILHO PLÁSTICO COM BOTÃO DE TRAVA/DESTRAVA E REGULAGEM DE ALTURA / REBITES, PARAFUSOS E ENCAIXE DE PEÇAS PLÁSTICAS / BANDEJA COM 2 BRINQUEDOS DE PP E NYLON;7896502944248;Incluido;29/04/2026
351111/1936;Ativo;;24/01/2025;;;PLANETA - IMPORTACAO E DISTRIBUICAO DE BRINQUEDOS LTDA;13434272000141;1138951572;AV VASCO MASSAFELI - GALPAO1 RUA A LADO IMPAR ANEXO;1000;MODULO1/21;06703600;JARDIM MARIA TEREZA;COTIA;SP;admin@planetadobebe.com.br;PLANETA - IMPORTACAO E DISTRIBUICAO DE BRINQUEDOS LTDA;Andadores Infantis;Portaria Inmetro nº 129 de 19/03/2021;;IN2476224;;;N;Brasil;REPLAY KIDS;ANDADOR QUICK/21680 / BELLA/21681 / PUPPY/21682 / ZOO/21683 / SPACE/21684 / RACING;M:POLIPROPILENO, ABS, AÇO,ELASTÔMERO TERMOPLÁSTICO E PVC/D:58X68X55CM/S.D/TRV:MANUAL (SEM FERRAMENTA)/ACS:N/A/CARACTERISTICAS DO MODELO:BANDEJA COM BRINQUEDO/ PLACA MUSICAL/PLACA ANTIDERRAPANTE;7899403216803|7899403216810|7899403216827|7899403216834|7899403216841;Incluido;24/01/2025
028853/2015;Ativo;;07/03/2024;;;MADHULA COMERCIO DE ARTIGOS ELETROELETRONICOS LTDA;03838532000190;63881924131;Rua Marcilio Dias;166;;69005270;Centro;Manaus;AM;ltdamcg@gmail.com;PINGHU SHI XIAOTIANDI CHILDREN''S PRODUCTS FACTORY;Andadores Infantis;Portaria Inmetro nº 129 de 19/03/2021;;IN2088024;;;S;China, República Popular;BENMEK;ANDADOR MADHULA - MA101 - ROSA-MA101R/AZUL-MA101A/VERDE-MA101V/LARANJA-MA101L;MAT.:PP,FERRO E POLIÉSTER/DIM.:63X57X53CM/SIST.TRAVA.:LIBERAÇÃO EM DUAS AÇÕES CONSECUTIVAS/SIST.MONT.FERRA.:MANUAL(SEM FERRAMENTA)/ACESSÓRIOS:N/A/CARACTERISTICAS DO MODELO: ANDADOR COM BRINQUEDO;6901031000158;Incluido;07/03/2024
273912/1963;Ativo;;31/08/2026;;;MADHULA COMERCIO DE ARTIGOS ELETROELETRONICOS LTDA;03838532000190;92994433107;Rua Marcilio Dias;166;;69005270;Centro;Manaus;AM;mayapunjwani@gmail.com;PINGHU XIAOTIANDI CHILDRENS PRODUCTS FACTORY;Andadores Infantis;Portaria Inmetro nº 129 de 19/03/2021;;IN3141126-1;Modelo 5;;S;China, República Popular;BENMEK;MADHULA/ MA100/ Verde e Azul - MA100VA/ Rosa e Roxo - MA100RR/ Branco e Azul Escuro - MA100BAE/ Amarelo e Vermelho - MA100AV;MAT.:PP, FERRO E POLIÉSTER/DIM.:63X57X53 CM/SIST. DE TRAV.: LIBERAÇÃO EM DUAS AÇÕES CONSECUTIVAS/SIST. MONT. E FERR.:MANUAL (SEM FERRAMENTA)/ACESS.:BRINQUEDO/CARACT. DO MOD.: ANDADOR COM BRINQUEDO;6901031000158;Incluido;31/08/2026
834325/1938;Inativo;;12/01/2023;;;COMPANHIA DOREL BRASIL PRODUTOS INFANTIS;10659948000883;2135547024;Av. Nilo Peçanha;1516 ;Galpão 3 ;28030035;Pq dos Rodoviários;Campos dos Goytacaze;RJ;standard@dorel.com.br;Jin Sun Gee Plastics Co., Ltd;Andadores Infantis;Portaria Inmetro nº 129 de 19/03/2021;;IN1701622-3;;;S;Formosa (Taiwan);Safety 1st;HE001. Nome comercial: Spacewalker 3 em 1. Versões: Grey, Orange.;PP,Ferro,Aço,ABS,PVC,POM,TPR,MB475,Pol,65.5x50x71.5cm.Trav:Lib.2ações cons.,Mont:Manual.Aces.Brinq.;7908238803932|7908238803949;Incluido;12/01/2023
567916/1989;Inativo;;14/08/2019;;;Companhia Dorel Brasil Produtos Infantis;10659948000107;2135633602;Av. Nilo Peçanha;1516 /1582;Térreo;28030035;Pq dos Rodoviários;Campos dos Goytacaze;RJ;mariana.magalhaes@dorel.com.br;JIN SUN GEE PLASTIC CO.,LTD;Andadores Infantis;Portaria Inmetro nº 42 de 19/01/2018;;OCAN-AND.145/19-1;;;S;Formosa (Taiwan);Voyage;BG-1518;Nome Fantasia: Baby Step. Cores: Rosa e Azul. Material: Ferro, Plástico e Polipropileno. 60x49x68cm. Sistema Travamento e Montagem:Manual. Acessórios: Bandeja.;7908238801280|7908238801297;Incluido;14/08/2019
218063/1991;Ativo;;31/10/2025;;;MD COMERCIO DE FERRAGENS LTDA;55274701000100;92985975259;Avenida Joaquim Nabuco;1094;A;69020030;Centro;Manaus;AM;mdcomerciodeferragensltda@gmail.com;Xingtai Pandelo Technology Co.,Ltd;Andadores Infantis;Portaria Inmetro nº 129 de 19/03/2021;;IN2824825;Modelo 5;;S;China, República Popular;ULTRA BABY;ANDADOR INFANTIL MUSICAL PARA BEBÊ - UBW -305 - N/A - BABY PINK / BARBIE PINK/RED / WHITE/ROYAL BLUE /ORANGE / WHITE/LIGHT BLUE / WHITE;MAT:PP,FERRO E POLIÉ./DIM.:68X59X52 CM/SIST.DE TRAV.:LIB.EM DUAS AÇÕES CONS./SIST.DE MONT. E FERR.:MAN.(S/FERRAM.)/ACESS.:N/A/CARACTERISTICAS DO MODELO:ANDADOR COM BRINQUEDO ACOPLADO;7890012361007|7890012361113|7890012368082|7890012369096;Incluido;31/10/2025
861920/2015;Ativo;;27/03/2026;;;HEMNANI COMERCIO DE VARIEDADES LTDA.;05469291000185;9232330121;Rua Marcílio Dias;304;;69005270;Centro;Manaus;AM;hemnanibr@yahoo.com;PINGHU XIAOTIANDI CHILDREN?S PRODUCTS FACTORY;Andadores Infantis;Portaria Inmetro nº 129 de 19/03/2021;;IN2911926;Modelo 5;;S;China, República Popular;SITA;ANDADOR AKH602 - AKH602 - AVIÃO - AVIAO;MAT:PP,FERRO E POLIE./DIM:70 X62.5 X 51 CM/SISTEMA DE TRAVAMENTO:LIBERAÇÃO EM DUAS AÇÕES CONSECUTIVAS/SISTEMA DE MONTAGEM E FERRAGEM:MAN.(S/FERRAM.)/ACESS:BAND.MUSI./CARAC.DO MOD.:AND.COM BAND.MUSI.;0618231660148;Incluido;27/03/2026
085026/1946;Ativo;;06/09/2024;;;TUTTI BABY INDUSTRIA E COMERCIO DE ARTIGOS INFANTIS LTDA;06981862000129;4733794000;Rod. Guilherme Jensen, SC413, km13;0;Galpão 01;89108000;Distrito Industrial;Massaranduba;SC;certificacao@tuttibaby.com.br;TUTTI BABY INDUSTRIA E COMERCIO DE ARTIGOS INFANTIS LTDA;Andadores Infantis;Portaria Inmetro nº 129 de 19/03/2021;;IN2321524;;;N;Brasil;TUTTI BABY;ANDADOR COMFORT/REF.ANDADOR COMFORT 40.005/40005004/40005003/40005011/40005028/40005007/40005010/40005006/40005029;MAT:PLAST.ENG/ALGODÃO/DIMEN:48X60,5X70CM/SIST.DE TRAV:DOIS DISP.DE TRAV.INDEP.SENDO OP.SIMUL/SIST.DE MONT.FERR:OUTROS:PARAF,MONT.PEÇAS PLAST./ACESS:BANDEIJA C/ BRINQ/CARAC.DO MOD:ANDADOR C/BRINQUEDO;7898431502063|7898431502070|7898431502087|7898431502094|7898431502100|7898431502117|7898431502124|7898431502131;Incluido;06/09/2024
155935/1942;Ativo;;19/06/2026;;;LILI FLORES ARTESANAIS LTDA;50509301000113;2199999999;R SANTO SEPULCRO;00279;;21350220;MADUREIRA;RIO DE JANEIRO;RJ;xiaoweiliu663@gmail.com;PINGHU XIAOTIANDI CHILDREN''S PRODUCTS FACTORY ;Andadores Infantis;Portaria Inmetro nº 129 de 19/03/2021;;IN3051726;Modelo 5;;S;China, República Popular;LILI;MOD:ANDADOR LL-2931 / CÓD. DE REFERÊNCIA COMERCIAL: LL-2931 / AZUL,ROSA,VERDE;MAT.:PP, POLIÉSTER E POLIETILENO/DIM:56,5X68X60,5CM/ SIST.TRAV.:LIBERAÇÃO EM DUAS AÇÕES CONSECUTIVAS/SIST. MONT.:LIBERAÇÃO EM DUAS AÇÕES CONSECUTIVAS/SEM ACESSÓRIOS/ANDADOR COM BRINQUEDO INTERATIVO;;Incluido;19/06/2026
306233/2023;Ativo;;22/11/2023;;;JASSUMAL LTDA;04214425000154;62811924131;AV SETE SETEMBRO;852;;69005140;CENTRO;MANAUS;AM;dgjohnny@gmail.com;PINGHU SHI XIAOTIANDI CHILDREN?S PRODUCTS FACTORY;Andadores Infantis;Portaria Inmetro nº 129 de 19/03/2021;;IN1984323;;;S;China, República Popular;BABY SPORTS;ANDADOR JASSUMAL /REF: BS103 /VERSÕES:Azul Claro e Escuro - BS103A/Rosa Claro e Escuro - BS103R/Roxo e Rosa Escuro - BS103RR;MATERIAL:PP, FERRO E POLIÉSTER|DIMENSÕES:63 X 57 X 53 CM|SISTEMA DE TRAVAMENTO:LIBERAÇÃO EM DUAS AÇÕES CONSECUTIVAS|SISTEMA DE MONTAGEM E FERRAGEM:MANUAL (SEM FERRAMENTA)|ACESSÓRIOS:N/A|CARACTERISTICA;6901041000155;Incluido;22/11/2023
449939/1968;Ativo;;17/06/2024;;;MEGA COMPRAS PRESENTES.COM LTDA;02561195000174;4191284769;RUA ELDORADO;511;511;09550720;PROSPERIDADE;SÃO CAETANO DO SUL;SP;contabilidade@grupogmac.com;HEBEI HAOKU CHILDREN TOYS CO., LTD;Andadores Infantis;Portaria Inmetro nº 129 de 19/03/2021;;IN2152424;;;S;China, República Popular;MEGA COMPRAS;ANDADOR PARA BEBÊS-PREMIUM-REF:MC923/MC923AZ/MC923RS/MC923CZ/MATERIAL:PP E POLIÉSTER/DIMENSÕES:65X 48X46 CM/ CONT: ANDADOR COM BRINQUEDO ACOPLADO;SISTEMA DE TRAVAMENTO:DOIS DISPOSITIVOS DE TRAVAMENTO INDEPENDENTES SENDO OPERADOS SIMULTÂNEAMENTE/SISTEMA DE MONTAGEM E FERRAGEM:MANUAL (SEM FERRAMENTA)/ACESSÓRIOS:BRINQUEDO/CARACTERISTICAS DO MODELO;7898692799028|7898692799578|7898692799585;Incluido;17/06/2024
205204/1979;Ativo;;05/08/2021;;;GALZERANO INDUSTRIA DE CARRINHOS E BERCOS LTDA;43594977000197;19999947357;Via Prefeito Jurandyr Paixão;700;;13481149;Jd. Campo Belo;Limeira;SP;luisfernando.camargo@galzerano.com.br;GALZERANO INDUSTRIA DE CARRINHOS E BERCOS LTDA;Andadores Infantis;Portaria Inmetro nº 129 de 19/03/2021;;CE-AND/IQB 000006 54618/21-001;;;N;Brasil;GALZERANO;Ref.: 4050-Andador Torino. Versões: 4050EST (Estrela), 4050SPR (Spring);Tecido Pes, TNT, Espuma, PP, PA6, Master, Tinta, Tubo de aço. CxLxA(cm) 71x62,5x51,5 Travamento: Trilho plástico c/ botão de destrave e regulagem de altura. Montagem: Manual. Acess: Brinquedo acoplado;7908200102520|7908200102537;Incluido;17/01/2024
743943/1994;Inativo;;19/04/2021;;;COMPANHIA DOREL BRASIL PRODUTOS INFANTIS;10659948000107;02135547024;Av. Nilo Peçanha;1516 /1582;Térreo;28030035;Pq dos Rodoviários;Campos dos Goytacaze;RJ;mariana.magalhaes@dorel.com.br;Jin Sun Gee Plastic Co.,Ltd;Andadores Infantis;Portaria Inmetro nº 42 de 19/01/2018;;OCAN-AND.145/21-5;;;S;Formosa (Taiwan);Safety 1st;HE001. Andador Spacewalker. Cores: Grey e Orange.;PP, Ferro, ABS. 58x65.5x71.5cm.Trav.Manual.Sist.Mont.Fren.Manual. Bandeja de Brinquedos.;7908238803932|7908283803949;Incluido;19/04/2021
037947/2021;Ativo;;30/08/2021;;;TA TE TI INDUSTRIA E COMERCIO DE BRINQUEDOS EDUCATIVOS LTDA;30261120000103;4732422225;RUA TIRADENTES;230;;89107000;CENTRO;POMERODE;SC;qualidade3@grupocalesita.com.br;TA TE TI INDUSTRIA E COMERCIO DE BRINQUEDOS EDUCATIVOS LTDA;Andadores Infantis;Portaria Inmetro nº 129 de 19/03/2021;;CE-AND/IQB 000010 55962/23-001;Modelo 5;;N;Brasil;Tateti;Ref.914 - Move Baby;PP, METAL, TECIDO POLIESTER. DIMENSAO: 70,20X59,83X49,12CM. SIST. TRAVAMENTO:FREIO DIANTEIRO E TRASEIRO. SIST DE MONTAGEM: MANUAL/PARAFUSOS PP. ACESSORIOS:BANDEJA DE BRINQUEDOS;7898664632230;Incluido;02/03/2026
331962/1947;Ativo;;13/04/2026;;;VG SHOP COMERCIO ON LINE LTDA;16857384000365;1149690505;RUA PROJETADA SN KM 15 NUCLEO AGUA COMPRIDA;0;KM 15;37600000;AGUA COMPRIDA;CAMBUI;MG;gilson@vgshop.com.br;YONGXING SPORTS LIMITED;Andadores Infantis;Portaria Inmetro nº 129 de 19/03/2021;;IN2982826;Modelo 5;;S;China, República Popular;MULTMAXX;Desig. Com. andador infantil com empurrador Cod. Ref. MTX150 / MTX151 Quant. (aplic. para mod. 1b) n/a Mat: poliéster, abs, pp e borracha Dim. 76x65x65cm Sis. Trav. dois dispositivos independentes sendo operador simultaneamente;Sis. de Mont. e Ferragem: manual (com ferramenta) acess: N/A Car.do mod: andador ccom empurrador e brinquedo musical Vers. MTX150 cinza MTX151 rosa;7898758400394|7898758400400;Incluido;13/04/2026
961709/2024;Ativo;;24/01/2025;;;PLANETA - IMPORTACAO E DISTRIBUICAO DE BRINQUEDOS LTDA;13434272000141;1138951572;AV VASCO MASSAFELI - GALPAO1 RUA A LADO IMPAR ANEXO;1000;MODULO1/21;06703600;JARDIM MARIA TEREZA;COTIA;SP;admin@planetadobebe.com.br;PLANETA - IMPORTACAO E DISTRIBUICAO DE BRINQUEDOS LTDA;Andadores Infantis;Portaria Inmetro nº 129 de 19/03/2021;;IN2476224;;;N;Brasil;REPLAY KIDS;ANDADOR QUICK/21680 / BELLA/21681 / PUPPY/21682 / ZOO/21683 / SPACE/21684 / RACING;M:POLIPROPILENO, ABS, AÇO,ELASTÔMERO TERMOPLÁSTICO E PVC/D:58X68X55CM/S.D/TRV:MANUAL (SEM FERRAMENTA)/ACS:N/A/CARACTERISTICAS DO MODELO:BANDEJA COM BRINQUEDO/ PLACA MUSICAL/PLACA ANTIDERRAPANTE;7899403216803|7899403216810|7899403216827|7899403216834|7899403216841;Incluido;24/01/2025
933477/1929;Ativo;;03/04/2023;;;PLANETA - IMPORTACAO E DISTRIBUICAO DE BRINQUEDOS LTDA;13434272000141;1138951572;AV VASCO MASSAFELI;1000;G1A M1-21;06703600;JARDIM MARIA TEREZA;COTIA;SP;admin@planetadobebe.com.br;HEBEI WANXIN CHILDREN TOYS CO.,LTD.;Andadores Infantis;Portaria Inmetro nº 129 de 19/03/2021;;IN1765923;Modelo 5;;S;China, República Popular;MAXI BABY;ANDADOR LA BAMBA - NW-01 - AZUL #21537/ROSA #21538/VERMELHO #75268;MAT:PP E PART.ABS,AÇOD.ALTOCARB.RODAELASTÔM.TERMOP.,PVC/DIM:580X680X550(LXCXH)/SIS_TRAV:LIBER.EM 2 AÇÕES CONS./SIS_MONT E FERRG:MAN.(S/FERM)/ACES:BANDJ C BRI./CARAC.D.M.:ANDAD.C BRINQ.REG.002149/2023 ;7898975752689|7899403215370|7899403215387;Incluido;18/03/2026
839654/1938;Ativo;;16/09/2024;;;AMAZONAS IMPORTADOS LTDA;07269201000138;9691131654;Rua Independência;175;;68900090;Central;Macapa;AP;adriana.abreu@amazonasimportados.com.br;YIWU BALBIAN ELECTRONIC TECHNOLOGICAL CO., LTD;Andadores Infantis;Portaria Inmetro nº 129 de 19/03/2021;;IN2086424-1;;;S;China, República Popular;LÉ PETIT;MODE:BABY WALKER/REF:LP-9517/ CONT: ANDADOR COM BRINQUEDO ACOPLADO/VERSÕES:AZUL,ROSA,VERDE,;MAT:PP E POLIÉSTER/DIM:62X55,5X50CM/SIST DE TRAV:LIBERAÇÃO EM DUAS AÇÕES CONSECUTIVAS/SIST DE MONT E FERRAGEM:MANUAL (SEM FERRAMENTA)/ACESSÓRIOS:N/A.CARACTERISTICAS DO MODELO:;453068745717;Incluido;16/09/2024
625966/1973;Ativo;;24/01/2025;;;PLANETA - IMPORTACAO E DISTRIBUICAO DE BRINQUEDOS LTDA;13434272000141;1138951572;AV VASCO MASSAFELI - GALPAO1 RUA A LADO IMPAR ANEXO;1000;MODULO1/21;06703600;JARDIM MARIA TEREZA;COTIA;SP;admin@planetadobebe.com.br;PLANETA - IMPORTACAO E DISTRIBUICAO DE BRINQUEDOS LTDA;Andadores Infantis;Portaria Inmetro nº 129 de 19/03/2021;;IN2476224;;;N;Brasil;REPLAY KIDS;ANDADOR QUICK/21680 / BELLA/21681 / PUPPY/21682 / ZOO/21683 / SPACE/21684 / RACING;M:POLIPROPILENO, ABS, AÇO,ELASTÔMERO TERMOPLÁSTICO E PVC/D:58X68X55CM/S.D/TRV:MANUAL (SEM FERRAMENTA)/ACS:N/A/CARACTERISTICAS DO MODELO:BANDEJA COM BRINQUEDO/ PLACA MUSICAL/PLACA ANTIDERRAPANTE;7899403216803|7899403216810|7899403216827|7899403216834|7899403216841;Incluido;24/01/2025
919970/1999;Inativo;;14/08/2019;;;Companhia Dorel Brasil Produtos Infantis;10659948000107;2135633602;Av. Nilo Peçanha;1516 /1582;Térreo;28030035;Pq dos Rodoviários;Campos dos Goytacaze;RJ;mariana.magalhaes@dorel.com.br;JIN SUN GEE PLASTIC CO.,LTD;Andadores Infantis;Portaria Inmetro nº 42 de 19/01/2018;;OCAN-AND.145/19-1;;;S;Formosa (Taiwan);Voyage;BG-1518;Nome Fantasia: Baby Step. Cores: Rosa e Azul. Material: Ferro, Plástico e Polipropileno. 60x49x68cm. Sistema Travamento e Montagem:Manual. Acessórios: Bandeja.;7908238801280|7908238801297;Incluido;14/08/2019
213985/1926;Ativo;;06/05/2025;;;KAVOD BRASIL COMERCIO E IMPORTACAO DE PRODUTOS DE USO DOMESTICO LTDA;12389993000114;1136612389;Avenida Marquês de São Vicente;2219;Conj 1001;05036040;Água Branca;São Paulo;SP;adm@kababy.com.br;Tengzhou Lebeir Baby Carriage Co., Ltd.;Andadores Infantis;Portaria Inmetro nº 129 de 19/03/2021;;IN2610825;;;S;China, República Popular;KaBaby;DESIGNAÇÃO COMERCIAL: ANDADOR DE EMPURRAR STEP-UP KABABY CINZA/CÓDIGO DE REFERÊNCIA COMERCIAL: ANDADOR/QUANTIDADE: -/;MAT:PP/DIM:799x660x715mm/SIS_TRAV:LIBERAÇÃO EM DUAS AÇÕES CONSECUTIVAS/SIS_MONTAGEM/FERRAGEM:MANUAL SEM AUXILIO DE FERRAMENTA/ACESSORIOS:N/A/CARACT_DO_MODELO:ANDADOR COM BRINQUEDO ACOPLADO;7898605218394;Incluido;06/05/2025
401307/1949;Ativo;;07/02/2022;;;TUTTI BABY INDUSTRIA E COMERCIO DE ARTIGOS INFANTIS LTDA;06981862000129;4733794000;Rod. Guilherme Jensen, SC413, km13;0;;89108000;Distrito Industrial;Massaranduba;SC;certificacao@tuttibaby.com.br;TUTTI BABY INDUSTRIA E COMERCIO DE ARTIGOS INFANTIS LTDA;Andadores Infantis;Portaria Inmetro nº 129 de 19/03/2021;;IN2869325;Modelo 5;;N;Brasil;Tutti Baby;Andador: VERSÕES: Safari II (Azul/Rosa/Vermelho), Princesa Rosa Coroa, Acqua Explorador (Cinza/Roxo);ESTRUTURA METÁLICA , AÇO TUBULAR / 48 x 60,5 x 70CM / SISTEMA DE TRAVAMENTO COM DUAS AÇÕES CONSECUTIVAS PARA LIBERAÇÃO /SISTEMA DE MONTAGEM/FERRAGEM: PARAFUSOS E REBITES ACESSÓRIOS: BRINQUEDOS E ADESI;7898431501615|7898431501622|7898431501639|7898431501684|7898431501691|7898431501707;Excluido;15/03/2024
452464/1939;Ativo;;16/09/2024;;;AMAZONAS IMPORTADOS LTDA;07269201000138;9691131654;Rua Independência;175;;68900090;Central;Macapa;AP;adriana.abreu@amazonasimportados.com.br;YIWU BALBIAN ELECTRONIC TECHNOLOGICAL CO., LTD;Andadores Infantis;Portaria Inmetro nº 129 de 19/03/2021;;IN2086424-1;;;S;China, República Popular;LÉ PETIT;MODE:BABY WALKER/REF:LP-9517/ CONT: ANDADOR COM BRINQUEDO ACOPLADO/VERSÕES:AZUL,ROSA,VERDE,;MAT:PP E POLIÉSTER/DIM:62X55,5X50CM/SIST DE TRAV:LIBERAÇÃO EM DUAS AÇÕES CONSECUTIVAS/SIST DE MONT E FERRAGEM:MANUAL (SEM FERRAMENTA)/ACESSÓRIOS:N/A.CARACTERISTICAS DO MODELO:;453068745717;Incluido;16/09/2024
507989/1952;Ativo;;29/01/2025;;;HCM INDUSTRIA E IMPORTACAO LTDA;12538691000160;3798753533;RUA SERGIPE ;1963;;35591096;SANTA ALEXANDRINA;LAGOA DA PRATA;MG;compras@hcmmalta.com.br;HCM INDUSTRIA E IMPORTACAO LTDA;Andadores Infantis;Portaria Inmetro nº 129 de 19/03/2021;;IN2431224-1;;;N;Brasil;JUMBO BABY;ANDADOR MUSICAL SUPERLUXO JUMBO BABY/Acessórios:Assento,Empurrador,Painel Musical/Caracteristicas do modelo:Andador com brinquedo na bandeja/Versões:AZUL,ROSA,VERMELHO,LARANJA;Mat:POLIPROPILENO (PP)/ACO CARBONO(FERRAGENS)/TECIDO(POLIÉSTER)/Dim:69,5X58,5X14,5/Sist de Trav:Liberação em duas ações consecutivas/Sist de Mont e Fer:Manual(sem ferramenta);7898947715025|7898947715032|7898947715049|7898947715056;Incluido;29/01/2025
801993/1978;Ativo;;01/07/2026;;;APS IMPORTACAO EXPORTACAO DISTRIBUICAO LTDA;44540981000135;11974642778;EST GERAL DE MEDEIROS;20;SALA 05;88390000;MEDEIROS;BARRA VELHA;SC;orquestra@yescert.com.br;Tengzhou Lebeir Baby Carriage Co., Ltd.;Andadores Infantis;Portaria Inmetro nº 129 de 19/03/2021;;IN3076626;Modelo 5;;S;China, República Popular;TOYS&TOYS;MOD:ANDADOR MUSICAL PARA BEBES/INFANTIL/CÓD DE REFERÊNCIA COMERCIAL: ANDADOR MUSICAL V:CINZA - 310552,MARROM - 310569,AZUL - 310576,ROSA 310583;Mat:PP/Dim:799x660x715mm/Sist de Travam: Dois dispositivos de travam independentes sendo operados simult/Sist de Mont e Ferr:Manual (sem ferram)/Acess:N/A/Caract do modelo:ANDADOR COM BRINQ.MUSICAL AC;7908888310552|7908888310569|7908888310576|7908888310583;Incluido;01/07/2026
105739/1929;Ativo;;01/07/2026;;;APS IMPORTACAO EXPORTACAO DISTRIBUICAO LTDA;44540981000135;11974642778;EST GERAL DE MEDEIROS;20;SALA 05;88390000;MEDEIROS;BARRA VELHA;SC;orquestra@yescert.com.br;Tengzhou Lebeir Baby Carriage Co., Ltd.;Andadores Infantis;Portaria Inmetro nº 129 de 19/03/2021;;IN3076626;Modelo 5;;S;China, República Popular;TOYS&TOYS;MOD:ANDADOR MUSICAL PARA BEBES/INFANTIL/CÓD DE REFERÊNCIA COMERCIAL: ANDADOR MUSICAL V:CINZA - 310552,MARROM - 310569,AZUL - 310576,ROSA 310583;Mat:PP/Dim:799x660x715mm/Sist de Travam: Dois dispositivos de travam independentes sendo operados simult/Sist de Mont e Ferr:Manual (sem ferram)/Acess:N/A/Caract do modelo:ANDADOR COM BRINQ.MUSICAL AC;7908888310552|7908888310569|7908888310576|7908888310583;Incluido;01/07/2026
095997/2005;Ativo;;03/04/2023;;;PLANETA - IMPORTACAO E DISTRIBUICAO DE BRINQUEDOS LTDA;13434272000141;1138951572;AV VASCO MASSAFELI;1000;G1A M1-21;06703600;JARDIM MARIA TEREZA;COTIA;SP;admin@planetadobebe.com.br;HEBEI WANXIN CHILDREN TOYS CO.,LTD.;Andadores Infantis;Portaria Inmetro nº 129 de 19/03/2021;;IN1765923;Modelo 5;;S;China, República Popular;MAXI BABY;NW-01 - ANDADOR LA BAMBA  / (...) COM BRINQUEDOS/CAR MOD:AND COM BRINQUEDO(BANDEJA MUSICAL);MAT:PP E PARTES EM ABS, AÇO DE ALTO CARB RODA ELASTÔMERO TERMOPLÁSTICO, PVC/DIM:580X680X550(LXCXH)/SIS TRA:LIBERAÇÃO EM DUAS AÇÕES CONSECUTIVAS SIS DE MON E FER:MANUAL(S/ FERRAMENTA)/ACE:BANDEJA (...);7899403215370|7899403215387;Excluido;28/02/2025
390012/1931;Ativo;;07/02/2022;;;TUTTI BABY INDUSTRIA E COMERCIO DE ARTIGOS INFANTIS LTDA;06981862000129;4733794000;Rod. Guilherme Jensen, SC413, km13;0;;89108000;Distrito Industrial;Massaranduba;SC;certificacao@tuttibaby.com.br;TUTTI BABY INDUSTRIA E COMERCIO DE ARTIGOS INFANTIS LTDA;Andadores Infantis;Portaria Inmetro nº 129 de 19/03/2021;;IN2869325;Modelo 5;;N;Brasil;Tutti Baby;Andador: VERSÕES: Safari II (Azul/Rosa/Vermelho), Princesa Rosa Coroa, Acqua Explorador (Cinza/Roxo);ESTRUTURA METÁLICA , AÇO TUBULAR / 48 x 60,5 x 70CM / SISTEMA DE TRAVAMENTO COM DUAS AÇÕES CONSECUTIVAS PARA LIBERAÇÃO /SISTEMA DE MONTAGEM/FERRAGEM: PARAFUSOS E REBITES ACESSÓRIOS: BRINQUEDOS E ADESI;7898431501615|7898431501622|7898431501639|7898431501684|7898431501691|7898431501707;Excluido;15/03/2024
384996/1990;Ativo;;20/10/2022;;;STYLL ADMINISTRACAO, INVESTIMENTOS, LOCACOES & SERVICOS LIMITADA;22475905000231;11994300960;Rua Marcio Carlim;401;;13849226;Parque Industrial;Mogi Guaçu;SP;alexandre@styll.com.br;STYLL ADMINISTRACAO, INVESTIMENTOS, LOCACOES & SERVICOS LIMITADA;Andadores Infantis;Portaria Inmetro nº 129 de 19/03/2021;;IN1679022;Modelo 5;;N;Brasil;STYLL BABY;ANDADOR SOFT WAY / V:V:AZ.SON.(AND-98.001-05)/RO.SON.(AND-98.002-05)/LAR.SON.(AND-98.003-05)/GUARÁ AZ.(AND-50.022-01)/GUARÁ RO.(AND-50.022-02)/GUARÁ LAR.(AND-50.022-03)/VE.SON.(AND-99.009-68)/AZ.CLÁS.(AND-98.001-04)/RO.CLÁS.(AND-98.002-04))/...;MAT:AÇO,POLIPR. E POLIÉ./DIM:640X570X470MM/SIS.DE TRAV:CATRA.EM BAI.DA BAN.(LIBER. EM DU.AÇÕ.CONS.)/SIST.DE MON.E FERR.:MANUAL(COM CHA.PHI.NÃO INCL.)/ACES:BAND.COM BRIN./ CONT.VERSÔES;7898488590037|7898488590440|7898488590457|7898488590464|7898488590624|7898488599849|7898488599856|7898488599863|7898488599870|7898488599887|789848859994;Incluido;20/10/2022
684016/1957;Ativo;;16/07/2025;;;KIDDO INDUSTRIA E COMERCIO LTDA;60688090000187;1147870744;Rodovia Regis Bittencourt ;3666;;06793000;Jardim Três Marias ;Taboão da Serra;SP;m.nascimento@kiddo.com.br;JIN SUN GEE PLASTIC CO., LTD;Andadores Infantis;Portaria Inmetro nº 129 de 19/03/2021;;IN2735125;Modelo 5;;S;China, República Popular;Whoop;ANDADOR PASSINHOS 2 EM 1 REF. 8701/CINZA/ROSA/AZUL;MATERIAL:PP. POLIES/DIMENSÕES:59,5X68X53CM/SIST.DE.TRAVAM.:LIBER.EM DUAS AÇÕES CONSECUTIVAS/SIST.DE.MONTAG.E.FERRAGEM:MANUAL (SEM AUX. DE FERRAM)/ACESSÓRIOS:BRINQ./CARACT. DO MODELO:ANDADOR C/ BRINQ.;7896517223871|7896517223888|7896517223895;Incluido;16/07/2025
978020/1983;Ativo;;01/12/2021;;;HEMNANI COMERCIO DE VARIEDADES LTDA.;05469291000185;1124143633;Rua Marcílio Dias;304;N/A;69005270;Centro;Manaus;AM;papush@uol.com.br;China Zhejiang Techincal Co. Ltd;Andadores Infantis;Portaria Inmetro nº 42 de 19/01/2018;;OCAN-AND.189/21-1;;;S;China, República Popular;SITA;AKH602;Material: PP, Ferro e Poliester - Dimensões: 655 mm X 560mm X 500 mm - Sistema de Travamento: Travamento automatico com liberação em duas ações consecutivas - Sistema de Montagem e Ferragem: MANUAL;;Incluido;01/12/2021
109817/1994;Ativo;;07/02/2022;;;TUTTI BABY INDUSTRIA E COMERCIO DE ARTIGOS INFANTIS LTDA;06981862000129;4733794000;Rod. Guilherme Jensen, SC413, km13;0;;89108000;Distrito Industrial;Massaranduba;SC;certificacao@tuttibaby.com.br;TUTTI BABY INDUSTRIA E COMERCIO DE ARTIGOS INFANTIS LTDA;Andadores Infantis;Portaria Inmetro nº 129 de 19/03/2021;;IN2869325;Modelo 5;;N;Brasil;TUTTI BABY;DESIGNAÇÃO COMERC SAFARI II (AZUL/ROSA/VERMELHO),PRINCESA ROSA COROA,ACQUA,EXPLORADOR (CINZA/ ROXO) CÓD D REF COMERC:ANDAD 40.002/40002003/40002004/40002007/40003004/40004002/40004003 CARACT DO MODELO:ANDADOR C BRINQUEDO;MAT:ESTRUTURA METALICA - AÇO TUBULAR/DIM:48X60,5X70CM/SIST DE TRAVA:LIBERAÇ EM 2AÇÕES CONSECUT/SIST DE MONTAGEM E FERRAGEM:PARAFUSOS E REBITES/ACESSÓ:BRINQUEDOS E ADESIVOS;7898431501615|7898431501622|7898431501639|7898431501684|7898431501691|7898431501707;Excluido;10/12/2025
272024/2010;Ativo;;30/09/2019;;;BURIGOTTO SA INDUSTRIA E COMERCIO;51460277000138;1934042000;Rua Martino Dragone;280;;13480308;Jardim Santa Barbara;Limeira;SP;carlos.riva@burigotto.com;JIN SUN GEE PLASTICS. CO., LTD.;Andadores Infantis;Portaria Inmetro nº 42 de 19/01/2018;;CE-AND/IQB 000004 53005/19-001;;;S;Formosa (Taiwan);Burigotto;Andador Baby Coupe (ref. com. IXAN3034PK10-Rosa, IXAN3034AZ19-Azul, IXAN3034CL-CL);Andador Infantil, Mat.: Polipropileno, Nylon, Aço, Tecido e Espuma, Dim: 760X650X640mm, Sist. Trav. Automático, Sistema Montagem/Ferragem Rebites, parafusos e Encaixe de peças plásticas, Acessorio: Ba;7896502916146|7896502916160|7896502935550;Incluido;30/09/2019
332275/2006;Inativo;;12/12/2022;;;COMPANHIA DOREL BRASIL PRODUTOS INFANTIS;10659948000883;2135547024;Av. Nilo Peçanha;1516 ;Galpão 3 ;28030035;Pq dos Rodoviários;Campos dos Goytacaze;RJ;standard@dorel.com.br;Dongguan Xinyeda Hardware Plastic Products Co., Ltd;Andadores Infantis;Portaria Inmetro nº 129 de 19/03/2021;;IN1715922;;;S;China, República Popular;Safety 1st;11389.  Melody Garden;ABS,PP.PVC.Pol.Esp, 64x55x66cm,Trav.Lib.2açoes cons, Mon.Manual. Aces: Brinquedos.;9312541727119;Incluido;12/12/2022
094757/1970;Ativo;;05/08/2021;;;GALZERANO INDUSTRIA DE CARRINHOS E BERCOS LTDA;43594977000197;19999947357;Via Prefeito Jurandyr Paixão;700;;13481149;Jd. Campo Belo;Limeira;SP;luisfernando.camargo@galzerano.com.br;GALZERANO INDUSTRIA DE CARRINHOS E BERCOS LTDA;Andadores Infantis;Portaria Inmetro nº 129 de 19/03/2021;;CE-AND/IQB 000006 54618/21-001;;;N;Brasil;GALZERANO;Ref.: 4050-Andador Torino. Versões: 4050EST (Estrela), 4050SPR (Spring);Tecido Pes, TNT, Espuma, PP, PA6, Master, Tinta, Tubo de aço. CxLxA(cm) 71x62,5x51,5 Travamento: Trilho plástico c/ botão de destrave e regulagem de altura. Montagem: Manual. Acess: Brinquedo acoplado;7908200102520|7908200102537;Incluido;17/01/2024
566039/1936;Ativo;;07/08/2024;;;COMERCIO E IMPORTACAO DENISE LTDA;29963642000178;21997976531;RUA DO MILHO;72;A;21011090;PENHA CIRCULAR;RIO DE JANEIRO;RJ;comerciomybaby@hotmail.com;PING HU BEST CHILDREN?S CARRIER CO.LTD;Andadores Infantis;Portaria Inmetro nº 129 de 19/03/2021;;IN2189524;;;S;China, República Popular;MY BABY;PATO A1 - ROSA LISO, AZUL LISO, ROSA COLORIDO, AZUL COLORIDO - Acessórios: Brinquedos Caracteristicas do modelo: Andador infantil com brinquedo elétrico;Material: Ferro, PP e Poliéster Dimensões: 71 x 62 x 55 cm Sistema de Travamento: Liberação em duas ações consecutivas Sistema de Montagem e Ferragem: Manual (com auxílio de ferramenta);6294013738218|6294013738225|6294013738287|6294013738294;Incluido;07/08/2024
860043/1962;Ativo;;07/02/2022;;;TUTTI BABY INDUSTRIA E COMERCIO DE ARTIGOS INFANTIS LTDA;06981862000129;4733794000;Rod. Guilherme Jensen, SC413, km13;0;;89108000;Distrito Industrial;Massaranduba;SC;certificacao@tuttibaby.com.br;TUTTI BABY INDUSTRIA E COMERCIO DE ARTIGOS INFANTIS LTDA;Andadores Infantis;Portaria Inmetro nº 129 de 19/03/2021;;IN2869325;Modelo 5;;N;Brasil;Tutti Baby;Andador Safari II Azul/Rosa/Vermelho/Andador Princesa Rosa Coroa/Andador Acqua Explorador Cinza/Roxo;ESTRUT. MET.AÇO.TUBULAR/48x60,5x70CM/SIST.DE TRAV. COM.DUAS.AÇÕES.CONSECUT.PARA.LIBER./PARAFUSOS.E. REBITES/BRINQUEDOS.E.ADESIVOS;7898431501615|7898431501622|7898431501639|7898431501684|7898431501691|7898431501707;Excluido;12/01/2024
154047/1989;Ativo;;07/08/2024;;;AMAZONAS IMPORTADOS LTDA;07269201000138;9691131654;Rua Independência;175;;68900090;Central;Macapa;AP;adriana.abreu@amazonasimportados.com.br;YIWU BALBIAN ELECTRONIC TECHNOLOGICAL CO., LTD;Andadores Infantis;Portaria Inmetro nº 129 de 19/03/2021;;IN2086424-4;;;S;China, República Popular;LÉ PETIT;MODE:BABY WALKER/REF:LP-9917/ CONT: ANDADOR COM BRINQUEDO ACOPLADO/VERSÕES:AZUL,VERMELHO,AMARELO,ROSA.;MAT:PP E POLIÉSTER/DIM:65X54X49CM/SIST DE TRAV:LIBERAÇÃO EM DUAS AÇÕES CONSECUTIVAS/SIST DE MONT E FERRA :MANUAL (SEM FERRAMENTA)/ACES:N/A.CARACTERISTICAS DO MODELO:;7453116024706;Incluido;07/08/2024
448051/2015;Ativo;;03/04/2023;;;PLANETA - IMPORTACAO E DISTRIBUICAO DE BRINQUEDOS LTDA;13434272000141;1138951572;AV VASCO MASSAFELI;1000;G1A M1-21;06703600;JARDIM MARIA TEREZA;COTIA;SP;admin@planetadobebe.com.br;HEBEI WANXIN CHILDREN TOYS CO.,LTD.;Andadores Infantis;Portaria Inmetro nº 129 de 19/03/2021;;IN1765923;Modelo 5;;S;China, República Popular;MAXI BABY;NW-01 - ANDADOR LA BAMBA;MAT:PP PARTES EM ABS, AÇO DE ALTO CARB RODA ELAST.TERMO., PVC/DIM:580X680X550/SIS TRA:LIBERA.EM 2 AÇÕES CONSEC. SIS DE MON E FER:MAN.(S/ FER)/ACE:BANDEJA COM BRINQ/CAR MOD:AND COM BRINQ(BAND.A MUS.);7899403215370|7899403215387;Excluido;22/12/2025
845296/1997;Ativo;;07/08/2024;;;COMERCIO E IMPORTACAO DENISE LTDA;29963642000178;21997976531;RUA DO MILHO;72;A;21011090;PENHA CIRCULAR;RIO DE JANEIRO;RJ;comerciomybaby@hotmail.com;PING HU BEST CHILDREN?S CARRIER CO.LTD;Andadores Infantis;Portaria Inmetro nº 129 de 19/03/2021;;IN2189524;;;S;China, República Popular;MY BABY;PATO A1 - ROSA LISO, AZUL LISO, ROSA COLORIDO, AZUL COLORIDO - Acessórios: Brinquedos Caracteristicas do modelo: Andador infantil com brinquedo elétrico;Material: Ferro, PP e Poliéster Dimensões: 71 x 62 x 55 cm Sistema de Travamento: Liberação em duas ações consecutivas Sistema de Montagem e Ferragem: Manual (com auxílio de ferramenta);6294013738218|6294013738225|6294013738287|6294013738294;Incluido;07/08/2024
742066/1941;Ativo;;09/12/2019;;;TAPUZIM COMERCIAL LTDA;00513418000100;1138569063;Av. Monte Celeste;230;250;02561000;Vila S. Maria;São Paulo;SP;ehs0770@hotmail.com;SHEN ZHEN WEI MEI CHILDCARE PRODUCT LIMITED COMPANY;Andadores Infantis;Portaria Inmetro nº 42 de 19/01/2018;;OCAN-AND.165/19-3;;;S;China, República Popular;baby style;CENTRO DE ATIVIDADES;VERSÕES: Andador play - Ref.5821 Andador meninos - Ref. 515211 Andador meninas - Ref. 51522. Material: Plástico, metal e tecido. Dimensões: 74 x 75 x 18 cm Sistema de Travamento: Stoper Sistema de Mon;4079515211993|4079515222999|4532582122994;Incluido;09/12/2019
036070/1968;Ativo;;07/03/2024;;;COMPANHIA DOREL BRASIL PRODUTOS INFANTIS;10659948000107;2135547024;Av. Nilo Peçanha;1516;1582;28030035;Pq dos Rodoviários;Campos dos Goytacaze;RJ;standard@dorel.com.br;COMPANHIA DOREL BRASIL PRODUTOS INFANTIS;Andadores Infantis;Portaria Inmetro nº 129 de 19/03/2021;;IN2040823;Modelo 5;;N;Brasil;INFANTI/ COSCO;APPIA/ ZIGGY - HE022 - N/A - AZUL / ROSA / AZUL / ROSA;MAT:PP,PES,PTA,EG,POLIPROPILENO E POLIETILENO/DIM:56,5 X 68 X 60,5 CM/SIST D TRAVAMENTO:LIB EM DUAS AÇÕES CONSEC/SIST DE MNTGM E FERRG:MAN (SEM FER)/ACESS:BAND D BRINQ./CARACT D MODELO:ANDADOR C BRINQ;7908238809774|7908238809781|7908238815812|7908238815829;Incluido;10/04/2026
330074/1994;Ativo;;29/04/2025;;;MD COMERCIO DE FERRAGENS LTDA;55274701000100;92981285408;AVENIDA JOAQUIM NABUCO;1094;A;69020030;Centro;Manaus;AM;mdcomerciodeferragensltda@gmail.com;PINGHU XIAOTIANDI CHILDREN''S PRODUCTS FACTORY;Andadores Infantis;Portaria Inmetro nº 129 de 19/03/2021;;IN2610925;Modelo 5;;S;China, República Popular;ULTRA BABY;REF: UBW-601 - ANDADOR INFANTIL MUSICAL PARA BEBÊ - NAVY BLUE / RED, GREEN / BLUE, ROYAL BLUE / TEAL, LIGHT PINK / LAVANDER, DARK PURPLE / PINK;MAT:PP,FERRO E POLIÉSTER/DIM:70X62,5X55CM/SIS_TRAV:LIBERAÇÃO EM 2 AÇÕES CONSECUTIVAS/SIS_MONT.E_FERRAGEM:MANUAL(SEM FERRAMENTA)/ACESSÓRIOS: N/A/CARACTERISTICAS_MODELO:ANDADOR COM BRINQUEDO ACOPLADO;7890012361120|7890012361137|7890012361144|7890012361151|7890012361168;Incluido;29/04/2025
663940/1992;Ativo;;15/11/2024;;;HCM INDUSTRIA E IMPORTACAO LTDA;12538691000160;37998767200;RUA SERGIPE ;1963;;35591096;SANTA ALEXANDRINA;LAGOA DA PRATA;MG;compras.hcmmalta@gmail.com;HCM INDUSTRIA E IMPORTACAO LTDA;Andadores Infantis;Portaria Inmetro nº 129 de 19/03/2021;;IN2431224-2;;;N;Brasil;JUMBO BABY;ANDADOR MUSICAL MEGALUXO JUMBO BABY/AZUL/ROSA/VERMELHO/LARANJA, CARAC.D/MODEL:ANDADOR COM BRINQUEDO NA BANDEJA;MAT.:POLIPROPILENO(PP)/ACO CARBONO(FERRAGENS)/TECIDO(POLIÉSTER)/DIM:69,5X58,5X14,5/SIS.D/TRAV.:LIB.EM 2AS.CON./SIS.D/MONT.E FERR.:MAN.(S/FERR.)/ACESS.:ASSE/FORR.P/OS PÉS/EMP./PAI.MUS;7898947715063|7898947715070|7898947715087|7898947715094;Incluido;15/11/2024
624078/2020;Ativo;;20/12/2019;;;TAPUZIM COMERCIAL LTDA;00513418000100;1138569063;Av. Monte Celeste;230;250;02561000;Vila S. Maria;São Paulo;SP;ehs0770@hotmail.com;SHEN ZHEN WEI MEI CHILDCARE PRODUCT LIMITED COMPANY;Andadores Infantis;Portaria Inmetro nº 42 de 19/01/2018;;OCAN-AND.165/19-2;;;S;China, República Popular;baby style;SPACECAR - VERSÕES: Andador car - Ref. 21302 / Andador space - Ref. 33117;Material: Plástico, metal e tecido. Dimensões: 59 x 59 x 69 cm , Sistema de Travamento: Stoper, Sistema de Montagem e Ferragem: Tesoura, Acessórios: Bandeja musical;4532213022990|4532331172997;Incluido;20/12/2019
596483/1943;Ativo;;03/04/2023;;;PLANETA - IMPORTACAO E DISTRIBUICAO DE BRINQUEDOS LTDA;13434272000141;1138951572;AV VASCO MASSAFELI;1000;G1A M1-21;06703600;JARDIM MARIA TEREZA;COTIA;SP;admin@planetadobebe.com.br;HEBEI WANXIN CHILDREN TOYS CO.,LTD.;Andadores Infantis;Portaria Inmetro nº 129 de 19/03/2021;;IN1765923;Modelo 5;;S;China, República Popular;MAXI BABY;ANDADOR LA BAMBA - NW-01 - AZUL #21537/ROSA #21538/VERMELHO #75268;MAT:PP E PART.ABS,AÇOD.ALTOCARB.RODAELASTÔM.TERMOP.,PVC/DIM:580X680X550(LXCXH)/SIS_TRAV:LIBER.EM 2 AÇÕES CONS./SIS_MONT E FERRG:MAN.(S/FERM)/ACES:BANDJ C BRI./CARAC.D.M.:ANDAD.C BRINQ.REG.002149/2023 ;7898975752689|7899403215370|7899403215387;Incluido;18/03/2026
918093/1946;Ativo;;19/06/2026;;;LILI FLORES ARTESANAIS LTDA;50509301000113;2199999999;R SANTO SEPULCRO;00279;;21350220;MADUREIRA;RIO DE JANEIRO;RJ;xiaoweiliu663@gmail.com;PINGHU XIAOTIANDI CHILDREN''S PRODUCTS FACTORY ;Andadores Infantis;Portaria Inmetro nº 129 de 19/03/2021;;IN3051726;Modelo 5;;S;China, República Popular;LILI;MOD:ANDADOR LL-2931 / CÓD. DE REFERÊNCIA COMERCIAL: LL-2931 / AZUL,ROSA,VERDE;MAT.:PP, POLIÉSTER E POLIETILENO/DIM:56,5X68X60,5CM/ SIST.TRAV.:LIBERAÇÃO EM DUAS AÇÕES CONSECUTIVAS/SIST. MONT.:LIBERAÇÃO EM DUAS AÇÕES CONSECUTIVAS/SEM ACESSÓRIOS/ANDADOR COM BRINQUEDO INTERATIVO;;Incluido;19/06/2026
463435/1998;Ativo;;07/02/2022;;;TUTTI BABY INDUSTRIA E COMERCIO DE ARTIGOS INFANTIS LTDA;06981862000129;4733794000;Rod. Guilherme Jensen, SC413, km13;0;;89108000;Distrito Industrial;Massaranduba;SC;certificacao@tuttibaby.com.br;TUTTI BABY INDUSTRIA E COMERCIO DE ARTIGOS INFANTIS LTDA;Andadores Infantis;Portaria Inmetro nº 129 de 19/03/2021;;IN2869325;Modelo 5;;N;Brasil;Tutti Baby;Andador Safari Plus II (Azul / Rosa / Vermelho);ESTRUT. MET.AÇO.TUBULAR/48x60,5x70CM/SIST.DE TRAV. COM.DUAS.AÇÕES.CONSECUT.PARA.LIBER./PARAFUSOS.E. REBITES/BRINQUEDOS.E.ADESIVOS;7898431501615|7898431501622|7898431501639;Excluido;08/04/2022
411038/1973;Ativo;;06/09/2024;;;TUTTI BABY INDUSTRIA E COMERCIO DE ARTIGOS INFANTIS LTDA;06981862000129;4733794000;Rod. Guilherme Jensen, SC413, km13;0;Galpão 01;89108000;Distrito Industrial;Massaranduba;SC;certificacao@tuttibaby.com.br;TUTTI BABY INDUSTRIA E COMERCIO DE ARTIGOS INFANTIS LTDA;Andadores Infantis;Portaria Inmetro nº 129 de 19/03/2021;;IN2321524;;;N;Brasil;TUTTI BABY;ANDADOR COMFORT/REF.ANDADOR COMFORT 40.005/40005004/40005003/40005011/40005028/40005007/40005010/40005006/40005029;MAT:PLAST.ENG/ALGODÃO/DIMEN:48X60,5X70CM/SIST.DE TRAV:DOIS DISP.DE TRAV.INDEP.SENDO OP.SIMUL/SIST.DE MONT.FERR:OUTROS:PARAF,MONT.PEÇAS PLAST./ACESS:BANDEIJA C/ BRINQ/CARAC.DO MOD:ANDADOR C/BRINQUEDO;7898431502063|7898431502070|7898431502087|7898431502094|7898431502100|7898431502117|7898431502124|7898431502131;Incluido;06/09/2024
212097/1973;Ativo;;30/08/2021;;;TA TE TI INDUSTRIA E COMERCIO DE BRINQUEDOS EDUCATIVOS LTDA;30261120000103;4732422225;RUA TIRADENTES;230;;89107000;CENTRO;POMERODE;SC;qualidade3@grupocalesita.com.br;TA TE TI INDUSTRIA E COMERCIO DE BRINQUEDOS EDUCATIVOS LTDA;Andadores Infantis;Portaria Inmetro nº 129 de 19/03/2021;;CE-AND/IQB 000010 55962/23-001;Modelo 5;;N;Brasil;Tateti;Ref.914 - Move Baby;PP, METAL, TECIDO POLIESTER. DIMENSAO: 70,20X59,83X49,12CM. SIST. TRAVAMENTO:FREIO DIANTEIRO E TRASEIRO. SIST DE MONTAGEM: MANUAL/PARAFUSOS PP. ACESSORIOS:BANDEJA DE BRINQUEDOS;7898664632230;Incluido;02/03/2026
561023/1995;Cancelado;;28/02/2020;;14/07/2025;COMÉRCIO E IMPORTAÇÃO DENISE LTDA;29963642000178;2125843843;RUA DO MILHO;72;A;21011090;PENHA CIRCULAR;RIO DE JANEIRO;RJ;comerciomybaby@hotmail.com;PING HU BEST CHILDREN'S CARRIER CO.LTD;Andadores Infantis;Portaria Inmetro nº 42 de 19/01/2018;;OCAN-AND.329/20-1;;;S;China, República Popular;MY BABY;A-1;VERSÕES: ROSA, AZUL, AZUL COM VERDE, AZUL COM VERMELHO, ROSA COM LILÁS, ROSA COM ROSA ESCURO;;Incluido;28/02/2020
506101/1999;Ativo;;06/03/2023;;;BURIGOTTO S A INDUSTRIA E COMERCIO;51460277000138;1934464813;Rua Martino Dragone;280;;13480308;Jardim Santa Barbara;Liemira;SP;alison.smanioto@burigotto.com;JIN SUN GEE PLASTICS CO., LTD;Andadores Infantis;Portaria Inmetro nº 129 de 19/03/2021;;CE-AND/IQB 000004 55573/23-001;Modelo 5;;S;Formosa (Taiwan);BURIGOTTO;ANDADOR OLÉ CL - REF. IXAN5143CL;PP, AÇO, TECIDO / 590 X 690 X 550 MM / TRILHO PLÁSTICO COM BOTÃO DE TRAVA/DESTRAVA E REGULAGEM DE ALTURA / REBITES, PARAFUSOS E ENCAIXE DE PEÇAS PLÁSTICAS / BANDEJA COM 2 BRINQUEDOS DE PP E NYLON;7896502944248;Incluido;29/04/2026
395978/1949;Inativo;;30/09/2019;;;Tutti Baby Indústria e Comércio de Artigos Infantis Ltda;06981862000129;4733794000;Rod. Guilherme Jensen;s/n;Galpão 01;89108000;Distrito Industrial;Massaranduba;SC;qualidade@tuttibaby.com.br;;Andadores Infantis;Portaria Inmetro nº 42 de 19/01/2018;;CE-AND/IQB 000005 53137/19-001;;;N; ;Tutti Baby;Andador 02003;Material: Estrut. metálica de aço tub, plást. de engenharia, algodão. Dim: 52cmx60cmx70,5cm, sist.de trav: com duas ações consecutivas para liber, sist. de mont.ferrag: rebites e parafusos, aces: brin;17898431495966|17898431495980|17898431496000|17898431496024|17898431500660|17898431500677|17898431500684|7898431495952|7898431495969|7898431495976|7898431495983|7898431495990|7898431496006|7898431496010|7898431496027|7898431500601|7898431500618|7898431500625|7898431500632|7898431500649|7898431500656;Incluido;30/09/2019
069955/2022;Inativo;;19/04/2021;;;COMPANHIA DOREL BRASIL PRODUTOS INFANTIS;10659948000107;02135547024;Av. Nilo Peçanha;1516 /1582;Térreo;28030035;Pq dos Rodoviários;Campos dos Goytacaze;RJ;mariana.magalhaes@dorel.com.br;Jin Sun Gee Plastic Co.,Ltd;Andadores Infantis;Portaria Inmetro nº 42 de 19/01/2018;;OCAN-AND.145/21-5;;;S;Formosa (Taiwan);Safety 1st;HE001. Andador Spacewalker. Cores: Grey e Orange.;PP, Ferro, ABS. 58x65.5x71.5cm.Trav.Manual.Sist.Mont.Fren.Manual. Bandeja de Brinquedos.;7908238803932|7908283803949;Incluido;19/04/2021
498895/1946;Ativo;;19/02/2026;;;RGM  COMERCIO E SERVICOS LTDA;18007664000148;11996294240;Avenida Angélica;511;Cj. 904;01227100;Santa Cecilia;São Paulo;SP;papush@uol.com.br;PINGHU XIAOTIANDI CHILDREN?S PRODUCTS FACTORY;Andadores Infantis;Portaria Inmetro nº 129 de 19/03/2021;;IN2911726;Modelo 5;;S;China, República Popular;RGM;ANDADOR DREUX - R602 - AVIÃO - AVIAO;MAT:PP,FERRO E POLIÉ./DIM:70X62.5X51 CM/SIST.DE TRAV.:LIB.EM DUAS AÇÕES CONSECU./SIST.DE MONT.E FERR.:MANUAL (SEM FERRAMENTA)/ACESS:BANDEJA MUSICAL/CARACT.DO MODELO:ANDADOR COM BANDEJA MUSICAL;7898926505616;Incluido;19/02/2026
600248/1949;Inativo;;30/09/2019;;;Tutti Baby Indústria e Comércio de Artigos Infantis Ltda;06981862000129;4733794000;Rod. Guilherme Jensen;s/n;Galpão 01;89108000;Distrito Industrial;Massaranduba;SC;qualidade@tuttibaby.com.br;;Andadores Infantis;Portaria Inmetro nº 42 de 19/01/2018;;CE-AND/IQB 000005 53137/19-001;;;N; ;Tutti Baby;Andador 02003;Material: Estrut. metálica de aço tub, plást. de engenharia, algodão. Dim: 52cmx60cmx70,5cm, sist.de trav: com duas ações consecutivas para liber, sist. de mont.ferrag: rebites e parafusos, aces: brin;17898431495966|17898431495980|17898431496000|17898431496024|17898431500660|17898431500677|17898431500684|7898431495952|7898431495969|7898431495976|7898431495983|7898431495990|7898431496006|7898431496010|7898431496027|7898431500601|7898431500618|7898431500625|7898431500632|7898431500649|7898431500656;Incluido;30/09/2019
800105/2025;Ativo;;29/01/2025;;;HCM INDUSTRIA E IMPORTACAO LTDA;12538691000160;3798753533;RUA SERGIPE ;1963;;35591096;SANTA ALEXANDRINA;LAGOA DA PRATA;MG;compras@hcmmalta.com.br;HCM INDUSTRIA E IMPORTACAO LTDA;Andadores Infantis;Portaria Inmetro nº 129 de 19/03/2021;;IN2431224-1;;;N;Brasil;JUMBO BABY;ANDADOR MUSICAL SUPERLUXO JUMBO BABY/Acessórios:Assento,Empurrador,Painel Musical/Caracteristicas do modelo:Andador com brinquedo na bandeja/Versões:AZUL,ROSA,VERMELHO,LARANJA;Mat:POLIPROPILENO (PP)/ACO CARBONO(FERRAGENS)/TECIDO(POLIÉSTER)/Dim:69,5X58,5X14,5/Sist de Trav:Liberação em duas ações consecutivas/Sist de Mont e Fer:Manual(sem ferramenta);7898947715025|7898947715032|7898947715049|7898947715056;Incluido;29/01/2025
283643/1987;Ativo;;01/07/2026;;;APS IMPORTACAO EXPORTACAO DISTRIBUICAO LTDA;44540981000135;11974642778;EST GERAL DE MEDEIROS;20;SALA 05;88390000;MEDEIROS;BARRA VELHA;SC;orquestra@yescert.com.br;Tengzhou Lebeir Baby Carriage Co., Ltd.;Andadores Infantis;Portaria Inmetro nº 129 de 19/03/2021;;IN3076626;Modelo 5;;S;China, República Popular;TOYS&TOYS;MOD:ANDADOR MUSICAL PARA BEBES/INFANTIL/CÓD DE REFERÊNCIA COMERCIAL: ANDADOR MUSICAL V:CINZA - 310552,MARROM - 310569,AZUL - 310576,ROSA 310583;Mat:PP/Dim:799x660x715mm/Sist de Travam: Dois dispositivos de travam independentes sendo operados simult/Sist de Mont e Ferr:Manual (sem ferram)/Acess:N/A/Caract do modelo:ANDADOR COM BRINQ.MUSICAL AC;7908888310552|7908888310569|7908888310576|7908888310583;Incluido;01/07/2026
094120/1952;Inativo;;14/01/2021;;;GALZERANO INDUSTRIA DE CARRINHOS E BERCOS LTDA;43594977000197;1934043030;Via Prefeito Jurandyr Paixão;700;;13481149;Jd. Campo Belo;Limeira;SP;luisfernando.camargo@galzerano.com.br;HUNGSENG HARDWARE PLASTIC (DG) CORP., LTD;Andadores Infantis;Portaria Inmetro nº 42 de 19/01/2018;;CE-AND/IQB 000006 54018/20-001;;;S;China, República Popular;GALZERANO;Ref.: 4015-Andador 3 em 1 Fênix. Versões: 4015CR (Color);Mat Tec polié Espum Resin plást Itens fixação Dimens 103x103x72(cm) Sist travamento suporte plástico c/ encaixe Sist montagem/ferragem encaixes manuais Acessório: Bandeja de brinquedos não removíveis;7908200101936;Incluido;14/01/2021
388124/1978;Ativo;;16/07/2025;;;KIDDO INDUSTRIA E COMERCIO LTDA;60688090000187;1147870744;Rodovia Regis Bittencourt ;3666;;06793000;Jardim Três Marias ;Taboão da Serra;SP;m.nascimento@kiddo.com.br;JIN SUN GEE PLASTIC CO., LTD;Andadores Infantis;Portaria Inmetro nº 129 de 19/03/2021;;IN2735125;Modelo 5;;S;China, República Popular;Whoop;ANDADOR PASSINHOS 2 EM 1 REF. 8701/CINZA/ROSA/AZUL;MATERIAL:PP. POLIES/DIMENSÕES:59,5X68X53CM/SIST.DE.TRAVAM.:LIBER.EM DUAS AÇÕES CONSECUTIVAS/SIST.DE.MONTAG.E.FERRAGEM:MANUAL (SEM AUX. DE FERRAM)/ACESSÓRIOS:BRINQ./CARACT. DO MODELO:ANDADOR C/ BRINQ.;7896517223871|7896517223888|7896517223895;Incluido;16/07/2025
456229/1945;Inativo;;14/01/2021;;;GALZERANO INDUSTRIA DE CARRINHOS E BERCOS LTDA;43594977000197;1934043030;Via Prefeito Jurandyr Paixão;700;;13481149;Jd. Campo Belo;Limeira;SP;luisfernando.camargo@galzerano.com.br;HUNGSENG HARDWARE PLASTIC (DG) CORP., LTD;Andadores Infantis;Portaria Inmetro nº 42 de 19/01/2018;;CE-AND/IQB 000006 54018/20-001;;;S;China, República Popular;GALZERANO;Ref.: 4015-Andador 3 em 1 Fênix. Versões: 4015CR (Color);Mat Tec polié Espum Resin plást Itens fixação Dimens 103x103x72(cm) Sist travamento suporte plástico c/ encaixe Sist montagem/ferragem encaixes manuais Acessório: Bandeja de brinquedos não removíveis;7908200101936;Incluido;14/01/2021
440845/1962;Ativo;;05/08/2021;;;GALZERANO INDUSTRIA DE CARRINHOS E BERCOS LTDA;43594977000197;19999947357;Via Prefeito Jurandyr Paixão;700;;13481149;Jd. Campo Belo;Limeira;SP;luisfernando.camargo@galzerano.com.br;GALZERANO INDUSTRIA DE CARRINHOS E BERCOS LTDA;Andadores Infantis;Portaria Inmetro nº 129 de 19/03/2021;;CE-AND/IQB 000006 54618/21-001;;;N;Brasil;GALZERANO;Ref.: 4050-Andador Torino. Versões: 4050RO (Rosa), 4050TER (Terracota);Mat Tec poliest TNT Espum PP PA6 Master Tint Tub aço Item fix/aviam CxLxA(cm) 71x62,5x51,5 Trav Trilh plást c/ botão destrav e reg alt Acess Band brinq não remov retrov Carac Tec Pçs plást Tint Ferrag;7908200102247|7908200102254;Excluido;11/05/2022
450576/1986;Inativo;;19/04/2021;;;COMPANHIA DOREL BRASIL PRODUTOS INFANTIS;10659948000107;02135547024;Av. Nilo Peçanha;1516 /1582;Térreo;28030035;Pq dos Rodoviários;Campos dos Goytacaze;RJ;mariana.magalhaes@dorel.com.br;Jin Sun Gee Plastic Co.,Ltd;Andadores Infantis;Portaria Inmetro nº 42 de 19/01/2018;;OCAN-AND.145/21-5;;;S;Formosa (Taiwan);Safety 1st;HE001. Andador Spacewalker. Cores: Grey e Orange.;PP, Ferro, ABS. 58x65.5x71.5cm.Trav.Manual.Sist.Mont.Fren.Manual. Bandeja de Brinquedos.;7908238803932|7908283803949;Incluido;19/04/2021
415127/1938;Ativo;;03/04/2023;;;PLANETA - IMPORTACAO E DISTRIBUICAO DE BRINQUEDOS LTDA;13434272000141;1138951572;AV VASCO MASSAFELI;1000;G1A M1-21;06703600;JARDIM MARIA TEREZA;COTIA;SP;admin@planetadobebe.com.br;HEBEI WANXIN CHILDREN TOYS CO.,LTD.;Andadores Infantis;Portaria Inmetro nº 129 de 19/03/2021;;IN1765923;Modelo 5;;S;China, República Popular;MAXI BABY;NW-01 - ANDADOR LA BAMBA;MAT:PP PARTES EM ABS, AÇO DE ALTO CARB RODA ELAST.TERMO., PVC/DIM:580X680X550/SIS TRA:LIBERA.EM 2 AÇÕES CONSEC. SIS DE MON E FER:MAN.(S/ FER)/ACE:BANDEJA COM BRINQ/CAR MOD:AND COM BRINQ(BAND.A MUS.);7899403215370|7899403215387;Excluido;22/12/2025
390325/1990;Ativo;;29/01/2025;;;MD COMERCIO DE FERRAGENS LTDA;55274701000100;92981285408;AVENIDA JOAQUIM NABUCO, ;1094;A;69020030;CENTRO;MANAUS;AM;monadowlani@gmail.com;Hebei Zhongtai Bicycle manufacturing Co,. Ltd;Andadores Infantis;Portaria Inmetro nº 129 de 19/03/2021;;IN2520425;;;S;China, República Popular;ULTRA BABY;ANDADOR INFANTIL MUSICAL PARA BEBÊ/REF.:UBW-1026/PINK/GREEN/BLUE;MAT:PU,PP,AÇO,POLIÉSTER,ABS/DIM:70X60X55CM/SIST.DE TRAV.:LIB.EM DUAS AÇÕ.CONS./SIS.DE MONT.E FER.:MAN.(S/FERR.)/ACESS.:BANDE.COM BRINQ./CARAC.DO MODE.:ANDAD.C/BRINQ;7890012365050|7890012366064|7890012367078;Incluido;29/01/2025
682128/2004;Ativo;;01/07/2026;;;APS IMPORTACAO EXPORTACAO DISTRIBUICAO LTDA;44540981000135;11974642778;EST GERAL DE MEDEIROS;20;SALA 05;88390000;MEDEIROS;BARRA VELHA;SC;orquestra@yescert.com.br;Tengzhou Lebeir Baby Carriage Co., Ltd.;Andadores Infantis;Portaria Inmetro nº 129 de 19/03/2021;;IN3076626;Modelo 5;;S;China, República Popular;TOYS&TOYS;MOD:ANDADOR MUSICAL PARA BEBES/INFANTIL/CÓD DE REFERÊNCIA COMERCIAL: ANDADOR MUSICAL V:CINZA - 310552,MARROM - 310569,AZUL - 310576,ROSA 310583;Mat:PP/Dim:799x660x715mm/Sist de Travam: Dois dispositivos de travam independentes sendo operados simult/Sist de Mont e Ferr:Manual (sem ferram)/Acess:N/A/Caract do modelo:ANDADOR COM BRINQ.MUSICAL AC;7908888310552|7908888310569|7908888310576|7908888310583;Incluido;01/07/2026
976143/1930;Ativo;;14/05/2026;;;UNI-ART IMPORT LTDA.;68168368000105;11952844300;AV DAS INDUSTRIAS ;755;;13288163;DIST.INDL B. STORANI;VINHEDO;SP; www.unitoys.com.br;QINGYUAN XINGLONG BALL PRODUCING CO., LTD.;Andadores Infantis;Portaria Inmetro nº 129 de 19/03/2021;;IN2985326;Modelo 5;;S;China, República Popular;UNITOYS;ANDADOR COM EMPURRADOR - N/A - 3726 AZUL/3726 ROSA;MAT:PP, POLIÉSTER E AÇO/DIM:50X60X102 CM/SIS_TRAV:LIBERAÇÃO EM DUAS AÇÕES CONSECUTIVAS/SIS_MONT E FERRG:MANUAL (SEM FERRAMENTA)/ACESS:N/A/CARACTERISTICAS DO MODELO:ANDADOR COM BANDEJA MUSICAL;7908901504395|7908901504401;Incluido;14/05/2026
270147/1957;Inativo;;12/12/2022;;;COMPANHIA DOREL BRASIL PRODUTOS INFANTIS;10659948000883;2135547024;Av. Nilo Peçanha;1516 ;Galpão 3 ;28030035;Pq dos Rodoviários;Campos dos Goytacaze;RJ;standard@dorel.com.br;Dongguan Xinyeda Hardware Plastic Products Co., Ltd;Andadores Infantis;Portaria Inmetro nº 129 de 19/03/2021;;IN1715922;;;S;China, República Popular;Safety 1st;11389.  Melody Garden;ABS,PP.PVC.Pol.Esp, 64x55x66cm,Trav.Lib.2açoes cons, Mon.Manual. Aces: Brinquedos.;9312541727119;Incluido;12/12/2022
564151/1983;Ativo;;15/12/2023;;;MADHULA COMERCIO DE ARTIGOS ELETROELETRONICOS LTDA;03838532000190;62811924131;Rua Marcilio Dias;166;;69005270;Centro;Manaus;AM;dgjohnny@gmail.com;PINGHU SHI XIAOTIANDI CHILDREN''S PRODUCTS FACTORY;Andadores Infantis;Portaria Inmetro nº 129 de 19/03/2021;;IN1983523;;;S;China, República Popular;BENMEK;ANDADOR MADHULA/REF.: MA100/VERSÕES:Verde e Azul - MA100VA,Rosa e Roxo - MA100RR,Branco e Azul Escuro - MA100BAE,Amarelo e Vermelho - MA100AV;MAT:PP, FERRO E POLIÉSTER/DIMEN.:63 X 57 X 53 CM/SIST. TRAVAMENTO:Liberação em duas ações consecutivas/SIST. MONTAGEM E FERRAGEM:MANUAL(SEM FERRAMENTA)/ACESS.:n/a/CARACTERÍSTICAS: ANDADOR COM BRINQUED;6901031000158;Incluido;15/12/2023
858155/2009;Ativo;;09/12/2019;;;TAPUZIM COMERCIAL LTDA;00513418000100;1138569063;Av. Monte Celeste;230;250;02561000;Vila S. Maria;São Paulo;SP;ehs0770@hotmail.com;SHEN ZHEN WEI MEI CHILDCARE PRODUCT LIMITED COMPANY;Andadores Infantis;Portaria Inmetro nº 129 de 19/03/2021;;IN2062423;Modelo 5;;S;China, República Popular;Baby Style;MODELO: ANIMAIS VERSÕES: Andador cachorro vermelho - Ref. 33721 Andador cachorro azul - Ref. 33722 Andador abelha rosa - Ref. 33723 Andador abelha azul - Ref. 33724 Andador pianinho rosa Ref: 33725 Andador pianinho azul Ref: 33726;Material: Plástico, metal e tecido, Dimensões: 50 x 70 x 60 cm, Sistema de Travamento: Stoper, Sistema deMontagem e Ferragem: Tesoura, Acessórios: Bandeja musical;4079337218996|4079337228995|4079337238994|4079337248993|4079337251993|4079337261992;Excluido;29/01/2024
459670/1992;Ativo;;19/06/2023;;;KCARVALHUS COMERCIO E SERVICOS EIRELI;24633386000137;1143798430;Rua Poeta João Cabral De Melo Neto,  Santa Maria - Osasco - SP;77;;06147020; Santa Maria ;Osasco ;SP;carlos.carvalho@kkbebe.com.br;PINGHU SHI XIAOTIANDI CHILDREN?S PRODUCTS FACTORY;Andadores Infantis;Portaria Inmetro nº 129 de 19/03/2021;;IN1823223;;;S;China, República Popular;KK bebê;ANDADOR INFANTIL PASSINHO FORTE / AZUL /ROSA , MATERIAL:PP,FERRO E POLIÉSTER/DIMENSÕES:63X57X53CM;SISTEMA DE TRAVAMENTO:LIBERAÇÃO EM DUAS AÇÕES CONSECUTIVAS/SISTEMA DE MONTAGEM E FERRAGEM: MANUAL (SEM FERRAMENTA)/ACESSÓRIOS:BRINQUEDOS/CARACTERISTICAS DO MODELO: ANDADOR COM BRINQUEDO FIXO ACOPLADO;7898711750108|7898711750115;Incluido;19/06/2023
519608/1929;Ativo;;07/02/2022;;;TUTTI BABY INDUSTRIA E COMERCIO DE ARTIGOS INFANTIS LTDA;06981862000129;4733794000;Rod. Guilherme Jensen, SC413, km13;0;;89108000;Distrito Industrial;Massaranduba;SC;certificacao@tuttibaby.com.br;TUTTI BABY INDUSTRIA E COMERCIO DE ARTIGOS INFANTIS LTDA;Andadores Infantis;Portaria Inmetro nº 129 de 19/03/2021;;IN2869325;Modelo 5;;N;Brasil;Tutti Baby;Andador Safari Plus II (Azul / Rosa / Vermelho);ESTRUT. MET.AÇO.TUBULAR/48x60,5x70CM/SIST.DE TRAV. COM.DUAS.AÇÕES.CONSECUT.PARA.LIBER./PARAFUSOS.E. REBITES/BRINQUEDOS.E.ADESIVOS;7898431501615|7898431501622|7898431501639;Excluido;08/04/2022
549404/2018;Ativo;;06/05/2025;;;KAVOD BRASIL COMERCIO E IMPORTACAO DE PRODUTOS DE USO DOMESTICO LTDA;12389993000114;1136612389;Avenida Marquês de São Vicente;2219;Conj 1001;05036040;Água Branca;São Paulo;SP;adm@kababy.com.br;Tengzhou Lebeir Baby Carriage Co., Ltd.;Andadores Infantis;Portaria Inmetro nº 129 de 19/03/2021;;IN2610825;;;S;China, República Popular;KaBaby;DESIGNAÇÃO COMERCIAL: ANDADOR DE EMPURRAR STEP-UP KABABY CINZA/CÓDIGO DE REFERÊNCIA COMERCIAL: ANDADOR/QUANTIDADE: -/;MAT:PP/DIM:799x660x715mm/SIS_TRAV:LIBERAÇÃO EM DUAS AÇÕES CONSECUTIVAS/SIS_MONTAGEM/FERRAGEM:MANUAL SEM AUXILIO DE FERRAMENTA/ACESSORIOS:N/A/CARACT_DO_MODELO:ANDADOR COM BRINQUEDO ACOPLADO;7898605218394;Incluido;06/05/2025
161901/1960;Inativo;;07/10/2019;;;Galzerano Indústria de Carrinhos e Berços Ltda;43594977000197;1934043030;Via Prefeito Jurandyr Paixão;700;;13481149;Jd. Campo Belo;Limeira;SP;luisfernando.camargo@galzerano.com.br;GUANGDONG ZHIHUI CHILDREN?S PRODUCTS CO.,LTD;Andadores Infantis;Portaria Inmetro nº 42 de 19/01/2018;;CE-AND/IQB 000006 53503/20-001;;;S;China, República Popular;GALZERANO;Andador de bebê Magic - Versão: Cinza (CZ), Preto (PT);Mat Tec poli Espum Resin plást Tint Ferrag 70Cx65Lx54A cm Travam trilho plást com botão de destrav e regul alt Mont/frenag manual Andador com pçs girat e cores diversas Acess Bandej Brinq não removív.;7898089221590|7898089222283;Incluido;07/10/2019
152170/1936;Ativo;;07/08/2024;;;COMERCIO E IMPORTACAO DENISE LTDA;29963642000178;21997976531;RUA DO MILHO;72;A;21011090;PENHA CIRCULAR;RIO DE JANEIRO;RJ;comerciomybaby@hotmail.com;PING HU BEST CHILDREN?S CARRIER CO.LTD;Andadores Infantis;Portaria Inmetro nº 129 de 19/03/2021;;IN2189524;;;S;China, República Popular;MY BABY;PATO A1 - ROSA LISO, AZUL LISO, ROSA COLORIDO, AZUL COLORIDO - Acessórios: Brinquedos Caracteristicas do modelo: Andador infantil com brinquedo elétrico;Material: Ferro, PP e Poliéster Dimensões: 71 x 62 x 55 cm Sistema de Travamento: Liberação em duas ações consecutivas Sistema de Montagem e Ferragem: Manual (com auxílio de ferramenta);6294013738218|6294013738225|6294013738287|6294013738294;Incluido;07/08/2024
446174/1962;Ativo;;09/12/2019;;;TAPUZIM COMERCIAL LTDA;00513418000100;1138569063;Av. Monte Celeste;230;250;02561000;Vila S. Maria;São Paulo;SP;ehs0770@hotmail.com;SHEN ZHEN WEI MEI CHILDCARE PRODUCT LIMITED COMPANY;Andadores Infantis;Portaria Inmetro nº 42 de 19/01/2018;;OCAN-AND.165/19-3;;;S;China, República Popular;baby style;CENTRO DE ATIVIDADES;VERSÕES: Andador play - Ref.5821 Andador meninos - Ref. 515211 Andador meninas - Ref. 51522. Material: Plástico, metal e tecido. Dimensões: 74 x 75 x 18 cm Sistema de Travamento: Stoper Sistema de Mon;4079515211993|4079515222999|4532582122994;Incluido;09/12/2019
740178/1988;Ativo;;01/08/2023;;;COMPANHIA DOREL BRASIL PRODUTOS INFANTIS;10659948000883;2135547024;Av. DR  Nilo Peçanha;1516;Galpão 3 ;28030035;Pq dos Rodoviários;Campos dos Goytacaze;RJ;standard@dorel.com.br;ZHONG SHAN SUN LUEN CHONG COMMODITY COMPANY LIMITED;Andadores Infantis;Portaria Inmetro nº 129 de 19/03/2021;;CE-AND/IQB 000011 55435/22-001;Modelo 5;;S;China, República Popular;TINY LOVE;4-in-1 Here I Grow Mobile Activity Center. Ref. 1806501211. ABS, Alumínio, Aço, Poliéster, PP. 70x57x44cm.Sist. de mont.:Manual (s/ ferragem).;Sist. de Trav.:2 disp. de travamento independentes, devem ser operados simultaneamente. Aces.: Brinq. acoplado.;7290108862973;Incluido;01/08/2023
034182/2015;Ativo;;13/04/2026;;;VG SHOP COMERCIO ON LINE LTDA;16857384000365;1149690505;RUA PROJETADA SN KM 15 NUCLEO AGUA COMPRIDA;0;KM 15;37600000;AGUA COMPRIDA;CAMBUI;MG;gilson@vgshop.com.br;YONGXING SPORTS LIMITED;Andadores Infantis;Portaria Inmetro nº 129 de 19/03/2021;;IN2982826;Modelo 5;;S;China, República Popular;MULTMAXX;Desig. Com. andador infantil com empurrador Cod. Ref. MTX150 / MTX151 Quant. (aplic. para mod. 1b) n/a Mat: poliéster, abs, pp e borracha Dim. 76x65x65cm Sis. Trav. dois dispositivos independentes sendo operador simultaneamente;Sis. de Mont. e Ferragem: manual (com ferramenta) acess: N/A Car.do mod: andador ccom empurrador e brinquedo musical Vers. MTX150 cinza MTX151 rosa;7898758400394|7898758400400;Incluido;13/04/2026
785682/2019;Ativo;;20/10/2022;;;STYLL ADMINISTRACAO, INVESTIMENTOS, LOCACOES & SERVICOS LIMITADA;22475905000231;11994300960;Rua Marcio Carlim;401;;13849226;Parque Industrial;Mogi Guaçu;SP;alexandre@styll.com.br;STYLL ADMINISTRACAO, INVESTIMENTOS, LOCACOES & SERVICOS LIMITADA;Andadores Infantis;Portaria Inmetro nº 129 de 19/03/2021;;IN1679022;Modelo 5;;N;Brasil;STYLL BABY;ANDADOR SOFT WAY / V:V:AZ.SON.(AND-98.001-05)/RO.SON.(AND-98.002-05)/LAR.SON.(AND-98.003-05)/GUARÁ AZ.(AND-50.022-01)/GUARÁ RO.(AND-50.022-02)/GUARÁ LAR.(AND-50.022-03)/VE.SON.(AND-99.009-68)/AZ.CLÁS.(AND-98.001-04)/RO.CLÁS.(AND-98.002-04))/...;MAT:AÇO,POLIPR. E POLIÉ./DIM:640X570X470MM/SIS.DE TRAV:CATRA.EM BAI.DA BAN.(LIBER. EM DU.AÇÕ.CONS.)/SIST.DE MON.E FERR.:MANUAL(COM CHA.PHI.NÃO INCL.)/ACES:BAND.COM BRIN./ CONT.VERSÔES;7898488590037|7898488590440|7898488590457|7898488590464|7898488590624|7898488599849|7898488599856|7898488599863|7898488599870|7898488599887|789848859994;Incluido;20/10/2022
982109/1948;Ativo;;27/08/2026;;;MADHULA COMERCIO DE ARTIGOS ELETROELETRONICOS LTDA;03838532000190;92994433107;Rua Marcilio Dias;166;;69005270;Centro;Manaus;AM;mayapunjwani@gmail.com;PINGHU XIAOTIANDI CHILDREN?S PRODUCTS FACTORY;Andadores Infantis;Portaria Inmetro nº 129 de 19/03/2021;;IN3141126-2;Modelo 5;;S;China, República Popular;BENMEK;ANDADOR MADHULA/ MA101/ Rosa - MA101R/ Azul - MA101A/ Verde - MA101V/ Laranja - MA101L;MAT.:PP, FERRO E POLIÉSTER/DIM.:63X57X53 CM/SIST. DE TRAV.:LIBERAÇÃO EM DUAS AÇÕES CONSECUTIVAS/SIST. MONT. E FERR.:MANUAL (SEM FERRAMENTA)/ACESS.:BRINQUEDO/CARACT. DO MOD.:ANDADOR COM BRINQUEDO;6901031000158;Incluido;27/08/2026
328197/1941;Ativo;;07/02/2022;;;TUTTI BABY INDUSTRIA E COMERCIO DE ARTIGOS INFANTIS LTDA;06981862000129;4733794000;Rod. Guilherme Jensen, SC413, km13;0;;89108000;Distrito Industrial;Massaranduba;SC;certificacao@tuttibaby.com.br;TUTTI BABY INDUSTRIA E COMERCIO DE ARTIGOS INFANTIS LTDA;Andadores Infantis;Portaria Inmetro nº 129 de 19/03/2021;;IN2869325;Modelo 5;;N;Brasil;Tutti Baby;Andador: VERSÕES: Safari II (Azul/Rosa/Vermelho), Princesa Rosa Coroa, Acqua Explorador (Cinza/Roxo);ESTRUTURA METÁLICA , AÇO TUBULAR / 48 x 60,5 x 70CM / SISTEMA DE TRAVAMENTO COM DUAS AÇÕES CONSECUTIVAS PARA LIBERAÇÃO /SISTEMA DE MONTAGEM/FERRAGEM: PARAFUSOS E REBITES ACESSÓRIOS: BRINQUEDOS E ADESI;7898431501615|7898431501622|7898431501639|7898431501684|7898431501691|7898431501707;Excluido;15/03/2024
622201/1967;Ativo;;30/08/2021;;;TA TE TI INDUSTRIA E COMERCIO DE BRINQUEDOS EDUCATIVOS LTDA;30261120000103;4732422225;RUA TIRADENTES;230;;89107000;CENTRO;POMERODE;SC;qualidade3@grupocalesita.com.br;TA TE TI INDUSTRIA E COMERCIO DE BRINQUEDOS EDUCATIVOS LTDA;Andadores Infantis;Portaria Inmetro nº 129 de 19/03/2021;;CE-AND/IQB 000010 55962/23-001;Modelo 5;;N;Brasil;Tateti;Ref.915 - Move Baby Rosa;PP, METAL, TECIDO POLIESTER. DIMENSAO: 70,20X59,83X49,12CM. SIST. TRAVAMENTO:FREIO DIANTEIRO E TRASEIRO. SIST DE MONTAGEM: MANUAL/PARAFUSOS PP. ACESSORIOS:BANDEJA DE BRINQUEDOS;7898664632247;Incluido;02/03/2026
916205/1993;Inativo;;11/11/2022;;;COMPANHIA DOREL BRASIL PRODUTOS INFANTIS;10659948000883;2135547024;Av. Nilo Peçanha;1516 ;Galpão 3 ;28030035;Pq dos Rodoviários;Campos dos Goytacaze;RJ;standard@dorel.com.br;Jin Sun Gee Plastics Co., Ltd;Andadores Infantis;Portaria Inmetro nº 129 de 19/03/2021;;IN1701622-2;;;S;Formosa (Taiwan);Voyage;BG-1518. Nome comercial: Baby Step. Versões: Rosa e Azul.;Ferro,PP e poliéster. 60x49x68cm.Trav:Lib.2 ações consec.,Mont:Encaixe. Aces:Brinquedos;7908238801280|7908238801297;Incluido;11/11/2022
098522/1976;Ativo;;30/08/2021;;;TA TE TI INDUSTRIA E COMERCIO DE BRINQUEDOS EDUCATIVOS LTDA;30261120000103;4732422225;RUA TIRADENTES;230;;89107000;CENTRO;POMERODE;SC;qualidade3@grupocalesita.com.br;TA TE TI INDUSTRIA E COMERCIO DE BRINQUEDOS EDUCATIVOS LTDA;Andadores Infantis;Portaria Inmetro nº 129 de 19/03/2021;;CE-AND/IQB 000010 55962/23-001;Modelo 5;;N;Brasil;Tateti;Ref.914 - Move Baby;PP, METAL, TECIDO POLIESTER. DIMENSAO: 70,20X59,83X49,12CM. SIST. TRAVAMENTO:FREIO DIANTEIRO E TRASEIRO. SIST DE MONTAGEM: MANUAL/PARAFUSOS PP. ACESSORIOS:BANDEJA DE BRINQUEDOS;7898664632230;Incluido;02/03/2026
210209/2020;Ativo;;26/07/2024;;;DARDARA COMERCIO IMPORTACAO E EXPORTACAO LTDA;07774907000157;11964220291;R VALENTIM MAGALHAES;95;***;03184090;ALTO DA MOOCA;SÃO PAULO;SP;sac@dardara.com.br;FOSHAN BAOLIMEI BABY CARRIER CO., ;Andadores Infantis;Portaria Inmetro nº 129 de 19/03/2021;;IN2255924;;;S;China, República Popular;DARDARA;ANDADOR CARRO FD-2407 / VERSÕES: AZUL E ROSA;MAT:PP,METAL E POLIÉSTER/DIM:740X630X510MM/SIST DE TRAVA:LIB EM 2 AÇÕES CONSECUT/SIST DE MONT/FERRAG:MANUAL(C/FERRAMENTAS)/ACESSÓRIOS: BRINQ/CARACT DO MODELO:ANDADOR C/BRINQ INTEGRADO;7898572462738|7898572462755;Incluido;26/07/2024
504224/1946;Ativo;;14/08/2019;;;BAMBOO COMERCIO, IMPORTAÇÃO E EXPORTAÇÃO EIRELI-EPP;27115224000103;8132419265;Rua. Alegre;154;Galpão A;52120125;Arruda;Recife;PE;bamboo@yescert.com.br;ZHEJIANG KINTEX INTERNATIONAL TRADING CO., LTD;Andadores Infantis;Portaria Inmetro nº 129 de 19/03/2021;;IN1632922;;;S;China, República Popular;BAMBOO;MODELO:MD-18NOME COMERCIAL:ANDAJAR GUGUVERSÕES: Azul (Ref.: MD18.1)Rosa (Ref.: MD18.2)Verde (Ref.: MD18.3)Vermelho (Ref.: MD18.4);Mat: PLAST / MET/FIB TEXTIL,DIM:ABRT:62X56X52CM,FECH:62X56X16,SIST TRAV:LIBER EM 2 ACOES CONSEC,SIST MONT FERRAG: MANUAL(S/FERRAMENTA),ACESS:BANDEJ C/BRINQ E HAST C/PUXADOR;7909312341029;Incluido;22/07/2022
055219/1957;Inativo;;14/01/2021;;;GALZERANO INDUSTRIA DE CARRINHOS E BERCOS LTDA;43594977000197;1934043030;Via Prefeito Jurandyr Paixão;700;;13481149;Jd. Campo Belo;Limeira;SP;luisfernando.camargo@galzerano.com.br;HUNGSENG HARDWARE PLASTIC (DG) CORP., LTD;Andadores Infantis;Portaria Inmetro nº 42 de 19/01/2018;;CE-AND/IQB 000006 54018/20-001;;;S;China, República Popular;GALZERANO;Ref.: 4015-Andador 3 em 1 Fênix. Versões: 4015CR (Color);Mat Tec polié Espum Resin plást Itens fixação Dimens 103x103x72(cm) Sist travamento suporte plástico c/ encaixe Sist montagem/ferragem encaixes manuais Acessório: Bandeja de brinquedos não removíveis;7908200101936;Incluido;14/01/2021
107292/2023;Ativo;;07/03/2024;;;COMPANHIA DOREL BRASIL PRODUTOS INFANTIS;10659948000107;2135547024;Av. Nilo Peçanha;1516;1582;28030035;Pq dos Rodoviários;Campos dos Goytacaze;RJ;standard@dorel.com.br;COMPANHIA DOREL BRASIL PRODUTOS INFANTIS;Andadores Infantis;Portaria Inmetro nº 129 de 19/03/2021;;IN2040823;Modelo 5;;N;Brasil;INFANTI/ COSCO;APPIA/ ZIGGY - HE022 - N/A - AZUL / ROSA / AZUL / ROSA;MAT:PP,PES,PTA,EG,POLIPROPILENO E POLIETILENO/DIM:56,5 X 68 X 60,5 CM/SIST D TRAVAMENTO:LIB EM DUAS AÇÕES CONSEC/SIST DE MNTGM E FERRG:MAN (SEM FER)/ACESS:BAND D BRINQ./CARACT D MODELO:ANDADOR C BRINQ;7908238809774|7908238809781|7908238815812|7908238815829;Incluido;10/04/2026
798228/1972;Ativo;;05/08/2021;;;GALZERANO INDUSTRIA DE CARRINHOS E BERCOS LTDA;43594977000197;19999947357;Via Prefeito Jurandyr Paixão;700;;13481149;Jd. Campo Belo;Limeira;SP;luisfernando.camargo@galzerano.com.br;GALZERANO INDUSTRIA DE CARRINHOS E BERCOS LTDA;Andadores Infantis;Portaria Inmetro nº 129 de 19/03/2021;;CE-AND/IQB 000006 54618/21-001;;;N;Brasil;GALZERANO;Ref.: 4050-Andador Torino. Versões: 4050EST (Estrela), 4050SPR (Spring);Tecido Pes, TNT, Espuma, PP, PA6, Master, Tinta, Tubo de aço. CxLxA(cm) 71x62,5x51,5 Travamento: Trilho plástico c/ botão de destrave e regulagem de altura. Montagem: Manual. Acess: Brinquedo acoplado;7908200102520|7908200102537;Incluido;17/01/2024
963597/1977;Ativo;;07/02/2022;;;TUTTI BABY INDUSTRIA E COMERCIO DE ARTIGOS INFANTIS LTDA;06981862000129;4733794000;Rod. Guilherme Jensen, SC413, km13;0;;89108000;Distrito Industrial;Massaranduba;SC;certificacao@tuttibaby.com.br;TUTTI BABY INDUSTRIA E COMERCIO DE ARTIGOS INFANTIS LTDA;Andadores Infantis;Portaria Inmetro nº 129 de 19/03/2021;;IN2869325;Modelo 5;;N;Brasil;TUTTI BABY;ANDADOR SAFARI II-ANDADOR 40.002-40002003/40002004/40002007/40003004/40004002/40004003;MAT:PP/ALGODAO/DIM:51X61X70CM/SIS_TRAV:DOIS DISPOS DE TRAV IND. OPER. SIMULTÂNEAMENTE/SIS_MONT/FERRG:REBITES,PARAF,ENCAIXE DE PÇS PLAST/ACESS:BAND. C/ BRINQ/CARAC. DO MOD.:ANDADOR C/ BRINQ NA BAND;7898431501615|7898431501622|7898431501639|7898431501684|7898431501691|7898431501707;Incluido;27/02/2026
736737/1941;Ativo;;05/08/2021;;;GALZERANO INDUSTRIA DE CARRINHOS E BERCOS LTDA;43594977000197;19999947357;Via Prefeito Jurandyr Paixão;700;;13481149;Jd. Campo Belo;Limeira;SP;luisfernando.camargo@galzerano.com.br;GALZERANO INDUSTRIA DE CARRINHOS E BERCOS LTDA;Andadores Infantis;Portaria Inmetro nº 129 de 19/03/2021;;CE-AND/IQB 000006 54618/21-001;;;N;Brasil;GALZERANO;Ref.: 4050-Andador Torino. Versões: 4050RO (Rosa), 4050TER (Terracota), 4050EST (Estrela), 4050SPR (Spring) - Material: Tecido poliéster, TNT, Espuma, PP, PA6, Master, Tinta, Tubo de aço, Itens de fixação e aviamentos. Dimensões: CxLxA (cm) 71x62,5x51,5. Sistema de travamento: Trilho plástico com botão de destrave e regulagem de altura;Sistema de montagem/ferragem: Manual. Acessórios que venham com o produto: Bandeja de brinquedos não removível, Características do modelo: Tecidos, Peças plásticas, Tinta, Ferragens;7908200102247|7908200102254|7908200102520|7908200102537;Excluido;17/01/2024
092232/1999;Ativo;;22/11/2023;;;JASSUMAL LTDA;04214425000154;62811924131;AV SETE SETEMBRO;852;;69005140;CENTRO;MANAUS;AM;dgjohnny@gmail.com;PINGHU SHI XIAOTIANDI CHILDREN?S PRODUCTS FACTORY;Andadores Infantis;Portaria Inmetro nº 129 de 19/03/2021;;IN1984323;;;S;China, República Popular;BABY SPORTS;ANDADOR JASSUMAL /REF: BS103 /VERSÕES:Azul Claro e Escuro - BS103A/Rosa Claro e Escuro - BS103R/Roxo e Rosa Escuro - BS103RR;MATERIAL:PP, FERRO E POLIÉSTER|DIMENSÕES:63 X 57 X 53 CM|SISTEMA DE TRAVAMENTO:LIBERAÇÃO EM DUAS AÇÕES CONSECUTIVAS|SISTEMA DE MONTAGEM E FERRAGEM:MANUAL (SEM FERRAMENTA)|ACESSÓRIOS:N/A|CARACTERISTICA;6901041000155;Incluido;22/11/2023
386236/2025;Ativo;;07/02/2022;;;TUTTI BABY INDUSTRIA E COMERCIO DE ARTIGOS INFANTIS LTDA;06981862000129;4733794000;Rod. Guilherme Jensen, SC413, km13;0;;89108000;Distrito Industrial;Massaranduba;SC;certificacao@tuttibaby.com.br;TUTTI BABY INDUSTRIA E COMERCIO DE ARTIGOS INFANTIS LTDA;Andadores Infantis;Portaria Inmetro nº 129 de 19/03/2021;;IN2869325;Modelo 5;;N;Brasil;Tutti Baby;Andador Safari II Azul/Rosa/Vermelho/Andador Princesa Rosa Coroa/Andador Acqua Explorador Cinza/Roxo;ESTRUT. MET.AÇO.TUBULAR/48x60,5x70CM/SIST.DE TRAV. COM.DUAS.AÇÕES.CONSECUT.PARA.LIBER./PARAFUSOS.E. REBITES/BRINQUEDOS.E.ADESIVOS;7898431501615|7898431501622|7898431501639|7898431501684|7898431501691|7898431501707;Excluido;12/01/2024
251959/1945;Inativo;;11/11/2022;;;COMPANHIA DOREL BRASIL PRODUTOS INFANTIS;10659948000883;2135547024;Av. Nilo Peçanha;1516 ;Galpão 3 ;28030035;Pq dos Rodoviários;Campos dos Goytacaze;RJ;standard@dorel.com.br;Jin Sun Gee Plastics Co., Ltd;Andadores Infantis;Portaria Inmetro nº 129 de 19/03/2021;;IN1701622-2;;;S;Formosa (Taiwan);Voyage;BG-1518. Nome comercial: Baby Step. Versões: Rosa e Azul.;Ferro,PP e poliéster. 60x49x68cm.Trav:Lib.2 ações consec.,Mont:Encaixe. Aces:Brinquedos;7908238801280|7908238801297;Incluido;11/11/2022
680251/1951;Ativo;;01/12/2021;;;FAST TRADING IMPORTACAO, EXPORTACAO E COMERCIO DE BEBIDAS EIRELI;34076058000130;8130191960;AV. GOVERNADOR AGAMENON MAGALHÃES,  EDF. EMPRESSARIAL RENATO DIAS - ANDAR 15º, SALA 1502 ;4318;SALA 1502;52010075;PAISSANDU; RECIFE;PE;ricardo.ferreira@fasttradingimport.com.br;China Zhejiang Techincal Co. Ltd;Andadores Infantis;Portaria Inmetro nº 42 de 19/01/2018;;OCAN-AND.514/21-1;;;S;China, República Popular;Fast;602;Material:	PP, Ferro e Poliester/ Dimensões:	63 x 57 x 53 cm/ Sistema de Travamento: Travamento automático com liberação em duas ações consecutivas/ Sistema de Montagem e Ferragem: Manual	/Acessórios: ;;Incluido;01/12/2021
025412/1968;Inativo;;24/09/2019;;;Galzerano Indústria de Carrinhos e Berços Ltda;43594977000197;1934043030;Via Prefeito Jurandyr Paixão;700;;13481149;Jd. Campo Belo;Limeira;SP;luisfernando.camargo@galzerano.com.br;SHEN ZHEN WEI MEI CHILDCARE PRODUCT LIMITED COMPANY;Andadores Infantis;Portaria Inmetro nº 42 de 19/01/2018;;CE-AND/IQB 000006 53504/20-001;;;S;China, República Popular;GALZERANO;Andador de bebê 4 em 1 Funny - Versões: Color (CR), Verde Água (VDA);Mat Tec poli Espum Resin plást Itens fix Dimens 75Cx71Lx55A(cm) Sist trav Dobradiç plást c/ botã acion Sist mont frenag Encaix manua Mod Andador c/ módul sonor Pçs girat Cores divers Acess Brinq remov;7898089221477|7898089221996;Incluido;24/09/2019
974255/1977;Ativo;;20/12/2019;;;TAPUZIM COMERCIAL LTDA;00513418000100;1138569063;Av. Monte Celeste;230;250;02561000;Vila S. Maria;São Paulo;SP;ehs0770@hotmail.com;SHEN ZHEN WEI MEI CHILDCARE PRODUCT LIMITED COMPANY;Andadores Infantis;Portaria Inmetro nº 42 de 19/01/2018;;OCAN-AND.165/19-2;;;S;China, República Popular;baby style;SPACECAR - VERSÕES: Andador car - Ref. 21302 / Andador space - Ref. 33117;Material: Plástico, metal e tecido. Dimensões: 59 x 59 x 69 cm , Sistema de Travamento: Stoper, Sistema de Montagem e Ferragem: Tesoura, Acessórios: Bandeja musical;4532213022990|4532331172997;Incluido;20/12/2019
888923/1975;Inativo;;14/01/2021;;;GALZERANO INDUSTRIA DE CARRINHOS E BERCOS LTDA;43594977000197;1934043030;Via Prefeito Jurandyr Paixão;700;;13481149;Jd. Campo Belo;Limeira;SP;luisfernando.camargo@galzerano.com.br;WEIMEI MEI CHILDCARE PRODUCT (HUIZHOU) LTD., CO;Andadores Infantis;Portaria Inmetro nº 42 de 19/01/2018;;CE-AND/IQB 000006 54025/20-001;;;S;China, República Popular;GALZERANO;Ref.: 4030-Andador 4 em 1 Funny. Versões: 4030CR (Color), 4030VDA (Verde Água);Mat Tec polié Espuma Resina plást Itens fixação Dimens 75x71x55(cm) Sist travament dobradiça plást c/ botão acionament Sist montagem/ferragem encaixe manual Acessórios manuais brinquedos removíveis;7898089221477|7898089221996;Incluido;14/01/2021
695635/1934;Ativo;;07/08/2024;;;AMAZONAS IMPORTADOS LTDA;07269201000138;9691131654;Rua Independência;175;;68900090;Central;Macapa;AP;adriana.abreu@amazonasimportados.com.br;YIWU BALBIAN ELECTRONIC TECHNOLOGICAL CO., LTD;Andadores Infantis;Portaria Inmetro nº 129 de 19/03/2021;;IN2086424-2;;;S;China, República Popular;LÉ PETIT;MODE:BABY WALKER/REF:LP-9618/ CONT: ANDADOR COM BRINQUEDO ACOPLADO/VERSÕES:AZUL,VERDE,ROSA,VERMELHO.;MAT:PP E POLIÉSTER/DIM:65X54X49CM/SIST DE TRAV:LIBERAÇÃO EM DUAS AÇÕES CONSECUTIVAS/SIST DE MONT E FERR:MANUAL (SEM FERRAMENTA)ACE:N/A.CARACTERISTICAS DO MODELO:;7453068240131;Incluido;07/08/2024
268259/2004;Ativo;;07/02/2022;;;TUTTI BABY INDUSTRIA E COMERCIO DE ARTIGOS INFANTIS LTDA;06981862000129;4733794000;Rod. Guilherme Jensen, SC413, km13;0;;89108000;Distrito Industrial;Massaranduba;SC;certificacao@tuttibaby.com.br;TUTTI BABY INDUSTRIA E COMERCIO DE ARTIGOS INFANTIS LTDA;Andadores Infantis;Portaria Inmetro nº 129 de 19/03/2021;;IN2869325;Modelo 5;;N;Brasil;Tutti Baby;Andador Safari Plus II (Azul / Rosa / Vermelho);ESTRUT. MET.AÇO.TUBULAR/48x60,5x70CM/SIST.DE TRAV. COM.DUAS.AÇÕES.CONSECUT.PARA.LIBER./PARAFUSOS.E. REBITES/BRINQUEDOS.E.ADESIVOS;7898431501615|7898431501622|7898431501639;Excluido;08/04/2022
212734/1991;Ativo;;03/04/2023;;;PLANETA - IMPORTACAO E DISTRIBUICAO DE BRINQUEDOS LTDA;13434272000141;1138951572;AV VASCO MASSAFELI;1000;G1A M1-21;06703600;JARDIM MARIA TEREZA;COTIA;SP;admin@planetadobebe.com.br;HEBEI WANXIN CHILDREN TOYS CO.,LTD.;Andadores Infantis;Portaria Inmetro nº 129 de 19/03/2021;;IN1765923;Modelo 5;;S;China, República Popular;MAXI BABY;ANDADOR LA BAMBA - NW-01 - AZUL #21537/ROSA #21538/VERMELHO #75268;MAT:PP E PART.ABS,AÇOD.ALTOCARB.RODAELASTÔM.TERMOP.,PVC/DIM:580X680X550(LXCXH)/SIS_TRAV:LIBER.EM 2 AÇÕES CONS./SIS_MONT E FERRG:MAN.(S/FERM)/ACES:BANDJ C BRI./CARAC.D.M.:ANDAD.C BRINQ.REG.002149/2023 ;7898975752689|7899403215370|7899403215387;Incluido;18/03/2026
051767/2010;Ativo;;31/08/2026;;;MADHULA COMERCIO DE ARTIGOS ELETROELETRONICOS LTDA;03838532000190;92994433107;Rua Marcilio Dias;166;;69005270;Centro;Manaus;AM;mayapunjwani@gmail.com;PINGHU XIAOTIANDI CHILDRENS PRODUCTS FACTORY;Andadores Infantis;Portaria Inmetro nº 129 de 19/03/2021;;IN3141126-1;Modelo 5;;S;China, República Popular;BENMEK;MADHULA/ MA100/ Verde e Azul - MA100VA/ Rosa e Roxo - MA100RR/ Branco e Azul Escuro - MA100BAE/ Amarelo e Vermelho - MA100AV;MAT.:PP, FERRO E POLIÉSTER/DIM.:63X57X53 CM/SIST. DE TRAV.: LIBERAÇÃO EM DUAS AÇÕES CONSECUTIVAS/SIST. MONT. E FERR.:MANUAL (SEM FERRAMENTA)/ACESS.:BRINQUEDO/CARACT. DO MOD.: ANDADOR COM BRINQUEDO;6901031000158;Incluido;31/08/2026
574206/1966;Ativo;;30/08/2021;;;TA TE TI INDUSTRIA E COMERCIO DE BRINQUEDOS EDUCATIVOS LTDA;30261120000103;4732422225;RUA TIRADENTES;230;;89107000;CENTRO;POMERODE;SC;qualidade3@grupocalesita.com.br;TA TE TI INDUSTRIA E COMERCIO DE BRINQUEDOS EDUCATIVOS LTDA;Andadores Infantis;Portaria Inmetro nº 129 de 19/03/2021;;CE-AND/IQB 000010 55962/23-001;Modelo 5;;N;Brasil;Tateti;Ref.914 - Move Baby;PP, METAL, TECIDO POLIESTER. DIMENSAO: 70,20X59,83X49,12CM. SIST. TRAVAMENTO:FREIO DIANTEIRO E TRASEIRO. SIST DE MONTAGEM: MANUAL/PARAFUSOS PP. ACESSORIOS:BANDEJA DE BRINQUEDOS;7898664632230;Incluido;02/03/2026
257288/1945;Ativo;;05/08/2021;;;GALZERANO INDUSTRIA DE CARRINHOS E BERCOS LTDA;43594977000197;19999947357;Via Prefeito Jurandyr Paixão;700;;13481149;Jd. Campo Belo;Limeira;SP;luisfernando.camargo@galzerano.com.br;GALZERANO INDUSTRIA DE CARRINHOS E BERCOS LTDA;Andadores Infantis;Portaria Inmetro nº 129 de 19/03/2021;;CE-AND/IQB 000006 54618/21-001;;;N;Brasil;GALZERANO;Ref.: 4050-Andador Torino. Versões: 4050RO (Rosa), 4050TER (Terracota);Mat Tec poliest TNT Espum PP PA6 Master Tint Tub aço Item fix/aviam CxLxA(cm) 71x62,5x51,5 Trav Trilh plást c/ botão destrav e reg alt Acess Band brinq não remov retrov Carac Tec Pçs plást Tint Ferrag;7908200102247|7908200102254;Excluido;11/05/2022
267019/1969;Ativo;;29/04/2024;;;TAPUZIM COMERCIAL LTDA;00513418000100;113856906;Av. Monte Celeste;230;250;02561000;Vila S. Maria;São Paulo;SP;sergio@babystylebrasil.com.br;SHEN ZHEN WEI MEI CHILDCARE PRODUCT LIMITED COMPANY;Andadores Infantis;Portaria Inmetro nº 129 de 19/03/2021;;IN2118124-2;;;S;China, República Popular;Baby Style;ANDADOR FOGUETE - FOGUETE CINZA E FOGUETE ROSA;MATERIAL:PP/DIM:62X53X78CM/SISTEMA DE TRAVAME:LIBERA EM 2 AÇÕES CONSECUTIVAS/MANUAL/ACESSÓRIOS:N/A/CARACT DO MODELO:ANDADOR C BRINQUEDO NA BANDEJA;4079337285219|4079337296543;Incluido;29/04/2024
937555/1994;Ativo;;16/09/2024;;;AMAZONAS IMPORTADOS LTDA;07269201000138;9691131654;Rua Independência;175;;68900090;Central;Macapa;AP;adriana.abreu@amazonasimportados.com.br;YIWU BALBIAN ELECTRONIC TECHNOLOGICAL CO., LTD;Andadores Infantis;Portaria Inmetro nº 129 de 19/03/2021;;IN2086424-1;;;S;China, República Popular;LÉ PETIT;MODE:BABY WALKER/REF:LP-9517/ CONT: ANDADOR COM BRINQUEDO ACOPLADO/VERSÕES:AZUL,ROSA,VERDE,;MAT:PP E POLIÉSTER/DIM:62X55,5X50CM/SIST DE TRAV:LIBERAÇÃO EM DUAS AÇÕES CONSECUTIVAS/SIST DE MONT E FERRAGEM:MANUAL (SEM FERRAMENTA)/ACESSÓRIOS:N/A.CARACTERISTICAS DO MODELO:;453068745717;Incluido;16/09/2024
510190/1964;Inativo;;23/05/2025;;;MD COMERCIO DE FERRAGENS LTDA;55274701000100;92981285408;AVENIDA JOAQUIM NABUCO;1094;A;69020030;Centro;Manaus;AM;mdcomerciodeferragensltda@gmail.com;Xingtai Pandelo Technology Co.,Ltd;Andadores Infantis;Portaria Inmetro nº 129 de 19/03/2021;;IN2611025;Modelo 5;;S;China, República Popular;ULTRA BABY;REF: UBW-801H - ANDADOR INFANTIL MUSICAL PARA BEBÊ - BABY PINK / BARBIE PINK, RED / WHITE, ROYAL BLUE / ORANGE / WHITE, GREEN / WHITE;MAT:PP,FERRO E POLIÉSTER/DIM:68X59X52CM/SIS_TRAV:LIBERAÇÃO EM 2 AÇÕES CONSECUTIVAS/SIS_MONTAGEM_E_FERRAGEM:MANUAL(SEM FERRAMENTA)/ACESSÓRIOS: N/A/CARACTERISTICAS_MODELO:ANDADOR COM BRINQUEDO ACOPLADO;7890012361007|7890012361113|7890012368082|7890012369096;Incluido;23/05/2025
562274/1930;Ativo;;07/03/2024;;;COMPANHIA DOREL BRASIL PRODUTOS INFANTIS;10659948000107;2135547024;Av. Nilo Peçanha;1516;1582;28030035;Pq dos Rodoviários;Campos dos Goytacaze;RJ;standard@dorel.com.br;COMPANHIA DOREL BRASIL PRODUTOS INFANTIS;Andadores Infantis;Portaria Inmetro nº 129 de 19/03/2021;;IN2040823;Modelo 5;;N;Brasil;INFANTI/ COSCO;APPIA/ ZIGGY - HE022 - N/A - AZUL / ROSA / AZUL / ROSA;MAT:PP,PES,PTA,EG,POLIPROPILENO E POLIETILENO/DIM:56,5 X 68 X 60,5 CM/SIST D TRAVAMENTO:LIB EM DUAS AÇÕES CONSEC/SIST DE MNTGM E FERRG:MAN (SEM FER)/ACESS:BAND D BRINQ./CARACT D MODELO:ANDADOR C BRINQ;7908238809774|7908238809781|7908238815812|7908238815829;Incluido;10/04/2026
856278/1956;Ativo;;12/11/2024;;;CACANDO OFERTAS LTDA;23230465000134;11976586700;Rua José Ferreira Crespo;752;Sala 1;08021480;Jardim São Vicente;São Paulo;SP;diegofrancisco22@bol.com.br;STYLL ADMINISTRACAO, INVESTIMENTOS, LOCACOES & SERVICOS LIMITADA;Andadores Infantis;Portaria Inmetro nº 129 de 19/03/2021;;IN2382924;;;N;Brasil;ClickBaby's;Andador Happy baby - Versões AZUL-HAPPY BABY ROSA-HAPPY BABY LARANJA-HAPPY BABY;Mat.Aço Polipropileno.Dim:640x570x470cm.Sist.Trav. Liberação duas ações consecutivas.Sist de Mont e Ferrag:Manual sem ferramenta.Acess: Bandeja c/Brinquedo.Caract/modelo:Andador c/brinquedo na bandeja;7898975097001|7898975097018|7898975097025;Incluido;12/11/2024
827108/1985;Ativo;;12/04/2021;;;TUTTI BABY INDUSTRIA E COMERCIO DE ARTIGOS INFANT;06981862000129;4733794000;Rod. Guilherme Jensen;0;Galpão 01;89108000;Distrito Industrial;Massaranduba;SC;qualidade@tuttibaby.com.br;TUTTI BABY INDUSTRIA E COMERCIO DE ARTIGOS INFANT;Andadores Infantis;Portaria Inmetro nº 129 de 19/03/2021;;CE-AND/IQB 000005 54149/20-001;Modelo 5;;N;Brasil;Tutti Baby;Andador 40.001;ESTRUT.MET. DE AÇO TUB.PLÁST. DE ENG.ALGODÃO.48CM X60,5CMX70CM,COM DUAS AÇÕESCONSEC PARA LIB.REB.E PARAF.BRINQ. E ADES.BASE SUP.BASE INF.FREIO ANTI-QUEDA E CONJ.DE RODAS,PNEU DA RODA TRAS. E TRAVA ANT;7898431501219|7898431501226|7898431501233;Incluido;12/04/2021
150282/1983;Inativo;;14/01/2021;;;GALZERANO INDUSTRIA DE CARRINHOS E BERCOS LTDA;43594977000197;1934043030;Via Prefeito Jurandyr Paixão;700;;13481149;Jd. Campo Belo;Limeira;SP;luisfernando.camargo@galzerano.com.br;HUNGSENG HARDWARE PLASTIC (DG) CORP., LTD;Andadores Infantis;Portaria Inmetro nº 42 de 19/01/2018;;CE-AND/IQB 000006 54018/20-001;;;S;China, República Popular;GALZERANO;Ref.: 4015-Andador 3 em 1 Fênix. Versões: 4015CR (Color);Mat Tec polié Espum Resin plást Itens fixação Dimens 103x103x72(cm) Sist travamento suporte plástico c/ encaixe Sist montagem/ferragem encaixes manuais Acessório: Bandeja de brinquedos não removíveis;7908200101936;Incluido;14/01/2021
444286/2009;Ativo;;07/03/2024;;;JASSUMAL LTDA;04214425000154;63881924131;AV SETE SETEMBRO;852;;69005140;CENTRO;MANAUS;AM;dgjohnny@gmail.com;PINGHU SHI XIAOTIANDI CHILDREN''S PRODUCTS FACTORY;Andadores Infantis;Portaria Inmetro nº 129 de 19/03/2021;;IN2087524;;;S;China, República Popular;BABY SPORTS;ANDADOR JASSUMAL - BS104 - AZUL CLARO E ESCURO-BS104A/ROSA CLARO E ESCURO-BS104R/VERMELHO E PRETO-BS104VP/ROXO E ROSA ESCURO-BS104RR;MAT.:PP,FERRO E POLIÉSTER/DIM.:63X57X53CM/SIST.TRAVA.:LIBERAÇÃO EM DUAS AÇÕES CONSECUTIVAS/SIST.MONT.FERRA.:MANUAL(SEM FERRAMENTA)/ACESSÓRIOS:N/A/CARACTERISTICAS DO MODELO: ANDADOR COM BRINQUEDO;6901041000155;Incluido;07/03/2024
738301/1935;Ativo;;29/04/2024;;;TAPUZIM COMERCIAL LTDA;00513418000100;113856906;Av. Monte Celeste;230;250;02561000;Vila S. Maria;São Paulo;SP;sergio@babystylebrasil.com.br;SHEN ZHEN WEI MEI CHILDCARE PRODUCT LIMITED COMPANY;Andadores Infantis;Portaria Inmetro nº 129 de 19/03/2021;;IN2118124-2;;;S;China, República Popular;Baby Style;ANDADOR FOGUETE - FOGUETE CINZA E FOGUETE ROSA;MATERIAL:PP/DIM:62X53X78CM/SISTEMA DE TRAVAME:LIBERA EM 2 AÇÕES CONSECUTIVAS/MANUAL/ACESSÓRIOS:N/A/CARACT DO MODELO:ANDADOR C BRINQUEDO NA BANDEJA;4079337285219|4079337296543;Incluido;29/04/2024
278001/1928;Ativo;;16/09/2024;;;AMAZONAS IMPORTADOS LTDA;07269201000138;9691131654;Rua Independência;175;;68900090;Central;Macapa;AP;adriana.abreu@amazonasimportados.com.br;YIWU BALBIAN ELECTRONIC TECHNOLOGICAL CO., LTD;Andadores Infantis;Portaria Inmetro nº 129 de 19/03/2021;;IN2086424-1;;;S;China, República Popular;LÉ PETIT;MODE:BABY WALKER/REF:LP-9517/ CONT: ANDADOR COM BRINQUEDO ACOPLADO/VERSÕES:AZUL,ROSA,VERDE,;MAT:PP E POLIÉSTER/DIM:62X55,5X50CM/SIST DE TRAV:LIBERAÇÃO EM DUAS AÇÕES CONSECUTIVAS/SIST DE MONT E FERRAGEM:MANUAL (SEM FERRAMENTA)/ACESSÓRIOS:N/A.CARACTERISTICAS DO MODELO:;453068745717;Incluido;16/09/2024
032305/1962;Ativo;;07/02/2022;;;TUTTI BABY INDUSTRIA E COMERCIO DE ARTIGOS INFANTIS LTDA;06981862000129;4733794000;Rod. Guilherme Jensen, SC413, km13;0;;89108000;Distrito Industrial;Massaranduba;SC;certificacao@tuttibaby.com.br;TUTTI BABY INDUSTRIA E COMERCIO DE ARTIGOS INFANTIS LTDA;Andadores Infantis;Portaria Inmetro nº 129 de 19/03/2021;;IN2869325;Modelo 5;;N;Brasil;TUTTI BABY;DESIGNAÇÃO COMERC SAFARI II (AZUL/ROSA/VERMELHO),PRINCESA ROSA COROA,ACQUA,EXPLORADOR (CINZA/ ROXO) CÓD D REF COMERC:ANDAD 40.002/40002003/40002004/40002007/40003004/40004002/40004003;MAT:ESTRUTURA METALICA - AÇO TUBULAR/DIM:48X60,5X70CM/SIST DE TRAVA:LIBERAÇ EM 2AÇÕES CONSECUT/SIST DE MONTAGEM E FERRAGEM:PARAFUSOS E REBITES/ACESSÓ:BRINQUEDOS E ADESIVOS/CARACT DO MODELO:ANDADOR C B;7898431501615|7898431501622|7898431501639|7898431501684|7898431501691|7898431501707;Excluido;26/04/2024
326309/1988;Inativo;;11/01/2023;;;COMPANHIA DOREL BRASIL PRODUTOS INFANTIS;10659948000883;2135547024;Av. Nilo Peçanha;1516 ;Galpão 3 ;28030035;Pq dos Rodoviários;Campos dos Goytacaze;RJ;standard@dorel.com.br;Jin Sun Gee Plastics Co., Ltd;Andadores Infantis;Portaria Inmetro nº 129 de 19/03/2021;;IN1701622-4;;;S;Formosa (Taiwan);Voyage;BG1401. Nome comercial: Buggy. Versões: Azul, Rosa.;PP,PVC,Ferro,POM,PU,Pol, 42x58.5x65cm. Trav:Lib.2 ações cons,Mont:Manual, Aces. Brinq.;7898509475206|7898509475213;Incluido;11/01/2023
620313/2014;Ativo;;07/02/2022;;;TUTTI BABY INDUSTRIA E COMERCIO DE ARTIGOS INFANTIS LTDA;06981862000129;4733794000;Rod. Guilherme Jensen, SC413, km13;0;;89108000;Distrito Industrial;Massaranduba;SC;certificacao@tuttibaby.com.br;TUTTI BABY INDUSTRIA E COMERCIO DE ARTIGOS INFANTIS LTDA;Andadores Infantis;Portaria Inmetro nº 129 de 19/03/2021;;IN2869325;Modelo 5;;N;Brasil;TUTTI BABY;ANDADOR SAFARI II-ANDADOR 40.002-40002003/40002004/40002007/40003004/40004002/40004003;MAT:PP E ALGODAO/DIM:51X61X70CM/SIS_TRAV:DOIS DISPOS TRAV INDEPEND SENDO OPER SIMULTÂNEAM./SIS_MONT/FERRG:REBITES,PARAFUSOS E ENCAIXE DE PÇS PLAST/ACESS:BAND. COM BRINQ/CARAC. DO MOD.:AND. C/ BRINQ NA;7898431501615|7898431501622|7898431501639|7898431501684|7898431501691|7898431501707;Excluido;27/02/2026
562587/1989;Ativo;;07/08/2024;;;AMAZONAS IMPORTADOS LTDA;07269201000138;9691131654;Rua Independência;175;;68900090;Central;Macapa;AP;adriana.abreu@amazonasimportados.com.br;YIWU BALBIAN ELECTRONIC TECHNOLOGICAL CO., LTD;Andadores Infantis;Portaria Inmetro nº 129 de 19/03/2021;;IN2086424-2;;;S;China, República Popular;LÉ PETIT;MODE:BABY WALKER/REF:LP-9618/ CONT: ANDADOR COM BRINQUEDO ACOPLADO/VERSÕES:AZUL,VERDE,ROSA,VERMELHO.;MAT:PP E POLIÉSTER/DIM:65X54X49CM/SIST DE TRAV:LIBERAÇÃO EM DUAS AÇÕES CONSECUTIVAS/SIST DE MONT E FERR:MANUAL (SEM FERRAMENTA)ACE:N/A.CARACTERISTICAS DO MODELO:;7453068240131;Incluido;07/08/2024
729520/1988;Ativo;;31/08/2026;;;TUTTI BABY INDUSTRIA E COMERCIO DE ARTIGOS INFANTIS LTDA;06981862000129;4733794000;Rod. Guilherme Jensen, SC413, km13;0;Galpão 01;89108000;Distrito Industrial;Massaranduba;SC;heloiza.souza@tuttibaby.com.br;TUTTI BABY INDUSTRIA E COMERCIO DE ARTIGOS INFANTIS LTDA;Andadores Infantis;Portaria Inmetro nº 129 de 19/03/2021;;CE-AND/IQB 000013 57036/26-002;Modelo 5;;N;Brasil;TUTTI BABY;ANDADOR COMFORT - 40005004,40005003,40005011,40005028,40005007,40005010,40005006,40005029;ESTRU.METALICA:ACO TUBULAR,BRINQ:PLAST.DE ENG.,REVEST. TEXTIL: ALGODAO/48X60,5X70 CM/DOIS DISP. DE TRAV. INDEP. SENDO OP. SIMULT./PARAFUSOS E MONT. DE PÇS PLAST./BRINQ. CERT. E ADESIVO-57036/26;7898431502063|7898431502070|7898431502087|7898431502094|7898431502100|7898431502117|7898431502124|7898431502131;Incluido;31/08/2026
514279/1929;Ativo;;05/08/2021;;;GALZERANO INDUSTRIA DE CARRINHOS E BERCOS LTDA;43594977000197;19999947357;Via Prefeito Jurandyr Paixão;700;;13481149;Jd. Campo Belo;Limeira;SP;luisfernando.camargo@galzerano.com.br;GALZERANO INDUSTRIA DE CARRINHOS E BERCOS LTDA;Andadores Infantis;Portaria Inmetro nº 129 de 19/03/2021;;CE-AND/IQB 000006 54618/21-001;;;N;Brasil;GALZERANO;Ref.: 4050-Andador Torino. Versões: 4050RO (Rosa), 4050TER (Terracota), 4050EST (Estrela), 4050SPR (Spring) - Material: Tecido poliéster, TNT, Espuma, PP, PA6, Master, Tinta, Tubo de aço, Itens de fixação e aviamentos. Dimensões: CxLxA (cm) 71x62,5x51,5. Sistema de travamento: Trilho plástico com botão de destrave e regulagem de altura;Sistema de montagem/ferragem: Manual. Acessórios que venham com o produto: Bandeja de brinquedos não removível, Características do modelo: Tecidos, Peças plásticas, Tinta, Ferragens;7908200102247|7908200102254|7908200102520|7908200102537;Excluido;17/01/2024
605577/1949;Ativo;;31/08/2026;;;MADHULA COMERCIO DE ARTIGOS ELETROELETRONICOS LTDA;03838532000190;92994433107;Rua Marcilio Dias;166;;69005270;Centro;Manaus;AM;mayapunjwani@gmail.com;PINGHU XIAOTIANDI CHILDRENS PRODUCTS FACTORY;Andadores Infantis;Portaria Inmetro nº 129 de 19/03/2021;;IN3141126-1;Modelo 5;;S;China, República Popular;BENMEK;MADHULA/ MA100/ Verde e Azul - MA100VA/ Rosa e Roxo - MA100RR/ Branco e Azul Escuro - MA100BAE/ Amarelo e Vermelho - MA100AV;MAT.:PP, FERRO E POLIÉSTER/DIM.:63X57X53 CM/SIST. DE TRAV.: LIBERAÇÃO EM DUAS AÇÕES CONSECUTIVAS/SIST. MONT. E FERR.:MANUAL (SEM FERRAMENTA)/ACESS.:BRINQUEDO/CARACT. DO MOD.: ANDADOR COM BRINQUEDO;6901031000158;Incluido;31/08/2026
914328/1940;Ativo;;15/11/2024;;;HCM INDUSTRIA E IMPORTACAO LTDA;12538691000160;37998767200;RUA SERGIPE ;1963;;35591096;SANTA ALEXANDRINA;LAGOA DA PRATA;MG;compras.hcmmalta@gmail.com;HCM INDUSTRIA E IMPORTACAO LTDA;Andadores Infantis;Portaria Inmetro nº 129 de 19/03/2021;;IN2431224-2;;;N;Brasil;JUMBO BABY;ANDADOR MUSICAL MEGALUXO JUMBO BABY/AZUL/ROSA/VERMELHO/LARANJA, CARAC.D/MODEL:ANDADOR COM BRINQUEDO NA BANDEJA;MAT.:POLIPROPILENO(PP)/ACO CARBONO(FERRAGENS)/TECIDO(POLIÉSTER)/DIM:69,5X58,5X14,5/SIS.D/TRAV.:LIB.EM 2AS.CON./SIS.D/MONT.E FERR.:MAN.(S/FERR.)/ACESS.:ASSE/FORR.P/OS PÉS/EMP./PAI.MUS;7898947715063|7898947715070|7898947715087|7898947715094;Incluido;15/11/2024
501096/1958;Ativo;;31/08/2026;;;TUTTI BABY INDUSTRIA E COMERCIO DE ARTIGOS INFANTIS LTDA;06981862000129;4733794000;Rod. Guilherme Jensen, SC413, km13;0;Galpão 01;89108000;Distrito Industrial;Massaranduba;SC;heloiza.souza@tuttibaby.com.br;TUTTI BABY INDUSTRIA E COMERCIO DE ARTIGOS INFANTIS LTDA;Andadores Infantis;Portaria Inmetro nº 129 de 19/03/2021;;CE-AND/IQB 000013 57036/26-002;Modelo 5;;N;Brasil;TUTTI BABY;ANDADOR COMFORT - 40005004,40005003,40005011,40005028,40005007,40005010,40005006,40005029;ESTRU.METALICA:ACO TUBULAR,BRINQ:PLAST.DE ENG.,REVEST. TEXTIL: ALGODAO/48X60,5X70 CM/DOIS DISP. DE TRAV. INDEP. SENDO OP. SIMULT./PARAFUSOS E MONT. DE PÇS PLAST./BRINQ. CERT. E ADESIVO-57036/26;7898431502063|7898431502070|7898431502087|7898431502094|7898431502100|7898431502117|7898431502124|7898431502131;Incluido;31/08/2026
686217/1969;Ativo;;20/12/2019;;;TAPUZIM COMERCIAL LTDA;00513418000100;1138569063;Av. Monte Celeste;230;250;02561000;Vila S. Maria;São Paulo;SP;ehs0770@hotmail.com;SHEN ZHEN WEI MEI CHILDCARE PRODUCT LIMITED COMPANY;Andadores Infantis;Portaria Inmetro nº 42 de 19/01/2018;;OCAN-AND.165/19-2;;;S;China, República Popular;baby style;SPACECAR - VERSÕES: Andador car - Ref. 21302 / Andador space - Ref. 33117;Material: Plástico, metal e tecido. Dimensões: 59 x 59 x 69 cm , Sistema de Travamento: Stoper, Sistema de Montagem e Ferragem: Tesoura, Acessórios: Bandeja musical;4532213022990|4532331172997;Incluido;20/12/2019
156572/1960;Ativo;;26/07/2024;;;DARDARA COMERCIO IMPORTACAO E EXPORTACAO LTDA;07774907000157;11964220291;R VALENTIM MAGALHAES;95;***;03184090;ALTO DA MOOCA;SÃO PAULO;SP;sac@dardara.com.br;FOSHAN BAOLIMEI BABY CARRIER CO., ;Andadores Infantis;Portaria Inmetro nº 129 de 19/03/2021;;IN2255924;;;S;China, República Popular;DARDARA;ANDADOR CARRO FD-2407 / VERSÕES: AZUL E ROSA;MAT:PP,METAL E POLIÉSTER/DIM:740X630X510MM/SIST DE TRAVA:LIB EM 2 AÇÕES CONSECUT/SIST DE MONT/FERRAG:MANUAL(C/FERRAMENTAS)/ACESSÓRIOS: BRINQ/CARACT DO MODELO:ANDADOR C/BRINQ INTEGRADO;7898572462738|7898572462755;Incluido;26/07/2024
774387/2001;Ativo;;07/02/2022;;;TUTTI BABY INDUSTRIA E COMERCIO DE ARTIGOS INFANTIS LTDA;06981862000129;4733794000;Rod. Guilherme Jensen, SC413, km13;0;;89108000;Distrito Industrial;Massaranduba;SC;certificacao@tuttibaby.com.br;TUTTI BABY INDUSTRIA E COMERCIO DE ARTIGOS INFANTIS LTDA;Andadores Infantis;Portaria Inmetro nº 129 de 19/03/2021;;IN2869325;Modelo 5;;N;Brasil;TUTTI BABY;DESIGNAÇÃO COMERC SAFARI II (AZUL/ROSA/VERMELHO),PRINCESA ROSA COROA,ACQUA,EXPLORADOR (CINZA/ ROXO) CÓD D REF COMERC:ANDAD 40.002/40002003/40002004/40002007/40003004/40004002/40004003 CARACT DO MODELO:ANDADOR C BRINQUEDO;MAT:ESTRUTURA METALICA - AÇO TUBULAR/DIM:48X60,5X70CM/SIST DE TRAVA:LIBERAÇ EM 2AÇÕES CONSECUT/SIST DE MONTAGEM E FERRAGEM:PARAFUSOS E REBITES/ACESSÓ:BRINQUEDOS E ADESIVOS;7898431501615|7898431501622|7898431501639|7898431501684|7898431501691|7898431501707;Excluido;10/12/2025
208332/1967;Ativo;;03/04/2023;;;PLANETA - IMPORTACAO E DISTRIBUICAO DE BRINQUEDOS LTDA;13434272000141;1138951572;AV VASCO MASSAFELI;1000;G1A M1-21;06703600;JARDIM MARIA TEREZA;COTIA;SP;admin@planetadobebe.com.br;HEBEI WANXIN CHILDREN TOYS CO.,LTD.;Andadores Infantis;Portaria Inmetro nº 129 de 19/03/2021;;IN1765923;Modelo 5;;S;China, República Popular;MAXI BABY;ANDADOR LA BAMBA - NW-01 - AZUL #21537/ROSA #21538/VERMELHO #75268;MAT: PP E PAR. ABS, AÇO DE ALT. CARB.-RODA ELAST. TERM.,PVC/DIM:580X680X550(LXCXH)/SIS_TRAV:LIBE.EMDUAS AÇÕES CONS./SIS_MONT E FER:MAN.(S/FER.)/ACES:BAND C BRINQ./CARAC.DO MOD:ANDADOR C BRI.(BAD. MUS.;7898975752689|7899403215370|7899403215387;Excluido;18/03/2026
873863/1951;Ativo;;24/01/2025;;;PLANETA - IMPORTACAO E DISTRIBUICAO DE BRINQUEDOS LTDA;13434272000141;1138951572;AV VASCO MASSAFELI - GALPAO1 RUA A LADO IMPAR ANEXO;1000;MODULO1/21;06703600;JARDIM MARIA TEREZA;COTIA;SP;admin@planetadobebe.com.br;PLANETA - IMPORTACAO E DISTRIBUICAO DE BRINQUEDOS LTDA;Andadores Infantis;Portaria Inmetro nº 129 de 19/03/2021;;IN2476224;;;N;Brasil;REPLAY KIDS;ANDADOR QUICK/21680 / BELLA/21681 / PUPPY/21682 / ZOO/21683 / SPACE/21684 / RACING;M:POLIPROPILENO, ABS, AÇO,ELASTÔMERO TERMOPLÁSTICO E PVC/D:58X68X55CM/S.D/TRV:MANUAL (SEM FERRAMENTA)/ACS:N/A/CARACTERISTICAS DO MODELO:BANDEJA COM BRINQUEDO/ PLACA MUSICAL/PLACA ANTIDERRAPANTE;7899403216803|7899403216810|7899403216827|7899403216834|7899403216841;Incluido;24/01/2025
502336/1993;Ativo;;07/03/2024;;;JASSUMAL LTDA;04214425000154;63881924131;AV SETE SETEMBRO;852;;69005140;CENTRO;MANAUS;AM;dgjohnny@gmail.com;PINGHU SHI XIAOTIANDI CHILDREN''S PRODUCTS FACTORY;Andadores Infantis;Portaria Inmetro nº 129 de 19/03/2021;;IN2087524;;;S;China, República Popular;BABY SPORTS;ANDADOR JASSUMAL - BS104 - AZUL CLARO E ESCURO-BS104A/ROSA CLARO E ESCURO-BS104R/VERMELHO E PRETO-BS104VP/ROXO E ROSA ESCURO-BS104RR;MAT.:PP,FERRO E POLIÉSTER/DIM.:63X57X53CM/SIST.TRAVA.:LIBERAÇÃO EM DUAS AÇÕES CONSECUTIVAS/SIST.MONT.FERRA.:MANUAL(SEM FERRAMENTA)/ACESSÓRIOS:N/A/CARACTERISTICAS DO MODELO: ANDADOR COM BRINQUEDO;6901041000155;Incluido;07/03/2024
693747/1981;Ativo;;06/03/2023;;;BURIGOTTO S A INDUSTRIA E COMERCIO;51460277000138;1934464813;Rua Martino Dragone;280;;13480308;Jardim Santa Barbara;Liemira;SP;alison.smanioto@burigotto.com;JIN SUN GEE PLASTICS CO., LTD;Andadores Infantis;Portaria Inmetro nº 129 de 19/03/2021;;CE-AND/IQB 000004 55573/23-001;Modelo 5;;S;Formosa (Taiwan);BURIGOTTO;ANDADOR OLÉ CL - REF. IXAN5143CL;PP, AÇO, TECIDO / 590 X 690 X 550 MM / TRILHO PLÁSTICO COM BOTÃO DE TRAVA/DESTRAVA E REGULAGEM DE ALTURA / REBITES, PARAFUSOS E ENCAIXE DE PEÇAS PLÁSTICAS / BANDEJA COM 2 BRINQUEDOS DE PP E NYLON;7896502944248;Incluido;29/04/2026
051767/2010;Cancelado;;28/02/2020;;14/07/2025;COMÉRCIO E IMPORTAÇÃO DENISE LTDA;29963642000178;2125843843;RUA DO MILHO;72;A;21011090;PENHA CIRCULAR;RIO DE JANEIRO;RJ;comerciomybaby@hotmail.com;PING HU BEST CHILDREN'S CARRIER CO.LTD;Andadores Infantis;Portaria Inmetro nº 42 de 19/01/2018;;OCAN-AND.329/20-1;;;S;China, República Popular;MY BABY;A-1;VERSÕES: ROSA, AZUL, AZUL COM VERDE, AZUL COM VERMELHO, ROSA COM LILÁS, ROSA COM ROSA ESCURO;;Incluido;28/02/2020
150606/1942;Ativo;;24/01/2025;;;PLANETA - IMPORTACAO E DISTRIBUICAO DE BRINQUEDOS LTDA;13434272000141;1138951572;AV VASCO MASSAFELI - GALPAO1 RUA A LADO IMPAR ANEXO;1000;MODULO1/21;06703600;JARDIM MARIA TEREZA;COTIA;SP;admin@planetadobebe.com.br;PLANETA - IMPORTACAO E DISTRIBUICAO DE BRINQUEDOS LTDA;Andadores Infantis;Portaria Inmetro nº 129 de 19/03/2021;;IN2476224;;;N;Brasil;REPLAY KIDS;ANDADOR QUICK/21680 / BELLA/21681 / PUPPY/21682 / ZOO/21683 / SPACE/21684 / RACING;M:POLIPROPILENO, ABS, AÇO,ELASTÔMERO TERMOPLÁSTICO E PVC/D:58X68X55CM/S.D/TRV:MANUAL (SEM FERRAMENTA)/ACS:N/A/CARACTERISTICAS DO MODELO:BANDEJA COM BRINQUEDO/ PLACA MUSICAL/PLACA ANTIDERRAPANTE;7899403216803|7899403216810|7899403216827|7899403216834|7899403216841;Incluido;24/01/2025
796340/2019;Inativo;;02/04/2020;;;Galzerano Indústria de Carrinhos e Berços Ltda;43594977000197;1934043030;Via Prefeito Jurandyr Paixão;700;;13481149;Jd. Campo Belo;Limeira;SP;luisfernando.camargo@galzerano.com.br;FOSHAN SHUNDE QIJUN TOYS CO., LTD;Andadores Infantis;Portaria Inmetro nº 42 de 19/01/2018;;CE-AND/IQB 000006 53487/19-001;;;S;China, República Popular;GALZERANO;Ref.: 4090 - Liam. Versões: 4090CZ (Cinza), 4090PT (Preto);Mat: Tec poli Espum Resin plást Tinta Ferragens. Dim: 70x65x54(cm). Sist Trav: Trilho plást c/ botão destrav e reg de altura. Sist mont/ferragem: Manual. Acess: Bandej brinq não removív e retrovisores;7908200101431|7908200101448;Incluido;02/04/2020
090355/1946;Ativo;;06/03/2023;;;BURIGOTTO S A INDUSTRIA E COMERCIO;51460277000138;1934464813;Rua Martino Dragone;280;;13480308;Jardim Santa Barbara;Liemira;SP;alison.smanioto@burigotto.com;JIN SUN GEE PLASTICS CO., LTD;Andadores Infantis;Portaria Inmetro nº 129 de 19/03/2021;;CE-AND/IQB 000004 55573/23-001;Modelo 5;;S;Formosa (Taiwan);BURIGOTTO;ANDADOR OLÉ CL (REF.COM.  IXAN5143CL);PP, AÇO, TECIDO / 590 X 690 X 550 MM / TRILHO PLÁSTICO COM BOTÃO DE TRAVA/DESTRAVA E REGULAGEM DE ALTURA / REBITES, PARAFUSOS E ENCAIXE DE PEÇAS PLÁSTICAS / BANDEJA COM 2 BRINQUEDOS DE PP E NYLON;7896502944248;Excluido;29/04/2026
660175/1986;Inativo;;19/04/2021;;;COMPANHIA DOREL BRASIL PRODUTOS INFANTIS;10659948000107;02135547024;Av. Nilo Peçanha;1516 /1582;Térreo;28030035;Pq dos Rodoviários;Campos dos Goytacaze;RJ;mariana.magalhaes@dorel.com.br;Jin Sun Gee Plastic Co.,Ltd;Andadores Infantis;Portaria Inmetro nº 42 de 19/01/2018;;OCAN-AND.145/21-5;;;S;Formosa (Taiwan);Safety 1st;HE001. Andador Spacewalker. Cores: Grey e Orange.;PP, Ferro, ABS. 58x65.5x71.5cm.Trav.Manual.Sist.Mont.Fren.Manual. Bandeja de Brinquedos.;7908238803932|7908283803949;Incluido;19/04/2021
083138/1993;Ativo;;14/05/2026;;;UNI-ART IMPORT LTDA.;68168368000105;11952844300;AV DAS INDUSTRIAS ;755;;13288163;DIST.INDL B. STORANI;VINHEDO;SP; www.unitoys.com.br;QINGYUAN XINGLONG BALL PRODUCING CO., LTD.;Andadores Infantis;Portaria Inmetro nº 129 de 19/03/2021;;IN2985326;Modelo 5;;S;China, República Popular;UNITOYS;ANDADOR COM EMPURRADOR - N/A - 3726 AZUL/3726 ROSA;MAT:PP, POLIÉSTER E AÇO/DIM:50X60X102 CM/SIS_TRAV:LIBERAÇÃO EM DUAS AÇÕES CONSECUTIVAS/SIS_MONT E FERRG:MANUAL (SEM FERRAMENTA)/ACESS:N/A/CARACTERISTICAS DO MODELO:ANDADOR COM BANDEJA MUSICAL;7908901504395|7908901504401;Incluido;14/05/2026
384359/1972;Ativo;;15/12/2023;;;MADHULA COMERCIO DE ARTIGOS ELETROELETRONICOS LTDA;03838532000190;62811924131;Rua Marcilio Dias;166;;69005270;Centro;Manaus;AM;dgjohnny@gmail.com;PINGHU SHI XIAOTIANDI CHILDREN''S PRODUCTS FACTORY;Andadores Infantis;Portaria Inmetro nº 129 de 19/03/2021;;IN1983523;;;S;China, República Popular;BENMEK;ANDADOR MADHULA/REF.: MA100/VERSÕES:Verde e Azul - MA100VA,Rosa e Roxo - MA100RR,Branco e Azul Escuro - MA100BAE,Amarelo e Vermelho - MA100AV;MAT:PP, FERRO E POLIÉSTER/DIMEN.:63 X 57 X 53 CM/SIST. TRAVAMENTO:Liberação em duas ações consecutivas/SIST. MONTAGEM E FERRAGEM:MANUAL(SEM FERRAMENTA)/ACESS.:n/a/CARACTERÍSTICAS: ANDADOR COM BRINQUED;6901031000158;Incluido;15/12/2023
678363/1998;Cancelado;;28/02/2020;;14/07/2025;COMÉRCIO E IMPORTAÇÃO DENISE LTDA;29963642000178;2125843843;RUA DO MILHO;72;A;21011090;PENHA CIRCULAR;RIO DE JANEIRO;RJ;comerciomybaby@hotmail.com;PING HU BEST CHILDREN'S CARRIER CO.LTD;Andadores Infantis;Portaria Inmetro nº 42 de 19/01/2018;;OCAN-AND.329/20-1;;;S;China, República Popular;MY BABY;A-1;VERSÕES: ROSA, AZUL, AZUL COM VERDE, AZUL COM VERMELHO, ROSA COM LILÁS, ROSA COM ROSA ESCURO;;Incluido;28/02/2020
026976/1962;Ativo;;24/01/2025;;;PLANETA - IMPORTACAO E DISTRIBUICAO DE BRINQUEDOS LTDA;13434272000141;1138951572;AV VASCO MASSAFELI - GALPAO1 RUA A LADO IMPAR ANEXO;1000;MODULO1/21;06703600;JARDIM MARIA TEREZA;COTIA;SP;admin@planetadobebe.com.br;PLANETA - IMPORTACAO E DISTRIBUICAO DE BRINQUEDOS LTDA;Andadores Infantis;Portaria Inmetro nº 129 de 19/03/2021;;IN2476224;;;N;Brasil;REPLAY KIDS;ANDADOR QUICK/21680 / BELLA/21681 / PUPPY/21682 / ZOO/21683 / SPACE/21684 / RACING;M:POLIPROPILENO, ABS, AÇO,ELASTÔMERO TERMOPLÁSTICO E PVC/D:58X68X55CM/S.D/TRV:MANUAL (SEM FERRAMENTA)/ACS:N/A/CARACTERISTICAS DO MODELO:BANDEJA COM BRINQUEDO/ PLACA MUSICAL/PLACA ANTIDERRAPANTE;7899403216803|7899403216810|7899403216827|7899403216834|7899403216841;Incluido;24/01/2025
111381/1988;Ativo;;15/12/2023;;;MADHULA COMERCIO DE ARTIGOS ELETROELETRONICOS LTDA;03838532000190;62811924131;Rua Marcilio Dias;166;;69005270;Centro;Manaus;AM;dgjohnny@gmail.com;PINGHU SHI XIAOTIANDI CHILDREN''S PRODUCTS FACTORY;Andadores Infantis;Portaria Inmetro nº 129 de 19/03/2021;;IN1983523;;;S;China, República Popular;BENMEK;ANDADOR MADHULA/REF.: MA100/VERSÕES:Verde e Azul - MA100VA,Rosa e Roxo - MA100RR,Branco e Azul Escuro - MA100BAE,Amarelo e Vermelho - MA100AV;MAT:PP, FERRO E POLIÉSTER/DIMEN.:63 X 57 X 53 CM/SIST. TRAVAMENTO:Liberação em duas ações consecutivas/SIST. MONTAGEM E FERRAGEM:MANUAL(SEM FERRAMENTA)/ACESS.:n/a/CARACTERÍSTICAS: ANDADOR COM BRINQUED;6901031000158;Incluido;15/12/2023
311562/2023;Ativo;;29/04/2024;;;TAPUZIM COMERCIAL LTDA;00513418000100;113856906;Av. Monte Celeste;230;250;02561000;Vila S. Maria;São Paulo;SP;sergio@babystylebrasil.com.br;SHEN ZHEN WEI MEI CHILDCARE PRODUCT LIMITED COMPANY;Andadores Infantis;Portaria Inmetro nº 129 de 19/03/2021;;IN2118124-2;;;S;China, República Popular;Baby Style;ANDADOR FOGUETE - FOGUETE CINZA E FOGUETE ROSA;MATERIAL:PP/DIM:62X53X78CM/SISTEMA DE TRAVAME:LIBERA EM 2 AÇÕES CONSECUTIVAS/MANUAL/ACESSÓRIOS:N/A/CARACT DO MODELO:ANDADOR C BRINQUEDO NA BANDEJA;4079337285219|4079337296543;Incluido;29/04/2024
972367/2024;Inativo;;12/12/2022;;;COMPANHIA DOREL BRASIL PRODUTOS INFANTIS;10659948000883;2135547024;Av. Nilo Peçanha;1516 ;Galpão 3 ;28030035;Pq dos Rodoviários;Campos dos Goytacaze;RJ;standard@dorel.com.br;Dongguan Xinyeda Hardware Plastic Products Co., Ltd;Andadores Infantis;Portaria Inmetro nº 129 de 19/03/2021;;IN1715922;;;S;China, República Popular;Safety 1st;11389.  Melody Garden;ABS,PP.PVC.Pol.Esp, 64x55x66cm,Trav.Lib.2açoes cons, Mon.Manual. Aces: Brinquedos.;9312541727119;Incluido;12/12/2022
697836/1946;Ativo;;07/03/2024;;;COMPANHIA DOREL BRASIL PRODUTOS INFANTIS;10659948000107;2135547024;Av. Nilo Peçanha;1516;1582;28030035;Pq dos Rodoviários;Campos dos Goytacaze;RJ;standard@dorel.com.br;COMPANHIA DOREL BRASIL PRODUTOS INFANTIS;Andadores Infantis;Portaria Inmetro nº 129 de 19/03/2021;;IN2040823;Modelo 5;;N;Brasil;Infanti;APPIA - HE022 - AZUL/ROSA - MAT.:PP, POLIÉSTER,PTA, EG, POLIPROPILENO E POLIETILENO.DIMENSÕES:56,5X68X60,5CM/;SIST. DE TRAVAMENTO: LIBERAÇÃO EM 2 AÇÕES CONSECUTIVAS/SIST. DE MONTAGEM E FERRAGEM: MANUAL (S/ FERRAMENTAS)/ACES.: BANDEJA DE BRINQUEDOS/ANDADOR COM BRINQUEDO;7908238809774|7908238809781;Excluido;10/04/2026
150606/1942;Ativo;;07/02/2022;;;TUTTI BABY INDUSTRIA E COMERCIO DE ARTIGOS INFANTIS LTDA;06981862000129;4733794000;Rod. Guilherme Jensen, SC413, km13;0;;89108000;Distrito Industrial;Massaranduba;SC;certificacao@tuttibaby.com.br;TUTTI BABY INDUSTRIA E COMERCIO DE ARTIGOS INFANTIS LTDA;Andadores Infantis;Portaria Inmetro nº 129 de 19/03/2021;;IN2869325;Modelo 5;;N;Brasil;Tutti Baby;Andador Safari Plus II (Azul / Rosa / Vermelho);ESTRUT. MET.AÇO.TUBULAR/48x60,5x70CM/SIST.DE TRAV. COM.DUAS.AÇÕES.CONSECUT.PARA.LIBER./PARAFUSOS.E. REBITES/BRINQUEDOS.E.ADESIVOS;7898431501615|7898431501622|7898431501639;Excluido;08/04/2022
045801/1992;Ativo;;07/02/2022;;;TUTTI BABY INDUSTRIA E COMERCIO DE ARTIGOS INFANTIS LTDA;06981862000129;4733794000;Rod. Guilherme Jensen, SC413, km13;0;;89108000;Distrito Industrial;Massaranduba;SC;certificacao@tuttibaby.com.br;TUTTI BABY INDUSTRIA E COMERCIO DE ARTIGOS INFANTIS LTDA;Andadores Infantis;Portaria Inmetro nº 129 de 19/03/2021;;IN2869325;Modelo 5;;N;Brasil;Tutti Baby;Andador Safari Plus II (Azul / Rosa / Vermelho);ESTRUT. MET.AÇO.TUBULAR/48x60,5x70CM/SIST.DE TRAV. COM.DUAS.AÇÕES.CONSECUT.PARA.LIBER./PARAFUSOS.E. REBITES/BRINQUEDOS.E.ADESIVOS;7898431501615|7898431501622|7898431501639;Excluido;08/04/2022
901469/1928;Ativo;;14/08/2019;;;BAMBOO COMERCIO, IMPORTAÇÃO E EXPORTAÇÃO EIRELI-EPP;27115224000103;8132419265;Rua. Alegre;154;Galpão A;52120125;Arruda;Recife;PE;bamboo@yescert.com.br;ZHEJIANG KINTEX INTERNATIONAL TRADING CO., LTD;Andadores Infantis;Portaria Inmetro nº 129 de 19/03/2021;;IN1632922;;;S;China, República Popular;BAMBOO;NOME FANTASIA: ANDAJAR GUGU MODELO: MD-18 CORES: VERDE;PLÁSTICO, METAL E FIBRA TÊXTIL,520 x 560 x 620 mm,MANUAL,MANUAL,BANDEJA, VOLANTE DO PUXADOR.;7909312341029;Excluido;22/07/2022
266382/1951;Inativo;;11/01/2023;;;COMPANHIA DOREL BRASIL PRODUTOS INFANTIS;10659948000883;2135547024;Av. Nilo Peçanha;1516 ;Galpão 3 ;28030035;Pq dos Rodoviários;Campos dos Goytacaze;RJ;standard@dorel.com.br;Jin Sun Gee Plastics Co., Ltd;Andadores Infantis;Portaria Inmetro nº 129 de 19/03/2021;;IN1722522;;;S;Formosa (Taiwan);Cosco;BG-1518. Nome comercial: Follow. Versões: Azul e Laranja.;Ferro, plástico, PP,PET, PU e poliéster. 60 x 49 x 68 cm.Trav:Lib.2 ações cons., Encaixe,aces: Brinquedos.;7908238808043|7908238808050;Incluido;11/01/2023
830560/1932;Ativo;;14/08/2019;;;BAMBOO COMERCIO, IMPORTAÇÃO E EXPORTAÇÃO EIRELI-EPP;27115224000103;8132419265;Rua. Alegre;154;Galpão A;52120125;Arruda;Recife;PE;bamboo@yescert.com.br;ZHEJIANG KINTEX INTERNATIONAL TRADING CO., LTD;Andadores Infantis;Portaria Inmetro nº 129 de 19/03/2021;;IN1632922;;;S;China, República Popular;BAMBOO;MODELO:MD-18NOME COMERCIAL:ANDAJAR GUGUVERSÕES: Azul (Ref.: MD18.1)Rosa (Ref.: MD18.2)Verde (Ref.: MD18.3)Vermelho (Ref.: MD18.4);Mat: PLAST / MET/FIB TEXTIL,DIM:ABRT:62X56X52CM,FECH:62X56X16,SIST TRAV:LIBER EM 2 ACOES CONSEC,SIST MONT FERRAG: MANUAL(S/FERRAMENTA),ACESS:BANDEJ C/BRINQ E HAST C/PUXADOR;7909312341029;Incluido;22/07/2022
836202/1991;Ativo;;29/04/2024;;;TAPUZIM COMERCIAL LTDA;00513418000100;113856906;Av. Monte Celeste;230;250;02561000;Vila S. Maria;São Paulo;SP;sergio@babystylebrasil.com.br;SHEN ZHEN WEI MEI CHILDCARE PRODUCT LIMITED COMPANY;Andadores Infantis;Portaria Inmetro nº 129 de 19/03/2021;;IN2118124-2;;;S;China, República Popular;Baby Style;ANDADOR FOGUETE - FOGUETE CINZA E FOGUETE ROSA;MATERIAL:PP/DIM:62X53X78CM/SISTEMA DE TRAVAME:LIBERA EM 2 AÇÕES CONSECUTIVAS/MANUAL/ACESSÓRIOS:N/A/CARACT DO MODELO:ANDADOR C BRINQUEDO NA BANDEJA;4079337285219|4079337296543;Incluido;29/04/2024
602125/2002;Inativo;;12/01/2023;;;COMPANHIA DOREL BRASIL PRODUTOS INFANTIS;10659948000883;2135547024;Av. Nilo Peçanha;1516 ;Galpão 3 ;28030035;Pq dos Rodoviários;Campos dos Goytacaze;RJ;standard@dorel.com.br;Jin Sun Gee Plastics Co., Ltd;Andadores Infantis;Portaria Inmetro nº 129 de 19/03/2021;;IN1701622-3;;;S;Formosa (Taiwan);Safety 1st;HE001. Nome comercial: Spacewalker 3 em 1. Versões: Grey, Orange.;PP,Ferro,Aço,ABS,PVC,POM,TPR,MB475,Pol,65.5x50x71.5cm.Trav:Lib.2ações cons.,Mont:Manual.Aces.Brinq.;7908238803932|7908238803949;Incluido;12/01/2023
560386/1977;Inativo;;02/04/2020;;;Galzerano Indústria de Carrinhos e Berços Ltda;43594977000197;1934043030;Via Prefeito Jurandyr Paixão;700;;13481149;Jd. Campo Belo;Limeira;SP;luisfernando.camargo@galzerano.com.br;FOSHAN SHUNDE QIJUN TOYS CO., LTD;Andadores Infantis;Portaria Inmetro nº 42 de 19/01/2018;;CE-AND/IQB 000006 53487/19-001;;;S;China, República Popular;GALZERANO;Ref.: 4090 - Liam. Versões: 4090CZ (Cinza), 4090PT (Preto);Mat: Tec poli Espum Resin plást Tinta Ferragens. Dim: 70x65x54(cm). Sist Trav: Trilho plást c/ botão destrav e reg de altura. Sist mont/ferragem: Manual. Acess: Bandej brinq não removív e retrovisores;7908200101431|7908200101448;Incluido;02/04/2020
854390/2003;Ativo;;27/03/2026;;;HEMNANI COMERCIO DE VARIEDADES LTDA.;05469291000185;9232330121;Rua Marcílio Dias;304;;69005270;Centro;Manaus;AM;hemnanibr@yahoo.com;PINGHU XIAOTIANDI CHILDREN?S PRODUCTS FACTORY;Andadores Infantis;Portaria Inmetro nº 129 de 19/03/2021;;IN2911926;Modelo 5;;S;China, República Popular;SITA;ANDADOR AKH602 - AKH602 - AVIÃO - AVIAO;MAT:PP,FERRO E POLIE./DIM:70 X62.5 X 51 CM/SISTEMA DE TRAVAMENTO:LIBERAÇÃO EM DUAS AÇÕES CONSECUTIVAS/SISTEMA DE MONTAGEM E FERRAGEM:MAN.(S/FERRAM.)/ACESS:BAND.MUSI./CARAC.DO MOD.:AND.COM BAND.MUSI.;0618231660148;Incluido;27/03/2026
577647/2013;Ativo;;09/12/2019;;;TAPUZIM COMERCIAL LTDA;00513418000100;1138569063;Av. Monte Celeste;230;250;02561000;Vila S. Maria;São Paulo;SP;ehs0770@hotmail.com;SHEN ZHEN WEI MEI CHILDCARE PRODUCT LIMITED COMPANY;Andadores Infantis;Portaria Inmetro nº 42 de 19/01/2018;;OCAN-AND.165/19-3;;;S;China, República Popular;baby style;CENTRO DE ATIVIDADES;VERSÕES: Andador play - Ref.5821 Andador meninos - Ref. 515211 Andador meninas - Ref. 51522. Material: Plástico, metal e tecido. Dimensões: 74 x 75 x 18 cm Sistema de Travamento: Stoper Sistema de Mon;4079515211993|4079515222999|4532582122994;Incluido;09/12/2019
973015/1942;Ativo;;07/02/2022;;;TUTTI BABY INDUSTRIA E COMERCIO DE ARTIGOS INFANTIS LTDA;06981862000129;4733794000;Rod. Guilherme Jensen, SC413, km13;0;;89108000;Distrito Industrial;Massaranduba;SC;certificacao@tuttibaby.com.br;TUTTI BABY INDUSTRIA E COMERCIO DE ARTIGOS INFANTIS LTDA;Andadores Infantis;Portaria Inmetro nº 129 de 19/03/2021;;IN2869325;Modelo 5;;N;Brasil;Tutti Baby;Andador Safari II Azul/Rosa/Vermelho/Andador Princesa Rosa Coroa/Andador Acqua Explorador Cinza/Roxo;ESTRUT. MET.AÇO.TUBULAR/48x60,5x70CM/SIST.DE TRAV. COM.DUAS.AÇÕES.CONSECUT.PARA.LIBER./PARAFUSOS.E. REBITES/BRINQUEDOS.E.ADESIVOS;7898431501615|7898431501622|7898431501639|7898431501684|7898431501691|7898431501707;Excluido;12/01/2024
691870/1928;Ativo;;14/05/2026;;;UNI-ART IMPORT LTDA.;68168368000105;11952844300;AV DAS INDUSTRIAS ;755;;13288163;DIST.INDL B. STORANI;VINHEDO;SP; www.unitoys.com.br;QINGYUAN XINGLONG BALL PRODUCING CO., LTD.;Andadores Infantis;Portaria Inmetro nº 129 de 19/03/2021;;IN2985326;Modelo 5;;S;China, República Popular;UNITOYS;ANDADOR COM EMPURRADOR - N/A - 3726 AZUL/3726 ROSA;MAT:PP, POLIÉSTER E AÇO/DIM:50X60X102 CM/SIS_TRAV:LIBERAÇÃO EM DUAS AÇÕES CONSECUTIVAS/SIS_MONT E FERRG:MANUAL (SEM FERRAMENTA)/ACESS:N/A/CARACTERISTICAS DO MODELO:ANDADOR COM BANDEJA MUSICAL;7908901504395|7908901504401;Incluido;14/05/2026
195786/2014;Ativo;;29/04/2024;;;TAPUZIM COMERCIAL LTDA;00513418000100;1138569063;Av. Monte Celeste;230;250;02561000;Vila S. Maria;São Paulo;SP;sergio@babystylebrasil.com.br;SHEN ZHEN WEI MEI CHILDCARE PRODUCT LIMITED COMPANY;Andadores Infantis;Portaria Inmetro nº 129 de 19/03/2021;;IN2118124-1;;;S;China, República Popular;Baby Style;ANDADOR SMART - SMART AZUL E SMART ROSA;PP,62 X 53 X 78CM,LIBERAÇÃO EM DUAS AÇÕES CONSECUTIVAS,MANUAL (SEM FERRAMENTA),ACESSÓRIOS:N/A/CARAC MODELO:ANDADOR C BRINQUEDO NA BANDEJA;4079337307416|4079337313325;Incluido;29/04/2024
148405/1930;Ativo;;12/11/2024;;;CACANDO OFERTAS LTDA;23230465000134;11976586700;Rua José Ferreira Crespo;752;Sala 1;08021480;Jardim São Vicente;São Paulo;SP;diegofrancisco22@bol.com.br;STYLL ADMINISTRACAO, INVESTIMENTOS, LOCACOES & SERVICOS LIMITADA;Andadores Infantis;Portaria Inmetro nº 129 de 19/03/2021;;IN2382924;;;N;Brasil;ClickBaby's;Andador Happy baby - Versões AZUL-HAPPY BABY ROSA-HAPPY BABY LARANJA-HAPPY BABY;Mat.Aço Polipropileno.Dim:640x570x470cm.Sist.Trav. Liberação duas ações consecutivas.Sist de Mont e Ferrag:Manual sem ferramenta.Acess: Bandeja c/Brinquedo.Caract/modelo:Andador c/brinquedo na bandeja;7898975097001|7898975097018|7898975097025;Incluido;12/11/2024
442409/1956;Ativo;;19/06/2026;;;LILI FLORES ARTESANAIS LTDA;50509301000113;2199999999;R SANTO SEPULCRO;00279;;21350220;MADUREIRA;RIO DE JANEIRO;RJ;xiaoweiliu663@gmail.com;PINGHU XIAOTIANDI CHILDREN''S PRODUCTS FACTORY ;Andadores Infantis;Portaria Inmetro nº 129 de 19/03/2021;;IN3051726;Modelo 5;;S;China, República Popular;LILI;MOD:ANDADOR LL-2931 / CÓD. DE REFERÊNCIA COMERCIAL: LL-2931 / AZUL,ROSA,VERDE;MAT.:PP, POLIÉSTER E POLIETILENO/DIM:56,5X68X60,5CM/ SIST.TRAV.:LIBERAÇÃO EM DUAS AÇÕES CONSECUTIVAS/SIST. MONT.:LIBERAÇÃO EM DUAS AÇÕES CONSECUTIVAS/SEM ACESSÓRIOS/ANDADOR COM BRINQUEDO INTERATIVO;;Incluido;19/06/2026
352988/1989;Ativo;;09/12/2019;;;TAPUZIM COMERCIAL LTDA;00513418000100;1138569063;Av. Monte Celeste;230;250;02561000;Vila S. Maria;São Paulo;SP;ehs0770@hotmail.com;SHEN ZHEN WEI MEI CHILDCARE PRODUCT LIMITED COMPANY;Andadores Infantis;Portaria Inmetro nº 42 de 19/01/2018;;OCAN-AND.165/19-3;;;S;China, República Popular;baby style;CENTRO DE ATIVIDADES;VERSÕES: Andador play - Ref.5821 Andador meninos - Ref. 515211 Andador meninas - Ref. 51522. Material: Plástico, metal e tecido. Dimensões: 74 x 75 x 18 cm Sistema de Travamento: Stoper Sistema de Mon;4079515211993|4079515222999|4532582122994;Incluido;09/12/2019
736413/1982;Ativo;;05/08/2021;;;GALZERANO INDUSTRIA DE CARRINHOS E BERCOS LTDA;43594977000197;19999947357;Via Prefeito Jurandyr Paixão;700;;13481149;Jd. Campo Belo;Limeira;SP;luisfernando.camargo@galzerano.com.br;GALZERANO INDUSTRIA DE CARRINHOS E BERCOS LTDA;Andadores Infantis;Portaria Inmetro nº 129 de 19/03/2021;;CE-AND/IQB 000006 54618/21-001;;;N;Brasil;GALZERANO;Ref.: 4050-Andador Torino. Versões: 4050RO (Rosa), 4050TER (Terracota);Mat Tec poliest TNT Espum PP PA6 Master Tint Tub aço Item fix/aviam CxLxA(cm) 71x62,5x51,5 Trav Trilh plást c/ botão destrav e reg alt Acess Band brinq não remov retrov Carac Tec Pçs plást Tint Ferrag;7908200102247|7908200102254;Excluido;11/05/2022
036394/1927;Ativo;;01/07/2026;;;APS IMPORTACAO EXPORTACAO DISTRIBUICAO LTDA;44540981000135;11974642778;EST GERAL DE MEDEIROS;20;SALA 05;88390000;MEDEIROS;BARRA VELHA;SC;orquestra@yescert.com.br;Tengzhou Lebeir Baby Carriage Co., Ltd.;Andadores Infantis;Portaria Inmetro nº 129 de 19/03/2021;;IN3076626;Modelo 5;;S;China, República Popular;TOYS&TOYS;MOD:ANDADOR MUSICAL PARA BEBES/INFANTIL/CÓD DE REFERÊNCIA COMERCIAL: ANDADOR MUSICAL V:CINZA - 310552,MARROM - 310569,AZUL - 310576,ROSA 310583;Mat:PP/Dim:799x660x715mm/Sist de Travam: Dois dispositivos de travam independentes sendo operados simult/Sist de Mont e Ferr:Manual (sem ferram)/Acess:N/A/Caract do modelo:ANDADOR COM BRINQ.MUSICAL AC;7908888310552|7908888310569|7908888310576|7908888310583;Incluido;01/07/2026
030417/2009;Ativo;;12/04/2021;;;TUTTI BABY INDUSTRIA E COMERCIO DE ARTIGOS INFANT;06981862000129;4733794000;Rod. Guilherme Jensen;0;Galpão 01;89108000;Distrito Industrial;Massaranduba;SC;qualidade@tuttibaby.com.br;TUTTI BABY INDUSTRIA E COMERCIO DE ARTIGOS INFANT;Andadores Infantis;Portaria Inmetro nº 129 de 19/03/2021;;CE-AND/IQB 000005 54149/20-001;Modelo 5;;N;Brasil;Tutti Baby;Andador 40.001;ESTRUT.MET. DE AÇO TUB.PLÁST. DE ENG.ALGODÃO.48CM X60,5CMX70CM,COM DUAS AÇÕESCONSEC PARA LIB.REB.E PARAF.BRINQ. E ADES.BASE SUP.BASE INF.FREIO ANTI-QUEDA E CONJ.DE RODAS,PNEU DA RODA TRAS. E TRAVA ANT;7898431501219|7898431501226|7898431501233;Incluido;12/04/2021
324432/1935;Inativo;;19/06/2023;;;VANMAX COMERCIO LTDA;84114198000124;9231337050;RUA CEL SERGIO PESSOA;91;;69005030;CENTRO;MANAUS;AM;GERENTEDEVENDAS@VANMAX.COM.BR;PINGHU SHI XIAOTIANDI CHILDREN´S PRODUCTS FACTORY;Andadores Infantis;Portaria Inmetro nº 129 de 19/03/2021;;IN1811123;;;S;China, República Popular;BRINKMAX;997A/ NOME COMERCIAL: ANDAJÁ/VERSÕES: AZUL - 582597/ROSA - 582596/VERMELHO - 582598/VERMELHO/BRANCO - 582599 - MAT.: FERRO,POLIPROPILENO E POLIÉSTER/DIM.:67X57X54CM;SIST.DE TRAVA.:LIBERAÇÃO EM DUAS AÇÕES CONSECUTIVAS/SIST.DE MONT.E FERR.MAN.(SEM FERRAMENTA)/ACESSÓRIOS: BRINQUEDO/CARACTERISTICAS DO MODELO: ANDADOR INFANTIL COM BRINQUEDO ACOPLADO;7890785825966|7890785825973|7890785825980|7890785825997;Incluido;19/06/2023
618436/1961;Ativo;;07/02/2022;;;TUTTI BABY INDUSTRIA E COMERCIO DE ARTIGOS INFANTIS LTDA;06981862000129;4733794000;Rod. Guilherme Jensen, SC413, km13;0;;89108000;Distrito Industrial;Massaranduba;SC;certificacao@tuttibaby.com.br;TUTTI BABY INDUSTRIA E COMERCIO DE ARTIGOS INFANTIS LTDA;Andadores Infantis;Portaria Inmetro nº 129 de 19/03/2021;;IN2869325;Modelo 5;;N;Brasil;Tutti Baby;Andador Safari Plus II (Azul / Rosa / Vermelho);ESTRUT. MET.AÇO.TUBULAR/48x60,5x70CM/SIST.DE TRAV. COM.DUAS.AÇÕES.CONSECUT.PARA.LIBER./PARAFUSOS.E. REBITES/BRINQUEDOS.E.ADESIVOS;7898431501615|7898431501622|7898431501639;Excluido;08/04/2022
446811/1980;Inativo;;11/01/2023;;;COMPANHIA DOREL BRASIL PRODUTOS INFANTIS;10659948000883;2135547024;Av. Nilo Peçanha;1516 ;Galpão 3 ;28030035;Pq dos Rodoviários;Campos dos Goytacaze;RJ;standard@dorel.com.br;Jin Sun Gee Plastics Co., Ltd;Andadores Infantis;Portaria Inmetro nº 129 de 19/03/2021;;IN1701622-4;;;S;Formosa (Taiwan);Voyage;BG1401. Nome comercial: Buggy. Versões: Azul, Rosa.;PP,PVC,Ferro,POM,PU,Pol, 42x58.5x65cm. Trav:Lib.2 ações cons,Mont:Manual, Aces. Brinq.;7898509475206|7898509475213;Incluido;11/01/2023
912440/1987;Inativo;;11/11/2022;;;COMPANHIA DOREL BRASIL PRODUTOS INFANTIS;10659948000883;2135547024;Av. Nilo Peçanha;1516 /1582;Galpão 3 ;28030035;Pq dos Rodoviários;Campos dos Goytacaze;RJ;standard@dorel.com.br;Jin Sun Gee Plastics Co., Ltd;Andadores Infantis;Portaria Inmetro nº 129 de 19/03/2021;;IN1701622-1;;;S;Formosa (Taiwan);Cosco;BG-2023. Nome comercial: Goal Walker 4 em 1. Versões: Rosa e Azul.;Ferro, PP, PU e Pol, 74x44x66,5cm.Trav.real.único acion.,Mont: Manual(c/chave phil,n/inclusa). Aces: Brinq.;7898509478375|7898509478665;Incluido;11/11/2022
206444/2014;Inativo;;24/09/2019;;;Galzerano Indústria de Carrinhos e Berços Ltda;43594977000197;1934043030;Via Prefeito Jurandyr Paixão;700;;13481149;Jd. Campo Belo;Limeira;SP;luisfernando.camargo@galzerano.com.br;SHEN ZHEN WEI MEI CHILDCARE PRODUCT LIMITED COMPANY;Andadores Infantis;Portaria Inmetro nº 42 de 19/01/2018;;CE-AND/IQB 000006 53504/20-001;;;S;China, República Popular;GALZERANO;Andador de bebê 4 em 1 Funny - Versões: Color (CR), Verde Água (VDA);Mat Tec poli Espum Resin plást Itens fix Dimens 75Cx71Lx55A(cm) Sist trav Dobradiç plást c/ botã acion Sist mont frenag Encaix manua Mod Andador c/ módul sonor Pçs girat Cores divers Acess Brinq remov;7898089221477|7898089221996;Incluido;24/09/2019
500459/1940;Ativo;;09/12/2019;;;TAPUZIM COMERCIAL LTDA;00513418000100;1138569063;Av. Monte Celeste;230;250;02561000;Vila S. Maria;São Paulo;SP;ehs0770@hotmail.com;SHEN ZHEN WEI MEI CHILDCARE PRODUCT LIMITED COMPANY;Andadores Infantis;Portaria Inmetro nº 129 de 19/03/2021;;IN2062423;Modelo 5;;S;China, República Popular;baby style;ANDADOR ANIMAIS;ANIMAISVERSÕES: Andador cachorro vermelho - Ref. 33721 Andador cachorro azul - Ref. 33722 Andador abelha rosa - Ref. 33723 Andador abelha azul - Ref. 33724 . Material: Plástico, metal e tecido. Dimen;4079337218996|4079337228995|4079337238994|4079337248993;Excluido;21/12/2020
794463/1966;Ativo;;07/03/2024;;;COMPANHIA DOREL BRASIL PRODUTOS INFANTIS;10659948000107;2135547024;Av. Nilo Peçanha;1516;1582;28030035;Pq dos Rodoviários;Campos dos Goytacaze;RJ;standard@dorel.com.br;COMPANHIA DOREL BRASIL PRODUTOS INFANTIS;Andadores Infantis;Portaria Inmetro nº 129 de 19/03/2021;;IN2040823;Modelo 5;;N;Brasil;Infanti;APPIA - HE022 - AZUL/ROSA - MAT.:PP, POLIÉSTER,PTA, EG, POLIPROPILENO E POLIETILENO.DIMENSÕES:56,5X68X60,5CM/;SIST. DE TRAVAMENTO: LIBERAÇÃO EM 2 AÇÕES CONSECUTIVAS/SIST. DE MONTAGEM E FERRAGEM: MANUAL (S/ FERRAMENTAS)/ACES.: BANDEJA DE BRINQUEDOS/ANDADOR COM BRINQUEDO;7908238809774|7908238809781;Excluido;10/04/2026
088467/1993;Ativo;;14/08/2019;;;BAMBOO COMERCIO, IMPORTAÇÃO E EXPORTAÇÃO EIRELI-EPP;27115224000103;8132419265;Rua. Alegre;154;Galpão A;52120125;Arruda;Recife;PE;bamboo@yescert.com.br;ZHEJIANG KINTEX INTERNATIONAL TRADING CO., LTD;Andadores Infantis;Portaria Inmetro nº 129 de 19/03/2021;;IN1632922;;;S;China, República Popular;BAMBOO;NOME FANTASIA: ANDAJAR GUGU MODELO: MD-18 CORES: VERDE;PLÁSTICO, METAL E FIBRA TÊXTIL,520 x 560 x 620 mm,MANUAL,MANUAL,BANDEJA, VOLANTE DO PUXADOR.;7909312341029;Excluido;22/07/2022
382471/2019;Ativo;;09/12/2019;;;TAPUZIM COMERCIAL LTDA;00513418000100;1138569063;Av. Monte Celeste;230;250;02561000;Vila S. Maria;São Paulo;SP;ehs0770@hotmail.com;SHEN ZHEN WEI MEI CHILDCARE PRODUCT LIMITED COMPANY;Andadores Infantis;Portaria Inmetro nº 129 de 19/03/2021;;IN2062423;Modelo 5;;S;China, República Popular;Baby Style;MODELO: ANIMAIS VERSÕES: Andador cachorro vermelho - Ref. 33721 Andador cachorro azul - Ref. 33722 Andador abelha rosa - Ref. 33723 Andador abelha azul - Ref. 33724 Andador pianinho rosa Ref: 33725 Andador pianinho azul Ref: 33726;Material: Plástico, metal e tecido, Dimensões: 50 x 70 x 60 cm, Sistema de Travamento: Stoper, Sistema deMontagem e Ferragem: Tesoura, Acessórios: Bandeja musical;4079337218996|4079337228995|4079337238994|4079337248993|4079337251993|4079337261992;Excluido;29/01/2024
424221/1944;Ativo;;05/08/2021;;;GALZERANO INDUSTRIA DE CARRINHOS E BERCOS LTDA;43594977000197;19999947357;Via Prefeito Jurandyr Paixão;700;;13481149;Jd. Campo Belo;Limeira;SP;luisfernando.camargo@galzerano.com.br;GALZERANO INDUSTRIA DE CARRINHOS E BERCOS LTDA;Andadores Infantis;Portaria Inmetro nº 129 de 19/03/2021;;CE-AND/IQB 000006 54618/21-001;;;N;Brasil;GALZERANO;Ref.: 4050-Andador Torino. Versões: 4050EST (Estrela), 4050SPR (Spring);Tecido Pes, TNT, Espuma, PP, PA6, Master, Tinta, Tubo de aço. CxLxA(cm) 71x62,5x51,5 Travamento: Trilho plástico c/ botão de destrave e regulagem de altura. Montagem: Manual. Acess: Brinquedo acoplado;7908200102520|7908200102537;Incluido;17/01/2024
677123/1963;Ativo;;13/04/2026;;;VG SHOP COMERCIO ON LINE LTDA;16857384000365;1149690505;RUA PROJETADA SN KM 15 NUCLEO AGUA COMPRIDA;0;KM 15;37600000;AGUA COMPRIDA;CAMBUI;MG;gilson@vgshop.com.br;YONGXING SPORTS LIMITED;Andadores Infantis;Portaria Inmetro nº 129 de 19/03/2021;;IN2982826;Modelo 5;;S;China, República Popular;MULTMAXX;Desig. Com. andador infantil com empurrador Cod. Ref. MTX150 / MTX151 Quant. (aplic. para mod. 1b) n/a Mat: poliéster, abs, pp e borracha Dim. 76x65x65cm Sis. Trav. dois dispositivos independentes sendo operador simultaneamente;Sis. de Mont. e Ferragem: manual (com ferramenta) acess: N/A Car.do mod: andador ccom empurrador e brinquedo musical Vers. MTX150 cinza MTX151 rosa;7898758400394|7898758400400;Incluido;13/04/2026
392526/2002;Inativo;;07/10/2019;;;Galzerano Indústria de Carrinhos e Berços Ltda;43594977000197;1934043030;Via Prefeito Jurandyr Paixão;700;;13481149;Jd. Campo Belo;Limeira;SP;luisfernando.camargo@galzerano.com.br;GUANGDONG ZHIHUI CHILDREN?S PRODUCTS CO.,LTD;Andadores Infantis;Portaria Inmetro nº 42 de 19/01/2018;;CE-AND/IQB 000006 53503/20-001;;;S;China, República Popular;GALZERANO;Andador de bebê Magic - Versão: Cinza (CZ), Preto (PT);Mat Tec poli Espum Resin plást Tint Ferrag 70Cx65Lx54A cm Travam trilho plást com botão de destrav e regul alt Mont/frenag manual Andador com pçs girat e cores diversas Acess Bandej Brinq não removív.;7898089221590|7898089222283;Incluido;07/10/2019
676486/1945;Inativo;;24/09/2019;;;Galzerano Indústria de Carrinhos e Berços Ltda;43594977000197;1934043030;Via Prefeito Jurandyr Paixão;700;;13481149;Jd. Campo Belo;Limeira;SP;luisfernando.camargo@galzerano.com.br;SHEN ZHEN WEI MEI CHILDCARE PRODUCT LIMITED COMPANY;Andadores Infantis;Portaria Inmetro nº 42 de 19/01/2018;;CE-AND/IQB 000006 53504/20-001;;;S;China, República Popular;GALZERANO;Andador de bebê 4 em 1 Funny - Versões: Color (CR), Verde Água (VDA);Mat Tec poli Espum Resin plást Itens fix Dimens 75Cx71Lx55A(cm) Sist trav Dobradiç plást c/ botã acion Sist mont frenag Encaix manua Mod Andador c/ módul sonor Pçs girat Cores divers Acess Brinq remov;7898089221477|7898089221996;Incluido;24/09/2019
970490/1971;Inativo;;30/09/2019;;;Tutti Baby Indústria e Comércio de Artigos Infantis Ltda;06981862000129;4733794000;Rod. Guilherme Jensen;s/n;Galpão 01;89108000;Distrito Industrial;Massaranduba;SC;qualidade@tuttibaby.com.br;;Andadores Infantis;Portaria Inmetro nº 42 de 19/01/2018;;CE-AND/IQB 000005 53137/19-001;;;N; ;Tutti Baby;Andador 02003;Material: Estrut. metálica de aço tub, plást. de engenharia, algodão. Dim: 52cmx60cmx70,5cm, sist.de trav: com duas ações consecutivas para liber, sist. de mont.ferrag: rebites e parafusos, aces: brin;17898431495966|17898431495980|17898431496000|17898431496024|17898431500660|17898431500677|17898431500684|7898431495952|7898431495969|7898431495976|7898431495983|7898431495990|7898431496006|7898431496010|7898431496027|7898431500601|7898431500618|7898431500625|7898431500632|7898431500649|7898431500656;Incluido;30/09/2019
264494/1998;Ativo;;26/07/2024;;;DARDARA COMERCIO IMPORTACAO E EXPORTACAO LTDA;07774907000157;11964220291;R VALENTIM MAGALHAES;95;***;03184090;ALTO DA MOOCA;SÃO PAULO;SP;sac@dardara.com.br;FOSHAN BAOLIMEI BABY CARRIER CO., ;Andadores Infantis;Portaria Inmetro nº 129 de 19/03/2021;;IN2255924;;;S;China, República Popular;DARDARA;ANDADOR CARRO FD-2407 / VERSÕES: AZUL E ROSA;MAT:PP,METAL E POLIÉSTER/DIM:740X630X510MM/SIST DE TRAVA:LIB EM 2 AÇÕES CONSECUT/SIST DE MONT/FERRAG:MANUAL(C/FERRAMENTAS)/ACESSÓRIOS: BRINQ/CARACT DO MODELO:ANDADOR C/BRINQ INTEGRADO;7898572462738|7898572462755;Incluido;26/07/2024
238776/1974;Inativo;;11/01/2023;;;COMPANHIA DOREL BRASIL PRODUTOS INFANTIS;10659948000883;2135547024;Av. Nilo Peçanha;1516 ;Galpão 3 ;28030035;Pq dos Rodoviários;Campos dos Goytacaze;RJ;standard@dorel.com.br;Jin Sun Gee Plastics Co., Ltd;Andadores Infantis;Portaria Inmetro nº 129 de 19/03/2021;;IN1701622-4;;;S;Formosa (Taiwan);Voyage;BG1401. Nome comercial: Buggy. Versões: Azul, Rosa.;PP,PVC,Ferro,POM,PU,Pol, 42x58.5x65cm. Trav:Lib.2 ações cons,Mont:Manual, Aces. Brinq.;7898509475206|7898509475213;Incluido;11/01/2023
558498/2024;Ativo;;30/09/2019;;;BURIGOTTO SA INDUSTRIA E COMERCIO;51460277000138;1934042000;Rua Martino Dragone;280;;13480308;Jardim Santa Barbara;Limeira;SP;carlos.riva@burigotto.com;JIN SUN GEE PLASTICS. CO., LTD.;Andadores Infantis;Portaria Inmetro nº 42 de 19/01/2018;;CE-AND/IQB 000004 53005/19-001;;;S;Formosa (Taiwan);Burigotto;Andador Baby Coupe (ref. com. IXAN3034PK10-Rosa, IXAN3034AZ19-Azul, IXAN3034CL-CL);Andador Infantil, Mat.: Polipropileno, Nylon, Aço, Tecido e Espuma, Dim: 760X650X640mm, Sist. Trav. Automático, Sistema Montagem/Ferragem Rebites, parafusos e Encaixe de peças plásticas, Acessorio: Ba;7896502916146|7896502916160|7896502935550;Incluido;30/09/2019
852513/1950;Ativo;;09/09/2026;;;TUTTI BABY INDUSTRIA E COMERCIO DE ARTIGOS INFANTIS LTDA;06981862000129;4733794000;Rua Vicente Zanotti;177;Galpão 01;89381270;Industrial Zaferino ;Massaranduba;SC;heloiza.souza@tuttibaby.com.br;TUTTI BABY INDUSTRIA E COMERCIO DE ARTIGOS INFANTIS LTDA;Andadores Infantis;Portaria Inmetro nº 129 de 19/03/2021;;CE-AND/IQB 000013 57036/26-001;Modelo 5;;N;Brasil;TUTTI BABY;ANDADOR SAFARI - REF. 40002003,40002004,40002007,40003004,40004002,40004003;ESTRU.MET.:ACO TUBULAR,BRINQ:PLAST. DE ENG.,REVEST. TEXTIL:ALGODAO/51X61X70 CM/DOIS DISP. DE TRAV. INDEPENDENTES SENDO OPERADOS SIMULT./PARAFUSOS E MONT. DE PÇS PLAST./BRINQ. CERTIF.E ADESIVO-57036/26;7898431501615|7898431501622|7898431501639|7898431501684|7898431501691|7898431501707;Incluido;09/09/2026
146517/1977;Ativo;;09/09/2026;;;TUTTI BABY INDUSTRIA E COMERCIO DE ARTIGOS INFANTIS LTDA;06981862000129;4733794000;Rua Vicente Zanotti;177;Galpão 01;89381270;Industrial Zaferino ;Massaranduba;SC;heloiza.souza@tuttibaby.com.br;TUTTI BABY INDUSTRIA E COMERCIO DE ARTIGOS INFANTIS LTDA;Andadores Infantis;Portaria Inmetro nº 129 de 19/03/2021;;CE-AND/IQB 000013 57036/26-001;Modelo 5;;N;Brasil;TUTTI BABY;ANDADOR SAFARI - REF. 40002003,40002004,40002007,40003004,40004002,40004003;ESTRU.MET.:ACO TUBULAR,BRINQ:PLAST. DE ENG.,REVEST. TEXTIL:ALGODAO/51X61X70 CM/DOIS DISP. DE TRAV. INDEPENDENTES SENDO OPERADOS SIMULT./PARAFUSOS E MONT. DE PÇS PLAST./BRINQ. CERTIF.E ADESIVO-57036/26;7898431501615|7898431501622|7898431501639|7898431501684|7898431501691|7898431501707;Incluido;09/09/2026
759327/1977;Ativo;;26/07/2024;;;DARDARA COMERCIO IMPORTACAO E EXPORTACAO LTDA;07774907000157;11964220291;R VALENTIM MAGALHAES;95;***;03184090;ALTO DA MOOCA;SÃO PAULO;SP;sac@dardara.com.br;FOSHAN BAOLIMEI BABY CARRIER CO., ;Andadores Infantis;Portaria Inmetro nº 129 de 19/03/2021;;IN2255924;;;S;China, República Popular;DARDARA;ANDADOR CARRO FD-2407 / VERSÕES: AZUL E ROSA;MAT:PP,METAL E POLIÉSTER/DIM:740X630X510MM/SIST DE TRAVA:LIB EM 2 AÇÕES CONSECUT/SIST DE MONT/FERRAG:MANUAL(C/FERRAMENTAS)/ACESSÓRIOS: BRINQ/CARACT DO MODELO:ANDADOR C/BRINQ INTEGRADO;7898572462738|7898572462755;Incluido;26/07/2024
885158/1969;Ativo;;31/10/2025;;;MD COMERCIO DE FERRAGENS LTDA;55274701000100;92985975259;Avenida Joaquim Nabuco;1094;A;69020030;Centro;Manaus;AM;mdcomerciodeferragensltda@gmail.com;Xingtai Pandelo Technology Co.,Ltd;Andadores Infantis;Portaria Inmetro nº 129 de 19/03/2021;;IN2824825;Modelo 5;;S;China, República Popular;ULTRA BABY;ANDADOR INFANTIL MUSICAL PARA BEBÊ - UBW -305 - N/A - BABY PINK / BARBIE PINK/RED / WHITE/ROYAL BLUE /ORANGE / WHITE/LIGHT BLUE / WHITE;MAT:PP,FERRO E POLIÉ./DIM.:68X59X52 CM/SIST.DE TRAV.:LIB.EM DUAS AÇÕES CONS./SIST.DE MONT. E FERR.:MAN.(S/FERRAM.)/ACESS.:N/A/CARACTERISTICAS DO MODELO:ANDADOR COM BRINQUEDO ACOPLADO;7890012361007|7890012361113|7890012368082|7890012369096;Incluido;31/10/2025
440521/2003;Cancelado;;28/02/2020;;14/07/2025;COMÉRCIO E IMPORTAÇÃO DENISE LTDA;29963642000178;2125843843;RUA DO MILHO;72;A;21011090;PENHA CIRCULAR;RIO DE JANEIRO;RJ;comerciomybaby@hotmail.com;PING HU BEST CHILDREN'S CARRIER CO.LTD;Andadores Infantis;Portaria Inmetro nº 42 de 19/01/2018;;OCAN-AND.329/20-1;;;S;China, República Popular;MY BABY;A-1;VERSÕES: ROSA, AZUL, AZUL COM VERDE, AZUL COM VERMELHO, ROSA COM LILÁS, ROSA COM ROSA ESCURO;;Incluido;28/02/2020
734536/1929;Ativo;;29/04/2024;;;TAPUZIM COMERCIAL LTDA;00513418000100;113856906;Av. Monte Celeste;230;250;02561000;Vila S. Maria;São Paulo;SP;sergio@babystylebrasil.com.br;SHEN ZHEN WEI MEI CHILDCARE PRODUCT LIMITED COMPANY;Andadores Infantis;Portaria Inmetro nº 129 de 19/03/2021;;IN2118124-2;;;S;China, República Popular;Baby Style;ANDADOR FOGUETE - FOGUETE CINZA E FOGUETE ROSA;MATERIAL:PP/DIM:62X53X78CM/SISTEMA DE TRAVAME:LIBERA EM 2 AÇÕES CONSECUTIVAS/MANUAL/ACESSÓRIOS:N/A/CARACT DO MODELO:ANDADOR C BRINQUEDO NA BANDEJA;4079337285219|4079337296543;Incluido;29/04/2024
341693/1971;Ativo;;05/08/2021;;;GALZERANO INDUSTRIA DE CARRINHOS E BERCOS LTDA;43594977000197;19999947357;Via Prefeito Jurandyr Paixão;700;;13481149;Jd. Campo Belo;Limeira;SP;luisfernando.camargo@galzerano.com.br;GALZERANO INDUSTRIA DE CARRINHOS E BERCOS LTDA;Andadores Infantis;Portaria Inmetro nº 129 de 19/03/2021;;CE-AND/IQB 000006 54618/21-001;;;N;Brasil;GALZERANO;Ref.: 4050-Andador Torino. Versões: 4050RO (Rosa), 4050TER (Terracota);Mat Tec poliest TNT Espum PP PA6 Master Tint Tub aço Item fix/aviam CxLxA(cm) 71x62,5x51,5 Trav Trilh plást c/ botão destrav e reg alt Acess Band brinq não remov retrov Carac Tec Pçs plást Tint Ferrag;7908200102247|7908200102254;Excluido;11/05/2022
028540/1956;Ativo;;13/04/2026;;;VG SHOP COMERCIO ON LINE LTDA;16857384000365;1149690505;RUA PROJETADA SN KM 15 NUCLEO AGUA COMPRIDA;0;KM 15;37600000;AGUA COMPRIDA;CAMBUI;MG;gilson@vgshop.com.br;YONGXING SPORTS LIMITED;Andadores Infantis;Portaria Inmetro nº 129 de 19/03/2021;;IN2982826;Modelo 5;;S;China, República Popular;MULTMAXX;Desig. Com. andador infantil com empurrador Cod. Ref. MTX150 / MTX151 Quant. (aplic. para mod. 1b) n/a Mat: poliéster, abs, pp e borracha Dim. 76x65x65cm Sis. Trav. dois dispositivos independentes sendo operador simultaneamente;Sis. de Mont. e Ferragem: manual (com ferramenta) acess: N/A Car.do mod: andador ccom empurrador e brinquedo musical Vers. MTX150 cinza MTX151 rosa;7898758400394|7898758400400;Incluido;13/04/2026
322544/1982;Ativo;;07/03/2024;;;COMPANHIA DOREL BRASIL PRODUTOS INFANTIS;10659948000107;2135547024;Av. Nilo Peçanha;1516;1582;28030035;Pq dos Rodoviários;Campos dos Goytacaze;RJ;standard@dorel.com.br;COMPANHIA DOREL BRASIL PRODUTOS INFANTIS;Andadores Infantis;Portaria Inmetro nº 129 de 19/03/2021;;IN2040823;Modelo 5;;N;Brasil;INFANTI/ COSCO;APPIA/ ZIGGY - HE022 - N/A - AZUL / ROSA / AZUL / ROSA;MAT:PP,PES,PTA,EG,POLIPROPILENO E POLIETILENO/DIM:56,5 X 68 X 60,5 CM/SIST D TRAVAMENTO:LIB EM DUAS AÇÕES CONSEC/SIST DE MNTGM E FERRG:MAN (SEM FER)/ACESS:BAND D BRINQ./CARACT D MODELO:ANDADOR C BRINQ;7908238809774|7908238809781|7908238815812|7908238815829;Incluido;10/04/2026
616548/2008;Ativo;;15/12/2023;;;MADHULA COMERCIO DE ARTIGOS ELETROELETRONICOS LTDA;03838532000190;62811924131;Rua Marcilio Dias;166;;69005270;Centro;Manaus;AM;dgjohnny@gmail.com;PINGHU SHI XIAOTIANDI CHILDREN''S PRODUCTS FACTORY;Andadores Infantis;Portaria Inmetro nº 129 de 19/03/2021;;IN1983523;;;S;China, República Popular;BENMEK;ANDADOR MADHULA/REF.: MA100/VERSÕES:Verde e Azul - MA100VA,Rosa e Roxo - MA100RR,Branco e Azul Escuro - MA100BAE,Amarelo e Vermelho - MA100AV;MAT:PP, FERRO E POLIÉSTER/DIMEN.:63 X 57 X 53 CM/SIST. TRAVAMENTO:Liberação em duas ações consecutivas/SIST. MONTAGEM E FERRAGEM:MANUAL(SEM FERRAMENTA)/ACESS.:n/a/CARACTERÍSTICAS: ANDADOR COM BRINQUED;6901031000158;Incluido;15/12/2023
637898/2009;Inativo;;14/01/2021;;;GALZERANO INDUSTRIA DE CARRINHOS E BERCOS LTDA;43594977000197;1934043030;Via Prefeito Jurandyr Paixão;700;;13481149;Jd. Campo Belo;Limeira;SP;luisfernando.camargo@galzerano.com.br;HUNGSENG HARDWARE PLASTIC (DG) CORP., LTD;Andadores Infantis;Portaria Inmetro nº 42 de 19/01/2018;;CE-AND/IQB 000006 54018/20-001;;;S;China, República Popular;GALZERANO;Ref.: 4015-Andador 3 em 1 Fênix. Versões: 4015CR (Color);Mat Tec polié Espum Resin plást Itens fixação Dimens 103x103x72(cm) Sist travamento suporte plástico c/ encaixe Sist montagem/ferragem encaixes manuais Acessório: Bandeja de brinquedos não removíveis;7908200101936;Incluido;14/01/2021
910563/1934;Inativo;;02/04/2020;;;Galzerano Indústria de Carrinhos e Berços Ltda;43594977000197;1934043030;Via Prefeito Jurandyr Paixão;700;;13481149;Jd. Campo Belo;Limeira;SP;luisfernando.camargo@galzerano.com.br;FOSHAN SHUNDE QIJUN TOYS CO., LTD;Andadores Infantis;Portaria Inmetro nº 42 de 19/01/2018;;CE-AND/IQB 000006 53487/19-001;;;S;China, República Popular;GALZERANO;Ref.: 4090 - Liam. Versões: 4090CZ (Cinza), 4090PT (Preto);Mat: Tec poli Espum Resin plást Tinta Ferragens. Dim: 70x65x54(cm). Sist Trav: Trilho plást c/ botão destrav e reg de altura. Sist mont/ferragem: Manual. Acess: Bandej brinq não removív e retrovisores;7908200101431|7908200101448;Incluido;02/04/2020
570441/1960;Ativo;;02/09/2026;;;BAGATOLI COMERCIO DE REFRIGERACAO LTDA;00897750000108;47984556257;BR-470;8105;;89058020;FORTALEZA ALTA;BLUMENAU;SC;digitalpriceconsultoria@gmail.com;PINGHU XIAOTIANDI CHILDREN?S PRODUCTS FACTORY;Andadores Infantis;Portaria Inmetro nº 129 de 19/03/2021;;IN3155526;Modelo 5;;S;China, República Popular;BAGATOLI KIDS;MOD: ANDADOR INFANTIL PULSE/ N.COM: PULSE/ V.: ROSA, AZUL, CINZA;MAT.:PP,POLIÉSTER,AÇO/DIM.:51X61X69CM/SIST.TRAV.:LIB.2 AÇÕES CONSEC./SIST.MONT.FERR.:REBITES,PARAF.E ENCAIXE PEÇAS PLÁST./ACESS.:BRINQ.NA BANDEJA/CARACT.MOD.:ANDADOR C/BRINQ.;7901030400859|7901030400866|7901030400873;Incluido;02/09/2026
123000/1965;Ativo;;07/03/2024;;;COMPANHIA DOREL BRASIL PRODUTOS INFANTIS;10659948000107;2135547024;Av. Nilo Peçanha;1516;1582;28030035;Pq dos Rodoviários;Campos dos Goytacaze;RJ;standard@dorel.com.br;COMPANHIA DOREL BRASIL PRODUTOS INFANTIS;Andadores Infantis;Portaria Inmetro nº 129 de 19/03/2021;;IN2040823;Modelo 5;;N;Brasil;Infanti;APPIA - HE022 - AZUL/ROSA - MAT.:PP, POLIÉSTER,PTA, EG, POLIPROPILENO E POLIETILENO.DIMENSÕES:56,5X68X60,5CM/;SIST. DE TRAVAMENTO: LIBERAÇÃO EM 2 AÇÕES CONSECUTIVAS/SIST. DE MONTAGEM E FERRAGEM: MANUAL (S/ FERRAMENTAS)/ACES.: BANDEJA DE BRINQUEDOS/ANDADOR COM BRINQUEDO;7908238809774|7908238809781;Excluido;10/04/2026
204567/1961;Ativo;;27/08/2026;;;MADHULA COMERCIO DE ARTIGOS ELETROELETRONICOS LTDA;03838532000190;92994433107;Rua Marcilio Dias;166;;69005270;Centro;Manaus;AM;mayapunjwani@gmail.com;PINGHU XIAOTIANDI CHILDREN?S PRODUCTS FACTORY;Andadores Infantis;Portaria Inmetro nº 129 de 19/03/2021;;IN3141126-2;Modelo 5;;S;China, República Popular;BENMEK;ANDADOR MADHULA/ MA101/ Rosa - MA101R/ Azul - MA101A/ Verde - MA101V/ Laranja - MA101L;MAT.:PP, FERRO E POLIÉSTER/DIM.:63X57X53 CM/SIST. DE TRAV.:LIBERAÇÃO EM DUAS AÇÕES CONSECUTIVAS/SIST. MONT. E FERR.:MANUAL (SEM FERRAMENTA)/ACESS.:BRINQUEDO/CARACT. DO MOD.:ANDADOR COM BRINQUEDO;6901031000158;Incluido;27/08/2026
498571/1987;Inativo;;11/11/2022;;;COMPANHIA DOREL BRASIL PRODUTOS INFANTIS;10659948000883;2135547024;Av. Nilo Peçanha;1516 /1582;Galpão 3 ;28030035;Pq dos Rodoviários;Campos dos Goytacaze;RJ;standard@dorel.com.br;Jin Sun Gee Plastics Co., Ltd;Andadores Infantis;Portaria Inmetro nº 129 de 19/03/2021;;IN1701622-1;;;S;Formosa (Taiwan);Cosco;BG-2023. Nome comercial: Goal Walker 4 em 1. Versões: Rosa e Azul.;Ferro, PP, PU e Pol, 74x44x66,5cm.Trav.real.único acion.,Mont: Manual(c/chave phil,n/inclusa). Aces: Brinq.;7898509478375|7898509478665;Incluido;11/11/2022
792575/2013;Inativo;;11/01/2023;;;COMPANHIA DOREL BRASIL PRODUTOS INFANTIS;10659948000883;2135547024;Av. Nilo Peçanha;1516 ;Galpão 3 ;28030035;Pq dos Rodoviários;Campos dos Goytacaze;RJ;standard@dorel.com.br;Jin Sun Gee Plastics Co., Ltd;Andadores Infantis;Portaria Inmetro nº 129 de 19/03/2021;;IN1701622-4;;;S;Formosa (Taiwan);Voyage;BG1401. Nome comercial: Buggy. Versões: Azul, Rosa.;PP,PVC,Ferro,POM,PU,Pol, 42x58.5x65cm. Trav:Lib.2 ações cons,Mont:Manual, Aces. Brinq.;7898509475206|7898509475213;Incluido;11/01/2023
086590/1940;Ativo;;07/02/2022;;;TUTTI BABY INDUSTRIA E COMERCIO DE ARTIGOS INFANTIS LTDA;06981862000129;4733794000;Rod. Guilherme Jensen, SC413, km13;0;;89108000;Distrito Industrial;Massaranduba;SC;certificacao@tuttibaby.com.br;TUTTI BABY INDUSTRIA E COMERCIO DE ARTIGOS INFANTIS LTDA;Andadores Infantis;Portaria Inmetro nº 129 de 19/03/2021;;IN2869325;Modelo 5;;N;Brasil;TUTTI BABY;DESIGNAÇÃO COMERC SAFARI II (AZUL/ROSA/VERMELHO),PRINCESA ROSA COROA,ACQUA,EXPLORADOR (CINZA/ ROXO) CÓD D REF COMERC:ANDAD 40.002/40002003/40002004/40002007/40003004/40004002/40004003;MAT:ESTRUTURA METALICA - AÇO TUBULAR/DIM:48X60,5X70CM/SIST DE TRAVA:LIBERAÇ EM 2AÇÕES CONSECUT/SIST DE MONTAGEM E FERRAGEM:PARAFUSOS E REBITES/ACESSÓ:BRINQUEDOS E ADESIVOS/CARACT DO MODELO:ANDADOR C B;7898431501615|7898431501622|7898431501639|7898431501684|7898431501691|7898431501707;Excluido;26/04/2024
182614/1943;Ativo;;05/08/2021;;;GALZERANO INDUSTRIA DE CARRINHOS E BERCOS LTDA;43594977000197;19999947357;Via Prefeito Jurandyr Paixão;700;;13481149;Jd. Campo Belo;Limeira;SP;luisfernando.camargo@galzerano.com.br;GALZERANO INDUSTRIA DE CARRINHOS E BERCOS LTDA;Andadores Infantis;Portaria Inmetro nº 129 de 19/03/2021;;CE-AND/IQB 000006 54618/21-001;;;N;Brasil;GALZERANO;Ref.: 4050-Andador Torino. Versões: 4050RO (Rosa), 4050TER (Terracota), 4050EST (Estrela), 4050SPR (Spring) - Material: Tecido poliéster, TNT, Espuma, PP, PA6, Master, Tinta, Tubo de aço, Itens de fixação e aviamentos. Dimensões: CxLxA (cm) 71x62,5x51,5. Sistema de travamento: Trilho plástico com botão de destrave e regulagem de altura;Sistema de montagem/ferragem: Manual. Acessórios que venham com o produto: Bandeja de brinquedos não removível, Características do modelo: Tecidos, Peças plásticas, Tinta, Ferragens;7908200102247|7908200102254|7908200102520|7908200102537;Excluido;17/01/2024
380594/1966;Ativo;;19/06/2023;;;KCARVALHUS COMERCIO E SERVICOS EIRELI;24633386000137;1143798430;Rua Poeta João Cabral De Melo Neto,  Santa Maria - Osasco - SP;77;;06147020; Santa Maria ;Osasco ;SP;carlos.carvalho@kkbebe.com.br;PINGHU SHI XIAOTIANDI CHILDREN?S PRODUCTS FACTORY;Andadores Infantis;Portaria Inmetro nº 129 de 19/03/2021;;IN1823223;;;S;China, República Popular;KK bebê;ANDADOR INFANTIL PASSINHO FORTE / AZUL /ROSA , MATERIAL:PP,FERRO E POLIÉSTER/DIMENSÕES:63X57X53CM;SISTEMA DE TRAVAMENTO:LIBERAÇÃO EM DUAS AÇÕES CONSECUTIVAS/SISTEMA DE MONTAGEM E FERRAGEM: MANUAL (SEM FERRAMENTA)/ACESSÓRIOS:BRINQUEDOS/CARACTERISTICAS DO MODELO: ANDADOR COM BRINQUEDO FIXO ACOPLADO;7898711750108|7898711750115;Incluido;19/06/2023
674598/1992;Ativo;;17/06/2024;;;MEGA COMPRAS PRESENTES.COM LTDA;02561195000174;4191284769;RUA ELDORADO;511;511;09550720;PROSPERIDADE;SÃO CAETANO DO SUL;SP;contabilidade@grupogmac.com;HEBEI HAOKU CHILDREN TOYS CO., LTD;Andadores Infantis;Portaria Inmetro nº 129 de 19/03/2021;;IN2152424;;;S;China, República Popular;MEGA COMPRAS;ANDADOR PARA BEBÊS-PREMIUM-REF:MC923/MC923AZ/MC923RS/MC923CZ/MATERIAL:PP E POLIÉSTER/DIMENSÕES:65X 48X46 CM/ CONT: ANDADOR COM BRINQUEDO ACOPLADO;SISTEMA DE TRAVAMENTO:DOIS DISPOSITIVOS DE TRAVAMENTO INDEPENDENTES SENDO OPERADOS SIMULTÂNEAMENTE/SISTEMA DE MONTAGEM E FERRAGEM:MANUAL (SEM FERRAMENTA)/ACESSÓRIOS:BRINQUEDO/CARACTERISTICAS DO MODELO;7898692799028|7898692799578|7898692799585;Incluido;17/06/2024
032618/2021;Ativo;;05/08/2021;;;GALZERANO INDUSTRIA DE CARRINHOS E BERCOS LTDA;43594977000197;19999947357;Via Prefeito Jurandyr Paixão;700;;13481149;Jd. Campo Belo;Limeira;SP;luisfernando.camargo@galzerano.com.br;GALZERANO INDUSTRIA DE CARRINHOS E BERCOS LTDA;Andadores Infantis;Portaria Inmetro nº 129 de 19/03/2021;;CE-AND/IQB 000006 54618/21-001;;;N;Brasil;GALZERANO;Ref.: 4050-Andador Torino. Versões: 4050RO (Rosa), 4050TER (Terracota);Mat Tec poliest TNT Espum PP PA6 Master Tint Tub aço Item fix/aviam CxLxA(cm) 71x62,5x51,5 Trav Trilh plást c/ botão destrav e reg alt Acess Band brinq não remov retrov Carac Tec Pçs plást Tint Ferrag;7908200102247|7908200102254;Excluido;11/05/2022
694071/1940;Ativo;;29/04/2025;;;MD COMERCIO DE FERRAGENS LTDA;55274701000100;92981285408;AVENIDA JOAQUIM NABUCO;1094;A;69020030;Centro;Manaus;AM;mdcomerciodeferragensltda@gmail.com;PINGHU XIAOTIANDI CHILDREN''S PRODUCTS FACTORY;Andadores Infantis;Portaria Inmetro nº 129 de 19/03/2021;;IN2610925;Modelo 5;;S;China, República Popular;ULTRA BABY;REF: UBW-601 - ANDADOR INFANTIL MUSICAL PARA BEBÊ - NAVY BLUE / RED, GREEN / BLUE, ROYAL BLUE / TEAL, LIGHT PINK / LAVANDER, DARK PURPLE / PINK;MAT:PP,FERRO E POLIÉSTER/DIM:70X62,5X55CM/SIS_TRAV:LIBERAÇÃO EM 2 AÇÕES CONSECUTIVAS/SIS_MONT.E_FERRAGEM:MANUAL(SEM FERRAMENTA)/ACESSÓRIOS: N/A/CARACTERISTICAS_MODELO:ANDADOR COM BRINQUEDO ACOPLADO;7890012361120|7890012361137|7890012361144|7890012361151|7890012361168;Incluido;29/04/2025
924372/2023;Ativo;;31/08/2026;;;MADHULA COMERCIO DE ARTIGOS ELETROELETRONICOS LTDA;03838532000190;92994433107;Rua Marcilio Dias;166;;69005270;Centro;Manaus;AM;mayapunjwani@gmail.com;PINGHU XIAOTIANDI CHILDRENS PRODUCTS FACTORY;Andadores Infantis;Portaria Inmetro nº 129 de 19/03/2021;;IN3141126-1;Modelo 5;;S;China, República Popular;BENMEK;MADHULA/ MA100/ Verde e Azul - MA100VA/ Rosa e Roxo - MA100RR/ Branco e Azul Escuro - MA100BAE/ Amarelo e Vermelho - MA100AV;MAT.:PP, FERRO E POLIÉSTER/DIM.:63X57X53 CM/SIST. DE TRAV.: LIBERAÇÃO EM DUAS AÇÕES CONSECUTIVAS/SIST. MONT. E FERR.:MANUAL (SEM FERRAMENTA)/ACESS.:BRINQUEDO/CARACT. DO MOD.: ANDADOR COM BRINQUEDO;6901031000158;Incluido;31/08/2026
924372/2023;Inativo;;12/01/2023;;;COMPANHIA DOREL BRASIL PRODUTOS INFANTIS;10659948000883;2135547024;Av. Nilo Peçanha;1516 ;Galpão 3 ;28030035;Pq dos Rodoviários;Campos dos Goytacaze;RJ;standard@dorel.com.br;Jin Sun Gee Plastics Co., Ltd;Andadores Infantis;Portaria Inmetro nº 129 de 19/03/2021;;IN1701622-3;;;S;Formosa (Taiwan);Safety 1st;HE001. Nome comercial: Spacewalker 3 em 1. Versões: Grey, Orange.;PP,Ferro,Aço,ABS,PVC,POM,TPR,MB475,Pol,65.5x50x71.5cm.Trav:Lib.2ações cons.,Mont:Manual.Aces.Brinq.;7908238803932|7908238803949;Incluido;12/01/2023
968602/2018;Ativo;;20/12/2019;;;TAPUZIM COMERCIAL LTDA;00513418000100;1138569063;Av. Monte Celeste;230;250;02561000;Vila S. Maria;São Paulo;SP;ehs0770@hotmail.com;SHEN ZHEN WEI MEI CHILDCARE PRODUCT LIMITED COMPANY;Andadores Infantis;Portaria Inmetro nº 42 de 19/01/2018;;OCAN-AND.165/19-2;;;S;China, República Popular;baby style;SPACECAR - VERSÕES: Andador car - Ref. 21302 / Andador space - Ref. 33117;Material: Plástico, metal e tecido. Dimensões: 59 x 59 x 69 cm , Sistema de Travamento: Stoper, Sistema de Montagem e Ferragem: Tesoura, Acessórios: Bandeja musical;4532213022990|4532331172997;Incluido;20/12/2019
149042/1948;Ativo;;03/04/2023;;;PLANETA - IMPORTACAO E DISTRIBUICAO DE BRINQUEDOS LTDA;13434272000141;1138951572;AV VASCO MASSAFELI;1000;G1A M1-21;06703600;JARDIM MARIA TEREZA;COTIA;SP;admin@planetadobebe.com.br;HEBEI WANXIN CHILDREN TOYS CO.,LTD.;Andadores Infantis;Portaria Inmetro nº 129 de 19/03/2021;;IN1765923;Modelo 5;;S;China, República Popular;MAXI BABY;ANDADOR LA BAMBA - NW-01 - AZUL #21537/ROSA #21538/VERMELHO #75268;MAT:PP E PART.ABS,AÇOD.ALTOCARB.RODAELASTÔM.TERMOP.,PVC/DIM:580X680X550(LXCXH)/SIS_TRAV:LIBER.EM 2 AÇÕES CONS./SIS_MONT E FERRG:MAN.(S/FERM)/ACES:BANDJ C BRI./CARAC.D.M.:ANDAD.C BRINQ.REG.002149/2023 ;7898975752689|7899403215370|7899403215387;Incluido;18/03/2026
648880/1968;Inativo;;11/11/2022;;;COMPANHIA DOREL BRASIL PRODUTOS INFANTIS;10659948000883;2135547024;Av. Nilo Peçanha;1516 /1582;Galpão 3 ;28030035;Pq dos Rodoviários;Campos dos Goytacaze;RJ;standard@dorel.com.br;Jin Sun Gee Plastics Co., Ltd;Andadores Infantis;Portaria Inmetro nº 129 de 19/03/2021;;IN1701622-1;;;S;Formosa (Taiwan);Cosco;BG-2023. Nome comercial: Goal Walker 4 em 1. Versões: Rosa e Azul.;Ferro, PP, PU e Pol, 74x44x66,5cm.Trav.real.único acion.,Mont: Manual(c/chave phil,n/inclusa). Aces: Brinq.;7898509478375|7898509478665;Incluido;11/11/2022
212421/1932;Ativo;;16/07/2025;;;KIDDO INDUSTRIA E COMERCIO LTDA;60688090000187;1147870744;Rodovia Regis Bittencourt ;3666;;06793000;Jardim Três Marias ;Taboão da Serra;SP;m.nascimento@kiddo.com.br;JIN SUN GEE PLASTIC CO., LTD;Andadores Infantis;Portaria Inmetro nº 129 de 19/03/2021;;IN2735125;Modelo 5;;S;China, República Popular;Whoop;ANDADOR PASSINHOS 2 EM 1 REF. 8701/CINZA/ROSA/AZUL;MATERIAL:PP. POLIES/DIMENSÕES:59,5X68X53CM/SIST.DE.TRAVAM.:LIBER.EM DUAS AÇÕES CONSECUTIVAS/SIST.DE.MONTAG.E.FERRAGEM:MANUAL (SEM AUX. DE FERRAM)/ACESSÓRIOS:BRINQ./CARACT. DO MODELO:ANDADOR C/ BRINQ.;7896517223871|7896517223888|7896517223895;Incluido;16/07/2025
673358/1957;Ativo;;04/08/2025;;;BAMBINO COMERCIAL LTDA;06006481000129;81987347022;R. 23;175;;53090190;RIO DOCE;OLINDA;PE;bambino.souza@terra.com.br;PINGHU XIAOTIANDI CHILDREN?S PRODUCTS FACTORY;Andadores Infantis;Portaria Inmetro nº 129 de 19/03/2021;;IN2750125;Modelo 5;;S;China, República Popular;BAMBINO;ANDADOR - BA01 - ROSA/AZUL;MAT:PP,FERRO E POLIÉSTER/DIM:70X62.5X51CM/SIS_TRAV:LIBERAÇÃO EM DUAS AÇÕES CONSECUTIVAS/SIS_MONT E FERRG:MANUAL(S/FERRAM.)/ACESS.:BRINQ.CEN.DE ATIVI./CARACT.DO MODELO:ANDADOR COM BANDEJA MUSICAL;7898576907150|7898576907167;Incluido;04/08/2025
262617/1945;Cancelado;;24/08/2020;;14/07/2025;Dardara Comercio Importacao e Exportacao Ltda.;07774907000157;1147447248;R VALENTIM MAGALHAES;95;***;03184090;ALTO DA MOOCA;SÃO PAULO;SP;dardara@yescert.com.br;FOSHAN BAOLIMEI CHILD?S VEHICLE CO.LTD;Andadores Infantis;Portaria Inmetro nº 42 de 19/01/2018;;OCAN-AND.134/20-5;;;S;China, República Popular;DARDARA;ANDADOR CARRO (FD-2407);Material: Moldes e peças em plástico P.P.(polipropileno) Adesivos (papel colante) Painel - parte interna: sistema eletrônico (placa, fio colorido, alto falante). Estrutura em metal, Dimensões: 74 x 63;;Incluido;24/08/2020
556621/1971;Inativo;;23/05/2025;;;MD COMERCIO DE FERRAGENS LTDA;55274701000100;92981285408;AVENIDA JOAQUIM NABUCO;1094;A;69020030;Centro;Manaus;AM;mdcomerciodeferragensltda@gmail.com;Xingtai Pandelo Technology Co.,Ltd;Andadores Infantis;Portaria Inmetro nº 129 de 19/03/2021;;IN2611025;Modelo 5;;S;China, República Popular;ULTRA BABY;REF: UBW-801H - ANDADOR INFANTIL MUSICAL PARA BEBÊ - BABY PINK / BARBIE PINK, RED / WHITE, ROYAL BLUE / ORANGE / WHITE, GREEN / WHITE;MAT:PP,FERRO E POLIÉSTER/DIM:68X59X52CM/SIS_TRAV:LIBERAÇÃO EM 2 AÇÕES CONSECUTIVAS/SIS_MONTAGEM_E_FERRAGEM:MANUAL(SEM FERRAMENTA)/ACESSÓRIOS: N/A/CARACTERISTICAS_MODELO:ANDADOR COM BRINQUEDO ACOPLADO;7890012361007|7890012361113|7890012368082|7890012369096;Incluido;23/05/2025
746468/1965;Ativo;;09/12/2019;;;TAPUZIM COMERCIAL LTDA;00513418000100;1138569063;Av. Monte Celeste;230;250;02561000;Vila S. Maria;São Paulo;SP;ehs0770@hotmail.com;SHEN ZHEN WEI MEI CHILDCARE PRODUCT LIMITED COMPANY;Andadores Infantis;Portaria Inmetro nº 129 de 19/03/2021;;IN2062423;Modelo 5;;S;China, República Popular;Baby Style;ANDADOR PIANINHO ROSA - 33725 / ANDADOR PIANINHO AZUL - 33726;ANDADOR PIANINHO RS E AZ, MATERIAL:PLÁSTICO/62 X 53 X 78 CM/LIBERAÇÃO EM DUAS AÇÕES CONSECUTIVAS/MANUAL (SEM FERRAMENTAS)/BRINQUEDO;4079337251993|4079337261992;Incluido;29/01/2024
068402/1928;Inativo;;12/01/2023;;;COMPANHIA DOREL BRASIL PRODUTOS INFANTIS;10659948000883;2135547024;Av. Nilo Peçanha;1516 ;Galpão 3 ;28030035;Pq dos Rodoviários;Campos dos Goytacaze;RJ;standard@dorel.com.br;Jin Sun Gee Plastics Co., Ltd;Andadores Infantis;Portaria Inmetro nº 129 de 19/03/2021;;IN1701622-3;;;S;Formosa (Taiwan);Safety 1st;HE001. Nome comercial: Spacewalker 3 em 1. Versões: Grey, Orange.;PP,Ferro,Aço,ABS,PVC,POM,TPR,MB475,Pol,65.5x50x71.5cm.Trav:Lib.2ações cons.,Mont:Manual.Aces.Brinq.;7908238803932|7908238803949;Incluido;12/01/2023
850625/1997;Ativo;;03/04/2023;;;PLANETA - IMPORTACAO E DISTRIBUICAO DE BRINQUEDOS LTDA;13434272000141;1138951572;AV VASCO MASSAFELI;1000;G1A M1-21;06703600;JARDIM MARIA TEREZA;COTIA;SP;admin@planetadobebe.com.br;HEBEI WANXIN CHILDREN TOYS CO.,LTD.;Andadores Infantis;Portaria Inmetro nº 129 de 19/03/2021;;IN1765923;Modelo 5;;S;China, República Popular;MAXI BABY;ANDADOR LA BAMBA - NW-01 - AZUL #21537/ROSA #21538/VERMELHO #75268;MAT:PP E PART.ABS,AÇOD.ALTOCARB.RODAELASTÔM.TERMOP.,PVC/DIM:580X680X550(LXCXH)/SIS_TRAV:LIBER.EM 2 AÇÕES CONS./SIS_MONT E FERRG:MAN.(S/FERM)/ACES:BANDJ C BRI./CARAC.D.M.:ANDAD.C BRINQ.REG.002149/2023 ;7898975752689|7899403215370|7899403215387;Incluido;18/03/2026
144629/2024;Ativo;;26/07/2024;;;DARDARA COMERCIO IMPORTACAO E EXPORTACAO LTDA;07774907000157;11964220291;R VALENTIM MAGALHAES;95;***;03184090;ALTO DA MOOCA;SÃO PAULO;SP;sac@dardara.com.br;FOSHAN BAOLIMEI BABY CARRIER CO., ;Andadores Infantis;Portaria Inmetro nº 129 de 19/03/2021;;IN2255924;;;S;China, República Popular;DARDARA;ANDADOR CARRO FD-2407 / VERSÕES: AZUL E ROSA;MAT:PP,METAL E POLIÉSTER/DIM:740X630X510MM/SIST DE TRAVA:LIB EM 2 AÇÕES CONSECUT/SIST DE MONT/FERRAG:MANUAL(C/FERRAMENTAS)/ACESSÓRIOS: BRINQ/CARACT DO MODELO:ANDADOR C/BRINQ INTEGRADO;7898572462738|7898572462755;Incluido;26/07/2024
463759/1957;Cancelado;;28/02/2020;;14/07/2025;COMÉRCIO E IMPORTAÇÃO DENISE LTDA;29963642000178;2125843843;RUA DO MILHO;72;A;21011090;PENHA CIRCULAR;RIO DE JANEIRO;RJ;comerciomybaby@hotmail.com;PING HU BEST CHILDREN'S CARRIER CO.LTD;Andadores Infantis;Portaria Inmetro nº 42 de 19/01/2018;;OCAN-AND.329/20-1;;;S;China, República Popular;MY BABY;A-1;VERSÕES: ROSA, AZUL, AZUL COM VERDE, AZUL COM VERMELHO, ROSA COM LILÁS, ROSA COM ROSA ESCURO;;Incluido;28/02/2020
438644/1950;Ativo;;09/12/2019;;;TAPUZIM COMERCIAL LTDA;00513418000100;1138569063;Av. Monte Celeste;230;250;02561000;Vila S. Maria;São Paulo;SP;ehs0770@hotmail.com;SHEN ZHEN WEI MEI CHILDCARE PRODUCT LIMITED COMPANY;Andadores Infantis;Portaria Inmetro nº 129 de 19/03/2021;;IN2062423;Modelo 5;;S;China, República Popular;baby style;ANDADOR ANIMAIS;ANIMAISVERSÕES: Andador cachorro vermelho - Ref. 33721 Andador cachorro azul - Ref. 33722 Andador abelha rosa - Ref. 33723 Andador abelha azul - Ref. 33724 . Material: Plástico, metal e tecido. Dimen;4079337218996|4079337228995|4079337238994|4079337248993;Excluido;21/12/2020
732648/1976;Ativo;;30/08/2021;;;TA TE TI INDUSTRIA E COMERCIO DE BRINQUEDOS EDUCATIVOS LTDA;30261120000103;4732422225;RUA TIRADENTES;230;;89107000;CENTRO;POMERODE;SC;qualidade3@grupocalesita.com.br;TA TE TI INDUSTRIA E COMERCIO DE BRINQUEDOS EDUCATIVOS LTDA;Andadores Infantis;Portaria Inmetro nº 129 de 19/03/2021;;CE-AND/IQB 000010 55962/23-001;Modelo 5;;N;Brasil;Tateti;Ref.914 - Move Baby;PP, METAL, TECIDO POLIESTER. DIMENSAO: 70,20X59,83X49,12CM. SIST. TRAVAMENTO:FREIO DIANTEIRO E TRASEIRO. SIST DE MONTAGEM: MANUAL/PARAFUSOS PP. ACESSORIOS:BANDEJA DE BRINQUEDOS;7898664632230;Incluido;02/03/2026
922495/1970;Ativo;;07/08/2024;;;COMERCIO E IMPORTACAO DENISE LTDA;29963642000178;21997976531;RUA DO MILHO;72;A;21011090;PENHA CIRCULAR;RIO DE JANEIRO;RJ;comerciomybaby@hotmail.com;PING HU BEST CHILDREN?S CARRIER CO.LTD;Andadores Infantis;Portaria Inmetro nº 129 de 19/03/2021;;IN2189524;;;S;China, República Popular;MY BABY;PATO A1 - ROSA LISO, AZUL LISO, ROSA COLORIDO, AZUL COLORIDO - Acessórios: Brinquedos Caracteristicas do modelo: Andador infantil com brinquedo elétrico;Material: Ferro, PP e Poliéster Dimensões: 71 x 62 x 55 cm Sistema de Travamento: Liberação em duas ações consecutivas Sistema de Montagem e Ferragem: Manual (com auxílio de ferramenta);6294013738218|6294013738225|6294013738287|6294013738294;Incluido;07/08/2024
527138/1941;Ativo;;07/03/2024;;;COMPANHIA DOREL BRASIL PRODUTOS INFANTIS;10659948000107;2135547024;Av. Nilo Peçanha;1516;1582;28030035;Pq dos Rodoviários;Campos dos Goytacaze;RJ;standard@dorel.com.br;COMPANHIA DOREL BRASIL PRODUTOS INFANTIS;Andadores Infantis;Portaria Inmetro nº 129 de 19/03/2021;;IN2040823;Modelo 5;;N;Brasil;INFANTI/ COSCO;APPIA/ ZIGGY - HE022 - N/A - AZUL / ROSA / AZUL / ROSA;MAT:PP,PES,PTA,EG,POLIPROPILENO E POLIETILENO/DIM:56,5 X 68 X 60,5 CM/SIST D TRAVAMENTO:LIB EM DUAS AÇÕES CONSEC/SIST DE MNTGM E FERRG:MAN (SEM FER)/ACESS:BAND D BRINQ./CARACT D MODELO:ANDADOR C BRINQ;7908238809774|7908238809781|7908238815812|7908238815829;Incluido;10/04/2026
482271/1928;Ativo;;07/02/2022;;;TUTTI BABY INDUSTRIA E COMERCIO DE ARTIGOS INFANTIS LTDA;06981862000129;4733794000;Rod. Guilherme Jensen, SC413, km13;0;;89108000;Distrito Industrial;Massaranduba;SC;certificacao@tuttibaby.com.br;TUTTI BABY INDUSTRIA E COMERCIO DE ARTIGOS INFANTIS LTDA;Andadores Infantis;Portaria Inmetro nº 129 de 19/03/2021;;IN2869325;Modelo 5;;N;Brasil;Tutti Baby;Andador: VERSÕES: Safari II (Azul/Rosa/Vermelho), Princesa Rosa Coroa, Acqua Explorador (Cinza/Roxo);ESTRUTURA METÁLICA , AÇO TUBULAR / 48 x 60,5 x 70CM / SISTEMA DE TRAVAMENTO COM DUAS AÇÕES CONSECUTIVAS PARA LIBERAÇÃO /SISTEMA DE MONTAGEM/FERRAGEM: PARAFUSOS E REBITES ACESSÓRIOS: BRINQUEDOS E ADESI;7898431501615|7898431501622|7898431501639|7898431501684|7898431501691|7898431501707;Excluido;15/03/2024
189820/1996;Ativo;;16/07/2025;;;KIDDO INDUSTRIA E COMERCIO LTDA;60688090000187;1147870744;Rodovia Regis Bittencourt ;3666;;06793000;Jardim Três Marias ;Taboão da Serra;SP;m.nascimento@kiddo.com.br;JIN SUN GEE PLASTIC CO., LTD;Andadores Infantis;Portaria Inmetro nº 129 de 19/03/2021;;IN2735125;Modelo 5;;S;China, República Popular;Whoop;ANDADOR PASSINHOS 2 EM 1 REF. 8701/CINZA/ROSA/AZUL;MATERIAL:PP. POLIES/DIMENSÕES:59,5X68X53CM/SIST.DE.TRAVAM.:LIBER.EM DUAS AÇÕES CONSECUTIVAS/SIST.DE.MONTAG.E.FERRAGEM:MANUAL (SEM AUX. DE FERRAM)/ACESSÓRIOS:BRINQ./CARACT. DO MODELO:ANDADOR C/ BRINQ.;7896517223871|7896517223888|7896517223895;Incluido;16/07/2025
026652/2003;Ativo;;09/09/2026;;;TUTTI BABY INDUSTRIA E COMERCIO DE ARTIGOS INFANTIS LTDA;06981862000129;4733794000;Rua Vicente Zanotti;177;Galpão 01;89381270;Industrial Zaferino ;Massaranduba;SC;heloiza.souza@tuttibaby.com.br;TUTTI BABY INDUSTRIA E COMERCIO DE ARTIGOS INFANTIS LTDA;Andadores Infantis;Portaria Inmetro nº 129 de 19/03/2021;;CE-AND/IQB 000013 57036/26-001;Modelo 5;;N;Brasil;TUTTI BABY;ANDADOR SAFARI - REF. 40002003,40002004,40002007,40003004,40004002,40004003;ESTRU.MET.:ACO TUBULAR,BRINQ:PLAST. DE ENG.,REVEST. TEXTIL:ALGODAO/51X61X70 CM/DOIS DISP. DE TRAV. INDEPENDENTES SENDO OPERADOS SIMULT./PARAFUSOS E MONT. DE PÇS PLAST./BRINQ. CERTIF.E ADESIVO-57036/26;7898431501615|7898431501622|7898431501639|7898431501684|7898431501691|7898431501707;Incluido;09/09/2026
320667/1929;Ativo;;16/09/2024;;;AMAZONAS IMPORTADOS LTDA;07269201000138;9691131654;Rua Independência;175;;68900090;Central;Macapa;AP;adriana.abreu@amazonasimportados.com.br;YIWU BALBIAN ELECTRONIC TECHNOLOGICAL CO., LTD;Andadores Infantis;Portaria Inmetro nº 129 de 19/03/2021;;IN2086424-1;;;S;China, República Popular;LÉ PETIT;MODE:BABY WALKER/REF:LP-9517/ CONT: ANDADOR COM BRINQUEDO ACOPLADO/VERSÕES:AZUL,ROSA,VERDE,;MAT:PP E POLIÉSTER/DIM:62X55,5X50CM/SIST DE TRAV:LIBERAÇÃO EM DUAS AÇÕES CONSECUTIVAS/SIST DE MONT E FERRAGEM:MANUAL (SEM FERRAMENTA)/ACESSÓRIOS:N/A.CARACTERISTICAS DO MODELO:;453068745717;Incluido;16/09/2024
645428/2021;Ativo;;01/12/2021;;;FAST TRADING IMPORTACAO, EXPORTACAO E COMERCIO DE BEBIDAS EIRELI;34076058000130;8130191960;AV. GOVERNADOR AGAMENON MAGALHÃES,  EDF. EMPRESSARIAL RENATO DIAS - ANDAR 15º, SALA 1502 ;4318;SALA 1502;52010075;PAISSANDU; RECIFE;PE;ricardo.ferreira@fasttradingimport.com.br;China Zhejiang Techincal Co. Ltd;Andadores Infantis;Portaria Inmetro nº 42 de 19/01/2018;;OCAN-AND.514/21-1;;;S;China, República Popular;Fast;602;Material:	PP, Ferro e Poliester/ Dimensões:	63 x 57 x 53 cm/ Sistema de Travamento: Travamento automático com liberação em duas ações consecutivas/ Sistema de Montagem e Ferragem: Manual	/Acessórios: ;;Incluido;01/12/2021
614671/1955;Inativo;;11/01/2023;;;COMPANHIA DOREL BRASIL PRODUTOS INFANTIS;10659948000883;2135547024;Av. Nilo Peçanha;1516 ;Galpão 3 ;28030035;Pq dos Rodoviários;Campos dos Goytacaze;RJ;standard@dorel.com.br;Jin Sun Gee Plastics Co., Ltd;Andadores Infantis;Portaria Inmetro nº 129 de 19/03/2021;;IN1722522;;;S;Formosa (Taiwan);Cosco;BG-1518. Nome comercial: Follow. Versões: Azul e Laranja.;Ferro, plástico, PP,PET, PU e poliéster. 60 x 49 x 68 cm.Trav:Lib.2 ações cons., Encaixe,aces: Brinquedos.;7908238808043|7908238808050;Incluido;11/01/2023
908675/1981;Ativo;;12/11/2024;;;CACANDO OFERTAS LTDA;23230465000134;11976586700;Rua José Ferreira Crespo;752;Sala 1;08021480;Jardim São Vicente;São Paulo;SP;diegofrancisco22@bol.com.br;STYLL ADMINISTRACAO, INVESTIMENTOS, LOCACOES & SERVICOS LIMITADA;Andadores Infantis;Portaria Inmetro nº 129 de 19/03/2021;;IN2382924;;;N;Brasil;ClickBaby's;Andador Happy baby - Versões AZUL-HAPPY BABY ROSA-HAPPY BABY LARANJA-HAPPY BABY;Mat.Aço Polipropileno.Dim:640x570x470cm.Sist.Trav. Liberação duas ações consecutivas.Sist de Mont e Ferrag:Manual sem ferramenta.Acess: Bandeja c/Brinquedo.Caract/modelo:Andador c/brinquedo na bandeja;7898975097001|7898975097018|7898975097025;Incluido;12/11/2024
202679/2008;Ativo;;14/05/2026;;;UNI-ART IMPORT LTDA.;68168368000105;11952844300;AV DAS INDUSTRIAS ;755;;13288163;DIST.INDL B. STORANI;VINHEDO;SP; www.unitoys.com.br;QINGYUAN XINGLONG BALL PRODUCING CO., LTD.;Andadores Infantis;Portaria Inmetro nº 129 de 19/03/2021;;IN2985326;Modelo 5;;S;China, República Popular;UNITOYS;ANDADOR COM EMPURRADOR - N/A - 3726 AZUL/3726 ROSA;MAT:PP, POLIÉSTER E AÇO/DIM:50X60X102 CM/SIS_TRAV:LIBERAÇÃO EM DUAS AÇÕES CONSECUTIVAS/SIS_MONT E FERRG:MANUAL (SEM FERRAMENTA)/ACESS:N/A/CARACTERISTICAS DO MODELO:ANDADOR COM BANDEJA MUSICAL;7908901504395|7908901504401;Incluido;14/05/2026
126441/2012;Ativo;;13/04/2026;;;VG SHOP COMERCIO ON LINE LTDA;16857384000365;1149690505;RUA PROJETADA SN KM 15 NUCLEO AGUA COMPRIDA;0;KM 15;37600000;AGUA COMPRIDA;CAMBUI;MG;gilson@vgshop.com.br;YONGXING SPORTS LIMITED;Andadores Infantis;Portaria Inmetro nº 129 de 19/03/2021;;IN2982826;Modelo 5;;S;China, República Popular;MULTMAXX;Desig. Com. andador infantil com empurrador Cod. Ref. MTX150 / MTX151 Quant. (aplic. para mod. 1b) n/a Mat: poliéster, abs, pp e borracha Dim. 76x65x65cm Sis. Trav. dois dispositivos independentes sendo operador simultaneamente;Sis. de Mont. e Ferragem: manual (com ferramenta) acess: N/A Car.do mod: andador ccom empurrador e brinquedo musical Vers. MTX150 cinza MTX151 rosa;7898758400394|7898758400400;Incluido;13/04/2026
959508/2012;Ativo;;03/04/2023;;;PLANETA - IMPORTACAO E DISTRIBUICAO DE BRINQUEDOS LTDA;13434272000141;1138951572;AV VASCO MASSAFELI;1000;G1A M1-21;06703600;JARDIM MARIA TEREZA;COTIA;SP;admin@planetadobebe.com.br;HEBEI WANXIN CHILDREN TOYS CO.,LTD.;Andadores Infantis;Portaria Inmetro nº 129 de 19/03/2021;;IN1765923;Modelo 5;;S;China, República Popular;MAXI BABY;ANDADOR LA BAMBA - NW-01 - AZUL #21537/ROSA #21538/VERMELHO #75268;MAT:PP E PART.ABS,AÇOD.ALTOCARB.RODAELASTÔM.TERMOP.,PVC/DIM:580X680X550(LXCXH)/SIS_TRAV:LIBER.EM 2 AÇÕES CONS./SIS_MONT E FERRG:MAN.(S/FERM)/ACES:BANDJ C BRI./CARAC.D.M.:ANDAD.C BRINQ.REG.002149/2023 ;7898975752689|7899403215370|7899403215387;Incluido;18/03/2026
920294/1958;Inativo;;11/01/2023;;;COMPANHIA DOREL BRASIL PRODUTOS INFANTIS;10659948000883;2135547024;Av. Nilo Peçanha;1516 ;Galpão 3 ;28030035;Pq dos Rodoviários;Campos dos Goytacaze;RJ;standard@dorel.com.br;Jin Sun Gee Plastics Co., Ltd;Andadores Infantis;Portaria Inmetro nº 129 de 19/03/2021;;IN1722522;;;S;Formosa (Taiwan);Cosco;BG-1518. Nome comercial: Follow. Versões: Azul e Laranja.;Ferro, plástico, PP,PET, PU e poliéster. 60 x 49 x 68 cm.Trav:Lib.2 ações cons., Encaixe,aces: Brinquedos.;7908238808043|7908238808050;Incluido;11/01/2023
822706/1961;Ativo;;05/08/2021;;;GALZERANO INDUSTRIA DE CARRINHOS E BERCOS LTDA;43594977000197;19999947357;Via Prefeito Jurandyr Paixão;700;;13481149;Jd. Campo Belo;Limeira;SP;luisfernando.camargo@galzerano.com.br;GALZERANO INDUSTRIA DE CARRINHOS E BERCOS LTDA;Andadores Infantis;Portaria Inmetro nº 129 de 19/03/2021;;CE-AND/IQB 000006 54618/21-001;;;N;Brasil;GALZERANO;Ref.: 4050-Andador Torino. Versões: 4050RO (Rosa), 4050TER (Terracota);Mat Tec poliest TNT Espum PP PA6 Master Tint Tub aço Item fix/aviam CxLxA(cm) 71x62,5x51,5 Trav Trilh plást c/ botão destrav e reg alt Acess Band brinq não remov retrov Carac Tec Pçs plást Tint Ferrag;7908200102247|7908200102254;Excluido;11/05/2022
388448/1937;Ativo;;07/08/2024;;;COMERCIO E IMPORTACAO DENISE LTDA;29963642000178;21997976531;RUA DO MILHO;72;A;21011090;PENHA CIRCULAR;RIO DE JANEIRO;RJ;comerciomybaby@hotmail.com;PING HU BEST CHILDREN?S CARRIER CO.LTD;Andadores Infantis;Portaria Inmetro nº 129 de 19/03/2021;;IN2189524;;;S;China, República Popular;MY BABY;PATO A1 - ROSA LISO, AZUL LISO, ROSA COLORIDO, AZUL COLORIDO - Acessórios: Brinquedos Caracteristicas do modelo: Andador infantil com brinquedo elétrico;Material: Ferro, PP e Poliéster Dimensões: 71 x 62 x 55 cm Sistema de Travamento: Liberação em duas ações consecutivas Sistema de Montagem e Ferragem: Manual (com auxílio de ferramenta);6294013738218|6294013738225|6294013738287|6294013738294;Incluido;07/08/2024
255724/1951;Ativo;;15/11/2024;;;HCM INDUSTRIA E IMPORTACAO LTDA;12538691000160;37998767200;RUA SERGIPE ;1963;;35591096;SANTA ALEXANDRINA;LAGOA DA PRATA;MG;compras.hcmmalta@gmail.com;HCM INDUSTRIA E IMPORTACAO LTDA;Andadores Infantis;Portaria Inmetro nº 129 de 19/03/2021;;IN2431224-2;;;N;Brasil;JUMBO BABY;ANDADOR MUSICAL MEGALUXO JUMBO BABY/AZUL/ROSA/VERMELHO/LARANJA, CARAC.D/MODEL:ANDADOR COM BRINQUEDO NA BANDEJA;MAT.:POLIPROPILENO(PP)/ACO CARBONO(FERRAGENS)/TECIDO(POLIÉSTER)/DIM:69,5X58,5X14,5/SIS.D/TRAV.:LIB.EM 2AS.CON./SIS.D/MONT.E FERR.:MAN.(S/FERR.)/ACESS.:ASSE/FORR.P/OS PÉS/EMP./PAI.MUS;7898947715063|7898947715070|7898947715087|7898947715094;Incluido;15/11/2024
429863/2003;Ativo;;07/03/2024;;;COMPANHIA DOREL BRASIL PRODUTOS INFANTIS;10659948000107;2135547024;Av. Nilo Peçanha;1516;1582;28030035;Pq dos Rodoviários;Campos dos Goytacaze;RJ;standard@dorel.com.br;COMPANHIA DOREL BRASIL PRODUTOS INFANTIS;Andadores Infantis;Portaria Inmetro nº 129 de 19/03/2021;;IN2040823;Modelo 5;;N;Brasil;Infanti;APPIA - HE022 - AZUL/ROSA - MAT.:PP, POLIÉSTER,PTA, EG, POLIPROPILENO E POLIETILENO.DIMENSÕES:56,5X68X60,5CM/;SIST. DE TRAVAMENTO: LIBERAÇÃO EM 2 AÇÕES CONSECUTIVAS/SIST. DE MONTAGEM E FERRAGEM: MANUAL (S/ FERRAMENTAS)/ACES.: BANDEJA DE BRINQUEDOS/ANDADOR COM BRINQUEDO;7908238809774|7908238809781;Excluido;10/04/2026
287732/1952;Ativo;;07/03/2024;;;COMPANHIA DOREL BRASIL PRODUTOS INFANTIS;10659948000107;2135547024;Av. Nilo Peçanha;1516;1582;28030035;Pq dos Rodoviários;Campos dos Goytacaze;RJ;standard@dorel.com.br;COMPANHIA DOREL BRASIL PRODUTOS INFANTIS;Andadores Infantis;Portaria Inmetro nº 129 de 19/03/2021;;IN2040823;Modelo 5;;N;Brasil;INFANTI/ COSCO;APPIA/ ZIGGY - HE022 - N/A - AZUL / ROSA / AZUL / ROSA;MAT:PP,PES,PTA,EG,POLIPROPILENO E POLIETILENO/DIM:56,5 X 68 X 60,5 CM/SIST D TRAVAMENTO:LIB EM DUAS AÇÕES CONSEC/SIST DE MNTGM E FERRG:MAN (SEM FER)/ACESS:BAND D BRINQ./CARACT D MODELO:ANDADOR C BRINQ;7908238809774|7908238809781|7908238815812|7908238815829;Incluido;10/04/2026
496694/1934;Ativo;;14/08/2019;;;BAMBOO COMERCIO, IMPORTAÇÃO E EXPORTAÇÃO EIRELI-EPP;27115224000103;8132419265;Rua. Alegre;154;Galpão A;52120125;Arruda;Recife;PE;bamboo@yescert.com.br;ZHEJIANG KINTEX INTERNATIONAL TRADING CO., LTD;Andadores Infantis;Portaria Inmetro nº 129 de 19/03/2021;;IN1632922;;;S;China, República Popular;BAMBOO;MODELO:MD-18NOME COMERCIAL:ANDAJAR GUGUVERSÕES: Azul (Ref.: MD18.1)Rosa (Ref.: MD18.2)Verde (Ref.: MD18.3)Vermelho (Ref.: MD18.4);Mat: PLAST / MET/FIB TEXTIL,DIM:ABRT:62X56X52CM,FECH:62X56X16,SIST TRAV:LIBER EM 2 ACOES CONSEC,SIST MONT FERRAG: MANUAL(S/FERRAMENTA),ACESS:BANDEJ C/BRINQ E HAST C/PUXADOR;7909312341029;Incluido;22/07/2022
201115/2014;Inativo;;23/05/2025;;;MD COMERCIO DE FERRAGENS LTDA;55274701000100;92981285408;AVENIDA JOAQUIM NABUCO;1094;A;69020030;Centro;Manaus;AM;mdcomerciodeferragensltda@gmail.com;Xingtai Pandelo Technology Co.,Ltd;Andadores Infantis;Portaria Inmetro nº 129 de 19/03/2021;;IN2611025;Modelo 5;;S;China, República Popular;ULTRA BABY;REF: UBW-801H - ANDADOR INFANTIL MUSICAL PARA BEBÊ - BABY PINK / BARBIE PINK, RED / WHITE, ROYAL BLUE / ORANGE / WHITE, GREEN / WHITE;MAT:PP,FERRO E POLIÉSTER/DIM:68X59X52CM/SIS_TRAV:LIBERAÇÃO EM 2 AÇÕES CONSECUTIVAS/SIS_MONTAGEM_E_FERRAGEM:MANUAL(SEM FERRAMENTA)/ACESSÓRIOS: N/A/CARACTERISTICAS_MODELO:ANDADOR COM BRINQUEDO ACOPLADO;7890012361007|7890012361113|7890012368082|7890012369096;Incluido;23/05/2025
587389/1937;Ativo;;09/12/2019;;;TAPUZIM COMERCIAL LTDA;00513418000100;1138569063;Av. Monte Celeste;230;250;02561000;Vila S. Maria;São Paulo;SP;ehs0770@hotmail.com;SHEN ZHEN WEI MEI CHILDCARE PRODUCT LIMITED COMPANY;Andadores Infantis;Portaria Inmetro nº 129 de 19/03/2021;;IN2062423;Modelo 5;;S;China, República Popular;baby style;ANDADOR ANIMAIS;ANIMAISVERSÕES: Andador cachorro vermelho - Ref. 33721 Andador cachorro azul - Ref. 33722 Andador abelha rosa - Ref. 33723 Andador abelha azul - Ref. 33724 . Material: Plástico, metal e tecido. Dimen;4079337218996|4079337228995|4079337238994|4079337248993;Excluido;21/12/2020
236888/2021;Ativo;;31/08/2026;;;TUTTI BABY INDUSTRIA E COMERCIO DE ARTIGOS INFANTIS LTDA;06981862000129;4733794000;Rod. Guilherme Jensen, SC413, km13;0;Galpão 01;89108000;Distrito Industrial;Massaranduba;SC;heloiza.souza@tuttibaby.com.br;TUTTI BABY INDUSTRIA E COMERCIO DE ARTIGOS INFANTIS LTDA;Andadores Infantis;Portaria Inmetro nº 129 de 19/03/2021;;CE-AND/IQB 000013 57036/26-002;Modelo 5;;N;Brasil;TUTTI BABY;ANDADOR COMFORT - 40005004,40005003,40005011,40005028,40005007,40005010,40005006,40005029;ESTRU.METALICA:ACO TUBULAR,BRINQ:PLAST.DE ENG.,REVEST. TEXTIL: ALGODAO/48X60,5X70 CM/DOIS DISP. DE TRAV. INDEP. SENDO OP. SIMULT./PARAFUSOS E MONT. DE PÇS PLAST./BRINQ. CERT. E ADESIVO-57036/26;7898431502063|7898431502070|7898431502087|7898431502094|7898431502100|7898431502117|7898431502124|7898431502131;Incluido;31/08/2026
790698/1960;Ativo;;15/12/2023;;;MADHULA COMERCIO DE ARTIGOS ELETROELETRONICOS LTDA;03838532000190;62811924131;Rua Marcilio Dias;166;;69005270;Centro;Manaus;AM;dgjohnny@gmail.com;PINGHU SHI XIAOTIANDI CHILDREN''S PRODUCTS FACTORY;Andadores Infantis;Portaria Inmetro nº 129 de 19/03/2021;;IN1983523;;;S;China, República Popular;BENMEK;ANDADOR MADHULA/REF.: MA100/VERSÕES:Verde e Azul - MA100VA,Rosa e Roxo - MA100RR,Branco e Azul Escuro - MA100BAE,Amarelo e Vermelho - MA100AV;MAT:PP, FERRO E POLIÉSTER/DIMEN.:63 X 57 X 53 CM/SIST. TRAVAMENTO:Liberação em duas ações consecutivas/SIST. MONTAGEM E FERRAGEM:MANUAL(SEM FERRAMENTA)/ACESS.:n/a/CARACTERÍSTICAS: ANDADOR COM BRINQUED;6901031000158;Incluido;15/12/2023
581736/1978;Ativo;;30/09/2019;;;BURIGOTTO SA INDUSTRIA E COMERCIO;51460277000138;1934042000;Rua Martino Dragone;280;;13480308;Jardim Santa Barbara;Limeira;SP;carlos.riva@burigotto.com;JIN SUN GEE PLASTICS. CO., LTD.;Andadores Infantis;Portaria Inmetro nº 42 de 19/01/2018;;CE-AND/IQB 000004 53005/19-001;;;S;Formosa (Taiwan);Burigotto;Andador Baby Coupe (ref. com. IXAN3034PK10-Rosa, IXAN3034AZ19-Azul, IXAN3034CL-CL);Andador Infantil, Mat.: Polipropileno, Nylon, Aço, Tecido e Espuma, Dim: 760X650X640mm, Sist. Trav. Automático, Sistema Montagem/Ferragem Rebites, parafusos e Encaixe de peças plásticas, Acessorio: Ba;7896502916146|7896502916160|7896502935550;Incluido;30/09/2019
858479/1968;Ativo;;02/09/2026;;;BAGATOLI COMERCIO DE REFRIGERACAO LTDA;00897750000108;47984556257;BR-470;8105;;89058020;FORTALEZA ALTA;BLUMENAU;SC;digitalpriceconsultoria@gmail.com;PINGHU XIAOTIANDI CHILDREN?S PRODUCTS FACTORY;Andadores Infantis;Portaria Inmetro nº 129 de 19/03/2021;;IN3155526;Modelo 5;;S;China, República Popular;BAGATOLI KIDS;MOD: ANDADOR INFANTIL PULSE/ N.COM: PULSE/ V.: ROSA, AZUL, CINZA;MAT.:PP,POLIÉSTER,AÇO/DIM.:51X61X69CM/SIST.TRAV.:LIB.2 AÇÕES CONSEC./SIST.MONT.FERR.:REBITES,PARAF.E ENCAIXE PEÇAS PLÁST./ACESS.:BRINQ.NA BANDEJA/CARACT.MOD.:ANDADOR C/BRINQ.;7901030400859|7901030400866|7901030400873;Incluido;02/09/2026
733285/1994;Ativo;;01/07/2026;;;APS IMPORTACAO EXPORTACAO DISTRIBUICAO LTDA;44540981000135;11974642778;EST GERAL DE MEDEIROS;20;SALA 05;88390000;MEDEIROS;BARRA VELHA;SC;orquestra@yescert.com.br;Tengzhou Lebeir Baby Carriage Co., Ltd.;Andadores Infantis;Portaria Inmetro nº 129 de 19/03/2021;;IN3076626;Modelo 5;;S;China, República Popular;TOYS&TOYS;MOD:ANDADOR MUSICAL PARA BEBES/INFANTIL/CÓD DE REFERÊNCIA COMERCIAL: ANDADOR MUSICAL V:CINZA - 310552,MARROM - 310569,AZUL - 310576,ROSA 310583;Mat:PP/Dim:799x660x715mm/Sist de Travam: Dois dispositivos de travam independentes sendo operados simult/Sist de Mont e Ferr:Manual (sem ferram)/Acess:N/A/Caract do modelo:ANDADOR COM BRINQ.MUSICAL AC;7908888310552|7908888310569|7908888310576|7908888310583;Incluido;01/07/2026
084702/1987;Ativo;;07/02/2022;;;TUTTI BABY INDUSTRIA E COMERCIO DE ARTIGOS INFANTIS LTDA;06981862000129;4733794000;Rod. Guilherme Jensen, SC413, km13;0;;89108000;Distrito Industrial;Massaranduba;SC;certificacao@tuttibaby.com.br;TUTTI BABY INDUSTRIA E COMERCIO DE ARTIGOS INFANTIS LTDA;Andadores Infantis;Portaria Inmetro nº 129 de 19/03/2021;;IN2869325;Modelo 5;;N;Brasil;Tutti Baby;Andador: VERSÕES: Safari II (Azul/Rosa/Vermelho), Princesa Rosa Coroa, Acqua Explorador (Cinza/Roxo);ESTRUTURA METÁLICA , AÇO TUBULAR / 48 x 60,5 x 70CM / SISTEMA DE TRAVAMENTO COM DUAS AÇÕES CONSECUTIVAS PARA LIBERAÇÃO /SISTEMA DE MONTAGEM/FERRAGEM: PARAFUSOS E REBITES ACESSÓRIOS: BRINQUEDOS E ADESI;7898431501615|7898431501622|7898431501639|7898431501684|7898431501691|7898431501707;Excluido;15/03/2024
253523/1939;Ativo;;31/08/2026;;;MADHULA COMERCIO DE ARTIGOS ELETROELETRONICOS LTDA;03838532000190;92994433107;Rua Marcilio Dias;166;;69005270;Centro;Manaus;AM;mayapunjwani@gmail.com;PINGHU XIAOTIANDI CHILDRENS PRODUCTS FACTORY;Andadores Infantis;Portaria Inmetro nº 129 de 19/03/2021;;IN3141126-1;Modelo 5;;S;China, República Popular;BENMEK;MADHULA/ MA100/ Verde e Azul - MA100VA/ Rosa e Roxo - MA100RR/ Branco e Azul Escuro - MA100BAE/ Amarelo e Vermelho - MA100AV;MAT.:PP, FERRO E POLIÉSTER/DIM.:63X57X53 CM/SIST. DE TRAV.: LIBERAÇÃO EM DUAS AÇÕES CONSECUTIVAS/SIST. MONT. E FERR.:MANUAL (SEM FERRAMENTA)/ACESS.:BRINQUEDO/CARACT. DO MOD.: ANDADOR COM BRINQUEDO;6901031000158;Incluido;31/08/2026
378706/2013;Ativo;;22/11/2023;;;JASSUMAL LTDA;04214425000154;62811924131;AV SETE SETEMBRO;852;;69005140;CENTRO;MANAUS;AM;dgjohnny@gmail.com;PINGHU SHI XIAOTIANDI CHILDREN?S PRODUCTS FACTORY;Andadores Infantis;Portaria Inmetro nº 129 de 19/03/2021;;IN1984323;;;S;China, República Popular;BABY SPORTS;ANDADOR JASSUMAL /REF: BS103 /VERSÕES:Azul Claro e Escuro - BS103A/Rosa Claro e Escuro - BS103R/Roxo e Rosa Escuro - BS103RR;MATERIAL:PP, FERRO E POLIÉSTER|DIMENSÕES:63 X 57 X 53 CM|SISTEMA DE TRAVAMENTO:LIBERAÇÃO EM DUAS AÇÕES CONSECUTIVAS|SISTEMA DE MONTAGEM E FERRAGEM:MANUAL (SEM FERRAMENTA)|ACESSÓRIOS:N/A|CARACTERISTICA;6901041000155;Incluido;22/11/2023
877628/1957;Ativo;;06/09/2024;;;TUTTI BABY INDUSTRIA E COMERCIO DE ARTIGOS INFANTIS LTDA;06981862000129;4733794000;Rod. Guilherme Jensen, SC413, km13;0;Galpão 01;89108000;Distrito Industrial;Massaranduba;SC;certificacao@tuttibaby.com.br;TUTTI BABY INDUSTRIA E COMERCIO DE ARTIGOS INFANTIS LTDA;Andadores Infantis;Portaria Inmetro nº 129 de 19/03/2021;;IN2321524;;;N;Brasil;TUTTI BABY;ANDADOR COMFORT/REF.ANDADOR COMFORT 40.005/40005004/40005003/40005011/40005028/40005007/40005010/40005006/40005029;MAT:PLAST.ENG/ALGODÃO/DIMEN:48X60,5X70CM/SIST.DE TRAV:DOIS DISP.DE TRAV.INDEP.SENDO OP.SIMUL/SIST.DE MONT.FERR:OUTROS:PARAF,MONT.PEÇAS PLAST./ACESS:BANDEIJA C/ BRINQ/CARAC.DO MOD:ANDADOR C/BRINQUEDO;7898431502063|7898431502070|7898431502087|7898431502094|7898431502100|7898431502117|7898431502124|7898431502131;Incluido;06/09/2024
188256/2002;Ativo;;16/07/2025;;;KIDDO INDUSTRIA E COMERCIO LTDA;60688090000187;1147870744;Rodovia Regis Bittencourt ;3666;;06793000;Jardim Três Marias ;Taboão da Serra;SP;m.nascimento@kiddo.com.br;JIN SUN GEE PLASTIC CO., LTD;Andadores Infantis;Portaria Inmetro nº 129 de 19/03/2021;;IN2735125;Modelo 5;;S;China, República Popular;Whoop;ANDADOR PASSINHOS 2 EM 1 REF. 8701/CINZA/ROSA/AZUL;MATERIAL:PP. POLIES/DIMENSÕES:59,5X68X53CM/SIST.DE.TRAVAM.:LIBER.EM DUAS AÇÕES CONSECUTIVAS/SIST.DE.MONTAG.E.FERRAGEM:MANUAL (SEM AUX. DE FERRAM)/ACESSÓRIOS:BRINQ./CARACT. DO MODELO:ANDADOR C/ BRINQ.;7896517223871|7896517223888|7896517223895;Incluido;16/07/2025
672721/1939;Ativo;;19/06/2026;;;LILI FLORES ARTESANAIS LTDA;50509301000113;2199999999;R SANTO SEPULCRO;00279;;21350220;MADUREIRA;RIO DE JANEIRO;RJ;xiaoweiliu663@gmail.com;PINGHU XIAOTIANDI CHILDREN''S PRODUCTS FACTORY ;Andadores Infantis;Portaria Inmetro nº 129 de 19/03/2021;;IN3051726;Modelo 5;;S;China, República Popular;LILI;MOD:ANDADOR LL-2931 / CÓD. DE REFERÊNCIA COMERCIAL: LL-2931 / AZUL,ROSA,VERDE;MAT.:PP, POLIÉSTER E POLIETILENO/DIM:56,5X68X60,5CM/ SIST.TRAV.:LIBERAÇÃO EM DUAS AÇÕES CONSECUTIVAS/SIST. MONT.:LIBERAÇÃO EM DUAS AÇÕES CONSECUTIVAS/SEM ACESSÓRIOS/ANDADOR COM BRINQUEDO INTERATIVO;;Incluido;19/06/2026
966725/1965;Ativo;;06/09/2024;;;TUTTI BABY INDUSTRIA E COMERCIO DE ARTIGOS INFANTIS LTDA;06981862000129;4733794000;Rod. Guilherme Jensen, SC413, km13;0;Galpão 01;89108000;Distrito Industrial;Massaranduba;SC;certificacao@tuttibaby.com.br;TUTTI BABY INDUSTRIA E COMERCIO DE ARTIGOS INFANTIS LTDA;Andadores Infantis;Portaria Inmetro nº 129 de 19/03/2021;;IN2321524;;;N;Brasil;TUTTI BABY;ANDADOR COMFORT/REF.ANDADOR COMFORT 40.005/40005004/40005003/40005011/40005028/40005007/40005010/40005006/40005029;MAT:PLAST.ENG/ALGODÃO/DIMEN:48X60,5X70CM/SIST.DE TRAV:DOIS DISP.DE TRAV.INDEP.SENDO OP.SIMUL/SIST.DE MONT.FERR:OUTROS:PARAF,MONT.PEÇAS PLAST./ACESS:BANDEIJA C/ BRINQ/CARAC.DO MOD:ANDADOR C/BRINQUEDO;7898431502063|7898431502070|7898431502087|7898431502094|7898431502100|7898431502117|7898431502124|7898431502131;Incluido;06/09/2024
911200/1952;Ativo;;16/07/2025;;;KIDDO INDUSTRIA E COMERCIO LTDA;60688090000187;1147870744;Rodovia Regis Bittencourt ;3666;;06793000;Jardim Três Marias ;Taboão da Serra;SP;m.nascimento@kiddo.com.br;JIN SUN GEE PLASTIC CO., LTD;Andadores Infantis;Portaria Inmetro nº 129 de 19/03/2021;;IN2735125;Modelo 5;;S;China, República Popular;Whoop;ANDADOR PASSINHOS 2 EM 1 REF. 8701/CINZA/ROSA/AZUL;MATERIAL:PP. POLIES/DIMENSÕES:59,5X68X53CM/SIST.DE.TRAVAM.:LIBER.EM DUAS AÇÕES CONSECUTIVAS/SIST.DE.MONTAG.E.FERRAGEM:MANUAL (SEM AUX. DE FERRAM)/ACESSÓRIOS:BRINQ./CARACT. DO MODELO:ANDADOR C/ BRINQ.;7896517223871|7896517223888|7896517223895;Incluido;16/07/2025
260729/1992;Ativo;;01/07/2026;;;APS IMPORTACAO EXPORTACAO DISTRIBUICAO LTDA;44540981000135;11974642778;EST GERAL DE MEDEIROS;20;SALA 05;88390000;MEDEIROS;BARRA VELHA;SC;orquestra@yescert.com.br;Tengzhou Lebeir Baby Carriage Co., Ltd.;Andadores Infantis;Portaria Inmetro nº 129 de 19/03/2021;;IN3076626;Modelo 5;;S;China, República Popular;TOYS&TOYS;MOD:ANDADOR MUSICAL PARA BEBES/INFANTIL/CÓD DE REFERÊNCIA COMERCIAL: ANDADOR MUSICAL V:CINZA - 310552,MARROM - 310569,AZUL - 310576,ROSA 310583;Mat:PP/Dim:799x660x715mm/Sist de Travam: Dois dispositivos de travam independentes sendo operados simult/Sist de Mont e Ferr:Manual (sem ferram)/Acess:N/A/Caract do modelo:ANDADOR COM BRINQ.MUSICAL AC;7908888310552|7908888310569|7908888310576|7908888310583;Incluido;01/07/2026
017558/1997;Ativo;;06/03/2023;;;BURIGOTTO S A INDUSTRIA E COMERCIO;51460277000138;1934464813;Rua Martino Dragone;280;;13480308;Jardim Santa Barbara;Liemira;SP;alison.smanioto@burigotto.com;JIN SUN GEE PLASTICS CO., LTD;Andadores Infantis;Portaria Inmetro nº 129 de 19/03/2021;;CE-AND/IQB 000004 55573/23-001;Modelo 5;;S;Formosa (Taiwan);BURIGOTTO;ANDADOR OLÉ CL (REF.COM.  IXAN5143CL);PP, AÇO, TECIDO / 590 X 690 X 550 MM / TRILHO PLÁSTICO COM BOTÃO DE TRAVA/DESTRAVA E REGULAGEM DE ALTURA / REBITES, PARAFUSOS E ENCAIXE DE PEÇAS PLÁSTICAS / BANDEJA COM 2 BRINQUEDOS DE PP E NYLON;7896502944248;Excluido;29/04/2026
764980/1936;Ativo;;19/02/2026;;;RGM  COMERCIO E SERVICOS LTDA;18007664000148;11996294240;Avenida Angélica;511;Cj. 904;01227100;Santa Cecilia;São Paulo;SP;papush@uol.com.br;PINGHU XIAOTIANDI CHILDREN?S PRODUCTS FACTORY;Andadores Infantis;Portaria Inmetro nº 129 de 19/03/2021;;IN2911726;Modelo 5;;S;China, República Popular;RGM;ANDADOR DREUX - R602 - AVIÃO - AVIAO;MAT:PP,FERRO E POLIÉ./DIM:70X62.5X51 CM/SIST.DE TRAV.:LIB.EM DUAS AÇÕES CONSECU./SIST.DE MONT.E FERR.:MANUAL (SEM FERRAMENTA)/ACESS:BANDEJA MUSICAL/CARACT.DO MODELO:ANDADOR COM BANDEJA MUSICAL;7898926505616;Incluido;19/02/2026
761215/1930;Inativo;;14/08/2019;;;Companhia Dorel Brasil Produtos Infantis;10659948000107;2135633602;Av. Nilo Peçanha;1516 /1582;Térreo;28030035;Pq dos Rodoviários;Campos dos Goytacaze;RJ;mariana.magalhaes@dorel.com.br;JIN SUN GEE PLASTIC CO.,LTD;Andadores Infantis;Portaria Inmetro nº 42 de 19/01/2018;;OCAN-AND.145/19-1;;;S;Formosa (Taiwan);Voyage;BG-1518;Nome Fantasia: Baby Step. Cores: Rosa e Azul. Material: Ferro, Plástico e Polipropileno. 60x49x68cm. Sistema Travamento e Montagem:Manual. Acessórios: Bandeja.;7908238801280|7908238801297;Incluido;14/08/2019
310009/1929;Ativo;;05/08/2021;;;GALZERANO INDUSTRIA DE CARRINHOS E BERCOS LTDA;43594977000197;19999947357;Via Prefeito Jurandyr Paixão;700;;13481149;Jd. Campo Belo;Limeira;SP;luisfernando.camargo@galzerano.com.br;GALZERANO INDUSTRIA DE CARRINHOS E BERCOS LTDA;Andadores Infantis;Portaria Inmetro nº 129 de 19/03/2021;;CE-AND/IQB 000006 54618/21-001;;;N;Brasil;GALZERANO;Ref.: 4050-Andador Torino. Versões: 4050RO (Rosa), 4050TER (Terracota);Mat Tec poliest TNT Espum PP PA6 Master Tint Tub aço Item fix/aviam CxLxA(cm) 71x62,5x51,5 Trav Trilh plást c/ botão destrav e reg alt Acess Band brinq não remov retrov Carac Tec Pçs plást Tint Ferrag;7908200102247|7908200102254;Excluido;11/05/2022
270460/2016;Ativo;;05/08/2021;;;GALZERANO INDUSTRIA DE CARRINHOS E BERCOS LTDA;43594977000197;19999947357;Via Prefeito Jurandyr Paixão;700;;13481149;Jd. Campo Belo;Limeira;SP;luisfernando.camargo@galzerano.com.br;GALZERANO INDUSTRIA DE CARRINHOS E BERCOS LTDA;Andadores Infantis;Portaria Inmetro nº 129 de 19/03/2021;;CE-AND/IQB 000006 54618/21-001;;;N;Brasil;GALZERANO;Ref.: 4050-Andador Torino. Versões: 4050RO (Rosa), 4050TER (Terracota);Mat Tec poliest TNT Espum PP PA6 Master Tint Tub aço Item fix/aviam CxLxA(cm) 71x62,5x51,5 Trav Trilh plást c/ botão destrav e reg alt Acess Band brinq não remov retrov Carac Tec Pçs plást Tint Ferrag;7908200102247|7908200102254;Excluido;11/05/2022
898017/1981;Ativo;;07/03/2024;;;COMPANHIA DOREL BRASIL PRODUTOS INFANTIS;10659948000107;2135547024;Av. Nilo Peçanha;1516;1582;28030035;Pq dos Rodoviários;Campos dos Goytacaze;RJ;standard@dorel.com.br;COMPANHIA DOREL BRASIL PRODUTOS INFANTIS;Andadores Infantis;Portaria Inmetro nº 129 de 19/03/2021;;IN2040823;Modelo 5;;N;Brasil;INFANTI/ COSCO;APPIA/ ZIGGY - HE022 - N/A - AZUL / ROSA / AZUL / ROSA;MAT:PP,PES,PTA,EG,POLIPROPILENO E POLIETILENO/DIM:56,5 X 68 X 60,5 CM/SIST D TRAVAMENTO:LIB EM DUAS AÇÕES CONSEC/SIST DE MNTGM E FERRG:MAN (SEM FER)/ACESS:BAND D BRINQ./CARACT D MODELO:ANDADOR C BRINQ;7908238809774|7908238809781|7908238815812|7908238815829;Incluido;10/04/2026
937242/1935;Inativo;;07/10/2019;;;Galzerano Indústria de Carrinhos e Berços Ltda;43594977000197;1934043030;Via Prefeito Jurandyr Paixão;700;;13481149;Jd. Campo Belo;Limeira;SP;luisfernando.camargo@galzerano.com.br;GUANGDONG ZHIHUI CHILDREN?S PRODUCTS CO.,LTD;Andadores Infantis;Portaria Inmetro nº 42 de 19/01/2018;;CE-AND/IQB 000006 53503/20-001;;;S;China, República Popular;GALZERANO;Andador de bebê Magic - Versão: Cinza (CZ), Preto (PT);Mat Tec poli Espum Resin plást Tint Ferrag 70Cx65Lx54A cm Travam trilho plást com botão de destrav e regul alt Mont/frenag manual Andador com pçs girat e cores diversas Acess Bandej Brinq não removív.;7898089221590|7898089222283;Incluido;07/10/2019
850949/1956;Inativo;;14/08/2019;;;Companhia Dorel Brasil Produtos Infantis;10659948000107;2135633602;Av. Nilo Peçanha;1516 /1582;Térreo;28030035;Pq dos Rodoviários;Campos dos Goytacaze;RJ;mariana.magalhaes@dorel.com.br;Hua Song Plastic Products Co Ltd;Andadores Infantis;Portaria Inmetro nº 42 de 19/01/2018;;OCAN-AND.145/19-3;;;S;China, República Popular;Safety 1st;11389;Nome Fantasia: Melody Garden. Cor única. Material: Ferro, plástico e PP. 64x55x66 cm. Sistema de Travamento e Montagem: Manual. Acessórios: Bandeja.;9312541727119;Incluido;14/08/2019
554733/2018;Ativo;;15/11/2024;;;HCM INDUSTRIA E IMPORTACAO LTDA;12538691000160;37998767200;RUA SERGIPE ;1963;;35591096;SANTA ALEXANDRINA;LAGOA DA PRATA;MG;compras.hcmmalta@gmail.com;HCM INDUSTRIA E IMPORTACAO LTDA;Andadores Infantis;Portaria Inmetro nº 129 de 19/03/2021;;IN2431224-2;;;N;Brasil;JUMBO BABY;ANDADOR MUSICAL MEGALUXO JUMBO BABY/AZUL/ROSA/VERMELHO/LARANJA, CARAC.D/MODEL:ANDADOR COM BRINQUEDO NA BANDEJA;MAT.:POLIPROPILENO(PP)/ACO CARBONO(FERRAGENS)/TECIDO(POLIÉSTER)/DIM:69,5X58,5X14,5/SIS.D/TRAV.:LIB.EM 2AS.CON./SIS.D/MONT.E FERR.:MAN.(S/FERR.)/ACESS.:ASSE/FORR.P/OS PÉS/EMP./PAI.MUS;7898947715063|7898947715070|7898947715087|7898947715094;Incluido;15/11/2024
848748/1944;Ativo;;29/04/2024;;;TAPUZIM COMERCIAL LTDA;00513418000100;1138569063;Av. Monte Celeste;230;250;02561000;Vila S. Maria;São Paulo;SP;sergio@babystylebrasil.com.br;SHEN ZHEN WEI MEI CHILDCARE PRODUCT LIMITED COMPANY;Andadores Infantis;Portaria Inmetro nº 129 de 19/03/2021;;IN2118124-1;;;S;China, República Popular;Baby Style;ANDADOR SMART - SMART AZUL E SMART ROSA;PP,62 X 53 X 78CM,LIBERAÇÃO EM DUAS AÇÕES CONSECUTIVAS,MANUAL (SEM FERRAMENTA),ACESSÓRIOS:N/A/CARAC MODELO:ANDADOR C BRINQUEDO NA BANDEJA;4079337307416|4079337313325;Incluido;29/04/2024
150606/1942;Ativo;;03/04/2023;;;PLANETA - IMPORTACAO E DISTRIBUICAO DE BRINQUEDOS LTDA;13434272000141;1138951572;AV VASCO MASSAFELI;1000;G1A M1-21;06703600;JARDIM MARIA TEREZA;COTIA;SP;admin@planetadobebe.com.br;HEBEI WANXIN CHILDREN TOYS CO.,LTD.;Andadores Infantis;Portaria Inmetro nº 129 de 19/03/2021;;IN1765923;Modelo 5;;S;China, República Popular;MAXI BABY;ANDADOR LA BAMBA - NW-01 - AZUL #21537/ROSA #21538/VERMELHO #75268;MAT: PP E PAR. ABS, AÇO DE ALT. CARB.-RODA ELAST. TERM.,PVC/DIM:580X680X550(LXCXH)/SIS_TRAV:LIBE.EMDUAS AÇÕES CONS./SIS_MONT E FER:MAN.(S/FER.)/ACES:BAND C BRINQ./CARAC.DO MOD:ANDADOR C BRI.(BAD. MUS.;7898975752689|7899403215370|7899403215387;Excluido;18/03/2026
142752/1971;Inativo;;19/06/2023;;;VANMAX COMERCIO LTDA;84114198000124;9231337050;RUA CEL SERGIO PESSOA;91;;69005030;CENTRO;MANAUS;AM;GERENTEDEVENDAS@VANMAX.COM.BR;PINGHU SHI XIAOTIANDI CHILDREN´S PRODUCTS FACTORY;Andadores Infantis;Portaria Inmetro nº 129 de 19/03/2021;;IN1811123;;;S;China, República Popular;BRINKMAX;997A/ NOME COMERCIAL: ANDAJÁ/VERSÕES: AZUL - 582597/ROSA - 582596/VERMELHO - 582598/VERMELHO/BRANCO - 582599 - MAT.: FERRO,POLIPROPILENO E POLIÉSTER/DIM.:67X57X54CM;SIST.DE TRAVA.:LIBERAÇÃO EM DUAS AÇÕES CONSECUTIVAS/SIST.DE MONT.E FERR.MAN.(SEM FERRAMENTA)/ACESSÓRIOS: BRINQUEDO/CARACTERISTICAS DO MODELO: ANDADOR INFANTIL COM BRINQUEDO ACOPLADO;7890785825966|7890785825973|7890785825980|7890785825997;Incluido;19/06/2023
059297/2022;Inativo;;12/01/2023;;;COMPANHIA DOREL BRASIL PRODUTOS INFANTIS;10659948000883;2135547024;Av. Nilo Peçanha;1516 ;Galpão 3 ;28030035;Pq dos Rodoviários;Campos dos Goytacaze;RJ;standard@dorel.com.br;Jin Sun Gee Plastics Co., Ltd;Andadores Infantis;Portaria Inmetro nº 129 de 19/03/2021;;IN1701622-3;;;S;Formosa (Taiwan);Safety 1st;HE001. Nome comercial: Spacewalker 3 em 1. Versões: Grey, Orange.;PP,Ferro,Aço,ABS,PVC,POM,TPR,MB475,Pol,65.5x50x71.5cm.Trav:Lib.2ações cons.,Mont:Manual.Aces.Brinq.;7908238803932|7908238803949;Incluido;12/01/2023
924372/2023;Ativo;;02/09/2026;;;BAGATOLI COMERCIO DE REFRIGERACAO LTDA;00897750000108;47984556257;BR-470;8105;;89058020;FORTALEZA ALTA;BLUMENAU;SC;digitalpriceconsultoria@gmail.com;PINGHU XIAOTIANDI CHILDREN?S PRODUCTS FACTORY;Andadores Infantis;Portaria Inmetro nº 129 de 19/03/2021;;IN3155526;Modelo 5;;S;China, República Popular;BAGATOLI KIDS;MOD: ANDADOR INFANTIL PULSE/ N.COM: PULSE/ V.: ROSA, AZUL, CINZA;MAT.:PP,POLIÉSTER,AÇO/DIM.:51X61X69CM/SIST.TRAV.:LIB.2 AÇÕES CONSEC./SIST.MONT.FERR.:REBITES,PARAF.E ENCAIXE PEÇAS PLÁST./ACESS.:BRINQ.NA BANDEJA/CARACT.MOD.:ANDADOR C/BRINQ.;7901030400859|7901030400866|7901030400873;Incluido;02/09/2026
436756/1997;Ativo;;05/08/2021;;;GALZERANO INDUSTRIA DE CARRINHOS E BERCOS LTDA;43594977000197;19999947357;Via Prefeito Jurandyr Paixão;700;;13481149;Jd. Campo Belo;Limeira;SP;luisfernando.camargo@galzerano.com.br;GALZERANO INDUSTRIA DE CARRINHOS E BERCOS LTDA;Andadores Infantis;Portaria Inmetro nº 129 de 19/03/2021;;CE-AND/IQB 000006 54618/21-001;;;N;Brasil;GALZERANO;Ref.: 4050-Andador Torino. Versões: 4050RO (Rosa), 4050TER (Terracota);Mat Tec poliest TNT Espum PP PA6 Master Tint Tub aço Item fix/aviam CxLxA(cm) 71x62,5x51,5 Trav Trilh plást c/ botão destrav e reg alt Acess Band brinq não remov retrov Carac Tec Pçs plást Tint Ferrag;7908200102247|7908200102254;Excluido;11/05/2022
680564/2010;Ativo;;07/03/2024;;;COMPANHIA DOREL BRASIL PRODUTOS INFANTIS;10659948000107;2135547024;Av. Nilo Peçanha;1516;1582;28030035;Pq dos Rodoviários;Campos dos Goytacaze;RJ;standard@dorel.com.br;COMPANHIA DOREL BRASIL PRODUTOS INFANTIS;Andadores Infantis;Portaria Inmetro nº 129 de 19/03/2021;;IN2040823;Modelo 5;;N;Brasil;INFANTI/ COSCO;APPIA/ ZIGGY - HE022 - N/A - AZUL / ROSA / AZUL / ROSA;MAT:PP,PES,PTA,EG,POLIPROPILENO E POLIETILENO/DIM:56,5 X 68 X 60,5 CM/SIST D TRAVAMENTO:LIB EM DUAS AÇÕES CONSEC/SIST DE MNTGM E FERRG:MAN (SEM FER)/ACESS:BAND D BRINQ./CARACT D MODELO:ANDADOR C BRINQ;7908238809774|7908238809781|7908238815812|7908238815829;Incluido;10/04/2026
730760/2023;Ativo;;03/04/2023;;;PLANETA - IMPORTACAO E DISTRIBUICAO DE BRINQUEDOS LTDA;13434272000141;1138951572;AV VASCO MASSAFELI;1000;G1A M1-21;06703600;JARDIM MARIA TEREZA;COTIA;SP;admin@planetadobebe.com.br;HEBEI WANXIN CHILDREN TOYS CO.,LTD.;Andadores Infantis;Portaria Inmetro nº 129 de 19/03/2021;;IN1765923;Modelo 5;;S;China, República Popular;MAXI BABY;ANDADOR LA BAMBA - NW-01 - AZUL #21537/ROSA #21538/VERMELHO #75268;MAT: PP E PAR. ABS, AÇO DE ALT. CARB.-RODA ELAST. TERM.,PVC/DIM:580X680X550(LXCXH)/SIS_TRAV:LIBE.EMDUAS AÇÕES CONS./SIS_MONT E FER:MAN.(S/FER.)/ACES:BAND C BRINQ./CARAC.DO MOD:ANDADOR C BRI.(BAD. MUS.;7898975752689|7899403215370|7899403215387;Excluido;18/03/2026
024775/1950;Inativo;;30/09/2019;;;Tutti Baby Indústria e Comércio de Artigos Infantis Ltda;06981862000129;4733794000;Rod. Guilherme Jensen;s/n;Galpão 01;89108000;Distrito Industrial;Massaranduba;SC;qualidade@tuttibaby.com.br;;Andadores Infantis;Portaria Inmetro nº 42 de 19/01/2018;;CE-AND/IQB 000005 53137/19-001;;;N; ;Tutti Baby;Andador 02003;Material: Estrut. metálica de aço tub, plást. de engenharia, algodão. Dim: 52cmx60cmx70,5cm, sist.de trav: com duas ações consecutivas para liber, sist. de mont.ferrag: rebites e parafusos, aces: brin;17898431495966|17898431495980|17898431496000|17898431496024|17898431500660|17898431500677|17898431500684|7898431495952|7898431495969|7898431495976|7898431495983|7898431495990|7898431496006|7898431496010|7898431496027|7898431500601|7898431500618|7898431500625|7898431500632|7898431500649|7898431500656;Incluido;30/09/2019
318779/1976;Inativo;;07/10/2019;;;Galzerano Indústria de Carrinhos e Berços Ltda;43594977000197;1934043030;Via Prefeito Jurandyr Paixão;700;;13481149;Jd. Campo Belo;Limeira;SP;luisfernando.camargo@galzerano.com.br;GUANGDONG ZHIHUI CHILDREN?S PRODUCTS CO.,LTD;Andadores Infantis;Portaria Inmetro nº 42 de 19/01/2018;;CE-AND/IQB 000006 53503/20-001;;;S;China, República Popular;GALZERANO;Andador de bebê Magic - Versão: Cinza (CZ), Preto (PT);Mat Tec poli Espum Resin plást Tint Ferrag 70Cx65Lx54A cm Travam trilho plást com botão de destrav e regul alt Mont/frenag manual Andador com pçs girat e cores diversas Acess Bandej Brinq não removív.;7898089221590|7898089222283;Incluido;07/10/2019
612783/2002;Inativo;;24/09/2019;;;Galzerano Indústria de Carrinhos e Berços Ltda;43594977000197;1934043030;Via Prefeito Jurandyr Paixão;700;;13481149;Jd. Campo Belo;Limeira;SP;luisfernando.camargo@galzerano.com.br;SHEN ZHEN WEI MEI CHILDCARE PRODUCT LIMITED COMPANY;Andadores Infantis;Portaria Inmetro nº 42 de 19/01/2018;;CE-AND/IQB 000006 53504/20-001;;;S;China, República Popular;GALZERANO;Andador de bebê 4 em 1 Funny - Versões: Color (CR), Verde Água (VDA);Mat Tec poli Espum Resin plást Itens fix Dimens 75Cx71Lx55A(cm) Sist trav Dobradiç plást c/ botã acion Sist mont frenag Encaix manua Mod Andador c/ módul sonor Pçs girat Cores divers Acess Brinq remov;7898089221477|7898089221996;Incluido;24/09/2019
738614/1994;Ativo;;07/03/2024;;;COMPANHIA DOREL BRASIL PRODUTOS INFANTIS;10659948000107;2135547024;Av. Nilo Peçanha;1516;1582;28030035;Pq dos Rodoviários;Campos dos Goytacaze;RJ;standard@dorel.com.br;COMPANHIA DOREL BRASIL PRODUTOS INFANTIS;Andadores Infantis;Portaria Inmetro nº 129 de 19/03/2021;;IN2040823;Modelo 5;;N;Brasil;INFANTI/ COSCO;APPIA/ ZIGGY - HE022 - N/A - AZUL / ROSA / AZUL / ROSA;MAT:PP,PES,PTA,EG,POLIPROPILENO E POLIETILENO/DIM:56,5 X 68 X 60,5 CM/SIST D TRAVAMENTO:LIB EM DUAS AÇÕES CONSEC/SIST DE MNTGM E FERRG:MAN (SEM FER)/ACESS:BAND D BRINQ./CARACT D MODELO:ANDADOR C BRINQ;7908238809774|7908238809781|7908238815812|7908238815829;Incluido;10/04/2026
763092/1983;Ativo;;07/03/2024;;;COMPANHIA DOREL BRASIL PRODUTOS INFANTIS;10659948000107;2135547024;Av. Nilo Peçanha;1516;1582;28030035;Pq dos Rodoviários;Campos dos Goytacaze;RJ;standard@dorel.com.br;COMPANHIA DOREL BRASIL PRODUTOS INFANTIS;Andadores Infantis;Portaria Inmetro nº 129 de 19/03/2021;;IN2040823;Modelo 5;;N;Brasil;Infanti;APPIA - HE022 - AZUL/ROSA - MAT.:PP, POLIÉSTER,PTA, EG, POLIPROPILENO E POLIETILENO.DIMENSÕES:56,5X68X60,5CM/;SIST. DE TRAVAMENTO: LIBERAÇÃO EM 2 AÇÕES CONSECUTIVAS/SIST. DE MONTAGEM E FERRAGEM: MANUAL (S/ FERRAMENTAS)/ACES.: BANDEJA DE BRINQUEDOS/ANDADOR COM BRINQUEDO;7908238809774|7908238809781;Excluido;10/04/2026
906798/1928;Ativo;;09/12/2019;;;TAPUZIM COMERCIAL LTDA;00513418000100;1138569063;Av. Monte Celeste;230;250;02561000;Vila S. Maria;São Paulo;SP;ehs0770@hotmail.com;SHEN ZHEN WEI MEI CHILDCARE PRODUCT LIMITED COMPANY;Andadores Infantis;Portaria Inmetro nº 129 de 19/03/2021;;IN2062423;Modelo 5;;S;China, República Popular;Baby Style;MODELO: ANIMAIS VERSÕES: Andador cachorro vermelho - Ref. 33721 Andador cachorro azul - Ref. 33722 Andador abelha rosa - Ref. 33723 Andador abelha azul - Ref. 33724 Andador pianinho rosa Ref: 33725 Andador pianinho azul Ref: 33726;Material: Plástico, metal e tecido, Dimensões: 50 x 70 x 60 cm, Sistema de Travamento: Stoper, Sistema deMontagem e Ferragem: Tesoura, Acessórios: Bandeja musical;4079337218996|4079337228995|4079337238994|4079337248993|4079337251993|4079337261992;Excluido;29/01/2024
532780/2000;Ativo;;09/12/2019;;;TAPUZIM COMERCIAL LTDA;00513418000100;1138569063;Av. Monte Celeste;230;250;02561000;Vila S. Maria;São Paulo;SP;ehs0770@hotmail.com;SHEN ZHEN WEI MEI CHILDCARE PRODUCT LIMITED COMPANY;Andadores Infantis;Portaria Inmetro nº 129 de 19/03/2021;;IN2062423;Modelo 5;;S;China, República Popular;Baby Style;ANDADOR PIANINHO ROSA - 33725 / ANDADOR PIANINHO AZUL - 33726;ANDADOR PIANINHO RS E AZ, MATERIAL:PLÁSTICO/62 X 53 X 78 CM/LIBERAÇÃO EM DUAS AÇÕES CONSECUTIVAS/MANUAL (SEM FERRAMENTAS)/BRINQUEDO;4079337251993|4079337261992;Incluido;29/01/2024
200802/1955;Ativo;;06/03/2023;;;BURIGOTTO S A INDUSTRIA E COMERCIO;51460277000138;1934464813;Rua Martino Dragone;280;;13480308;Jardim Santa Barbara;Liemira;SP;alison.smanioto@burigotto.com;JIN SUN GEE PLASTICS CO., LTD;Andadores Infantis;Portaria Inmetro nº 129 de 19/03/2021;;CE-AND/IQB 000004 55573/23-001;Modelo 5;;S;Formosa (Taiwan);BURIGOTTO;ANDADOR OLÉ CL (REF.COM.  IXAN5143CL);PP, AÇO, TECIDO / 590 X 690 X 550 MM / TRILHO PLÁSTICO COM BOTÃO DE TRAVA/DESTRAVA E REGULAGEM DE ALTURA / REBITES, PARAFUSOS E ENCAIXE DE PEÇAS PLÁSTICAS / BANDEJA COM 2 BRINQUEDOS DE PP E NYLON;7896502944248;Excluido;29/04/2026
772823/2007;Inativo;;14/08/2019;;;Companhia Dorel Brasil Produtos Infantis;10659948000107;2135633602;Av. Nilo Peçanha;1516 /1582;Térreo;28030035;Pq dos Rodoviários;Campos dos Goytacaze;RJ;mariana.magalhaes@dorel.com.br;JIN SUN GEE PLASTIC CO.,LTD;Andadores Infantis;Portaria Inmetro nº 42 de 19/01/2018;;OCAN-AND.145/19-1;;;S;Formosa (Taiwan);Voyage;BG-1518;Nome Fantasia: Baby Step. Cores: Rosa e Azul. Material: Ferro, Plástico e Polipropileno. 60x49x68cm. Sistema Travamento e Montagem:Manual. Acessórios: Bandeja.;7908238801280|7908238801297;Incluido;14/08/2019
501096/1958;Inativo;;07/10/2019;;;Galzerano Indústria de Carrinhos e Berços Ltda;43594977000197;1934043030;Via Prefeito Jurandyr Paixão;700;;13481149;Jd. Campo Belo;Limeira;SP;luisfernando.camargo@galzerano.com.br;GUANGDONG ZHIHUI CHILDREN?S PRODUCTS CO.,LTD;Andadores Infantis;Portaria Inmetro nº 42 de 19/01/2018;;CE-AND/IQB 000006 53503/20-001;;;S;China, República Popular;GALZERANO;Andador de bebê Magic - Versão: Cinza (CZ), Preto (PT);Mat Tec poli Espum Resin plást Tint Ferrag 70Cx65Lx54A cm Travam trilho plást com botão de destrav e regul alt Mont/frenag manual Andador com pçs girat e cores diversas Acess Bandej Brinq não removív.;7898089221590|7898089222283;Incluido;07/10/2019
494806/1981;Ativo;;07/08/2024;;;AMAZONAS IMPORTADOS LTDA;07269201000138;9691131654;Rua Independência;175;;68900090;Central;Macapa;AP;adriana.abreu@amazonasimportados.com.br;YIWU BALBIAN ELECTRONIC TECHNOLOGICAL CO., LTD;Andadores Infantis;Portaria Inmetro nº 129 de 19/03/2021;;IN2086424-3;;;S;China, República Popular;LÉ PETIT;MODE,BABY WALKER/REF:LP-9824/ CONT: ANDADOR COM BRINQUEDO ACOPLADO:/VERSÕES:AZUL,VERDE,ROSA.;MATL:PP E POLIÉSTER/DIM:66X54X52CM/SIST DE TRAV:LIBERAÇÃO EM DUAS AÇÕES CONSECUTIVAS/SIST DE MONT E FERR :MANUAL (SEM FERRAMENTA)/ACESSÓRIOS:N/A.CARACT DO MODELO:;7453116003640;Incluido;07/08/2024
