NumeroRegistro;Status;Restricao;DataConcessao;DataValidade;DataCancelamento;RazaoSocial;CnpjCpf;Telefone;Logradouro;Numero;Complemento;Cep;Bairro;Municipio;Uf;Email;Fabricante;Pac;PortariaInmetro;Familia;Certificado;ModeloCertificado;QuantidadeItens;ProdutoImportado;PaisOrigem;ItemMarca;ItemModelo;ItemDescricao;ItemCodigodeBarra;ItemStatus;ItemDataAlteracao
877168/1994;Ativo;;22/11/2023;;;JASSUMAL LTDA;04214425000154;62811924131;AV SETE SETEMBRO;852;;69005140;CENTRO;MANAUS;AM;dgjohnny@gmail.com;PINGHU SHI XIAOTIANDI CHILDREN?S PRODUCTS FACTORY;Andadores Infantis;Portaria Inmetro nº 129 de 19/03/2021;;IN1984323;;;S;China, República Popular;BABY SPORTS;ANDADOR JASSUMAL /REF: BS103 /VERSÕES:Azul Claro e Escuro - BS103A/Rosa Claro e Escuro - BS103R/Roxo e Rosa Escuro - BS103RR;MATERIAL:PP, FERRO E POLIÉSTER|DIMENSÕES:63 X 57 X 53 CM|SISTEMA DE TRAVAMENTO:LIBERAÇÃO EM DUAS AÇÕES CONSECUTIVAS|SISTEMA DE MONTAGEM E FERRAGEM:MANUAL (SEM FERRAMENTA)|ACESSÓRIOS:N/A|CARACTERISTICA;6901041000155;Incluido;22/11/2023
322664/1935;Ativo;;05/08/2021;;;GALZERANO INDUSTRIA DE CARRINHOS E BERCOS LTDA;43594977000197;19999947357;Via Prefeito Jurandyr Paixão;700;;13481149;Jd. Campo Belo;Limeira;SP;luisfernando.camargo@galzerano.com.br;GALZERANO INDUSTRIA DE CARRINHOS E BERCOS LTDA;Andadores Infantis;Portaria Inmetro nº 129 de 19/03/2021;;CE-AND/IQB 000006 54618/21-001;;;N;Brasil;GALZERANO;Ref.: 4050-Andador Torino. Versões: 4050RO (Rosa), 4050TER (Terracota);Mat Tec poliest TNT Espum PP PA6 Master Tint Tub aço Item fix/aviam CxLxA(cm) 71x62,5x51,5 Trav Trilh plást c/ botão destrav e reg alt Acess Band brinq não remov retrov Carac Tec Pçs plást Tint Ferrag;7908200102247|7908200102254;Excluido;11/05/2022
886831/2016;Cancelado;;24/08/2020;;14/07/2025;Dardara Comercio Importacao e Exportacao Ltda.;07774907000157;1147447248;R VALENTIM MAGALHAES;95;***;03184090;ALTO DA MOOCA;SÃO PAULO;SP;dardara@yescert.com.br;FOSHAN BAOLIMEI CHILD?S VEHICLE CO.LTD;Andadores Infantis;Portaria Inmetro nº 42 de 19/01/2018;;OCAN-AND.134/20-5;;;S;China, República Popular;DARDARA;ANDADOR CARRO (FD-2407);Material: Moldes e peças em plástico P.P.(polipropileno) Adesivos (papel colante) Painel - parte interna: sistema eletrônico (placa, fio colorido, alto falante). Estrutura em metal, Dimensões: 74 x 63;;Incluido;24/08/2020
616668/1961;Inativo;;23/05/2025;;;MD COMERCIO DE FERRAGENS LTDA;55274701000100;92981285408;AVENIDA JOAQUIM NABUCO;1094;A;69020030;Centro;Manaus;AM;mdcomerciodeferragensltda@gmail.com;Xingtai Pandelo Technology Co.,Ltd;Andadores Infantis;Portaria Inmetro nº 129 de 19/03/2021;;IN2611025;Modelo 5;;S;China, República Popular;ULTRA BABY;REF: UBW-801H - ANDADOR INFANTIL MUSICAL PARA BEBÊ - BABY PINK / BARBIE PINK, RED / WHITE, ROYAL BLUE / ORANGE / WHITE, GREEN / WHITE;MAT:PP,FERRO E POLIÉSTER/DIM:68X59X52CM/SIS_TRAV:LIBERAÇÃO EM 2 AÇÕES CONSECUTIVAS/SIS_MONTAGEM_E_FERRAGEM:MANUAL(SEM FERRAMENTA)/ACESSÓRIOS: N/A/CARACTERISTICAS_MODELO:ANDADOR COM BRINQUEDO ACOPLADO;7890012361007|7890012361113|7890012368082|7890012369096;Incluido;23/05/2025
764946/1935;Inativo;;12/12/2022;;;COMPANHIA DOREL BRASIL PRODUTOS INFANTIS;10659948000883;2135547024;Av. Nilo Peçanha;1516 ;Galpão 3 ;28030035;Pq dos Rodoviários;Campos dos Goytacaze;RJ;standard@dorel.com.br;Dongguan Xinyeda Hardware Plastic Products Co., Ltd;Andadores Infantis;Portaria Inmetro nº 129 de 19/03/2021;;IN1715922;;;S;China, República Popular;Safety 1st;11389.  Melody Garden;ABS,PP.PVC.Pol.Esp, 64x55x66cm,Trav.Lib.2açoes cons, Mon.Manual. Aces: Brinquedos.;9312541727119;Incluido;12/12/2022
886831/2016;Inativo;;11/11/2022;;;COMPANHIA DOREL BRASIL PRODUTOS INFANTIS;10659948000883;2135547024;Av. Nilo Peçanha;1516 /1582;Galpão 3 ;28030035;Pq dos Rodoviários;Campos dos Goytacaze;RJ;standard@dorel.com.br;Jin Sun Gee Plastics Co., Ltd;Andadores Infantis;Portaria Inmetro nº 129 de 19/03/2021;;IN1701622-1;;;S;Formosa (Taiwan);Cosco;BG-2023. Nome comercial: Goal Walker 4 em 1. Versões: Rosa e Azul.;Ferro, PP, PU e Pol, 74x44x66,5cm.Trav.real.único acion.,Mont: Manual(c/chave phil,n/inclusa). Aces: Brinq.;7898509478375|7898509478665;Incluido;11/11/2022
930628/1999;Ativo;;01/12/2021;;;FAST TRADING IMPORTACAO, EXPORTACAO E COMERCIO DE BEBIDAS EIRELI;34076058000130;8130191960;AV. GOVERNADOR AGAMENON MAGALHÃES,  EDF. EMPRESSARIAL RENATO DIAS - ANDAR 15º, SALA 1502 ;4318;SALA 1502;52010075;PAISSANDU; RECIFE;PE;ricardo.ferreira@fasttradingimport.com.br;China Zhejiang Techincal Co. Ltd;Andadores Infantis;Portaria Inmetro nº 42 de 19/01/2018;;OCAN-AND.514/21-1;;;S;China, República Popular;Fast;602;Material:	PP, Ferro e Poliester/ Dimensões:	63 x 57 x 53 cm/ Sistema de Travamento: Travamento automático com liberação em duas ações consecutivas/ Sistema de Montagem e Ferragem: Manual	/Acessórios: ;;Incluido;01/12/2021
963393/1971;Inativo;;12/12/2022;;;COMPANHIA DOREL BRASIL PRODUTOS INFANTIS;10659948000883;2135547024;Av. Nilo Peçanha;1516 ;Galpão 3 ;28030035;Pq dos Rodoviários;Campos dos Goytacaze;RJ;standard@dorel.com.br;Dongguan Xinyeda Hardware Plastic Products Co., Ltd;Andadores Infantis;Portaria Inmetro nº 129 de 19/03/2021;;IN1715922;;;S;China, República Popular;Safety 1st;11389.  Melody Garden;ABS,PP.PVC.Pol.Esp, 64x55x66cm,Trav.Lib.2açoes cons, Mon.Manual. Aces: Brinquedos.;9312541727119;Incluido;12/12/2022
910672/1987;Inativo;;02/04/2020;;;Galzerano Indústria de Carrinhos e Berços Ltda;43594977000197;1934043030;Via Prefeito Jurandyr Paixão;700;;13481149;Jd. Campo Belo;Limeira;SP;luisfernando.camargo@galzerano.com.br;FOSHAN SHUNDE QIJUN TOYS CO., LTD;Andadores Infantis;Portaria Inmetro nº 42 de 19/01/2018;;CE-AND/IQB 000006 53487/19-001;;;S;China, República Popular;GALZERANO;Ref.: 4090 - Liam. Versões: 4090CZ (Cinza), 4090PT (Preto);Mat: Tec poli Espum Resin plást Tinta Ferragens. Dim: 70x65x54(cm). Sist Trav: Trilho plást c/ botão destrav e reg de altura. Sist mont/ferragem: Manual. Acess: Bandej brinq não removív e retrovisores;7908200101431|7908200101448;Incluido;02/04/2020
821353/2023;Ativo;;09/12/2019;;;TAPUZIM COMERCIAL LTDA;00513418000100;1138569063;Av. Monte Celeste;230;250;02561000;Vila S. Maria;São Paulo;SP;ehs0770@hotmail.com;SHEN ZHEN WEI MEI CHILDCARE PRODUCT LIMITED COMPANY;Andadores Infantis;Portaria Inmetro nº 129 de 19/03/2021;;IN2062423;Modelo 5;;S;China, República Popular;Baby Style;ANDADOR PIANINHO ROSA - 33725 / ANDADOR PIANINHO AZUL - 33726;ANDADOR PIANINHO RS E AZ, MATERIAL:PLÁSTICO/62 X 53 X 78 CM/LIBERAÇÃO EM DUAS AÇÕES CONSECUTIVAS/MANUAL (SEM FERRAMENTAS)/BRINQUEDO;4079337251993|4079337261992;Incluido;29/01/2024
204676/2014;Ativo;;03/04/2023;;;PLANETA - IMPORTACAO E DISTRIBUICAO DE BRINQUEDOS LTDA;13434272000141;1138951572;AV VASCO MASSAFELI;1000;G1A M1-21;06703600;JARDIM MARIA TEREZA;COTIA;SP;admin@planetadobebe.com.br;HEBEI WANXIN CHILDREN TOYS CO.,LTD.;Andadores Infantis;Portaria Inmetro nº 129 de 19/03/2021;;IN1765923;Modelo 5;;S;China, República Popular;MAXI BABY;NW-01 - ANDADOR LA BAMBA  / (...) COM BRINQUEDOS/CAR MOD:AND COM BRINQUEDO(BANDEJA MUSICAL);MAT:PP E PARTES EM ABS, AÇO DE ALTO CARB RODA ELASTÔMERO TERMOPLÁSTICO, PVC/DIM:580X680X550(LXCXH)/SIS TRA:LIBERAÇÃO EM DUAS AÇÕES CONSECUTIVAS SIS DE MON E FER:MANUAL(S/ FERRAMENTA)/ACE:BANDEJA (...);7899403215370|7899403215387;Excluido;28/02/2025
464192/1969;Ativo;;09/12/2019;;;TAPUZIM COMERCIAL LTDA;00513418000100;1138569063;Av. Monte Celeste;230;250;02561000;Vila S. Maria;São Paulo;SP;ehs0770@hotmail.com;SHEN ZHEN WEI MEI CHILDCARE PRODUCT LIMITED COMPANY;Andadores Infantis;Portaria Inmetro nº 129 de 19/03/2021;;IN2062423;Modelo 5;;S;China, República Popular;baby style;ANDADOR ANIMAIS;ANIMAISVERSÕES: Andador cachorro vermelho - Ref. 33721 Andador cachorro azul - Ref. 33722 Andador abelha rosa - Ref. 33723 Andador abelha azul - Ref. 33724 . Material: Plástico, metal e tecido. Dimen;4079337218996|4079337228995|4079337238994|4079337248993;Excluido;21/12/2020
498691/1940;Ativo;;05/08/2021;;;GALZERANO INDUSTRIA DE CARRINHOS E BERCOS LTDA;43594977000197;19999947357;Via Prefeito Jurandyr Paixão;700;;13481149;Jd. Campo Belo;Limeira;SP;luisfernando.camargo@galzerano.com.br;GALZERANO INDUSTRIA DE CARRINHOS E BERCOS LTDA;Andadores Infantis;Portaria Inmetro nº 129 de 19/03/2021;;CE-AND/IQB 000006 54618/21-001;;;N;Brasil;GALZERANO;Ref.: 4050-Andador Torino. Versões: 4050RO (Rosa), 4050TER (Terracota), 4050EST (Estrela), 4050SPR (Spring) - Material: Tecido poliéster, TNT, Espuma, PP, PA6, Master, Tinta, Tubo de aço, Itens de fixação e aviamentos. Dimensões: CxLxA (cm) 71x62,5x51,5. Sistema de travamento: Trilho plástico com botão de destrave e regulagem de altura;Sistema de montagem/ferragem: Manual. Acessórios que venham com o produto: Bandeja de brinquedos não removível, Características do modelo: Tecidos, Peças plásticas, Tinta, Ferragens;7908200102247|7908200102254|7908200102520|7908200102537;Excluido;17/01/2024
319103/1935;Ativo;;07/02/2022;;;TUTTI BABY INDUSTRIA E COMERCIO DE ARTIGOS INFANTIS LTDA;06981862000129;4733794000;Rod. Guilherme Jensen, SC413, km13;0;;89108000;Distrito Industrial;Massaranduba;SC;certificacao@tuttibaby.com.br;TUTTI BABY INDUSTRIA E COMERCIO DE ARTIGOS INFANTIS LTDA;Andadores Infantis;Portaria Inmetro nº 129 de 19/03/2021;;IN2869325;Modelo 5;;N;Brasil;Tutti Baby;Andador: VERSÕES: Safari II (Azul/Rosa/Vermelho), Princesa Rosa Coroa, Acqua Explorador (Cinza/Roxo);ESTRUTURA METÁLICA , AÇO TUBULAR / 48 x 60,5 x 70CM / SISTEMA DE TRAVAMENTO COM DUAS AÇÕES CONSECUTIVAS PARA LIBERAÇÃO /SISTEMA DE MONTAGEM/FERRAGEM: PARAFUSOS E REBITES ACESSÓRIOS: BRINQUEDOS E ADESI;7898431501615|7898431501622|7898431501639|7898431501684|7898431501691|7898431501707;Excluido;15/03/2024
476761/2023;Ativo;;20/10/2022;;;STYLL ADMINISTRACAO, INVESTIMENTOS, LOCACOES & SERVICOS LIMITADA;22475905000231;11994300960;Rua Marcio Carlim;401;;13849226;Parque Industrial;Mogi Guaçu;SP;alexandre@styll.com.br;STYLL ADMINISTRACAO, INVESTIMENTOS, LOCACOES & SERVICOS LIMITADA;Andadores Infantis;Portaria Inmetro nº 129 de 19/03/2021;;IN1679022;Modelo 5;;N;Brasil;STYLL BABY;ANDADOR SOFT WAY / V:V:AZ.SON.(AND-98.001-05)/RO.SON.(AND-98.002-05)/LAR.SON.(AND-98.003-05)/GUARÁ AZ.(AND-50.022-01)/GUARÁ RO.(AND-50.022-02)/GUARÁ LAR.(AND-50.022-03)/VE.SON.(AND-99.009-68)/AZ.CLÁS.(AND-98.001-04)/RO.CLÁS.(AND-98.002-04))/...;MAT:AÇO,POLIPR. E POLIÉ./DIM:640X570X470MM/SIS.DE TRAV:CATRA.EM BAI.DA BAN.(LIBER. EM DU.AÇÕ.CONS.)/SIST.DE MON.E FERR.:MANUAL(COM CHA.PHI.NÃO INCL.)/ACES:BAND.COM BRIN./ CONT.VERSÔES;7898488590037|7898488590440|7898488590457|7898488590464|7898488590624|7898488599849|7898488599856|7898488599863|7898488599870|7898488599887|789848859994;Incluido;20/10/2022
337468/2002;Ativo;;07/08/2024;;;AMAZONAS IMPORTADOS LTDA;07269201000138;9691131654;Rua Independência;175;;68900090;Central;Macapa;AP;adriana.abreu@amazonasimportados.com.br;YIWU BALBIAN ELECTRONIC TECHNOLOGICAL CO., LTD;Andadores Infantis;Portaria Inmetro nº 129 de 19/03/2021;;IN2086424-3;;;S;China, República Popular;LÉ PETIT;MODE,BABY WALKER/REF:LP-9824/ CONT: ANDADOR COM BRINQUEDO ACOPLADO:/VERSÕES:AZUL,VERDE,ROSA.;MATL:PP E POLIÉSTER/DIM:66X54X52CM/SIST DE TRAV:LIBERAÇÃO EM DUAS AÇÕES CONSECUTIVAS/SIST DE MONT E FERR :MANUAL (SEM FERRAMENTA)/ACESSÓRIOS:N/A.CARACT DO MODELO:;7453116003640;Incluido;07/08/2024
183786/1976;Ativo;;30/08/2021;;;TA TE TI INDUSTRIA E COMERCIO DE BRINQUEDOS EDUCATIVOS LTDA;30261120000103;4732422225;RUA TIRADENTES;230;;89107000;CENTRO;POMERODE;SC;qualidade3@grupocalesita.com.br;TA TE TI INDUSTRIA E COMERCIO DE BRINQUEDOS EDUCATIVOS LTDA;Andadores Infantis;Portaria Inmetro nº 129 de 19/03/2021;;CE-AND/IQB 000010 55962/23-001;Modelo 5;;N;Brasil;Tateti;Ref.915 - Move Baby Rosa;PP, METAL, TECIDO POLIESTER. DIMENSAO: 70,20X59,83X49,12CM. SIST. TRAVAMENTO:FREIO DIANTEIRO E TRASEIRO. SIST DE MONTAGEM: MANUAL/PARAFUSOS PP. ACESSORIOS:BANDEJA DE BRINQUEDOS;7898664632247;Incluido;02/03/2026
792695/1966;Ativo;;01/08/2023;;;COMPANHIA DOREL BRASIL PRODUTOS INFANTIS;10659948000883;2135547024;Av. DR  Nilo Peçanha;1516;Galpão 3 ;28030035;Pq dos Rodoviários;Campos dos Goytacaze;RJ;standard@dorel.com.br;ZHONG SHAN SUN LUEN CHONG COMMODITY COMPANY LIMITED;Andadores Infantis;Portaria Inmetro nº 129 de 19/03/2021;;CE-AND/IQB 000011 55435/22-001;Modelo 5;;S;China, República Popular;TINY LOVE;4-in-1 Here I Grow Mobile Activity Center. Ref. 1806501211. ABS, Alumínio, Aço, Poliéster, PP. 70x57x44cm.Sist. de mont.:Manual (s/ ferragem).;Sist. de Trav.:2 disp. de travamento independentes, devem ser operados simultaneamente. Aces.: Brinq. acoplado.;7290108862973;Incluido;01/08/2023
086699/1993;Inativo;;11/01/2023;;;COMPANHIA DOREL BRASIL PRODUTOS INFANTIS;10659948000883;2135547024;Av. Nilo Peçanha;1516 ;Galpão 3 ;28030035;Pq dos Rodoviários;Campos dos Goytacaze;RJ;standard@dorel.com.br;Jin Sun Gee Plastics Co., Ltd;Andadores Infantis;Portaria Inmetro nº 129 de 19/03/2021;;IN1701622-4;;;S;Formosa (Taiwan);Voyage;BG1401. Nome comercial: Buggy. Versões: Azul, Rosa.;PP,PVC,Ferro,POM,PU,Pol, 42x58.5x65cm. Trav:Lib.2 ações cons,Mont:Manual, Aces. Brinq.;7898509475206|7898509475213;Incluido;11/01/2023
380703/2019;Inativo;;14/08/2019;;;Companhia Dorel Brasil Produtos Infantis;10659948000107;2135633602;Av. Nilo Peçanha;1516 /1582;Térreo;28030035;Pq dos Rodoviários;Campos dos Goytacaze;RJ;mariana.magalhaes@dorel.com.br;JIN SUN GEE PLASTIC CO.,LTD;Andadores Infantis;Portaria Inmetro nº 42 de 19/01/2018;;OCAN-AND.145/19-1;;;S;Formosa (Taiwan);Voyage;BG-1518;Nome Fantasia: Baby Step. Cores: Rosa e Azul. Material: Ferro, Plástico e Polipropileno. 60x49x68cm. Sistema Travamento e Montagem:Manual. Acessórios: Bandeja.;7908238801280|7908238801297;Incluido;14/08/2019
122363/1947;Inativo;;14/01/2021;;;GALZERANO INDUSTRIA DE CARRINHOS E BERCOS LTDA;43594977000197;1934043030;Via Prefeito Jurandyr Paixão;700;;13481149;Jd. Campo Belo;Limeira;SP;luisfernando.camargo@galzerano.com.br;WEIMEI MEI CHILDCARE PRODUCT (HUIZHOU) LTD., CO;Andadores Infantis;Portaria Inmetro nº 42 de 19/01/2018;;CE-AND/IQB 000006 54025/20-001;;;S;China, República Popular;GALZERANO;Ref.: 4030-Andador 4 em 1 Funny. Versões: 4030CR (Color), 4030VDA (Verde Água);Mat Tec polié Espuma Resina plást Itens fixação Dimens 75x71x55(cm) Sist travament dobradiça plást c/ botão acionament Sist montagem/ferragem encaixe manual Acessórios manuais brinquedos removíveis;7898089221477|7898089221996;Incluido;14/01/2021
674718/1945;Ativo;;16/09/2024;;;AMAZONAS IMPORTADOS LTDA;07269201000138;9691131654;Rua Independência;175;;68900090;Central;Macapa;AP;adriana.abreu@amazonasimportados.com.br;YIWU BALBIAN ELECTRONIC TECHNOLOGICAL CO., LTD;Andadores Infantis;Portaria Inmetro nº 129 de 19/03/2021;;IN2086424-1;;;S;China, República Popular;LÉ PETIT;MODE:BABY WALKER/REF:LP-9517/ CONT: ANDADOR COM BRINQUEDO ACOPLADO/VERSÕES:AZUL,ROSA,VERDE,;MAT:PP E POLIÉSTER/DIM:62X55,5X50CM/SIST DE TRAV:LIBERAÇÃO EM DUAS AÇÕES CONSECUTIVAS/SIST DE MONT E FERRAGEM:MANUAL (SEM FERRAMENTA)/ACESSÓRIOS:N/A.CARACTERISTICAS DO MODELO:;453068745717;Incluido;16/09/2024
968722/1971;Ativo;;01/07/2026;;;APS IMPORTACAO EXPORTACAO DISTRIBUICAO LTDA;44540981000135;11974642778;EST GERAL DE MEDEIROS;20;SALA 05;88390000;MEDEIROS;BARRA VELHA;SC;orquestra@yescert.com.br;Tengzhou Lebeir Baby Carriage Co., Ltd.;Andadores Infantis;Portaria Inmetro nº 129 de 19/03/2021;;IN3076626;Modelo 5;;S;China, República Popular;TOYS&TOYS;MOD:ANDADOR MUSICAL PARA BEBES/INFANTIL/CÓD DE REFERÊNCIA COMERCIAL: ANDADOR MUSICAL V:CINZA - 310552,MARROM - 310569,AZUL - 310576,ROSA 310583;Mat:PP/Dim:799x660x715mm/Sist de Travam: Dois dispositivos de travam independentes sendo operados simult/Sist de Mont e Ferr:Manual (sem ferram)/Acess:N/A/Caract do modelo:ANDADOR COM BRINQ.MUSICAL AC;7908888310552|7908888310569|7908888310576|7908888310583;Incluido;01/07/2026
262726/1998;Ativo;;07/03/2024;;;COMPANHIA DOREL BRASIL PRODUTOS INFANTIS;10659948000107;2135547024;Av. Nilo Peçanha;1516;1582;28030035;Pq dos Rodoviários;Campos dos Goytacaze;RJ;standard@dorel.com.br;COMPANHIA DOREL BRASIL PRODUTOS INFANTIS;Andadores Infantis;Portaria Inmetro nº 129 de 19/03/2021;;IN2040823;Modelo 5;;N;Brasil;INFANTI/ COSCO;APPIA/ ZIGGY - HE022 - N/A - AZUL / ROSA / AZUL / ROSA;MAT:PP,PES,PTA,EG,POLIPROPILENO E POLIETILENO/DIM:56,5 X 68 X 60,5 CM/SIST D TRAVAMENTO:LIB EM DUAS AÇÕES CONSEC/SIST DE MNTGM E FERRG:MAN (SEM FER)/ACESS:BAND D BRINQ./CARACT D MODELO:ANDADOR C BRINQ;7908238809774|7908238809781|7908238815812|7908238815829;Incluido;10/04/2026
556730/2024;Ativo;;14/08/2019;;;BAMBOO COMERCIO, IMPORTAÇÃO E EXPORTAÇÃO EIRELI-EPP;27115224000103;8132419265;Rua. Alegre;154;Galpão A;52120125;Arruda;Recife;PE;bamboo@yescert.com.br;ZHEJIANG KINTEX INTERNATIONAL TRADING CO., LTD;Andadores Infantis;Portaria Inmetro nº 129 de 19/03/2021;;IN1632922;;;S;China, República Popular;BAMBOO;NOME FANTASIA: ANDAJAR GUGU MODELO: MD-18 CORES: VERDE;PLÁSTICO, METAL E FIBRA TÊXTIL,520 x 560 x 620 mm,MANUAL,MANUAL,BANDEJA, VOLANTE DO PUXADOR.;7909312341029;Excluido;22/07/2022
293528/1965;Ativo;;05/08/2021;;;GALZERANO INDUSTRIA DE CARRINHOS E BERCOS LTDA;43594977000197;19999947357;Via Prefeito Jurandyr Paixão;700;;13481149;Jd. Campo Belo;Limeira;SP;luisfernando.camargo@galzerano.com.br;GALZERANO INDUSTRIA DE CARRINHOS E BERCOS LTDA;Andadores Infantis;Portaria Inmetro nº 129 de 19/03/2021;;CE-AND/IQB 000006 54618/21-001;;;N;Brasil;GALZERANO;Ref.: 4050-Andador Torino. Versões: 4050RO (Rosa), 4050TER (Terracota), 4050EST (Estrela), 4050SPR (Spring) - Material: Tecido poliéster, TNT, Espuma, PP, PA6, Master, Tinta, Tubo de aço, Itens de fixação e aviamentos. Dimensões: CxLxA (cm) 71x62,5x51,5. Sistema de travamento: Trilho plástico com botão de destrave e regulagem de altura;Sistema de montagem/ferragem: Manual. Acessórios que venham com o produto: Bandeja de brinquedos não removível, Características do modelo: Tecidos, Peças plásticas, Tinta, Ferragens;7908200102247|7908200102254|7908200102520|7908200102537;Excluido;17/01/2024
663940/1992;Inativo;;14/01/2021;;;GALZERANO INDUSTRIA DE CARRINHOS E BERCOS LTDA;43594977000197;1934043030;Via Prefeito Jurandyr Paixão;700;;13481149;Jd. Campo Belo;Limeira;SP;luisfernando.camargo@galzerano.com.br;WEIMEI MEI CHILDCARE PRODUCT (HUIZHOU) LTD., CO;Andadores Infantis;Portaria Inmetro nº 42 de 19/01/2018;;CE-AND/IQB 000006 54025/20-001;;;S;China, República Popular;GALZERANO;Ref.: 4030-Andador 4 em 1 Funny. Versões: 4030CR (Color), 4030VDA (Verde Água);Mat Tec polié Espuma Resina plást Itens fixação Dimens 75x71x55(cm) Sist travament dobradiça plást c/ botão acionament Sist montagem/ferragem encaixe manual Acessórios manuais brinquedos removíveis;7898089221477|7898089221996;Incluido;14/01/2021
547527/1965;Inativo;;14/01/2021;;;GALZERANO INDUSTRIA DE CARRINHOS E BERCOS LTDA;43594977000197;1934043030;Via Prefeito Jurandyr Paixão;700;;13481149;Jd. Campo Belo;Limeira;SP;luisfernando.camargo@galzerano.com.br;HUNGSENG HARDWARE PLASTIC (DG) CORP., LTD;Andadores Infantis;Portaria Inmetro nº 42 de 19/01/2018;;CE-AND/IQB 000006 54018/20-001;;;S;China, República Popular;GALZERANO;Ref.: 4015-Andador 3 em 1 Fênix. Versões: 4015CR (Color);Mat Tec polié Espum Resin plást Itens fixação Dimens 103x103x72(cm) Sist travamento suporte plástico c/ encaixe Sist montagem/ferragem encaixes manuais Acessório: Bandeja de brinquedos não removíveis;7908200101936;Incluido;14/01/2021
375732/1979;Ativo;;29/01/2025;;;HCM INDUSTRIA E IMPORTACAO LTDA;12538691000160;3798753533;RUA SERGIPE ;1963;;35591096;SANTA ALEXANDRINA;LAGOA DA PRATA;MG;compras@hcmmalta.com.br;HCM INDUSTRIA E IMPORTACAO LTDA;Andadores Infantis;Portaria Inmetro nº 129 de 19/03/2021;;IN2431224-1;;;N;Brasil;JUMBO BABY;ANDADOR MUSICAL SUPERLUXO JUMBO BABY/Acessórios:Assento,Empurrador,Painel Musical/Caracteristicas do modelo:Andador com brinquedo na bandeja/Versões:AZUL,ROSA,VERMELHO,LARANJA;Mat:POLIPROPILENO (PP)/ACO CARBONO(FERRAGENS)/TECIDO(POLIÉSTER)/Dim:69,5X58,5X14,5/Sist de Trav:Liberação em duas ações consecutivas/Sist de Mont e Fer:Manual(sem ferramenta);7898947715025|7898947715032|7898947715049|7898947715056;Incluido;29/01/2025
867829/1931;Cancelado;;28/02/2020;;14/07/2025;COMÉRCIO E IMPORTAÇÃO DENISE LTDA;29963642000178;2125843843;RUA DO MILHO;72;A;21011090;PENHA CIRCULAR;RIO DE JANEIRO;RJ;comerciomybaby@hotmail.com;PING HU BEST CHILDREN'S CARRIER CO.LTD;Andadores Infantis;Portaria Inmetro nº 42 de 19/01/2018;;OCAN-AND.329/20-1;;;S;China, República Popular;MY BABY;A-1;VERSÕES: ROSA, AZUL, AZUL COM VERDE, AZUL COM VERMELHO, ROSA COM LILÁS, ROSA COM ROSA ESCURO;;Incluido;28/02/2020
556730/2024;Inativo;;02/04/2020;;;Galzerano Indústria de Carrinhos e Berços Ltda;43594977000197;1934043030;Via Prefeito Jurandyr Paixão;700;;13481149;Jd. Campo Belo;Limeira;SP;luisfernando.camargo@galzerano.com.br;FOSHAN SHUNDE QIJUN TOYS CO., LTD;Andadores Infantis;Portaria Inmetro nº 42 de 19/01/2018;;CE-AND/IQB 000006 53487/19-001;;;S;China, República Popular;GALZERANO;Ref.: 4090 - Liam. Versões: 4090CZ (Cinza), 4090PT (Preto);Mat: Tec poli Espum Resin plást Tinta Ferragens. Dim: 70x65x54(cm). Sist Trav: Trilho plást c/ botão destrav e reg de altura. Sist mont/ferragem: Manual. Acess: Bandej brinq não removív e retrovisores;7908200101431|7908200101448;Incluido;02/04/2020
963393/1971;Inativo;;19/06/2023;;;VANMAX COMERCIO LTDA;84114198000124;9231337050;RUA CEL SERGIO PESSOA;91;;69005030;CENTRO;MANAUS;AM;GERENTEDEVENDAS@VANMAX.COM.BR;PINGHU SHI XIAOTIANDI CHILDREN´S PRODUCTS FACTORY;Andadores Infantis;Portaria Inmetro nº 129 de 19/03/2021;;IN1811123;;;S;China, República Popular;BRINKMAX;997A/ NOME COMERCIAL: ANDAJÁ/VERSÕES: AZUL - 582597/ROSA - 582596/VERMELHO - 582598/VERMELHO/BRANCO - 582599 - MAT.: FERRO,POLIPROPILENO E POLIÉSTER/DIM.:67X57X54CM;SIST.DE TRAVA.:LIBERAÇÃO EM DUAS AÇÕES CONSECUTIVAS/SIST.DE MONT.E FERR.MAN.(SEM FERRAMENTA)/ACESSÓRIOS: BRINQUEDO/CARACTERISTICAS DO MODELO: ANDADOR INFANTIL COM BRINQUEDO ACOPLADO;7890785825966|7890785825973|7890785825980|7890785825997;Incluido;19/06/2023
262726/1998;Ativo;;09/12/2019;;;TAPUZIM COMERCIAL LTDA;00513418000100;1138569063;Av. Monte Celeste;230;250;02561000;Vila S. Maria;São Paulo;SP;ehs0770@hotmail.com;SHEN ZHEN WEI MEI CHILDCARE PRODUCT LIMITED COMPANY;Andadores Infantis;Portaria Inmetro nº 129 de 19/03/2021;;IN2062423;Modelo 5;;S;China, República Popular;Baby Style;ANDADOR PIANINHO ROSA - 33725 / ANDADOR PIANINHO AZUL - 33726;ANDADOR PIANINHO RS E AZ, MATERIAL:PLÁSTICO/62 X 53 X 78 CM/LIBERAÇÃO EM DUAS AÇÕES CONSECUTIVAS/MANUAL (SEM FERRAMENTAS)/BRINQUEDO;4079337251993|4079337261992;Incluido;29/01/2024
706191/1931;Ativo;;01/12/2021;;;HEMNANI COMERCIO DE VARIEDADES LTDA.;05469291000185;1124143633;Rua Marcílio Dias;304;N/A;69005270;Centro;Manaus;AM;papush@uol.com.br;China Zhejiang Techincal Co. Ltd;Andadores Infantis;Portaria Inmetro nº 42 de 19/01/2018;;OCAN-AND.189/21-1;;;S;China, República Popular;SITA;AKH602;Material: PP, Ferro e Poliester - Dimensões: 655 mm X 560mm X 500 mm - Sistema de Travamento: Travamento automatico com liberação em duas ações consecutivas - Sistema de Montagem e Ferragem: MANUAL;;Incluido;01/12/2021
850745/1950;Ativo;;07/02/2022;;;TUTTI BABY INDUSTRIA E COMERCIO DE ARTIGOS INFANTIS LTDA;06981862000129;4733794000;Rod. Guilherme Jensen, SC413, km13;0;;89108000;Distrito Industrial;Massaranduba;SC;certificacao@tuttibaby.com.br;TUTTI BABY INDUSTRIA E COMERCIO DE ARTIGOS INFANTIS LTDA;Andadores Infantis;Portaria Inmetro nº 129 de 19/03/2021;;IN2869325;Modelo 5;;N;Brasil;Tutti Baby;Andador Safari Plus II (Azul / Rosa / Vermelho);ESTRUT. MET.AÇO.TUBULAR/48x60,5x70CM/SIST.DE TRAV. COM.DUAS.AÇÕES.CONSECUT.PARA.LIBER./PARAFUSOS.E. REBITES/BRINQUEDOS.E.ADESIVOS;7898431501615|7898431501622|7898431501639;Excluido;08/04/2022
195974/1969;Inativo;;14/08/2019;;;Companhia Dorel Brasil Produtos Infantis;10659948000107;2135633602;Av. Nilo Peçanha;1516 /1582;Térreo;28030035;Pq dos Rodoviários;Campos dos Goytacaze;RJ;mariana.magalhaes@dorel.com.br;JIN SUN GEE PLASTIC CO.,LTD;Andadores Infantis;Portaria Inmetro nº 42 de 19/01/2018;;OCAN-AND.145/19-4;;;S;Formosa (Taiwan);Voyage;BG1401;Nome Fantasia: Buggy. Cores: Rosa e Azul. Material: Ferro, plástico, PP e PU. 42 x 58.5 x 65 cm. Sistema de Travamento e Montagem: Manual. Acessórios: Bandeja;7898509475206|7898509475213;Incluido;14/08/2019
474315/1954;Ativo;;30/08/2021;;;TA TE TI INDUSTRIA E COMERCIO DE BRINQUEDOS EDUCATIVOS LTDA;30261120000103;4732422225;RUA TIRADENTES;230;;89107000;CENTRO;POMERODE;SC;qualidade3@grupocalesita.com.br;TA TE TI INDUSTRIA E COMERCIO DE BRINQUEDOS EDUCATIVOS LTDA;Andadores Infantis;Portaria Inmetro nº 129 de 19/03/2021;;CE-AND/IQB 000010 55962/23-001;Modelo 5;;N;Brasil;Tateti;Ref.915 - Move Baby Rosa;PP, METAL, TECIDO POLIESTER. DIMENSAO: 70,20X59,83X49,12CM. SIST. TRAVAMENTO:FREIO DIANTEIRO E TRASEIRO. SIST DE MONTAGEM: MANUAL/PARAFUSOS PP. ACESSORIOS:BANDEJA DE BRINQUEDOS;7898664632247;Incluido;02/03/2026
144749/1977;Ativo;;05/08/2021;;;GALZERANO INDUSTRIA DE CARRINHOS E BERCOS LTDA;43594977000197;19999947357;Via Prefeito Jurandyr Paixão;700;;13481149;Jd. Campo Belo;Limeira;SP;luisfernando.camargo@galzerano.com.br;GALZERANO INDUSTRIA DE CARRINHOS E BERCOS LTDA;Andadores Infantis;Portaria Inmetro nº 129 de 19/03/2021;;CE-AND/IQB 000006 54618/21-001;;;N;Brasil;GALZERANO;Ref.: 4050-Andador Torino. Versões: 4050EST (Estrela), 4050SPR (Spring);Tecido Pes, TNT, Espuma, PP, PA6, Master, Tinta, Tubo de aço. CxLxA(cm) 71x62,5x51,5 Travamento: Trilho plástico c/ botão de destrave e regulagem de altura. Montagem: Manual. Acess: Brinquedo acoplado;7908200102520|7908200102537;Incluido;17/01/2024
749426/1948;Ativo;;30/09/2019;;;BURIGOTTO SA INDUSTRIA E COMERCIO;51460277000138;1934042000;Rua Martino Dragone;280;;13480308;Jardim Santa Barbara;Limeira;SP;carlos.riva@burigotto.com;JIN SUN GEE PLASTICS. CO., LTD.;Andadores Infantis;Portaria Inmetro nº 42 de 19/01/2018;;CE-AND/IQB 000004 53005/19-001;;;S;Formosa (Taiwan);Burigotto;Andador Baby Coupe (ref. com. IXAN3034PK10-Rosa, IXAN3034AZ19-Azul, IXAN3034CL-CL);Andador Infantil, Mat.: Polipropileno, Nylon, Aço, Tecido e Espuma, Dim: 760X650X640mm, Sist. Trav. Automático, Sistema Montagem/Ferragem Rebites, parafusos e Encaixe de peças plásticas, Acessorio: Ba;7896502916146|7896502916160|7896502935550;Incluido;30/09/2019
203828/1940;Ativo;;07/03/2024;;;JASSUMAL LTDA;04214425000154;63881924131;AV SETE SETEMBRO;852;;69005140;CENTRO;MANAUS;AM;dgjohnny@gmail.com;PINGHU SHI XIAOTIANDI CHILDREN''S PRODUCTS FACTORY;Andadores Infantis;Portaria Inmetro nº 129 de 19/03/2021;;IN2087524;;;S;China, República Popular;BABY SPORTS;ANDADOR JASSUMAL - BS104 - AZUL CLARO E ESCURO-BS104A/ROSA CLARO E ESCURO-BS104R/VERMELHO E PRETO-BS104VP/ROXO E ROSA ESCURO-BS104RR;MAT.:PP,FERRO E POLIÉSTER/DIM.:63X57X53CM/SIST.TRAVA.:LIBERAÇÃO EM DUAS AÇÕES CONSECUTIVAS/SIST.MONT.FERRA.:MANUAL(SEM FERRAMENTA)/ACESSÓRIOS:N/A/CARACTERISTICAS DO MODELO: ANDADOR COM BRINQUEDO;6901041000155;Incluido;07/03/2024
861607/1956;Ativo;;30/08/2021;;;TA TE TI INDUSTRIA E COMERCIO DE BRINQUEDOS EDUCATIVOS LTDA;30261120000103;4732422225;RUA TIRADENTES;230;;89107000;CENTRO;POMERODE;SC;qualidade3@grupocalesita.com.br;TA TE TI INDUSTRIA E COMERCIO DE BRINQUEDOS EDUCATIVOS LTDA;Andadores Infantis;Portaria Inmetro nº 129 de 19/03/2021;;CE-AND/IQB 000010 55962/23-001;Modelo 5;;N;Brasil;Tateti;Ref.915 - Move Baby Rosa;PP, METAL, TECIDO POLIESTER. DIMENSAO: 70,20X59,83X49,12CM. SIST. TRAVAMENTO:FREIO DIANTEIRO E TRASEIRO. SIST DE MONTAGEM: MANUAL/PARAFUSOS PP. ACESSORIOS:BANDEJA DE BRINQUEDOS;7898664632247;Incluido;02/03/2026
963393/1971;Ativo;;27/08/2026;;;MADHULA COMERCIO DE ARTIGOS ELETROELETRONICOS LTDA;03838532000190;92994433107;Rua Marcilio Dias;166;;69005270;Centro;Manaus;AM;mayapunjwani@gmail.com;PINGHU XIAOTIANDI CHILDREN?S PRODUCTS FACTORY;Andadores Infantis;Portaria Inmetro nº 129 de 19/03/2021;;IN3141126-2;Modelo 5;;S;China, República Popular;BENMEK;ANDADOR MADHULA/ MA101/ Rosa - MA101R/ Azul - MA101A/ Verde - MA101V/ Laranja - MA101L;MAT.:PP, FERRO E POLIÉSTER/DIM.:63X57X53 CM/SIST. DE TRAV.:LIBERAÇÃO EM DUAS AÇÕES CONSECUTIVAS/SIST. MONT. E FERR.:MANUAL (SEM FERRAMENTA)/ACESS.:BRINQUEDO/CARACT. DO MOD.:ANDADOR COM BRINQUEDO;6901031000158;Incluido;27/08/2026
438753/2003;Ativo;;07/03/2024;;;COMPANHIA DOREL BRASIL PRODUTOS INFANTIS;10659948000107;2135547024;Av. Nilo Peçanha;1516;1582;28030035;Pq dos Rodoviários;Campos dos Goytacaze;RJ;standard@dorel.com.br;COMPANHIA DOREL BRASIL PRODUTOS INFANTIS;Andadores Infantis;Portaria Inmetro nº 129 de 19/03/2021;;IN2040823;Modelo 5;;N;Brasil;INFANTI/ COSCO;APPIA/ ZIGGY - HE022 - N/A - AZUL / ROSA / AZUL / ROSA;MAT:PP,PES,PTA,EG,POLIPROPILENO E POLIETILENO/DIM:56,5 X 68 X 60,5 CM/SIST D TRAVAMENTO:LIB EM DUAS AÇÕES CONSEC/SIST DE MNTGM E FERRG:MAN (SEM FER)/ACESS:BAND D BRINQ./CARACT D MODELO:ANDADOR C BRINQ;7908238809774|7908238809781|7908238815812|7908238815829;Incluido;10/04/2026
732768/1929;Inativo;;02/04/2020;;;Galzerano Indústria de Carrinhos e Berços Ltda;43594977000197;1934043030;Via Prefeito Jurandyr Paixão;700;;13481149;Jd. Campo Belo;Limeira;SP;luisfernando.camargo@galzerano.com.br;FOSHAN SHUNDE QIJUN TOYS CO., LTD;Andadores Infantis;Portaria Inmetro nº 42 de 19/01/2018;;CE-AND/IQB 000006 53487/19-001;;;S;China, República Popular;GALZERANO;Ref.: 4090 - Liam. Versões: 4090CZ (Cinza), 4090PT (Preto);Mat: Tec poli Espum Resin plást Tinta Ferragens. Dim: 70x65x54(cm). Sist Trav: Trilho plást c/ botão destrav e reg de altura. Sist mont/ferragem: Manual. Acess: Bandej brinq não removív e retrovisores;7908200101431|7908200101448;Incluido;02/04/2020
616668/1961;Ativo;;07/08/2024;;;COMERCIO E IMPORTACAO DENISE LTDA;29963642000178;21997976531;RUA DO MILHO;72;A;21011090;PENHA CIRCULAR;RIO DE JANEIRO;RJ;comerciomybaby@hotmail.com;PING HU BEST CHILDREN?S CARRIER CO.LTD;Andadores Infantis;Portaria Inmetro nº 129 de 19/03/2021;;IN2189524;;;S;China, República Popular;MY BABY;PATO A1 - ROSA LISO, AZUL LISO, ROSA COLORIDO, AZUL COLORIDO - Acessórios: Brinquedos Caracteristicas do modelo: Andador infantil com brinquedo elétrico;Material: Ferro, PP e Poliéster Dimensões: 71 x 62 x 55 cm Sistema de Travamento: Liberação em duas ações consecutivas Sistema de Montagem e Ferragem: Manual (com auxílio de ferramenta);6294013738218|6294013738225|6294013738287|6294013738294;Incluido;07/08/2024
914539/1996;Ativo;;07/02/2022;;;TUTTI BABY INDUSTRIA E COMERCIO DE ARTIGOS INFANTIS LTDA;06981862000129;4733794000;Rod. Guilherme Jensen, SC413, km13;0;;89108000;Distrito Industrial;Massaranduba;SC;certificacao@tuttibaby.com.br;TUTTI BABY INDUSTRIA E COMERCIO DE ARTIGOS INFANTIS LTDA;Andadores Infantis;Portaria Inmetro nº 129 de 19/03/2021;;IN2869325;Modelo 5;;N;Brasil;Tutti Baby;Andador Safari II Azul/Rosa/Vermelho/Andador Princesa Rosa Coroa/Andador Acqua Explorador Cinza/Roxo;ESTRUT. MET.AÇO.TUBULAR/48x60,5x70CM/SIST.DE TRAV. COM.DUAS.AÇÕES.CONSECUT.PARA.LIBER./PARAFUSOS.E. REBITES/BRINQUEDOS.E.ADESIVOS;7898431501615|7898431501622|7898431501639|7898431501684|7898431501691|7898431501707;Excluido;12/01/2024
321515/2003;Ativo;;06/09/2024;;;TUTTI BABY INDUSTRIA E COMERCIO DE ARTIGOS INFANTIS LTDA;06981862000129;4733794000;Rod. Guilherme Jensen, SC413, km13;0;Galpão 01;89108000;Distrito Industrial;Massaranduba;SC;certificacao@tuttibaby.com.br;TUTTI BABY INDUSTRIA E COMERCIO DE ARTIGOS INFANTIS LTDA;Andadores Infantis;Portaria Inmetro nº 129 de 19/03/2021;;IN2321524;;;N;Brasil;TUTTI BABY;ANDADOR COMFORT/REF.ANDADOR COMFORT 40.005/40005004/40005003/40005011/40005028/40005007/40005010/40005006/40005029;MAT:PLAST.ENG/ALGODÃO/DIMEN:48X60,5X70CM/SIST.DE TRAV:DOIS DISP.DE TRAV.INDEP.SENDO OP.SIMUL/SIST.DE MONT.FERR:OUTROS:PARAF,MONT.PEÇAS PLAST./ACESS:BANDEIJA C/ BRINQ/CARAC.DO MOD:ANDADOR C/BRINQUEDO;7898431502063|7898431502070|7898431502087|7898431502094|7898431502100|7898431502117|7898431502124|7898431502131;Incluido;06/09/2024
026772/1956;Ativo;;04/08/2025;;;BAMBINO COMERCIAL LTDA;06006481000129;81987347022;R. 23;175;;53090190;RIO DOCE;OLINDA;PE;bambino.souza@terra.com.br;PINGHU XIAOTIANDI CHILDREN?S PRODUCTS FACTORY;Andadores Infantis;Portaria Inmetro nº 129 de 19/03/2021;;IN2750125;Modelo 5;;S;China, República Popular;BAMBINO;ANDADOR - BA01 - ROSA/AZUL;MAT:PP,FERRO E POLIÉSTER/DIM:70X62.5X51CM/SIS_TRAV:LIBERAÇÃO EM DUAS AÇÕES CONSECUTIVAS/SIS_MONT E FERRG:MANUAL(S/FERRAM.)/ACESS.:BRINQ.CEN.DE ATIVI./CARACT.DO MODELO:ANDADOR COM BANDEJA MUSICAL;7898576907150|7898576907167;Incluido;04/08/2025
320776/1982;Ativo;;01/07/2026;;;APS IMPORTACAO EXPORTACAO DISTRIBUICAO LTDA;44540981000135;11974642778;EST GERAL DE MEDEIROS;20;SALA 05;88390000;MEDEIROS;BARRA VELHA;SC;orquestra@yescert.com.br;Tengzhou Lebeir Baby Carriage Co., Ltd.;Andadores Infantis;Portaria Inmetro nº 129 de 19/03/2021;;IN3076626;Modelo 5;;S;China, República Popular;TOYS&TOYS;MOD:ANDADOR MUSICAL PARA BEBES/INFANTIL/CÓD DE REFERÊNCIA COMERCIAL: ANDADOR MUSICAL V:CINZA - 310552,MARROM - 310569,AZUL - 310576,ROSA 310583;Mat:PP/Dim:799x660x715mm/Sist de Travam: Dois dispositivos de travam independentes sendo operados simult/Sist de Mont e Ferr:Manual (sem ferram)/Acess:N/A/Caract do modelo:ANDADOR COM BRINQ.MUSICAL AC;7908888310552|7908888310569|7908888310576|7908888310583;Incluido;01/07/2026
529482/2007;Ativo;;13/04/2026;;;VG SHOP COMERCIO ON LINE LTDA;16857384000365;1149690505;RUA PROJETADA SN KM 15 NUCLEO AGUA COMPRIDA;0;KM 15;37600000;AGUA COMPRIDA;CAMBUI;MG;gilson@vgshop.com.br;YONGXING SPORTS LIMITED;Andadores Infantis;Portaria Inmetro nº 129 de 19/03/2021;;IN2982826;Modelo 5;;S;China, República Popular;MULTMAXX;Desig. Com. andador infantil com empurrador Cod. Ref. MTX150 / MTX151 Quant. (aplic. para mod. 1b) n/a Mat: poliéster, abs, pp e borracha Dim. 76x65x65cm Sis. Trav. dois dispositivos independentes sendo operador simultaneamente;Sis. de Mont. e Ferragem: manual (com ferramenta) acess: N/A Car.do mod: andador ccom empurrador e brinquedo musical Vers. MTX150 cinza MTX151 rosa;7898758400394|7898758400400;Incluido;13/04/2026
508558/1968;Ativo;;05/08/2021;;;GALZERANO INDUSTRIA DE CARRINHOS E BERCOS LTDA;43594977000197;19999947357;Via Prefeito Jurandyr Paixão;700;;13481149;Jd. Campo Belo;Limeira;SP;luisfernando.camargo@galzerano.com.br;GALZERANO INDUSTRIA DE CARRINHOS E BERCOS LTDA;Andadores Infantis;Portaria Inmetro nº 129 de 19/03/2021;;CE-AND/IQB 000006 54618/21-001;;;N;Brasil;GALZERANO;Ref.: 4050-Andador Torino. Versões: 4050PTR (Preto Rosa), 4050PTT (Preto Terracota);Mat Tec poliest Espum PP PA6 Master Tint Tub aço Itens fix/aviam CxLxA(cm) 71x62,5x51,5 Trav Trilh plást c/ botão destrav e reg alt Acess Band brinq não remove retrov Caract Tec Pçs plást Tint Ferrage;7908200102193|7908200102209;Excluido;01/09/2021
614780/2008;Ativo;;24/01/2025;;;PLANETA - IMPORTACAO E DISTRIBUICAO DE BRINQUEDOS LTDA;13434272000141;1138951572;AV VASCO MASSAFELI - GALPAO1 RUA A LADO IMPAR ANEXO;1000;MODULO1/21;06703600;JARDIM MARIA TEREZA;COTIA;SP;admin@planetadobebe.com.br;PLANETA - IMPORTACAO E DISTRIBUICAO DE BRINQUEDOS LTDA;Andadores Infantis;Portaria Inmetro nº 129 de 19/03/2021;;IN2476224;;;N;Brasil;REPLAY KIDS;ANDADOR QUICK/21680 / BELLA/21681 / PUPPY/21682 / ZOO/21683 / SPACE/21684 / RACING;M:POLIPROPILENO, ABS, AÇO,ELASTÔMERO TERMOPLÁSTICO E PVC/D:58X68X55CM/S.D/TRV:MANUAL (SEM FERRAMENTA)/ACS:N/A/CARACTERISTICAS DO MODELO:BANDEJA COM BRINQUEDO/ PLACA MUSICAL/PLACA ANTIDERRAPANTE;7899403216803|7899403216810|7899403216827|7899403216834|7899403216841;Incluido;24/01/2025
811241/1938;Ativo;;17/06/2024;;;MEGA COMPRAS PRESENTES.COM LTDA;02561195000174;4191284769;RUA ELDORADO;511;511;09550720;PROSPERIDADE;SÃO CAETANO DO SUL;SP;contabilidade@grupogmac.com;HEBEI HAOKU CHILDREN TOYS CO., LTD;Andadores Infantis;Portaria Inmetro nº 129 de 19/03/2021;;IN2152424;;;S;China, República Popular;MEGA COMPRAS;ANDADOR PARA BEBÊS-PREMIUM-REF:MC923/MC923AZ/MC923RS/MC923CZ/MATERIAL:PP E POLIÉSTER/DIMENSÕES:65X 48X46 CM/ CONT: ANDADOR COM BRINQUEDO ACOPLADO;SISTEMA DE TRAVAMENTO:DOIS DISPOSITIVOS DE TRAVAMENTO INDEPENDENTES SENDO OPERADOS SIMULTÂNEAMENTE/SISTEMA DE MONTAGEM E FERRAGEM:MANUAL (SEM FERRAMENTA)/ACESSÓRIOS:BRINQUEDO/CARACTERISTICAS DO MODELO;7898692799028|7898692799578|7898692799585;Incluido;17/06/2024
908795/1934;Ativo;;04/08/2025;;;BAMBINO COMERCIAL LTDA;06006481000129;81987347022;R. 23;175;;53090190;RIO DOCE;OLINDA;PE;bambino.souza@terra.com.br;PINGHU XIAOTIANDI CHILDREN?S PRODUCTS FACTORY;Andadores Infantis;Portaria Inmetro nº 129 de 19/03/2021;;IN2750125;Modelo 5;;S;China, República Popular;BAMBINO;ANDADOR - BA01 - ROSA/AZUL;MAT:PP,FERRO E POLIÉSTER/DIM:70X62.5X51CM/SIS_TRAV:LIBERAÇÃO EM DUAS AÇÕES CONSECUTIVAS/SIS_MONT E FERRG:MANUAL(S/FERRAM.)/ACESS.:BRINQ.CEN.DE ATIVI./CARACT.DO MODELO:ANDADOR COM BANDEJA MUSICAL;7898576907150|7898576907167;Incluido;04/08/2025
068869/1941;Ativo;;07/03/2024;;;COMPANHIA DOREL BRASIL PRODUTOS INFANTIS;10659948000107;2135547024;Av. Nilo Peçanha;1516;1582;28030035;Pq dos Rodoviários;Campos dos Goytacaze;RJ;standard@dorel.com.br;COMPANHIA DOREL BRASIL PRODUTOS INFANTIS;Andadores Infantis;Portaria Inmetro nº 129 de 19/03/2021;;IN2040823;Modelo 5;;N;Brasil;INFANTI/ COSCO;APPIA/ ZIGGY - HE022 - N/A - AZUL / ROSA / AZUL / ROSA;MAT:PP,PES,PTA,EG,POLIPROPILENO E POLIETILENO/DIM:56,5 X 68 X 60,5 CM/SIST D TRAVAMENTO:LIB EM DUAS AÇÕES CONSEC/SIST DE MNTGM E FERRG:MAN (SEM FER)/ACESS:BAND D BRINQ./CARACT D MODELO:ANDADOR C BRINQ;7908238809774|7908238809781|7908238815812|7908238815829;Incluido;10/04/2026
096924/1981;Ativo;;07/03/2024;;;COMPANHIA DOREL BRASIL PRODUTOS INFANTIS;10659948000107;2135547024;Av. Nilo Peçanha;1516;1582;28030035;Pq dos Rodoviários;Campos dos Goytacaze;RJ;standard@dorel.com.br;COMPANHIA DOREL BRASIL PRODUTOS INFANTIS;Andadores Infantis;Portaria Inmetro nº 129 de 19/03/2021;;IN2040823;Modelo 5;;N;Brasil;Infanti;APPIA - HE022 - AZUL/ROSA - MAT.:PP, POLIÉSTER,PTA, EG, POLIPROPILENO E POLIETILENO.DIMENSÕES:56,5X68X60,5CM/;SIST. DE TRAVAMENTO: LIBERAÇÃO EM 2 AÇÕES CONSECUTIVAS/SIST. DE MONTAGEM E FERRAGEM: MANUAL (S/ FERRAMENTAS)/ACES.: BANDEJA DE BRINQUEDOS/ANDADOR COM BRINQUEDO;7908238809774|7908238809781;Excluido;10/04/2026
978487/1996;Inativo;;24/09/2019;;;Galzerano Indústria de Carrinhos e Berços Ltda;43594977000197;1934043030;Via Prefeito Jurandyr Paixão;700;;13481149;Jd. Campo Belo;Limeira;SP;luisfernando.camargo@galzerano.com.br;SHEN ZHEN WEI MEI CHILDCARE PRODUCT LIMITED COMPANY;Andadores Infantis;Portaria Inmetro nº 42 de 19/01/2018;;CE-AND/IQB 000006 53504/20-001;;;S;China, República Popular;GALZERANO;Andador de bebê 4 em 1 Funny - Versões: Color (CR), Verde Água (VDA);Mat Tec poli Espum Resin plást Itens fix Dimens 75Cx71Lx55A(cm) Sist trav Dobradiç plást c/ botã acion Sist mont frenag Encaix manua Mod Andador c/ módul sonor Pçs girat Cores divers Acess Brinq remov;7898089221477|7898089221996;Incluido;24/09/2019
202799/1961;Inativo;;11/01/2023;;;COMPANHIA DOREL BRASIL PRODUTOS INFANTIS;10659948000883;2135547024;Av. Nilo Peçanha;1516 ;Galpão 3 ;28030035;Pq dos Rodoviários;Campos dos Goytacaze;RJ;standard@dorel.com.br;Jin Sun Gee Plastics Co., Ltd;Andadores Infantis;Portaria Inmetro nº 129 de 19/03/2021;;IN1722522;;;S;Formosa (Taiwan);Cosco;BG-1518. Nome comercial: Follow. Versões: Azul e Laranja.;Ferro, plástico, PP,PET, PU e poliéster. 60 x 49 x 68 cm.Trav:Lib.2 ações cons., Encaixe,aces: Brinquedos.;7908238808043|7908238808050;Incluido;11/01/2023
496803/1987;Ativo;;29/04/2024;;;TAPUZIM COMERCIAL LTDA;00513418000100;113856906;Av. Monte Celeste;230;250;02561000;Vila S. Maria;São Paulo;SP;sergio@babystylebrasil.com.br;SHEN ZHEN WEI MEI CHILDCARE PRODUCT LIMITED COMPANY;Andadores Infantis;Portaria Inmetro nº 129 de 19/03/2021;;IN2118124-2;;;S;China, República Popular;Baby Style;ANDADOR FOGUETE - FOGUETE CINZA E FOGUETE ROSA;MATERIAL:PP/DIM:62X53X78CM/SISTEMA DE TRAVAME:LIBERA EM 2 AÇÕES CONSECUTIVAS/MANUAL/ACESSÓRIOS:N/A/CARACT DO MODELO:ANDADOR C BRINQUEDO NA BANDEJA;4079337285219|4079337296543;Incluido;29/04/2024
921119/1931;Ativo;;27/08/2026;;;MADHULA COMERCIO DE ARTIGOS ELETROELETRONICOS LTDA;03838532000190;92994433107;Rua Marcilio Dias;166;;69005270;Centro;Manaus;AM;mayapunjwani@gmail.com;PINGHU XIAOTIANDI CHILDREN?S PRODUCTS FACTORY;Andadores Infantis;Portaria Inmetro nº 129 de 19/03/2021;;IN3141126-2;Modelo 5;;S;China, República Popular;BENMEK;ANDADOR MADHULA/ MA101/ Rosa - MA101R/ Azul - MA101A/ Verde - MA101V/ Laranja - MA101L;MAT.:PP, FERRO E POLIÉSTER/DIM.:63X57X53 CM/SIST. DE TRAV.:LIBERAÇÃO EM DUAS AÇÕES CONSECUTIVAS/SIST. MONT. E FERR.:MANUAL (SEM FERRAMENTA)/ACESS.:BRINQUEDO/CARACT. DO MOD.:ANDADOR COM BRINQUEDO;6901031000158;Incluido;27/08/2026
790807/2013;Ativo;;06/09/2024;;;TUTTI BABY INDUSTRIA E COMERCIO DE ARTIGOS INFANTIS LTDA;06981862000129;4733794000;Rod. Guilherme Jensen, SC413, km13;0;Galpão 01;89108000;Distrito Industrial;Massaranduba;SC;certificacao@tuttibaby.com.br;TUTTI BABY INDUSTRIA E COMERCIO DE ARTIGOS INFANTIS LTDA;Andadores Infantis;Portaria Inmetro nº 129 de 19/03/2021;;IN2321524;;;N;Brasil;TUTTI BABY;ANDADOR COMFORT/REF.ANDADOR COMFORT 40.005/40005004/40005003/40005011/40005028/40005007/40005010/40005006/40005029;MAT:PLAST.ENG/ALGODÃO/DIMEN:48X60,5X70CM/SIST.DE TRAV:DOIS DISP.DE TRAV.INDEP.SENDO OP.SIMUL/SIST.DE MONT.FERR:OUTROS:PARAF,MONT.PEÇAS PLAST./ACESS:BANDEIJA C/ BRINQ/CARAC.DO MOD:ANDADOR C/BRINQUEDO;7898431502063|7898431502070|7898431502087|7898431502094|7898431502100|7898431502117|7898431502124|7898431502131;Incluido;06/09/2024
084822/1940;Ativo;;07/02/2022;;;TUTTI BABY INDUSTRIA E COMERCIO DE ARTIGOS INFANTIS LTDA;06981862000129;4733794000;Rod. Guilherme Jensen, SC413, km13;0;;89108000;Distrito Industrial;Massaranduba;SC;certificacao@tuttibaby.com.br;TUTTI BABY INDUSTRIA E COMERCIO DE ARTIGOS INFANTIS LTDA;Andadores Infantis;Portaria Inmetro nº 129 de 19/03/2021;;IN2869325;Modelo 5;;N;Brasil;TUTTI BABY;DESIGNAÇÃO COMERC SAFARI II (AZUL/ROSA/VERMELHO),PRINCESA ROSA COROA,ACQUA,EXPLORADOR (CINZA/ ROXO) CÓD D REF COMERC:ANDAD 40.002/40002003/40002004/40002007/40003004/40004002/40004003;MAT:ESTRUTURA METALICA - AÇO TUBULAR/DIM:48X60,5X70CM/SIST DE TRAVA:LIBERAÇ EM 2AÇÕES CONSECUT/SIST DE MONTAGEM E FERRAGEM:PARAFUSOS E REBITES/ACESSÓ:BRINQUEDOS E ADESIVOS/CARACT DO MODELO:ANDADOR C B;7898431501615|7898431501622|7898431501639|7898431501684|7898431501691|7898431501707;Excluido;26/04/2024
378826/1966;Inativo;;14/01/2021;;;GALZERANO INDUSTRIA DE CARRINHOS E BERCOS LTDA;43594977000197;1934043030;Via Prefeito Jurandyr Paixão;700;;13481149;Jd. Campo Belo;Limeira;SP;luisfernando.camargo@galzerano.com.br;HUNGSENG HARDWARE PLASTIC (DG) CORP., LTD;Andadores Infantis;Portaria Inmetro nº 42 de 19/01/2018;;CE-AND/IQB 000006 54018/20-001;;;S;China, República Popular;GALZERANO;Ref.: 4015-Andador 3 em 1 Fênix. Versões: 4015CR (Color);Mat Tec polié Espum Resin plást Itens fixação Dimens 103x103x72(cm) Sist travamento suporte plástico c/ encaixe Sist montagem/ferragem encaixes manuais Acessório: Bandeja de brinquedos não removíveis;7908200101936;Incluido;14/01/2021
341056/1953;Ativo;;31/08/2026;;;TUTTI BABY INDUSTRIA E COMERCIO DE ARTIGOS INFANTIS LTDA;06981862000129;4733794000;Rod. Guilherme Jensen, SC413, km13;0;Galpão 01;89108000;Distrito Industrial;Massaranduba;SC;heloiza.souza@tuttibaby.com.br;TUTTI BABY INDUSTRIA E COMERCIO DE ARTIGOS INFANTIS LTDA;Andadores Infantis;Portaria Inmetro nº 129 de 19/03/2021;;CE-AND/IQB 000013 57036/26-002;Modelo 5;;N;Brasil;TUTTI BABY;ANDADOR COMFORT - 40005004,40005003,40005011,40005028,40005007,40005010,40005006,40005029;ESTRU.METALICA:ACO TUBULAR,BRINQ:PLAST.DE ENG.,REVEST. TEXTIL: ALGODAO/48X60,5X70 CM/DOIS DISP. DE TRAV. INDEP. SENDO OP. SIMULT./PARAFUSOS E MONT. DE PÇS PLAST./BRINQ. CERT. E ADESIVO-57036/26;7898431502063|7898431502070|7898431502087|7898431502094|7898431502100|7898431502117|7898431502124|7898431502131;Incluido;31/08/2026
644376/1941;Ativo;;05/08/2021;;;GALZERANO INDUSTRIA DE CARRINHOS E BERCOS LTDA;43594977000197;19999947357;Via Prefeito Jurandyr Paixão;700;;13481149;Jd. Campo Belo;Limeira;SP;luisfernando.camargo@galzerano.com.br;GALZERANO INDUSTRIA DE CARRINHOS E BERCOS LTDA;Andadores Infantis;Portaria Inmetro nº 129 de 19/03/2021;;CE-AND/IQB 000006 54618/21-001;;;N;Brasil;GALZERANO;Ref.: 4050-Andador Torino. Versões: 4050EST (Estrela), 4050SPR (Spring);Tecido Pes, TNT, Espuma, PP, PA6, Master, Tinta, Tubo de aço. CxLxA(cm) 71x62,5x51,5 Travamento: Trilho plástico c/ botão de destrave e regulagem de altura. Montagem: Manual. Acess: Brinquedo acoplado;7908200102520|7908200102537;Incluido;17/01/2024
672830/1992;Ativo;;26/07/2024;;;DARDARA COMERCIO IMPORTACAO E EXPORTACAO LTDA;07774907000157;11964220291;R VALENTIM MAGALHAES;95;***;03184090;ALTO DA MOOCA;SÃO PAULO;SP;sac@dardara.com.br;FOSHAN BAOLIMEI BABY CARRIER CO., ;Andadores Infantis;Portaria Inmetro nº 129 de 19/03/2021;;IN2255924;;;S;China, República Popular;DARDARA;ANDADOR CARRO FD-2407 / VERSÕES: AZUL E ROSA;MAT:PP,METAL E POLIÉSTER/DIM:740X630X510MM/SIST DE TRAVA:LIB EM 2 AÇÕES CONSECUT/SIST DE MONT/FERRAG:MANUAL(C/FERRAMENTAS)/ACESSÓRIOS: BRINQ/CARACT DO MODELO:ANDADOR C/BRINQ INTEGRADO;7898572462738|7898572462755;Incluido;26/07/2024
096924/1981;Ativo;;19/02/2026;;;RGM  COMERCIO E SERVICOS LTDA;18007664000148;11996294240;Avenida Angélica;511;Cj. 904;01227100;Santa Cecilia;São Paulo;SP;papush@uol.com.br;PINGHU XIAOTIANDI CHILDREN?S PRODUCTS FACTORY;Andadores Infantis;Portaria Inmetro nº 129 de 19/03/2021;;IN2911726;Modelo 5;;S;China, República Popular;RGM;ANDADOR DREUX - R602 - AVIÃO - AVIAO;MAT:PP,FERRO E POLIÉ./DIM:70X62.5X51 CM/SIST.DE TRAV.:LIB.EM DUAS AÇÕES CONSECU./SIST.DE MONT.E FERR.:MANUAL (SEM FERRAMENTA)/ACESS:BANDEJA MUSICAL/CARACT.DO MODELO:ANDADOR COM BANDEJA MUSICAL;7898926505616;Incluido;19/02/2026
727251/1974;Inativo;;14/08/2019;;;Companhia Dorel Brasil Produtos Infantis;10659948000107;2135633602;Av. Nilo Peçanha;1516 /1582;Térreo;28030035;Pq dos Rodoviários;Campos dos Goytacaze;RJ;mariana.magalhaes@dorel.com.br;Hua Song Plastic Products Co Ltd;Andadores Infantis;Portaria Inmetro nº 42 de 19/01/2018;;OCAN-AND.145/19-3;;;S;China, República Popular;Safety 1st;11389;Nome Fantasia: Melody Garden. Cor única. Material: Ferro, plástico e PP. 64x55x66 cm. Sistema de Travamento e Montagem: Manual. Acessórios: Bandeja.;9312541727119;Incluido;14/08/2019
769246/1956;Ativo;;03/04/2023;;;PLANETA - IMPORTACAO E DISTRIBUICAO DE BRINQUEDOS LTDA;13434272000141;1138951572;AV VASCO MASSAFELI;1000;G1A M1-21;06703600;JARDIM MARIA TEREZA;COTIA;SP;admin@planetadobebe.com.br;HEBEI WANXIN CHILDREN TOYS CO.,LTD.;Andadores Infantis;Portaria Inmetro nº 129 de 19/03/2021;;IN1765923;Modelo 5;;S;China, República Popular;MAXI BABY;ANDADOR LA BAMBA - NW-01 - AZUL #21537/ROSA #21538/VERMELHO #75268;MAT:PP E PART.ABS,AÇOD.ALTOCARB.RODAELASTÔM.TERMOP.,PVC/DIM:580X680X550(LXCXH)/SIS_TRAV:LIBER.EM 2 AÇÕES CONS./SIS_MONT E FERRG:MAN.(S/FERM)/ACES:BANDJ C BRI./CARAC.D.M.:ANDAD.C BRINQ.REG.002149/2023 ;7898975752689|7899403215370|7899403215387;Incluido;18/03/2026
966834/2018;Ativo;;30/08/2021;;;TA TE TI INDUSTRIA E COMERCIO DE BRINQUEDOS EDUCATIVOS LTDA;30261120000103;4732422225;RUA TIRADENTES;230;;89107000;CENTRO;POMERODE;SC;qualidade3@grupocalesita.com.br;TA TE TI INDUSTRIA E COMERCIO DE BRINQUEDOS EDUCATIVOS LTDA;Andadores Infantis;Portaria Inmetro nº 129 de 19/03/2021;;CE-AND/IQB 000010 55962/23-001;Modelo 5;;N;Brasil;Tateti;Ref.914 - Move Baby;PP, METAL, TECIDO POLIESTER. DIMENSAO: 70,20X59,83X49,12CM. SIST. TRAVAMENTO:FREIO DIANTEIRO E TRASEIRO. SIST DE MONTAGEM: MANUAL/PARAFUSOS PP. ACESSORIOS:BANDEJA DE BRINQUEDOS;7898664632230;Incluido;02/03/2026
609342/1955;Ativo;;01/12/2021;;;HEMNANI COMERCIO DE VARIEDADES LTDA.;05469291000185;1124143633;Rua Marcílio Dias;304;N/A;69005270;Centro;Manaus;AM;papush@uol.com.br;China Zhejiang Techincal Co. Ltd;Andadores Infantis;Portaria Inmetro nº 42 de 19/01/2018;;OCAN-AND.189/21-1;;;S;China, República Popular;SITA;AKH602;Material: PP, Ferro e Poliester - Dimensões: 655 mm X 560mm X 500 mm - Sistema de Travamento: Travamento automatico com liberação em duas ações consecutivas - Sistema de Montagem e Ferragem: MANUAL;;Incluido;01/12/2021
260849/1945;Inativo;;14/01/2021;;;GALZERANO INDUSTRIA DE CARRINHOS E BERCOS LTDA;43594977000197;1934043030;Via Prefeito Jurandyr Paixão;700;;13481149;Jd. Campo Belo;Limeira;SP;luisfernando.camargo@galzerano.com.br;WEIMEI MEI CHILDCARE PRODUCT (HUIZHOU) LTD., CO;Andadores Infantis;Portaria Inmetro nº 42 de 19/01/2018;;CE-AND/IQB 000006 54025/20-001;;;S;China, República Popular;GALZERANO;Ref.: 4030-Andador 4 em 1 Funny. Versões: 4030CR (Color), 4030VDA (Verde Água);Mat Tec polié Espuma Resina plást Itens fixação Dimens 75x71x55(cm) Sist travament dobradiça plást c/ botão acionament Sist montagem/ferragem encaixe manual Acessórios manuais brinquedos removíveis;7898089221477|7898089221996;Incluido;14/01/2021
554853/1971;Cancelado;;28/02/2020;;14/07/2025;COMÉRCIO E IMPORTAÇÃO DENISE LTDA;29963642000178;2125843843;RUA DO MILHO;72;A;21011090;PENHA CIRCULAR;RIO DE JANEIRO;RJ;comerciomybaby@hotmail.com;PING HU BEST CHILDREN'S CARRIER CO.LTD;Andadores Infantis;Portaria Inmetro nº 42 de 19/01/2018;;OCAN-AND.329/20-1;;;S;China, República Popular;MY BABY;A-1;VERSÕES: ROSA, AZUL, AZUL COM VERDE, AZUL COM VERMELHO, ROSA COM LILÁS, ROSA COM ROSA ESCURO;;Incluido;28/02/2020
848857/1997;Ativo;;31/10/2025;;;MD COMERCIO DE FERRAGENS LTDA;55274701000100;92985975259;Avenida Joaquim Nabuco;1094;A;69020030;Centro;Manaus;AM;mdcomerciodeferragensltda@gmail.com;Xingtai Pandelo Technology Co.,Ltd;Andadores Infantis;Portaria Inmetro nº 129 de 19/03/2021;;IN2824825;Modelo 5;;S;China, República Popular;ULTRA BABY;ANDADOR INFANTIL MUSICAL PARA BEBÊ - UBW -305 - N/A - BABY PINK / BARBIE PINK/RED / WHITE/ROYAL BLUE /ORANGE / WHITE/LIGHT BLUE / WHITE;MAT:PP,FERRO E POLIÉ./DIM.:68X59X52 CM/SIST.DE TRAV.:LIB.EM DUAS AÇÕES CONS./SIST.DE MONT. E FERR.:MAN.(S/FERRAM.)/ACESS.:N/A/CARACTERISTICAS DO MODELO:ANDADOR COM BRINQUEDO ACOPLADO;7890012361007|7890012361113|7890012368082|7890012369096;Incluido;31/10/2025
142861/2024;Ativo;;14/08/2019;;;BAMBOO COMERCIO, IMPORTAÇÃO E EXPORTAÇÃO EIRELI-EPP;27115224000103;8132419265;Rua. Alegre;154;Galpão A;52120125;Arruda;Recife;PE;bamboo@yescert.com.br;ZHEJIANG KINTEX INTERNATIONAL TRADING CO., LTD;Andadores Infantis;Portaria Inmetro nº 129 de 19/03/2021;;IN1632922;;;S;China, República Popular;BAMBOO;MODELO:MD-18NOME COMERCIAL:ANDAJAR GUGUVERSÕES: Azul (Ref.: MD18.1)Rosa (Ref.: MD18.2)Verde (Ref.: MD18.3)Vermelho (Ref.: MD18.4);Mat: PLAST / MET/FIB TEXTIL,DIM:ABRT:62X56X52CM,FECH:62X56X16,SIST TRAV:LIBER EM 2 ACOES CONSEC,SIST MONT FERRAG: MANUAL(S/FERRAMENTA),ACESS:BANDEJ C/BRINQ E HAST C/PUXADOR;7909312341029;Incluido;22/07/2022
436876/1950;Ativo;;09/12/2019;;;TAPUZIM COMERCIAL LTDA;00513418000100;1138569063;Av. Monte Celeste;230;250;02561000;Vila S. Maria;São Paulo;SP;ehs0770@hotmail.com;SHEN ZHEN WEI MEI CHILDCARE PRODUCT LIMITED COMPANY;Andadores Infantis;Portaria Inmetro nº 129 de 19/03/2021;;IN2062423;Modelo 5;;S;China, República Popular;baby style;ANDADOR ANIMAIS;ANIMAISVERSÕES: Andador cachorro vermelho - Ref. 33721 Andador cachorro azul - Ref. 33722 Andador abelha rosa - Ref. 33723 Andador abelha azul - Ref. 33724 . Material: Plástico, metal e tecido. Dimen;4079337218996|4079337228995|4079337238994|4079337248993;Excluido;21/12/2020
730880/1976;Inativo;;14/08/2019;;;Companhia Dorel Brasil Produtos Infantis;10659948000107;2135633602;Av. Nilo Peçanha;1516 /1582;Térreo;28030035;Pq dos Rodoviários;Campos dos Goytacaze;RJ;mariana.magalhaes@dorel.com.br;Hua Song Plastic Products Co Ltd;Andadores Infantis;Portaria Inmetro nº 42 de 19/01/2018;;OCAN-AND.145/19-3;;;S;China, República Popular;Safety 1st;11389;Nome Fantasia: Melody Garden. Cor única. Material: Ferro, plástico e PP. 64x55x66 cm. Sistema de Travamento e Montagem: Manual. Acessórios: Bandeja.;9312541727119;Incluido;14/08/2019
699679/1998;Ativo;;01/12/2021;;;FAST TRADING IMPORTACAO, EXPORTACAO E COMERCIO DE BEBIDAS EIRELI;34076058000130;8130191960;AV. GOVERNADOR AGAMENON MAGALHÃES,  EDF. EMPRESSARIAL RENATO DIAS - ANDAR 15º, SALA 1502 ;4318;SALA 1502;52010075;PAISSANDU; RECIFE;PE;ricardo.ferreira@fasttradingimport.com.br;China Zhejiang Techincal Co. Ltd;Andadores Infantis;Portaria Inmetro nº 42 de 19/01/2018;;OCAN-AND.514/21-1;;;S;China, República Popular;Fast;602;Material:	PP, Ferro e Poliester/ Dimensões:	63 x 57 x 53 cm/ Sistema de Travamento: Travamento automático com liberação em duas ações consecutivas/ Sistema de Montagem e Ferragem: Manual	/Acessórios: ;;Incluido;01/12/2021
024884/2003;Ativo;;03/04/2023;;;PLANETA - IMPORTACAO E DISTRIBUICAO DE BRINQUEDOS LTDA;13434272000141;1138951572;AV VASCO MASSAFELI;1000;G1A M1-21;06703600;JARDIM MARIA TEREZA;COTIA;SP;admin@planetadobebe.com.br;HEBEI WANXIN CHILDREN TOYS CO.,LTD.;Andadores Infantis;Portaria Inmetro nº 129 de 19/03/2021;;IN1765923;Modelo 5;;S;China, República Popular;MAXI BABY;NW-01 - ANDADOR LA BAMBA;MAT:PP PARTES EM ABS, AÇO DE ALTO CARB RODA ELAST.TERMO., PVC/DIM:580X680X550/SIS TRA:LIBERA.EM 2 AÇÕES CONSEC. SIS DE MON E FER:MAN.(S/ FER)/ACE:BANDEJA COM BRINQ/CAR MOD:AND COM BRINQ(BAND.A MUS.);7899403215370|7899403215387;Excluido;22/12/2025
318899/1929;Ativo;;07/02/2022;;;TUTTI BABY INDUSTRIA E COMERCIO DE ARTIGOS INFANTIS LTDA;06981862000129;4733794000;Rod. Guilherme Jensen, SC413, km13;0;;89108000;Distrito Industrial;Massaranduba;SC;certificacao@tuttibaby.com.br;TUTTI BABY INDUSTRIA E COMERCIO DE ARTIGOS INFANTIS LTDA;Andadores Infantis;Portaria Inmetro nº 129 de 19/03/2021;;IN2869325;Modelo 5;;N;Brasil;TUTTI BABY;DESIGNAÇÃO COMERC SAFARI II (AZUL/ROSA/VERMELHO),PRINCESA ROSA COROA,ACQUA,EXPLORADOR (CINZA/ ROXO) CÓD D REF COMERC:ANDAD 40.002/40002003/40002004/40002007/40003004/40004002/40004003 CARACT DO MODELO:ANDADOR C BRINQUEDO;MAT:ESTRUTURA METALICA - AÇO TUBULAR/DIM:48X60,5X70CM/SIST DE TRAVA:LIBERAÇ EM 2AÇÕES CONSECUT/SIST DE MONTAGEM E FERRAGEM:PARAFUSOS E REBITES/ACESSÓ:BRINQUEDOS E ADESIVOS;7898431501615|7898431501622|7898431501639|7898431501684|7898431501691|7898431501707;Excluido;10/12/2025
087438/2014;Inativo;;11/11/2022;;;COMPANHIA DOREL BRASIL PRODUTOS INFANTIS;10659948000883;2135547024;Av. Nilo Peçanha;1516 ;Galpão 3 ;28030035;Pq dos Rodoviários;Campos dos Goytacaze;RJ;standard@dorel.com.br;Jin Sun Gee Plastics Co., Ltd;Andadores Infantis;Portaria Inmetro nº 129 de 19/03/2021;;IN1701622-2;;;S;Formosa (Taiwan);Voyage;BG-1518. Nome comercial: Baby Step. Versões: Rosa e Azul.;Ferro,PP e poliéster. 60x49x68cm.Trav:Lib.2 ações consec.,Mont:Encaixe. Aces:Brinquedos;7908238801280|7908238801297;Incluido;11/11/2022
612903/1955;Ativo;;02/09/2026;;;BAGATOLI COMERCIO DE REFRIGERACAO LTDA;00897750000108;47984556257;BR-470;8105;;89058020;FORTALEZA ALTA;BLUMENAU;SC;digitalpriceconsultoria@gmail.com;PINGHU XIAOTIANDI CHILDREN?S PRODUCTS FACTORY;Andadores Infantis;Portaria Inmetro nº 129 de 19/03/2021;;IN3155526;Modelo 5;;S;China, República Popular;BAGATOLI KIDS;MOD: ANDADOR INFANTIL PULSE/ N.COM: PULSE/ V.: ROSA, AZUL, CINZA;MAT.:PP,POLIÉSTER,AÇO/DIM.:51X61X69CM/SIST.TRAV.:LIB.2 AÇÕES CONSEC./SIST.MONT.FERR.:REBITES,PARAF.E ENCAIXE PEÇAS PLÁST./ACESS.:BRINQ.NA BANDEJA/CARACT.MOD.:ANDADOR C/BRINQ.;7901030400859|7901030400866|7901030400873;Incluido;02/09/2026
522310/1955;Ativo;;01/07/2026;;;APS IMPORTACAO EXPORTACAO DISTRIBUICAO LTDA;44540981000135;11974642778;EST GERAL DE MEDEIROS;20;SALA 05;88390000;MEDEIROS;BARRA VELHA;SC;orquestra@yescert.com.br;Tengzhou Lebeir Baby Carriage Co., Ltd.;Andadores Infantis;Portaria Inmetro nº 129 de 19/03/2021;;IN3076626;Modelo 5;;S;China, República Popular;TOYS&TOYS;MOD:ANDADOR MUSICAL PARA BEBES/INFANTIL/CÓD DE REFERÊNCIA COMERCIAL: ANDADOR MUSICAL V:CINZA - 310552,MARROM - 310569,AZUL - 310576,ROSA 310583;Mat:PP/Dim:799x660x715mm/Sist de Travam: Dois dispositivos de travam independentes sendo operados simult/Sist de Mont e Ferr:Manual (sem ferram)/Acess:N/A/Caract do modelo:ANDADOR COM BRINQ.MUSICAL AC;7908888310552|7908888310569|7908888310576|7908888310583;Incluido;01/07/2026
906907/1981;Ativo;;07/02/2022;;;TUTTI BABY INDUSTRIA E COMERCIO DE ARTIGOS INFANTIS LTDA;06981862000129;4733794000;Rod. Guilherme Jensen, SC413, km13;0;;89108000;Distrito Industrial;Massaranduba;SC;certificacao@tuttibaby.com.br;TUTTI BABY INDUSTRIA E COMERCIO DE ARTIGOS INFANTIS LTDA;Andadores Infantis;Portaria Inmetro nº 129 de 19/03/2021;;IN2869325;Modelo 5;;N;Brasil;Tutti Baby;Andador Safari Plus II (Azul / Rosa / Vermelho);ESTRUT. MET.AÇO.TUBULAR/48x60,5x70CM/SIST.DE TRAV. COM.DUAS.AÇÕES.CONSECUT.PARA.LIBER./PARAFUSOS.E. REBITES/BRINQUEDOS.E.ADESIVOS;7898431501615|7898431501622|7898431501639;Excluido;08/04/2022
978555/1998;Cancelado;;24/08/2020;;14/07/2025;Dardara Comercio Importacao e Exportacao Ltda.;07774907000157;1147447248;R VALENTIM MAGALHAES;95;***;03184090;ALTO DA MOOCA;SÃO PAULO;SP;dardara@yescert.com.br;FOSHAN BAOLIMEI CHILD?S VEHICLE CO.LTD;Andadores Infantis;Portaria Inmetro nº 42 de 19/01/2018;;OCAN-AND.134/20-5;;;S;China, República Popular;DARDARA;ANDADOR CARRO (FD-2407);Material: Moldes e peças em plástico P.P.(polipropileno) Adesivos (papel colante) Painel - parte interna: sistema eletrônico (placa, fio colorido, alto falante). Estrutura em metal, Dimensões: 74 x 63;;Incluido;24/08/2020
179350/1951;Ativo;;07/03/2024;;;COMPANHIA DOREL BRASIL PRODUTOS INFANTIS;10659948000107;2135547024;Av. Nilo Peçanha;1516;1582;28030035;Pq dos Rodoviários;Campos dos Goytacaze;RJ;standard@dorel.com.br;COMPANHIA DOREL BRASIL PRODUTOS INFANTIS;Andadores Infantis;Portaria Inmetro nº 129 de 19/03/2021;;IN2040823;Modelo 5;;N;Brasil;Infanti;APPIA - HE022 - AZUL/ROSA - MAT.:PP, POLIÉSTER,PTA, EG, POLIPROPILENO E POLIETILENO.DIMENSÕES:56,5X68X60,5CM/;SIST. DE TRAVAMENTO: LIBERAÇÃO EM 2 AÇÕES CONSECUTIVAS/SIST. DE MONTAGEM E FERRAGEM: MANUAL (S/ FERRAMENTAS)/ACES.: BANDEJA DE BRINQUEDOS/ANDADOR COM BRINQUEDO;7908238809774|7908238809781;Excluido;10/04/2026
200911/2008;Ativo;;29/04/2024;;;TAPUZIM COMERCIAL LTDA;00513418000100;113856906;Av. Monte Celeste;230;250;02561000;Vila S. Maria;São Paulo;SP;sergio@babystylebrasil.com.br;SHEN ZHEN WEI MEI CHILDCARE PRODUCT LIMITED COMPANY;Andadores Infantis;Portaria Inmetro nº 129 de 19/03/2021;;IN2118124-2;;;S;China, República Popular;Baby Style;ANDADOR FOGUETE - FOGUETE CINZA E FOGUETE ROSA;MATERIAL:PP/DIM:62X53X78CM/SISTEMA DE TRAVAME:LIBERA EM 2 AÇÕES CONSECUTIVAS/MANUAL/ACESSÓRIOS:N/A/CARACT DO MODELO:ANDADOR C BRINQUEDO NA BANDEJA;4079337285219|4079337296543;Incluido;29/04/2024
494926/1934;Ativo;;31/08/2026;;;MADHULA COMERCIO DE ARTIGOS ELETROELETRONICOS LTDA;03838532000190;92994433107;Rua Marcilio Dias;166;;69005270;Centro;Manaus;AM;mayapunjwani@gmail.com;PINGHU XIAOTIANDI CHILDRENS PRODUCTS FACTORY;Andadores Infantis;Portaria Inmetro nº 129 de 19/03/2021;;IN3141126-1;Modelo 5;;S;China, República Popular;BENMEK;MADHULA/ MA100/ Verde e Azul - MA100VA/ Rosa e Roxo - MA100RR/ Branco e Azul Escuro - MA100BAE/ Amarelo e Vermelho - MA100AV;MAT.:PP, FERRO E POLIÉSTER/DIM.:63X57X53 CM/SIST. DE TRAV.: LIBERAÇÃO EM DUAS AÇÕES CONSECUTIVAS/SIST. MONT. E FERR.:MANUAL (SEM FERRAMENTA)/ACESS.:BRINQUEDO/CARACT. DO MOD.: ANDADOR COM BRINQUEDO;6901031000158;Incluido;31/08/2026
018127/2013;Ativo;;06/05/2025;;;KAVOD BRASIL COMERCIO E IMPORTACAO DE PRODUTOS DE USO DOMESTICO LTDA;12389993000114;1136612389;Avenida Marquês de São Vicente;2219;Conj 1001;05036040;Água Branca;São Paulo;SP;adm@kababy.com.br;Tengzhou Lebeir Baby Carriage Co., Ltd.;Andadores Infantis;Portaria Inmetro nº 129 de 19/03/2021;;IN2610825;;;S;China, República Popular;KaBaby;DESIGNAÇÃO COMERCIAL: ANDADOR DE EMPURRAR STEP-UP KABABY CINZA/CÓDIGO DE REFERÊNCIA COMERCIAL: ANDADOR/QUANTIDADE: -/;MAT:PP/DIM:799x660x715mm/SIS_TRAV:LIBERAÇÃO EM DUAS AÇÕES CONSECUTIVAS/SIS_MONTAGEM/FERRAGEM:MANUAL SEM AUXILIO DE FERRAMENTA/ACESSORIOS:N/A/CARACT_DO_MODELO:ANDADOR COM BRINQUEDO ACOPLADO;7898605218394;Incluido;06/05/2025
788930/1960;Inativo;;11/11/2022;;;COMPANHIA DOREL BRASIL PRODUTOS INFANTIS;10659948000883;2135547024;Av. Nilo Peçanha;1516 /1582;Galpão 3 ;28030035;Pq dos Rodoviários;Campos dos Goytacaze;RJ;standard@dorel.com.br;Jin Sun Gee Plastics Co., Ltd;Andadores Infantis;Portaria Inmetro nº 129 de 19/03/2021;;IN1701622-1;;;S;Formosa (Taiwan);Cosco;BG-2023. Nome comercial: Goal Walker 4 em 1. Versões: Rosa e Azul.;Ferro, PP, PU e Pol, 74x44x66,5cm.Trav.real.único acion.,Mont: Manual(c/chave phil,n/inclusa). Aces: Brinq.;7898509478375|7898509478665;Incluido;11/11/2022
162078/2015;Inativo;;12/01/2023;;;COMPANHIA DOREL BRASIL PRODUTOS INFANTIS;10659948000883;2135547024;Av. Nilo Peçanha;1516 ;Galpão 3 ;28030035;Pq dos Rodoviários;Campos dos Goytacaze;RJ;standard@dorel.com.br;Jin Sun Gee Plastics Co., Ltd;Andadores Infantis;Portaria Inmetro nº 129 de 19/03/2021;;IN1701622-3;;;S;Formosa (Taiwan);Safety 1st;HE001. Nome comercial: Spacewalker 3 em 1. Versões: Grey, Orange.;PP,Ferro,Aço,ABS,PVC,POM,TPR,MB475,Pol,65.5x50x71.5cm.Trav:Lib.2ações cons.,Mont:Manual.Aces.Brinq.;7908238803932|7908238803949;Incluido;12/01/2023
082934/1987;Ativo;;19/06/2026;;;LILI FLORES ARTESANAIS LTDA;50509301000113;2199999999;R SANTO SEPULCRO;00279;;21350220;MADUREIRA;RIO DE JANEIRO;RJ;xiaoweiliu663@gmail.com;PINGHU XIAOTIANDI CHILDREN''S PRODUCTS FACTORY ;Andadores Infantis;Portaria Inmetro nº 129 de 19/03/2021;;IN3051726;Modelo 5;;S;China, República Popular;LILI;MOD:ANDADOR LL-2931 / CÓD. DE REFERÊNCIA COMERCIAL: LL-2931 / AZUL,ROSA,VERDE;MAT.:PP, POLIÉSTER E POLIETILENO/DIM:56,5X68X60,5CM/ SIST.TRAV.:LIBERAÇÃO EM DUAS AÇÕES CONSECUTIVAS/SIST. MONT.:LIBERAÇÃO EM DUAS AÇÕES CONSECUTIVAS/SEM ACESSÓRIOS/ANDADOR COM BRINQUEDO INTERATIVO;;Incluido;19/06/2026
376938/2013;Ativo;;09/12/2019;;;TAPUZIM COMERCIAL LTDA;00513418000100;1138569063;Av. Monte Celeste;230;250;02561000;Vila S. Maria;São Paulo;SP;ehs0770@hotmail.com;SHEN ZHEN WEI MEI CHILDCARE PRODUCT LIMITED COMPANY;Andadores Infantis;Portaria Inmetro nº 129 de 19/03/2021;;IN2062423;Modelo 5;;S;China, República Popular;Baby Style;MODELO: ANIMAIS VERSÕES: Andador cachorro vermelho - Ref. 33721 Andador cachorro azul - Ref. 33722 Andador abelha rosa - Ref. 33723 Andador abelha azul - Ref. 33724 Andador pianinho rosa Ref: 33725 Andador pianinho azul Ref: 33726;Material: Plástico, metal e tecido, Dimensões: 50 x 70 x 60 cm, Sistema de Travamento: Stoper, Sistema deMontagem e Ferragem: Tesoura, Acessórios: Bandeja musical;4079337218996|4079337228995|4079337238994|4079337248993|4079337251993|4079337261992;Excluido;29/01/2024
670953/1939;Ativo;;07/08/2024;;;COMERCIO E IMPORTACAO DENISE LTDA;29963642000178;21997976531;RUA DO MILHO;72;A;21011090;PENHA CIRCULAR;RIO DE JANEIRO;RJ;comerciomybaby@hotmail.com;PING HU BEST CHILDREN?S CARRIER CO.LTD;Andadores Infantis;Portaria Inmetro nº 129 de 19/03/2021;;IN2189524;;;S;China, República Popular;MY BABY;PATO A1 - ROSA LISO, AZUL LISO, ROSA COLORIDO, AZUL COLORIDO - Acessórios: Brinquedos Caracteristicas do modelo: Andador infantil com brinquedo elétrico;Material: Ferro, PP e Poliéster Dimensões: 71 x 62 x 55 cm Sistema de Travamento: Liberação em duas ações consecutivas Sistema de Montagem e Ferragem: Manual (com auxílio de ferramenta);6294013738218|6294013738225|6294013738287|6294013738294;Incluido;07/08/2024
718481/1927;Inativo;;11/01/2023;;;COMPANHIA DOREL BRASIL PRODUTOS INFANTIS;10659948000883;2135547024;Av. Nilo Peçanha;1516 ;Galpão 3 ;28030035;Pq dos Rodoviários;Campos dos Goytacaze;RJ;standard@dorel.com.br;Jin Sun Gee Plastics Co., Ltd;Andadores Infantis;Portaria Inmetro nº 129 de 19/03/2021;;IN1722522;;;S;Formosa (Taiwan);Cosco;BG-1518. Nome comercial: Follow. Versões: Azul e Laranja.;Ferro, plástico, PP,PET, PU e poliéster. 60 x 49 x 68 cm.Trav:Lib.2 ações cons., Encaixe,aces: Brinquedos.;7908238808043|7908238808050;Incluido;11/01/2023
964957/1965;Ativo;;29/04/2024;;;TAPUZIM COMERCIAL LTDA;00513418000100;113856906;Av. Monte Celeste;230;250;02561000;Vila S. Maria;São Paulo;SP;sergio@babystylebrasil.com.br;SHEN ZHEN WEI MEI CHILDCARE PRODUCT LIMITED COMPANY;Andadores Infantis;Portaria Inmetro nº 129 de 19/03/2021;;IN2118124-2;;;S;China, República Popular;Baby Style;ANDADOR FOGUETE - FOGUETE CINZA E FOGUETE ROSA;MATERIAL:PP/DIM:62X53X78CM/SISTEMA DE TRAVAME:LIBERA EM 2 AÇÕES CONSECUTIVAS/MANUAL/ACESSÓRIOS:N/A/CARACT DO MODELO:ANDADOR C BRINQUEDO NA BANDEJA;4079337285219|4079337296543;Incluido;29/04/2024
258961/1992;Ativo;;22/11/2023;;;JASSUMAL LTDA;04214425000154;62811924131;AV SETE SETEMBRO;852;;69005140;CENTRO;MANAUS;AM;dgjohnny@gmail.com;PINGHU SHI XIAOTIANDI CHILDREN?S PRODUCTS FACTORY;Andadores Infantis;Portaria Inmetro nº 129 de 19/03/2021;;IN1984323;;;S;China, República Popular;BABY SPORTS;ANDADOR JASSUMAL /REF: BS103 /VERSÕES:Azul Claro e Escuro - BS103A/Rosa Claro e Escuro - BS103R/Roxo e Rosa Escuro - BS103RR;MATERIAL:PP, FERRO E POLIÉSTER|DIMENSÕES:63 X 57 X 53 CM|SISTEMA DE TRAVAMENTO:LIBERAÇÃO EM DUAS AÇÕES CONSECUTIVAS|SISTEMA DE MONTAGEM E FERRAGEM:MANUAL (SEM FERRAMENTA)|ACESSÓRIOS:N/A|CARACTERISTICA;6901041000155;Incluido;22/11/2023
552965/2018;Ativo;;26/07/2024;;;DARDARA COMERCIO IMPORTACAO E EXPORTACAO LTDA;07774907000157;11964220291;R VALENTIM MAGALHAES;95;***;03184090;ALTO DA MOOCA;SÃO PAULO;SP;sac@dardara.com.br;FOSHAN BAOLIMEI BABY CARRIER CO., ;Andadores Infantis;Portaria Inmetro nº 129 de 19/03/2021;;IN2255924;;;S;China, República Popular;DARDARA;ANDADOR CARRO FD-2407 / VERSÕES: AZUL E ROSA;MAT:PP,METAL E POLIÉSTER/DIM:740X630X510MM/SIST DE TRAVA:LIB EM 2 AÇÕES CONSECUT/SIST DE MONT/FERRAG:MANUAL(C/FERRAMENTAS)/ACESSÓRIOS: BRINQ/CARACT DO MODELO:ANDADOR C/BRINQ INTEGRADO;7898572462738|7898572462755;Incluido;26/07/2024
719152/1946;Ativo;;07/02/2022;;;TUTTI BABY INDUSTRIA E COMERCIO DE ARTIGOS INFANTIS LTDA;06981862000129;4733794000;Rod. Guilherme Jensen, SC413, km13;0;;89108000;Distrito Industrial;Massaranduba;SC;certificacao@tuttibaby.com.br;TUTTI BABY INDUSTRIA E COMERCIO DE ARTIGOS INFANTIS LTDA;Andadores Infantis;Portaria Inmetro nº 129 de 19/03/2021;;IN2869325;Modelo 5;;N;Brasil;TUTTI BABY;DESIGNAÇÃO COMERC SAFARI II (AZUL/ROSA/VERMELHO),PRINCESA ROSA COROA,ACQUA,EXPLORADOR (CINZA/ ROXO) CÓD D REF COMERC:ANDAD 40.002/40002003/40002004/40002007/40003004/40004002/40004003;MAT:ESTRUTURA METALICA - AÇO TUBULAR/DIM:48X60,5X70CM/SIST DE TRAVA:LIBERAÇ EM 2AÇÕES CONSECUT/SIST DE MONTAGEM E FERRAGEM:PARAFUSOS E REBITES/ACESSÓ:BRINQUEDOS E ADESIVOS/CARACT DO MODELO:ANDADOR C B;7898431501615|7898431501622|7898431501639|7898431501684|7898431501691|7898431501707;Excluido;26/04/2024
596762/2001;Inativo;;30/09/2019;;;Tutti Baby Indústria e Comércio de Artigos Infantis Ltda;06981862000129;4733794000;Rod. Guilherme Jensen;s/n;Galpão 01;89108000;Distrito Industrial;Massaranduba;SC;qualidade@tuttibaby.com.br;;Andadores Infantis;Portaria Inmetro nº 42 de 19/01/2018;;CE-AND/IQB 000005 53137/19-001;;;N; ;Tutti Baby;Andador 02003;Material: Estrut. metálica de aço tub, plást. de engenharia, algodão. Dim: 52cmx60cmx70,5cm, sist.de trav: com duas ações consecutivas para liber, sist. de mont.ferrag: rebites e parafusos, aces: brin;17898431495966|17898431495980|17898431496000|17898431496024|17898431500660|17898431500677|17898431500684|7898431495952|7898431495969|7898431495976|7898431495983|7898431495990|7898431496006|7898431496010|7898431496027|7898431500601|7898431500618|7898431500625|7898431500632|7898431500649|7898431500656;Incluido;30/09/2019
846980/1944;Ativo;;09/12/2019;;;TAPUZIM COMERCIAL LTDA;00513418000100;1138569063;Av. Monte Celeste;230;250;02561000;Vila S. Maria;São Paulo;SP;ehs0770@hotmail.com;SHEN ZHEN WEI MEI CHILDCARE PRODUCT LIMITED COMPANY;Andadores Infantis;Portaria Inmetro nº 129 de 19/03/2021;;IN2062423;Modelo 5;;S;China, República Popular;baby style;ANDADOR ANIMAIS;ANIMAISVERSÕES: Andador cachorro vermelho - Ref. 33721 Andador cachorro azul - Ref. 33722 Andador abelha rosa - Ref. 33723 Andador abelha azul - Ref. 33724 . Material: Plástico, metal e tecido. Dimen;4079337218996|4079337228995|4079337238994|4079337248993;Excluido;21/12/2020
140984/1971;Ativo;;16/07/2025;;;KIDDO INDUSTRIA E COMERCIO LTDA;60688090000187;1147870744;Rodovia Regis Bittencourt ;3666;;06793000;Jardim Três Marias ;Taboão da Serra;SP;m.nascimento@kiddo.com.br;JIN SUN GEE PLASTIC CO., LTD;Andadores Infantis;Portaria Inmetro nº 129 de 19/03/2021;;IN2735125;Modelo 5;;S;China, República Popular;Whoop;ANDADOR PASSINHOS 2 EM 1 REF. 8701/CINZA/ROSA/AZUL;MATERIAL:PP. POLIES/DIMENSÕES:59,5X68X53CM/SIST.DE.TRAVAM.:LIBER.EM DUAS AÇÕES CONSECUTIVAS/SIST.DE.MONTAG.E.FERRAGEM:MANUAL (SEM AUX. DE FERRAM)/ACESSÓRIOS:BRINQ./CARACT. DO MODELO:ANDADOR C/ BRINQ.;7896517223871|7896517223888|7896517223895;Incluido;16/07/2025
070177/1978;Ativo;;15/12/2023;;;MADHULA COMERCIO DE ARTIGOS ELETROELETRONICOS LTDA;03838532000190;62811924131;Rua Marcilio Dias;166;;69005270;Centro;Manaus;AM;dgjohnny@gmail.com;PINGHU SHI XIAOTIANDI CHILDREN''S PRODUCTS FACTORY;Andadores Infantis;Portaria Inmetro nº 129 de 19/03/2021;;IN1983523;;;S;China, República Popular;BENMEK;ANDADOR MADHULA/REF.: MA100/VERSÕES:Verde e Azul - MA100VA,Rosa e Roxo - MA100RR,Branco e Azul Escuro - MA100BAE,Amarelo e Vermelho - MA100AV;MAT:PP, FERRO E POLIÉSTER/DIMEN.:63 X 57 X 53 CM/SIST. TRAVAMENTO:Liberação em duas ações consecutivas/SIST. MONTAGEM E FERRAGEM:MANUAL(SEM FERRAMENTA)/ACESS.:n/a/CARACTERÍSTICAS: ANDADOR COM BRINQUED;6901031000158;Incluido;15/12/2023
434988/1997;Inativo;;14/01/2021;;;GALZERANO INDUSTRIA DE CARRINHOS E BERCOS LTDA;43594977000197;1934043030;Via Prefeito Jurandyr Paixão;700;;13481149;Jd. Campo Belo;Limeira;SP;luisfernando.camargo@galzerano.com.br;WEIMEI MEI CHILDCARE PRODUCT (HUIZHOU) LTD., CO;Andadores Infantis;Portaria Inmetro nº 42 de 19/01/2018;;CE-AND/IQB 000006 54025/20-001;;;S;China, República Popular;GALZERANO;Ref.: 4030-Andador 4 em 1 Funny. Versões: 4030CR (Color), 4030VDA (Verde Água);Mat Tec polié Espuma Resina plást Itens fixação Dimens 75x71x55(cm) Sist travament dobradiça plást c/ botão acionament Sist montagem/ferragem encaixe manual Acessórios manuais brinquedos removíveis;7898089221477|7898089221996;Incluido;14/01/2021
728992/2023;Ativo;;30/08/2021;;;TA TE TI INDUSTRIA E COMERCIO DE BRINQUEDOS EDUCATIVOS LTDA;30261120000103;4732422225;RUA TIRADENTES;230;;89107000;CENTRO;POMERODE;SC;qualidade3@grupocalesita.com.br;TA TE TI INDUSTRIA E COMERCIO DE BRINQUEDOS EDUCATIVOS LTDA;Andadores Infantis;Portaria Inmetro nº 129 de 19/03/2021;;CE-AND/IQB 000010 55962/23-001;Modelo 5;;N;Brasil;Tateti;Ref.914 - Move Baby;PP, METAL, TECIDO POLIESTER. DIMENSAO: 70,20X59,83X49,12CM. SIST. TRAVAMENTO:FREIO DIANTEIRO E TRASEIRO. SIST DE MONTAGEM: MANUAL/PARAFUSOS PP. ACESSORIOS:BANDEJA DE BRINQUEDOS;7898664632230;Incluido;02/03/2026
818304/1937;Ativo;;07/02/2022;;;TUTTI BABY INDUSTRIA E COMERCIO DE ARTIGOS INFANTIS LTDA;06981862000129;4733794000;Rod. Guilherme Jensen, SC413, km13;0;;89108000;Distrito Industrial;Massaranduba;SC;certificacao@tuttibaby.com.br;TUTTI BABY INDUSTRIA E COMERCIO DE ARTIGOS INFANTIS LTDA;Andadores Infantis;Portaria Inmetro nº 129 de 19/03/2021;;IN2869325;Modelo 5;;N;Brasil;Tutti Baby;Andador Safari Plus II (Azul / Rosa / Vermelho);ESTRUT. MET.AÇO.TUBULAR/48x60,5x70CM/SIST.DE TRAV. COM.DUAS.AÇÕES.CONSECUT.PARA.LIBER./PARAFUSOS.E. REBITES/BRINQUEDOS.E.ADESIVOS;7898431501615|7898431501622|7898431501639;Excluido;08/04/2022
385531/2005;Inativo;;19/04/2021;;;COMPANHIA DOREL BRASIL PRODUTOS INFANTIS;10659948000107;02135547024;Av. Nilo Peçanha;1516 /1582;Térreo;28030035;Pq dos Rodoviários;Campos dos Goytacaze;RJ;mariana.magalhaes@dorel.com.br;Jin Sun Gee Plastic Co.,Ltd;Andadores Infantis;Portaria Inmetro nº 42 de 19/01/2018;;OCAN-AND.145/21-5;;;S;Formosa (Taiwan);Safety 1st;HE001. Andador Spacewalker. Cores: Grey e Orange.;PP, Ferro, ABS. 58x65.5x71.5cm.Trav.Manual.Sist.Mont.Fren.Manual. Bandeja de Brinquedos.;7908238803932|7908283803949;Incluido;19/04/2021
023007/1950;Ativo;;03/04/2023;;;PLANETA - IMPORTACAO E DISTRIBUICAO DE BRINQUEDOS LTDA;13434272000141;1138951572;AV VASCO MASSAFELI;1000;G1A M1-21;06703600;JARDIM MARIA TEREZA;COTIA;SP;admin@planetadobebe.com.br;HEBEI WANXIN CHILDREN TOYS CO.,LTD.;Andadores Infantis;Portaria Inmetro nº 129 de 19/03/2021;;IN1765923;Modelo 5;;S;China, República Popular;MAXI BABY;ANDADOR LA BAMBA - NW-01 - AZUL #21537/ROSA #21538/VERMELHO #75268;MAT:PP E PART.ABS,AÇOD.ALTOCARB.RODAELASTÔM.TERMOP.,PVC/DIM:580X680X550(LXCXH)/SIS_TRAV:LIBER.EM 2 AÇÕES CONS./SIS_MONT E FERRG:MAN.(S/FERM)/ACES:BANDJ C BRI./CARAC.D.M.:ANDAD.C BRINQ.REG.002149/2023 ;7898975752689|7899403215370|7899403215387;Incluido;18/03/2026
168971/2009;Ativo;;07/08/2024;;;COMERCIO E IMPORTACAO DENISE LTDA;29963642000178;21997976531;RUA DO MILHO;72;A;21011090;PENHA CIRCULAR;RIO DE JANEIRO;RJ;comerciomybaby@hotmail.com;PING HU BEST CHILDREN?S CARRIER CO.LTD;Andadores Infantis;Portaria Inmetro nº 129 de 19/03/2021;;IN2189524;;;S;China, República Popular;MY BABY;PATO A1 - ROSA LISO, AZUL LISO, ROSA COLORIDO, AZUL COLORIDO - Acessórios: Brinquedos Caracteristicas do modelo: Andador infantil com brinquedo elétrico;Material: Ferro, PP e Poliéster Dimensões: 71 x 62 x 55 cm Sistema de Travamento: Liberação em duas ações consecutivas Sistema de Montagem e Ferragem: Manual (com auxílio de ferramenta);6294013738218|6294013738225|6294013738287|6294013738294;Incluido;07/08/2024
668496/1970;Inativo;;24/09/2019;;;Galzerano Indústria de Carrinhos e Berços Ltda;43594977000197;1934043030;Via Prefeito Jurandyr Paixão;700;;13481149;Jd. Campo Belo;Limeira;SP;luisfernando.camargo@galzerano.com.br;SHEN ZHEN WEI MEI CHILDCARE PRODUCT LIMITED COMPANY;Andadores Infantis;Portaria Inmetro nº 42 de 19/01/2018;;CE-AND/IQB 000006 53504/20-001;;;S;China, República Popular;GALZERANO;Andador de bebê 4 em 1 Funny - Versões: Color (CR), Verde Água (VDA);Mat Tec poli Espum Resin plást Itens fix Dimens 75Cx71Lx55A(cm) Sist trav Dobradiç plást c/ botã acion Sist mont frenag Encaix manua Mod Andador c/ módul sonor Pçs girat Cores divers Acess Brinq remov;7898089221477|7898089221996;Incluido;24/09/2019
317011/1976;Ativo;;20/10/2022;;;STYLL ADMINISTRACAO, INVESTIMENTOS, LOCACOES & SERVICOS LIMITADA;22475905000231;11994300960;Rua Marcio Carlim;401;;13849226;Parque Industrial;Mogi Guaçu;SP;alexandre@styll.com.br;STYLL ADMINISTRACAO, INVESTIMENTOS, LOCACOES & SERVICOS LIMITADA;Andadores Infantis;Portaria Inmetro nº 129 de 19/03/2021;;IN1679022;Modelo 5;;N;Brasil;STYLL BABY;ANDADOR SOFT WAY / V:V:AZ.SON.(AND-98.001-05)/RO.SON.(AND-98.002-05)/LAR.SON.(AND-98.003-05)/GUARÁ AZ.(AND-50.022-01)/GUARÁ RO.(AND-50.022-02)/GUARÁ LAR.(AND-50.022-03)/VE.SON.(AND-99.009-68)/AZ.CLÁS.(AND-98.001-04)/RO.CLÁS.(AND-98.002-04))/...;MAT:AÇO,POLIPR. E POLIÉ./DIM:640X570X470MM/SIS.DE TRAV:CATRA.EM BAI.DA BAN.(LIBER. EM DU.AÇÕ.CONS.)/SIST.DE MON.E FERR.:MANUAL(COM CHA.PHI.NÃO INCL.)/ACES:BAND.COM BRIN./ CONT.VERSÔES;7898488590037|7898488590440|7898488590457|7898488590464|7898488590624|7898488599849|7898488599856|7898488599863|7898488599870|7898488599887|789848859994;Incluido;20/10/2022
611015/2002;Ativo;;02/09/2026;;;BAGATOLI COMERCIO DE REFRIGERACAO LTDA;00897750000108;47984556257;BR-470;8105;;89058020;FORTALEZA ALTA;BLUMENAU;SC;digitalpriceconsultoria@gmail.com;PINGHU XIAOTIANDI CHILDREN?S PRODUCTS FACTORY;Andadores Infantis;Portaria Inmetro nº 129 de 19/03/2021;;IN3155526;Modelo 5;;S;China, República Popular;BAGATOLI KIDS;MOD: ANDADOR INFANTIL PULSE/ N.COM: PULSE/ V.: ROSA, AZUL, CINZA;MAT.:PP,POLIÉSTER,AÇO/DIM.:51X61X69CM/SIST.TRAV.:LIB.2 AÇÕES CONSEC./SIST.MONT.FERR.:REBITES,PARAF.E ENCAIXE PEÇAS PLÁST./ACESS.:BRINQ.NA BANDEJA/CARACT.MOD.:ANDADOR C/BRINQ.;7901030400859|7901030400866|7901030400873;Incluido;02/09/2026
532399/1939;Ativo;;05/08/2021;;;GALZERANO INDUSTRIA DE CARRINHOS E BERCOS LTDA;43594977000197;19999947357;Via Prefeito Jurandyr Paixão;700;;13481149;Jd. Campo Belo;Limeira;SP;luisfernando.camargo@galzerano.com.br;GALZERANO INDUSTRIA DE CARRINHOS E BERCOS LTDA;Andadores Infantis;Portaria Inmetro nº 129 de 19/03/2021;;CE-AND/IQB 000006 54618/21-001;;;N;Brasil;GALZERANO;Ref.: 4050-Andador Torino. Versões: 4050PTR (Preto Rosa), 4050PTT (Preto Terracota);Mat Tec poliest Espum PP PA6 Master Tint Tub aço Itens fix/aviam CxLxA(cm) 71x62,5x51,5 Trav Trilh plást c/ botão destrav e reg alt Acess Band brinq não remove retrov Caract Tec Pçs plást Tint Ferrage;7908200102193|7908200102209;Excluido;01/09/2021
905030/1928;Ativo;;07/02/2022;;;TUTTI BABY INDUSTRIA E COMERCIO DE ARTIGOS INFANTIS LTDA;06981862000129;4733794000;Rod. Guilherme Jensen, SC413, km13;0;;89108000;Distrito Industrial;Massaranduba;SC;certificacao@tuttibaby.com.br;TUTTI BABY INDUSTRIA E COMERCIO DE ARTIGOS INFANTIS LTDA;Andadores Infantis;Portaria Inmetro nº 129 de 19/03/2021;;IN2869325;Modelo 5;;N;Brasil;Tutti Baby;Andador Safari Plus II (Azul / Rosa / Vermelho);ESTRUT. MET.AÇO.TUBULAR/48x60,5x70CM/SIST.DE TRAV. COM.DUAS.AÇÕES.CONSECUT.PARA.LIBER./PARAFUSOS.E. REBITES/BRINQUEDOS.E.ADESIVOS;7898431501615|7898431501622|7898431501639;Excluido;08/04/2022
005524/1958;Ativo;;14/08/2019;;;BAMBOO COMERCIO, IMPORTAÇÃO E EXPORTAÇÃO EIRELI-EPP;27115224000103;8132419265;Rua. Alegre;154;Galpão A;52120125;Arruda;Recife;PE;bamboo@yescert.com.br;ZHEJIANG KINTEX INTERNATIONAL TRADING CO., LTD;Andadores Infantis;Portaria Inmetro nº 129 de 19/03/2021;;IN1632922;;;S;China, República Popular;BAMBOO;NOME FANTASIA: ANDAJAR GUGU MODELO: MD-18 CORES: VERDE;PLÁSTICO, METAL E FIBRA TÊXTIL,520 x 560 x 620 mm,MANUAL,MANUAL,BANDEJA, VOLANTE DO PUXADOR.;7909312341029;Excluido;22/07/2022
199034/1955;Ativo;;29/01/2025;;;MD COMERCIO DE FERRAGENS LTDA;55274701000100;92981285408;AVENIDA JOAQUIM NABUCO, ;1094;A;69020030;CENTRO;MANAUS;AM;monadowlani@gmail.com;Hebei Zhongtai Bicycle manufacturing Co,. Ltd;Andadores Infantis;Portaria Inmetro nº 129 de 19/03/2021;;IN2520425;;;S;China, República Popular;ULTRA BABY;ANDADOR INFANTIL MUSICAL PARA BEBÊ/REF.:UBW-1026/PINK/GREEN/BLUE;MAT:PU,PP,AÇO,POLIÉSTER,ABS/DIM:70X60X55CM/SIST.DE TRAV.:LIB.EM DUAS AÇÕ.CONS./SIS.DE MONT.E FER.:MAN.(S/FERR.)/ACESS.:BANDE.COM BRINQ./CARAC.DO MODE.:ANDAD.C/BRINQ;7890012365050|7890012366064|7890012367078;Incluido;29/01/2025
666397/1961;Ativo;;27/08/2026;;;MADHULA COMERCIO DE ARTIGOS ELETROELETRONICOS LTDA;03838532000190;92994433107;Rua Marcilio Dias;166;;69005270;Centro;Manaus;AM;mayapunjwani@gmail.com;PINGHU XIAOTIANDI CHILDREN?S PRODUCTS FACTORY;Andadores Infantis;Portaria Inmetro nº 129 de 19/03/2021;;IN3141126-2;Modelo 5;;S;China, República Popular;BENMEK;ANDADOR MADHULA/ MA101/ Rosa - MA101R/ Azul - MA101A/ Verde - MA101V/ Laranja - MA101L;MAT.:PP, FERRO E POLIÉSTER/DIM.:63X57X53 CM/SIST. DE TRAV.:LIBERAÇÃO EM DUAS AÇÕES CONSECUTIVAS/SIST. MONT. E FERR.:MANUAL (SEM FERRAMENTA)/ACESS.:BRINQUEDO/CARACT. DO MOD.:ANDADOR COM BRINQUEDO;6901031000158;Incluido;27/08/2026
493038/1981;Ativo;;29/04/2024;;;TAPUZIM COMERCIAL LTDA;00513418000100;1138569063;Av. Monte Celeste;230;250;02561000;Vila S. Maria;São Paulo;SP;sergio@babystylebrasil.com.br;SHEN ZHEN WEI MEI CHILDCARE PRODUCT LIMITED COMPANY;Andadores Infantis;Portaria Inmetro nº 129 de 19/03/2021;;IN2118124-1;;;S;China, República Popular;Baby Style;ANDADOR SMART - SMART AZUL E SMART ROSA;PP,62 X 53 X 78CM,LIBERAÇÃO EM DUAS AÇÕES CONSECUTIVAS,MANUAL (SEM FERRAMENTA),ACESSÓRIOS:N/A/CARAC MODELO:ANDADOR C BRINQUEDO NA BANDEJA;4079337307416|4079337313325;Incluido;29/04/2024
787042/2007;Ativo;;09/12/2019;;;TAPUZIM COMERCIAL LTDA;00513418000100;1138569063;Av. Monte Celeste;230;250;02561000;Vila S. Maria;São Paulo;SP;ehs0770@hotmail.com;SHEN ZHEN WEI MEI CHILDCARE PRODUCT LIMITED COMPANY;Andadores Infantis;Portaria Inmetro nº 129 de 19/03/2021;;IN2062423;Modelo 5;;S;China, República Popular;Baby Style;MODELO: ANIMAIS VERSÕES: Andador cachorro vermelho - Ref. 33721 Andador cachorro azul - Ref. 33722 Andador abelha rosa - Ref. 33723 Andador abelha azul - Ref. 33724 Andador pianinho rosa Ref: 33725 Andador pianinho azul Ref: 33726;Material: Plástico, metal e tecido, Dimensões: 50 x 70 x 60 cm, Sistema de Travamento: Stoper, Sistema deMontagem e Ferragem: Tesoura, Acessórios: Bandeja musical;4079337218996|4079337228995|4079337238994|4079337248993|4079337251993|4079337261992;Excluido;29/01/2024
081057/1934;Ativo;;09/12/2019;;;TAPUZIM COMERCIAL LTDA;00513418000100;1138569063;Av. Monte Celeste;230;250;02561000;Vila S. Maria;São Paulo;SP;ehs0770@hotmail.com;SHEN ZHEN WEI MEI CHILDCARE PRODUCT LIMITED COMPANY;Andadores Infantis;Portaria Inmetro nº 129 de 19/03/2021;;IN2062423;Modelo 5;;S;China, República Popular;Baby Style;MODELO: ANIMAIS VERSÕES: Andador cachorro vermelho - Ref. 33721 Andador cachorro azul - Ref. 33722 Andador abelha rosa - Ref. 33723 Andador abelha azul - Ref. 33724 Andador pianinho rosa Ref: 33725 Andador pianinho azul Ref: 33726;Material: Plástico, metal e tecido, Dimensões: 50 x 70 x 60 cm, Sistema de Travamento: Stoper, Sistema deMontagem e Ferragem: Tesoura, Acessórios: Bandeja musical;4079337218996|4079337228995|4079337238994|4079337248993|4079337251993|4079337261992;Excluido;29/01/2024
496803/1987;Inativo;;14/01/2021;;;GALZERANO INDUSTRIA DE CARRINHOS E BERCOS LTDA;43594977000197;1934043030;Via Prefeito Jurandyr Paixão;700;;13481149;Jd. Campo Belo;Limeira;SP;luisfernando.camargo@galzerano.com.br;HUNGSENG HARDWARE PLASTIC (DG) CORP., LTD;Andadores Infantis;Portaria Inmetro nº 42 de 19/01/2018;;CE-AND/IQB 000006 54018/20-001;;;S;China, República Popular;GALZERANO;Ref.: 4015-Andador 3 em 1 Fênix. Versões: 4015CR (Color);Mat Tec polié Espum Resin plást Itens fixação Dimens 103x103x72(cm) Sist travamento suporte plástico c/ encaixe Sist montagem/ferragem encaixes manuais Acessório: Bandeja de brinquedos não removíveis;7908200101936;Incluido;14/01/2021
172133/1998;Ativo;;27/03/2026;;;HEMNANI COMERCIO DE VARIEDADES LTDA.;05469291000185;9232330121;Rua Marcílio Dias;304;;69005270;Centro;Manaus;AM;hemnanibr@yahoo.com;PINGHU XIAOTIANDI CHILDREN?S PRODUCTS FACTORY;Andadores Infantis;Portaria Inmetro nº 129 de 19/03/2021;;IN2911926;Modelo 5;;S;China, República Popular;SITA;ANDADOR AKH602 - AKH602 - AVIÃO - AVIAO;MAT:PP,FERRO E POLIE./DIM:70 X62.5 X 51 CM/SISTEMA DE TRAVAMENTO:LIBERAÇÃO EM DUAS AÇÕES CONSECUTIVAS/SISTEMA DE MONTAGEM E FERRAGEM:MAN.(S/FERRAM.)/ACESS:BAND.MUSI./CARAC.DO MOD.:AND.COM BAND.MUSI.;0618231660148;Incluido;27/03/2026
978845/1956;Ativo;;16/09/2024;;;AMAZONAS IMPORTADOS LTDA;07269201000138;9691131654;Rua Independência;175;;68900090;Central;Macapa;AP;adriana.abreu@amazonasimportados.com.br;YIWU BALBIAN ELECTRONIC TECHNOLOGICAL CO., LTD;Andadores Infantis;Portaria Inmetro nº 129 de 19/03/2021;;IN2086424-1;;;S;China, República Popular;LÉ PETIT;MODE:BABY WALKER/REF:LP-9517/ CONT: ANDADOR COM BRINQUEDO ACOPLADO/VERSÕES:AZUL,ROSA,VERDE,;MAT:PP E POLIÉSTER/DIM:62X55,5X50CM/SIST DE TRAV:LIBERAÇÃO EM DUAS AÇÕES CONSECUTIVAS/SIST DE MONT E FERRAGEM:MANUAL (SEM FERRAMENTA)/ACESSÓRIOS:N/A.CARACTERISTICAS DO MODELO:;453068745717;Incluido;16/09/2024
375061/1960;Ativo;;22/11/2023;;;JASSUMAL LTDA;04214425000154;62811924131;AV SETE SETEMBRO;852;;69005140;CENTRO;MANAUS;AM;dgjohnny@gmail.com;PINGHU SHI XIAOTIANDI CHILDREN?S PRODUCTS FACTORY;Andadores Infantis;Portaria Inmetro nº 129 de 19/03/2021;;IN1984323;;;S;China, República Popular;BABY SPORTS;ANDADOR JASSUMAL /REF: BS103 /VERSÕES:Azul Claro e Escuro - BS103A/Rosa Claro e Escuro - BS103R/Roxo e Rosa Escuro - BS103RR;MATERIAL:PP, FERRO E POLIÉSTER|DIMENSÕES:63 X 57 X 53 CM|SISTEMA DE TRAVAMENTO:LIBERAÇÃO EM DUAS AÇÕES CONSECUTIVAS|SISTEMA DE MONTAGEM E FERRAGEM:MANUAL (SEM FERRAMENTA)|ACESSÓRIOS:N/A|CARACTERISTICA;6901041000155;Incluido;22/11/2023
669065/1986;Ativo;;20/10/2022;;;STYLL ADMINISTRACAO, INVESTIMENTOS, LOCACOES & SERVICOS LIMITADA;22475905000231;11994300960;Rua Marcio Carlim;401;;13849226;Parque Industrial;Mogi Guaçu;SP;alexandre@styll.com.br;STYLL ADMINISTRACAO, INVESTIMENTOS, LOCACOES & SERVICOS LIMITADA;Andadores Infantis;Portaria Inmetro nº 129 de 19/03/2021;;IN1679022;Modelo 5;;N;Brasil;STYLL BABY;ANDADOR SOFT WAY / V:V:AZ.SON.(AND-98.001-05)/RO.SON.(AND-98.002-05)/LAR.SON.(AND-98.003-05)/GUARÁ AZ.(AND-50.022-01)/GUARÁ RO.(AND-50.022-02)/GUARÁ LAR.(AND-50.022-03)/VE.SON.(AND-99.009-68)/AZ.CLÁS.(AND-98.001-04)/RO.CLÁS.(AND-98.002-04))/...;MAT:AÇO,POLIPR. E POLIÉ./DIM:640X570X470MM/SIS.DE TRAV:CATRA.EM BAI.DA BAN.(LIBER. EM DU.AÇÕ.CONS.)/SIST.DE MON.E FERR.:MANUAL(COM CHA.PHI.NÃO INCL.)/ACES:BAND.COM BRIN./ CONT.VERSÔES;7898488590037|7898488590440|7898488590457|7898488590464|7898488590624|7898488599849|7898488599856|7898488599863|7898488599870|7898488599887|789848859994;Incluido;20/10/2022
775638/1936;Ativo;;07/02/2022;;;TUTTI BABY INDUSTRIA E COMERCIO DE ARTIGOS INFANTIS LTDA;06981862000129;4733794000;Rod. Guilherme Jensen, SC413, km13;0;;89108000;Distrito Industrial;Massaranduba;SC;certificacao@tuttibaby.com.br;TUTTI BABY INDUSTRIA E COMERCIO DE ARTIGOS INFANTIS LTDA;Andadores Infantis;Portaria Inmetro nº 129 de 19/03/2021;;IN2869325;Modelo 5;;N;Brasil;Tutti Baby;Andador Safari Plus II (Azul / Rosa / Vermelho);ESTRUT. MET.AÇO.TUBULAR/48x60,5x70CM/SIST.DE TRAV. COM.DUAS.AÇÕES.CONSECUT.PARA.LIBER./PARAFUSOS.E. REBITES/BRINQUEDOS.E.ADESIVOS;7898431501615|7898431501622|7898431501639;Excluido;08/04/2022
748891/1933;Ativo;;07/03/2024;;;COMPANHIA DOREL BRASIL PRODUTOS INFANTIS;10659948000107;2135547024;Av. Nilo Peçanha;1516;1582;28030035;Pq dos Rodoviários;Campos dos Goytacaze;RJ;standard@dorel.com.br;COMPANHIA DOREL BRASIL PRODUTOS INFANTIS;Andadores Infantis;Portaria Inmetro nº 129 de 19/03/2021;;IN2040823;Modelo 5;;N;Brasil;INFANTI/ COSCO;APPIA/ ZIGGY - HE022 - N/A - AZUL / ROSA / AZUL / ROSA;MAT:PP,PES,PTA,EG,POLIPROPILENO E POLIETILENO/DIM:56,5 X 68 X 60,5 CM/SIST D TRAVAMENTO:LIB EM DUAS AÇÕES CONSEC/SIST DE MNTGM E FERRG:MAN (SEM FER)/ACESS:BAND D BRINQ./CARACT D MODELO:ANDADOR C BRINQ;7908238809774|7908238809781|7908238815812|7908238815829;Incluido;10/04/2026
541527/1946;Ativo;;14/08/2019;;;BAMBOO COMERCIO, IMPORTAÇÃO E EXPORTAÇÃO EIRELI-EPP;27115224000103;8132419265;Rua. Alegre;154;Galpão A;52120125;Arruda;Recife;PE;bamboo@yescert.com.br;ZHEJIANG KINTEX INTERNATIONAL TRADING CO., LTD;Andadores Infantis;Portaria Inmetro nº 129 de 19/03/2021;;IN1632922;;;S;China, República Popular;BAMBOO;NOME FANTASIA: ANDAJAR GUGU MODELO: MD-18 CORES: VERDE;PLÁSTICO, METAL E FIBRA TÊXTIL,520 x 560 x 620 mm,MANUAL,MANUAL,BANDEJA, VOLANTE DO PUXADOR.;7909312341029;Excluido;22/07/2022
963069/2012;Ativo;;09/12/2019;;;TAPUZIM COMERCIAL LTDA;00513418000100;1138569063;Av. Monte Celeste;230;250;02561000;Vila S. Maria;São Paulo;SP;ehs0770@hotmail.com;SHEN ZHEN WEI MEI CHILDCARE PRODUCT LIMITED COMPANY;Andadores Infantis;Portaria Inmetro nº 129 de 19/03/2021;;IN2062423;Modelo 5;;S;China, República Popular;baby style;ANDADOR ANIMAIS;ANIMAISVERSÕES: Andador cachorro vermelho - Ref. 33721 Andador cachorro azul - Ref. 33722 Andador abelha rosa - Ref. 33723 Andador abelha azul - Ref. 33724 . Material: Plástico, metal e tecido. Dimen;4079337218996|4079337228995|4079337238994|4079337248993;Excluido;21/12/2020
958234/1976;Ativo;;05/08/2021;;;GALZERANO INDUSTRIA DE CARRINHOS E BERCOS LTDA;43594977000197;19999947357;Via Prefeito Jurandyr Paixão;700;;13481149;Jd. Campo Belo;Limeira;SP;luisfernando.camargo@galzerano.com.br;GALZERANO INDUSTRIA DE CARRINHOS E BERCOS LTDA;Andadores Infantis;Portaria Inmetro nº 129 de 19/03/2021;;CE-AND/IQB 000006 54618/21-001;;;N;Brasil;GALZERANO;Ref.: 4050-Andador Torino. Versões: 4050RO (Rosa), 4050TER (Terracota), 4050EST (Estrela), 4050SPR (Spring) - Material: Tecido poliéster, TNT, Espuma, PP, PA6, Master, Tinta, Tubo de aço, Itens de fixação e aviamentos. Dimensões: CxLxA (cm) 71x62,5x51,5. Sistema de travamento: Trilho plástico com botão de destrave e regulagem de altura;Sistema de montagem/ferragem: Manual. Acessórios que venham com o produto: Bandeja de brinquedos não removível, Características do modelo: Tecidos, Peças plásticas, Tinta, Ferragens;7908200102247|7908200102254|7908200102520|7908200102537;Excluido;17/01/2024
257084/1939;Ativo;;19/06/2026;;;LILI FLORES ARTESANAIS LTDA;50509301000113;2199999999;R SANTO SEPULCRO;00279;;21350220;MADUREIRA;RIO DE JANEIRO;RJ;xiaoweiliu663@gmail.com;PINGHU XIAOTIANDI CHILDREN''S PRODUCTS FACTORY ;Andadores Infantis;Portaria Inmetro nº 129 de 19/03/2021;;IN3051726;Modelo 5;;S;China, República Popular;LILI;MOD:ANDADOR LL-2931 / CÓD. DE REFERÊNCIA COMERCIAL: LL-2931 / AZUL,ROSA,VERDE;MAT.:PP, POLIÉSTER E POLIETILENO/DIM:56,5X68X60,5CM/ SIST.TRAV.:LIBERAÇÃO EM DUAS AÇÕES CONSECUTIVAS/SIST. MONT.:LIBERAÇÃO EM DUAS AÇÕES CONSECUTIVAS/SEM ACESSÓRIOS/ANDADOR COM BRINQUEDO INTERATIVO;;Incluido;19/06/2026
605117/1986;Ativo;;03/04/2023;;;PLANETA - IMPORTACAO E DISTRIBUICAO DE BRINQUEDOS LTDA;13434272000141;1138951572;AV VASCO MASSAFELI;1000;G1A M1-21;06703600;JARDIM MARIA TEREZA;COTIA;SP;admin@planetadobebe.com.br;HEBEI WANXIN CHILDREN TOYS CO.,LTD.;Andadores Infantis;Portaria Inmetro nº 129 de 19/03/2021;;IN1765923;Modelo 5;;S;China, República Popular;MAXI BABY;ANDADOR LA BAMBA - NW-01 - AZUL #21537/ROSA #21538/VERMELHO #75268;MAT: PP E PAR. ABS, AÇO DE ALT. CARB.-RODA ELAST. TERM.,PVC/DIM:580X680X550(LXCXH)/SIS_TRAV:LIBE.EMDUAS AÇÕES CONS./SIS_MONT E FER:MAN.(S/FER.)/ACES:BAND C BRINQ./CARAC.DO MOD:ANDADOR C BRI.(BAD. MUS.;7898975752689|7899403215370|7899403215387;Excluido;18/03/2026
937555/1994;Ativo;;27/03/2026;;;HEMNANI COMERCIO DE VARIEDADES LTDA.;05469291000185;9232330121;Rua Marcílio Dias;304;;69005270;Centro;Manaus;AM;hemnanibr@yahoo.com;PINGHU XIAOTIANDI CHILDREN?S PRODUCTS FACTORY;Andadores Infantis;Portaria Inmetro nº 129 de 19/03/2021;;IN2911926;Modelo 5;;S;China, República Popular;SITA;ANDADOR AKH602 - AKH602 - AVIÃO - AVIAO;MAT:PP,FERRO E POLIE./DIM:70 X62.5 X 51 CM/SISTEMA DE TRAVAMENTO:LIBERAÇÃO EM DUAS AÇÕES CONSECUTIVAS/SISTEMA DE MONTAGEM E FERRAGEM:MAN.(S/FERRAM.)/ACESS:BAND.MUSI./CARAC.DO MOD.:AND.COM BAND.MUSI.;0618231660148;Incluido;27/03/2026
844881/1935;Inativo;;14/08/2019;;;Companhia Dorel Brasil Produtos Infantis;10659948000107;2135633602;Av. Nilo Peçanha;1516 /1582;Térreo;28030035;Pq dos Rodoviários;Campos dos Goytacaze;RJ;mariana.magalhaes@dorel.com.br;Hua Song Plastic Products Co Ltd;Andadores Infantis;Portaria Inmetro nº 42 de 19/01/2018;;OCAN-AND.145/19-3;;;S;China, República Popular;Safety 1st;11389;Nome Fantasia: Melody Garden. Cor única. Material: Ferro, plástico e PP. 64x55x66 cm. Sistema de Travamento e Montagem: Manual. Acessórios: Bandeja.;9312541727119;Incluido;14/08/2019
754601/1994;Inativo;;14/08/2019;;;Companhia Dorel Brasil Produtos Infantis;10659948000107;2135633602;Av. Nilo Peçanha;1516 /1582;Térreo;28030035;Pq dos Rodoviários;Campos dos Goytacaze;RJ;mariana.magalhaes@dorel.com.br;JIN SUN GEE PLASTIC CO.,LTD;Andadores Infantis;Portaria Inmetro nº 42 de 19/01/2018;;OCAN-AND.145/19-1;;;S;Formosa (Taiwan);Voyage;BG-1518;Nome Fantasia: Baby Step. Cores: Rosa e Azul. Material: Ferro, Plástico e Polipropileno. 60x49x68cm. Sistema Travamento e Montagem:Manual. Acessórios: Bandeja.;7908238801280|7908238801297;Incluido;14/08/2019
376938/2013;Ativo;;29/04/2024;;;TAPUZIM COMERCIAL LTDA;00513418000100;1138569063;Av. Monte Celeste;230;250;02561000;Vila S. Maria;São Paulo;SP;sergio@babystylebrasil.com.br;SHEN ZHEN WEI MEI CHILDCARE PRODUCT LIMITED COMPANY;Andadores Infantis;Portaria Inmetro nº 129 de 19/03/2021;;IN2118124-1;;;S;China, República Popular;Baby Style;ANDADOR SMART - SMART AZUL E SMART ROSA;PP,62 X 53 X 78CM,LIBERAÇÃO EM DUAS AÇÕES CONSECUTIVAS,MANUAL (SEM FERRAMENTA),ACESSÓRIOS:N/A/CARAC MODELO:ANDADOR C BRINQUEDO NA BANDEJA;4079337307416|4079337313325;Incluido;29/04/2024
551088/1965;Ativo;;07/02/2022;;;TUTTI BABY INDUSTRIA E COMERCIO DE ARTIGOS INFANTIS LTDA;06981862000129;4733794000;Rod. Guilherme Jensen, SC413, km13;0;;89108000;Distrito Industrial;Massaranduba;SC;certificacao@tuttibaby.com.br;TUTTI BABY INDUSTRIA E COMERCIO DE ARTIGOS INFANTIS LTDA;Andadores Infantis;Portaria Inmetro nº 129 de 19/03/2021;;IN2869325;Modelo 5;;N;Brasil;TUTTI BABY;ANDADOR SAFARI II-ANDADOR 40.002-40002003/40002004/40002007/40003004/40004002/40004003;MAT:PP/ALGODAO/DIM:51X61X70CM/SIS_TRAV:DOIS DISPOS DE TRAV IND. OPER. SIMULTÂNEAMENTE/SIS_MONT/FERRG:REBITES,PARAF,ENCAIXE DE PÇS PLAST/ACESS:BAND. C/ BRINQ/CARAC. DO MOD.:ANDADOR C/ BRINQ NA BAND;7898431501615|7898431501622|7898431501639|7898431501684|7898431501691|7898431501707;Incluido;27/02/2026
845092/1991;Ativo;;14/08/2019;;;BAMBOO COMERCIO, IMPORTAÇÃO E EXPORTAÇÃO EIRELI-EPP;27115224000103;8132419265;Rua. Alegre;154;Galpão A;52120125;Arruda;Recife;PE;bamboo@yescert.com.br;ZHEJIANG KINTEX INTERNATIONAL TRADING CO., LTD;Andadores Infantis;Portaria Inmetro nº 129 de 19/03/2021;;IN1632922;;;S;China, República Popular;BAMBOO;MODELO:MD-18NOME COMERCIAL:ANDAJAR GUGUVERSÕES: Azul (Ref.: MD18.1)Rosa (Ref.: MD18.2)Verde (Ref.: MD18.3)Vermelho (Ref.: MD18.4);Mat: PLAST / MET/FIB TEXTIL,DIM:ABRT:62X56X52CM,FECH:62X56X16,SIST TRAV:LIBER EM 2 ACOES CONSEC,SIST MONT FERRAG: MANUAL(S/FERRAMENTA),ACESS:BANDEJ C/BRINQ E HAST C/PUXADOR;7909312341029;Incluido;22/07/2022
826750/2025;Ativo;;07/02/2022;;;TUTTI BABY INDUSTRIA E COMERCIO DE ARTIGOS INFANTIS LTDA;06981862000129;4733794000;Rod. Guilherme Jensen, SC413, km13;0;;89108000;Distrito Industrial;Massaranduba;SC;certificacao@tuttibaby.com.br;TUTTI BABY INDUSTRIA E COMERCIO DE ARTIGOS INFANTIS LTDA;Andadores Infantis;Portaria Inmetro nº 129 de 19/03/2021;;IN2869325;Modelo 5;;N;Brasil;Tutti Baby;Andador Safari II Azul/Rosa/Vermelho/Andador Princesa Rosa Coroa/Andador Acqua Explorador Cinza/Roxo;ESTRUT. MET.AÇO.TUBULAR/48x60,5x70CM/SIST.DE TRAV. COM.DUAS.AÇÕES.CONSECUT.PARA.LIBER./PARAFUSOS.E. REBITES/BRINQUEDOS.E.ADESIVOS;7898431501615|7898431501622|7898431501639|7898431501684|7898431501691|7898431501707;Excluido;12/01/2024
139096/2018;Inativo;;12/01/2023;;;COMPANHIA DOREL BRASIL PRODUTOS INFANTIS;10659948000883;2135547024;Av. Nilo Peçanha;1516 ;Galpão 3 ;28030035;Pq dos Rodoviários;Campos dos Goytacaze;RJ;standard@dorel.com.br;Jin Sun Gee Plastics Co., Ltd;Andadores Infantis;Portaria Inmetro nº 129 de 19/03/2021;;IN1701622-3;;;S;Formosa (Taiwan);Safety 1st;HE001. Nome comercial: Spacewalker 3 em 1. Versões: Grey, Orange.;PP,Ferro,Aço,ABS,PVC,POM,TPR,MB475,Pol,65.5x50x71.5cm.Trav:Lib.2ações cons.,Mont:Manual.Aces.Brinq.;7908238803932|7908238803949;Incluido;12/01/2023
168971/2009;Ativo;;12/04/2021;;;TUTTI BABY INDUSTRIA E COMERCIO DE ARTIGOS INFANT;06981862000129;4733794000;Rod. Guilherme Jensen;0;Galpão 01;89108000;Distrito Industrial;Massaranduba;SC;qualidade@tuttibaby.com.br;TUTTI BABY INDUSTRIA E COMERCIO DE ARTIGOS INFANT;Andadores Infantis;Portaria Inmetro nº 129 de 19/03/2021;;CE-AND/IQB 000005 54149/20-001;Modelo 5;;N;Brasil;Tutti Baby;Andador 40.001;ESTRUT.MET. DE AÇO TUB.PLÁST. DE ENG.ALGODÃO.48CM X60,5CMX70CM,COM DUAS AÇÕESCONSEC PARA LIB.REB.E PARAF.BRINQ. E ADES.BASE SUP.BASE INF.FREIO ANTI-QUEDA E CONJ.DE RODAS,PNEU DA RODA TRAS. E TRAVA ANT;7898431501219|7898431501226|7898431501233;Incluido;12/04/2021
126561/1965;Ativo;;29/04/2024;;;TAPUZIM COMERCIAL LTDA;00513418000100;1138569063;Av. Monte Celeste;230;250;02561000;Vila S. Maria;São Paulo;SP;sergio@babystylebrasil.com.br;SHEN ZHEN WEI MEI CHILDCARE PRODUCT LIMITED COMPANY;Andadores Infantis;Portaria Inmetro nº 129 de 19/03/2021;;IN2118124-1;;;S;China, República Popular;Baby Style;ANDADOR SMART - SMART AZUL E SMART ROSA;PP,62 X 53 X 78CM,LIBERAÇÃO EM DUAS AÇÕES CONSECUTIVAS,MANUAL (SEM FERRAMENTA),ACESSÓRIOS:N/A/CARAC MODELO:ANDADOR C BRINQUEDO NA BANDEJA;4079337307416|4079337313325;Incluido;29/04/2024
433111/1944;Cancelado;;24/08/2020;;14/07/2025;Dardara Comercio Importacao e Exportacao Ltda.;07774907000157;1147447248;R VALENTIM MAGALHAES;95;***;03184090;ALTO DA MOOCA;SÃO PAULO;SP;dardara@yescert.com.br;FOSHAN BAOLIMEI CHILD?S VEHICLE CO.LTD;Andadores Infantis;Portaria Inmetro nº 42 de 19/01/2018;;OCAN-AND.134/20-5;;;S;China, República Popular;DARDARA;ANDADOR CARRO (FD-2407);Material: Moldes e peças em plástico P.P.(polipropileno) Adesivos (papel colante) Painel - parte interna: sistema eletrônico (placa, fio colorido, alto falante). Estrutura em metal, Dimensões: 74 x 63;;Incluido;24/08/2020
620433/1967;Inativo;;14/08/2019;;;Companhia Dorel Brasil Produtos Infantis;10659948000107;2135633602;Av. Nilo Peçanha;1516 /1582;Térreo;28030035;Pq dos Rodoviários;Campos dos Goytacaze;RJ;mariana.magalhaes@dorel.com.br;Hua Song Plastic Products Co Ltd;Andadores Infantis;Portaria Inmetro nº 42 de 19/01/2018;;OCAN-AND.145/19-3;;;S;China, República Popular;Safety 1st;11389;Nome Fantasia: Melody Garden. Cor única. Material: Ferro, plástico e PP. 64x55x66 cm. Sistema de Travamento e Montagem: Manual. Acessórios: Bandeja.;9312541727119;Incluido;14/08/2019
166872/2000;Ativo;;07/02/2022;;;TUTTI BABY INDUSTRIA E COMERCIO DE ARTIGOS INFANTIS LTDA;06981862000129;4733794000;Rod. Guilherme Jensen, SC413, km13;0;;89108000;Distrito Industrial;Massaranduba;SC;certificacao@tuttibaby.com.br;TUTTI BABY INDUSTRIA E COMERCIO DE ARTIGOS INFANTIS LTDA;Andadores Infantis;Portaria Inmetro nº 129 de 19/03/2021;;IN2869325;Modelo 5;;N;Brasil;Tutti Baby;Andador Safari Plus II (Azul / Rosa / Vermelho);ESTRUT. MET.AÇO.TUBULAR/48x60,5x70CM/SIST.DE TRAV. COM.DUAS.AÇÕES.CONSECUT.PARA.LIBER./PARAFUSOS.E. REBITES/BRINQUEDOS.E.ADESIVOS;7898431501615|7898431501622|7898431501639;Excluido;08/04/2022
814403/1927;Ativo;;29/01/2025;;;HCM INDUSTRIA E IMPORTACAO LTDA;12538691000160;3798753533;RUA SERGIPE ;1963;;35591096;SANTA ALEXANDRINA;LAGOA DA PRATA;MG;compras@hcmmalta.com.br;HCM INDUSTRIA E IMPORTACAO LTDA;Andadores Infantis;Portaria Inmetro nº 129 de 19/03/2021;;IN2431224-1;;;N;Brasil;JUMBO BABY;ANDADOR MUSICAL SUPERLUXO JUMBO BABY/Acessórios:Assento,Empurrador,Painel Musical/Caracteristicas do modelo:Andador com brinquedo na bandeja/Versões:AZUL,ROSA,VERMELHO,LARANJA;Mat:POLIPROPILENO (PP)/ACO CARBONO(FERRAGENS)/TECIDO(POLIÉSTER)/Dim:69,5X58,5X14,5/Sist de Trav:Liberação em duas ações consecutivas/Sist de Mont e Fer:Manual(sem ferramenta);7898947715025|7898947715032|7898947715049|7898947715056;Incluido;29/01/2025
980511/1953;Ativo;;15/12/2023;;;MADHULA COMERCIO DE ARTIGOS ELETROELETRONICOS LTDA;03838532000190;62811924131;Rua Marcilio Dias;166;;69005270;Centro;Manaus;AM;dgjohnny@gmail.com;PINGHU SHI XIAOTIANDI CHILDREN''S PRODUCTS FACTORY;Andadores Infantis;Portaria Inmetro nº 129 de 19/03/2021;;IN1983523;;;S;China, República Popular;BENMEK;ANDADOR MADHULA/REF.: MA100/VERSÕES:Verde e Azul - MA100VA,Rosa e Roxo - MA100RR,Branco e Azul Escuro - MA100BAE,Amarelo e Vermelho - MA100AV;MAT:PP, FERRO E POLIÉSTER/DIMEN.:63 X 57 X 53 CM/SIST. TRAVAMENTO:Liberação em duas ações consecutivas/SIST. MONTAGEM E FERRAGEM:MANUAL(SEM FERRAMENTA)/ACESS.:n/a/CARACTERÍSTICAS: ANDADOR COM BRINQUED;6901031000158;Incluido;15/12/2023
902249/2000;Ativo;;30/09/2019;;;BURIGOTTO SA INDUSTRIA E COMERCIO;51460277000138;1934042000;Rua Martino Dragone;280;;13480308;Jardim Santa Barbara;Limeira;SP;carlos.riva@burigotto.com;JIN SUN GEE PLASTICS. CO., LTD.;Andadores Infantis;Portaria Inmetro nº 42 de 19/01/2018;;CE-AND/IQB 000004 53005/19-001;;;S;Formosa (Taiwan);Burigotto;Andador Baby Coupe (ref. com. IXAN3034PK10-Rosa, IXAN3034AZ19-Azul, IXAN3034CL-CL);Andador Infantil, Mat.: Polipropileno, Nylon, Aço, Tecido e Espuma, Dim: 760X650X640mm, Sist. Trav. Automático, Sistema Montagem/Ferragem Rebites, parafusos e Encaixe de peças plásticas, Acessorio: Ba;7896502916146|7896502916160|7896502935550;Incluido;30/09/2019
694248/1995;Ativo;;19/02/2026;;;RGM  COMERCIO E SERVICOS LTDA;18007664000148;11996294240;Avenida Angélica;511;Cj. 904;01227100;Santa Cecilia;São Paulo;SP;papush@uol.com.br;PINGHU XIAOTIANDI CHILDREN?S PRODUCTS FACTORY;Andadores Infantis;Portaria Inmetro nº 129 de 19/03/2021;;IN2911726;Modelo 5;;S;China, República Popular;RGM;ANDADOR DREUX - R602 - AVIÃO - AVIAO;MAT:PP,FERRO E POLIÉ./DIM:70X62.5X51 CM/SIST.DE TRAV.:LIB.EM DUAS AÇÕES CONSECU./SIST.DE MONT.E FERR.:MANUAL (SEM FERRAMENTA)/ACESS:BANDEJA MUSICAL/CARACT.DO MODELO:ANDADOR COM BANDEJA MUSICAL;7898926505616;Incluido;19/02/2026
545639/2012;Ativo;;03/04/2023;;;PLANETA - IMPORTACAO E DISTRIBUICAO DE BRINQUEDOS LTDA;13434272000141;1138951572;AV VASCO MASSAFELI;1000;G1A M1-21;06703600;JARDIM MARIA TEREZA;COTIA;SP;admin@planetadobebe.com.br;HEBEI WANXIN CHILDREN TOYS CO.,LTD.;Andadores Infantis;Portaria Inmetro nº 129 de 19/03/2021;;IN1765923;Modelo 5;;S;China, República Popular;MAXI BABY;ANDADOR LA BAMBA - NW-01 - AZUL #21537/ROSA #21538/VERMELHO #75268;MAT: PP E PAR. ABS, AÇO DE ALT. CARB.-RODA ELAST. TERM.,PVC/DIM:580X680X550(LXCXH)/SIS_TRAV:LIBE.EMDUAS AÇÕES CONS./SIS_MONT E FER:MAN.(S/FER.)/ACES:BAND C BRINQ./CARAC.DO MOD:ANDADOR C BRI.(BAD. MUS.;7898975752689|7899403215370|7899403215387;Excluido;18/03/2026
208577/2024;Ativo;;15/11/2024;;;HCM INDUSTRIA E IMPORTACAO LTDA;12538691000160;37998767200;RUA SERGIPE ;1963;;35591096;SANTA ALEXANDRINA;LAGOA DA PRATA;MG;compras.hcmmalta@gmail.com;HCM INDUSTRIA E IMPORTACAO LTDA;Andadores Infantis;Portaria Inmetro nº 129 de 19/03/2021;;IN2431224-2;;;N;Brasil;JUMBO BABY;ANDADOR MUSICAL MEGALUXO JUMBO BABY/AZUL/ROSA/VERMELHO/LARANJA, CARAC.D/MODEL:ANDADOR COM BRINQUEDO NA BANDEJA;MAT.:POLIPROPILENO(PP)/ACO CARBONO(FERRAGENS)/TECIDO(POLIÉSTER)/DIM:69,5X58,5X14,5/SIS.D/TRAV.:LIB.EM 2AS.CON./SIS.D/MONT.E FERR.:MAN.(S/FERR.)/ACESS.:ASSE/FORR.P/OS PÉS/EMP./PAI.MUS;7898947715063|7898947715070|7898947715087|7898947715094;Incluido;15/11/2024
545639/2012;Inativo;;02/04/2020;;;Galzerano Indústria de Carrinhos e Berços Ltda;43594977000197;1934043030;Via Prefeito Jurandyr Paixão;700;;13481149;Jd. Campo Belo;Limeira;SP;luisfernando.camargo@galzerano.com.br;FOSHAN SHUNDE QIJUN TOYS CO., LTD;Andadores Infantis;Portaria Inmetro nº 42 de 19/01/2018;;CE-AND/IQB 000006 53487/19-001;;;S;China, República Popular;GALZERANO;Ref.: 4090 - Liam. Versões: 4090CZ (Cinza), 4090PT (Preto);Mat: Tec poli Espum Resin plást Tinta Ferragens. Dim: 70x65x54(cm). Sist Trav: Trilho plást c/ botão destrav e reg de altura. Sist mont/ferragem: Manual. Acess: Bandej brinq não removív e retrovisores;7908200101431|7908200101448;Incluido;02/04/2020
787042/2007;Ativo;;09/09/2026;;;TUTTI BABY INDUSTRIA E COMERCIO DE ARTIGOS INFANTIS LTDA;06981862000129;4733794000;Rua Vicente Zanotti;177;Galpão 01;89381270;Industrial Zaferino ;Massaranduba;SC;heloiza.souza@tuttibaby.com.br;TUTTI BABY INDUSTRIA E COMERCIO DE ARTIGOS INFANTIS LTDA;Andadores Infantis;Portaria Inmetro nº 129 de 19/03/2021;;CE-AND/IQB 000013 57036/26-001;Modelo 5;;N;Brasil;TUTTI BABY;ANDADOR SAFARI - REF. 40002003,40002004,40002007,40003004,40004002,40004003;ESTRU.MET.:ACO TUBULAR,BRINQ:PLAST. DE ENG.,REVEST. TEXTIL:ALGODAO/51X61X70 CM/DOIS DISP. DE TRAV. INDEPENDENTES SENDO OPERADOS SIMULT./PARAFUSOS E MONT. DE PÇS PLAST./BRINQ. CERTIF.E ADESIVO-57036/26;7898431501615|7898431501622|7898431501639|7898431501684|7898431501691|7898431501707;Incluido;09/09/2026
114976/1989;Ativo;;30/09/2019;;;BURIGOTTO SA INDUSTRIA E COMERCIO;51460277000138;1934042000;Rua Martino Dragone;280;;13480308;Jardim Santa Barbara;Limeira;SP;carlos.riva@burigotto.com;JIN SUN GEE PLASTICS. CO., LTD.;Andadores Infantis;Portaria Inmetro nº 42 de 19/01/2018;;CE-AND/IQB 000004 53005/19-001;;;S;Formosa (Taiwan);Burigotto;Andador Baby Coupe (ref. com. IXAN3034PK10-Rosa, IXAN3034AZ19-Azul, IXAN3034CL-CL);Andador Infantil, Mat.: Polipropileno, Nylon, Aço, Tecido e Espuma, Dim: 760X650X640mm, Sist. Trav. Automático, Sistema Montagem/Ferragem Rebites, parafusos e Encaixe de peças plásticas, Acessorio: Ba;7896502916146|7896502916160|7896502935550;Incluido;30/09/2019
727115/1970;Ativo;;01/12/2021;;;HEMNANI COMERCIO DE VARIEDADES LTDA.;05469291000185;1124143633;Rua Marcílio Dias;304;N/A;69005270;Centro;Manaus;AM;papush@uol.com.br;China Zhejiang Techincal Co. Ltd;Andadores Infantis;Portaria Inmetro nº 42 de 19/01/2018;;OCAN-AND.189/21-1;;;S;China, República Popular;SITA;AKH602;Material: PP, Ferro e Poliester - Dimensões: 655 mm X 560mm X 500 mm - Sistema de Travamento: Travamento automatico com liberação em duas ações consecutivas - Sistema de Montagem e Ferragem: MANUAL;;Incluido;01/12/2021
021119/1997;Ativo;;07/08/2024;;;AMAZONAS IMPORTADOS LTDA;07269201000138;9691131654;Rua Independência;175;;68900090;Central;Macapa;AP;adriana.abreu@amazonasimportados.com.br;YIWU BALBIAN ELECTRONIC TECHNOLOGICAL CO., LTD;Andadores Infantis;Portaria Inmetro nº 129 de 19/03/2021;;IN2086424-4;;;S;China, República Popular;LÉ PETIT;MODE:BABY WALKER/REF:LP-9917/ CONT: ANDADOR COM BRINQUEDO ACOPLADO/VERSÕES:AZUL,VERMELHO,AMARELO,ROSA.;MAT:PP E POLIÉSTER/DIM:65X54X49CM/SIST DE TRAV:LIBERAÇÃO EM DUAS AÇÕES CONSECUTIVAS/SIST DE MONT E FERRA :MANUAL (SEM FERRAMENTA)/ACES:N/A.CARACTERISTICAS DO MODELO:;7453116024706;Incluido;07/08/2024
042503/1999;Ativo;;07/02/2022;;;TUTTI BABY INDUSTRIA E COMERCIO DE ARTIGOS INFANTIS LTDA;06981862000129;4733794000;Rod. Guilherme Jensen, SC413, km13;0;;89108000;Distrito Industrial;Massaranduba;SC;certificacao@tuttibaby.com.br;TUTTI BABY INDUSTRIA E COMERCIO DE ARTIGOS INFANTIS LTDA;Andadores Infantis;Portaria Inmetro nº 129 de 19/03/2021;;IN2869325;Modelo 5;;N;Brasil;TUTTI BABY;ANDADOR SAFARI II-ANDADOR 40.002-40002003/40002004/40002007/40003004/40004002/40004003;MAT:PP/ALGODAO/DIM:51X61X70CM/SIS_TRAV:DOIS DISPOS DE TRAV IND. OPER. SIMULTÂNEAMENTE/SIS_MONT/FERRG:REBITES,PARAF,ENCAIXE DE PÇS PLAST/ACESS:BAND. C/ BRINQ/CARAC. DO MOD.:ANDADOR C/ BRINQ NA BAND;7898431501615|7898431501622|7898431501639|7898431501684|7898431501691|7898431501707;Incluido;27/02/2026
518323/1993;Ativo;;07/03/2024;;;COMPANHIA DOREL BRASIL PRODUTOS INFANTIS;10659948000107;2135547024;Av. Nilo Peçanha;1516;1582;28030035;Pq dos Rodoviários;Campos dos Goytacaze;RJ;standard@dorel.com.br;COMPANHIA DOREL BRASIL PRODUTOS INFANTIS;Andadores Infantis;Portaria Inmetro nº 129 de 19/03/2021;;IN2040823;Modelo 5;;N;Brasil;INFANTI/ COSCO;APPIA/ ZIGGY - HE022 - N/A - AZUL / ROSA / AZUL / ROSA;MAT:PP,PES,PTA,EG,POLIPROPILENO E POLIETILENO/DIM:56,5 X 68 X 60,5 CM/SIST D TRAVAMENTO:LIB EM DUAS AÇÕES CONSEC/SIST DE MNTGM E FERRG:MAN (SEM FER)/ACESS:BAND D BRINQ./CARACT D MODELO:ANDADOR C BRINQ;7908238809774|7908238809781|7908238815812|7908238815829;Incluido;10/04/2026
315123/2023;Ativo;;15/11/2024;;;HCM INDUSTRIA E IMPORTACAO LTDA;12538691000160;37998767200;RUA SERGIPE ;1963;;35591096;SANTA ALEXANDRINA;LAGOA DA PRATA;MG;compras.hcmmalta@gmail.com;HCM INDUSTRIA E IMPORTACAO LTDA;Andadores Infantis;Portaria Inmetro nº 129 de 19/03/2021;;IN2431224-2;;;N;Brasil;JUMBO BABY;ANDADOR MUSICAL MEGALUXO JUMBO BABY/AZUL/ROSA/VERMELHO/LARANJA, CARAC.D/MODEL:ANDADOR COM BRINQUEDO NA BANDEJA;MAT.:POLIPROPILENO(PP)/ACO CARBONO(FERRAGENS)/TECIDO(POLIÉSTER)/DIM:69,5X58,5X14,5/SIS.D/TRAV.:LIB.EM 2AS.CON./SIS.D/MONT.E FERR.:MAN.(S/FERR.)/ACESS.:ASSE/FORR.P/OS PÉS/EMP./PAI.MUS;7898947715063|7898947715070|7898947715087|7898947715094;Incluido;15/11/2024
198465/1939;Ativo;;09/09/2026;;;TUTTI BABY INDUSTRIA E COMERCIO DE ARTIGOS INFANTIS LTDA;06981862000129;4733794000;Rua Vicente Zanotti;177;Galpão 01;89381270;Industrial Zaferino ;Massaranduba;SC;heloiza.souza@tuttibaby.com.br;TUTTI BABY INDUSTRIA E COMERCIO DE ARTIGOS INFANTIS LTDA;Andadores Infantis;Portaria Inmetro nº 129 de 19/03/2021;;CE-AND/IQB 000013 57036/26-001;Modelo 5;;N;Brasil;TUTTI BABY;ANDADOR SAFARI - REF. 40002003,40002004,40002007,40003004,40004002,40004003;ESTRU.MET.:ACO TUBULAR,BRINQ:PLAST. DE ENG.,REVEST. TEXTIL:ALGODAO/51X61X70 CM/DOIS DISP. DE TRAV. INDEPENDENTES SENDO OPERADOS SIMULT./PARAFUSOS E MONT. DE PÇS PLAST./BRINQ. CERTIF.E ADESIVO-57036/26;7898431501615|7898431501622|7898431501639|7898431501684|7898431501691|7898431501707;Incluido;09/09/2026
692337/1941;Ativo;;04/08/2025;;;BAMBINO COMERCIAL LTDA;06006481000129;81987347022;R. 23;175;;53090190;RIO DOCE;OLINDA;PE;bambino.souza@terra.com.br;PINGHU XIAOTIANDI CHILDREN?S PRODUCTS FACTORY;Andadores Infantis;Portaria Inmetro nº 129 de 19/03/2021;;IN2750125;Modelo 5;;S;China, República Popular;BAMBINO;ANDADOR - BA01 - ROSA/AZUL;MAT:PP,FERRO E POLIÉSTER/DIM:70X62.5X51CM/SIS_TRAV:LIBERAÇÃO EM DUAS AÇÕES CONSECUTIVAS/SIS_MONT E FERRG:MANUAL(S/FERRAM.)/ACESS.:BRINQ.CEN.DE ATIVI./CARACT.DO MODELO:ANDADOR COM BANDEJA MUSICAL;7898576907150|7898576907167;Incluido;04/08/2025
609138/1949;Ativo;;30/08/2021;;;TA TE TI INDUSTRIA E COMERCIO DE BRINQUEDOS EDUCATIVOS LTDA;30261120000103;4732422225;RUA TIRADENTES;230;;89107000;CENTRO;POMERODE;SC;qualidade3@grupocalesita.com.br;TA TE TI INDUSTRIA E COMERCIO DE BRINQUEDOS EDUCATIVOS LTDA;Andadores Infantis;Portaria Inmetro nº 129 de 19/03/2021;;CE-AND/IQB 000010 55962/23-001;Modelo 5;;N;Brasil;Tateti;Ref.914 - Move Baby;PP, METAL, TECIDO POLIESTER. DIMENSAO: 70,20X59,83X49,12CM. SIST. TRAVAMENTO:FREIO DIANTEIRO E TRASEIRO. SIST DE MONTAGEM: MANUAL/PARAFUSOS PP. ACESSORIOS:BANDEJA DE BRINQUEDOS;7898664632230;Incluido;02/03/2026
903142/1975;Ativo;;05/08/2021;;;GALZERANO INDUSTRIA DE CARRINHOS E BERCOS LTDA;43594977000197;19999947357;Via Prefeito Jurandyr Paixão;700;;13481149;Jd. Campo Belo;Limeira;SP;luisfernando.camargo@galzerano.com.br;GALZERANO INDUSTRIA DE CARRINHOS E BERCOS LTDA;Andadores Infantis;Portaria Inmetro nº 129 de 19/03/2021;;CE-AND/IQB 000006 54618/21-001;;;N;Brasil;GALZERANO;Ref.: 4050-Andador Torino. Versões: 4050RO (Rosa), 4050TER (Terracota), 4050EST (Estrela), 4050SPR (Spring) - Material: Tecido poliéster, TNT, Espuma, PP, PA6, Master, Tinta, Tubo de aço, Itens de fixação e aviamentos. Dimensões: CxLxA (cm) 71x62,5x51,5. Sistema de travamento: Trilho plástico com botão de destrave e regulagem de altura;Sistema de montagem/ferragem: Manual. Acessórios que venham com o produto: Bandeja de brinquedos não removível, Características do modelo: Tecidos, Peças plásticas, Tinta, Ferragens;7908200102247|7908200102254|7908200102520|7908200102537;Excluido;17/01/2024
194700/1933;Cancelado;;24/08/2020;;14/07/2025;Dardara Comercio Importacao e Exportacao Ltda.;07774907000157;1147447248;R VALENTIM MAGALHAES;95;***;03184090;ALTO DA MOOCA;SÃO PAULO;SP;dardara@yescert.com.br;FOSHAN BAOLIMEI CHILD?S VEHICLE CO.LTD;Andadores Infantis;Portaria Inmetro nº 42 de 19/01/2018;;OCAN-AND.134/20-5;;;S;China, República Popular;DARDARA;ANDADOR CARRO (FD-2407);Material: Moldes e peças em plástico P.P.(polipropileno) Adesivos (papel colante) Painel - parte interna: sistema eletrônico (placa, fio colorido, alto falante). Estrutura em metal, Dimensões: 74 x 63;;Incluido;24/08/2020
717731/2006;Ativo;;20/12/2019;;;TAPUZIM COMERCIAL LTDA;00513418000100;1138569063;Av. Monte Celeste;230;250;02561000;Vila S. Maria;São Paulo;SP;ehs0770@hotmail.com;SHEN ZHEN WEI MEI CHILDCARE PRODUCT LIMITED COMPANY;Andadores Infantis;Portaria Inmetro nº 42 de 19/01/2018;;OCAN-AND.165/19-2;;;S;China, República Popular;baby style;SPACECAR - VERSÕES: Andador car - Ref. 21302 / Andador space - Ref. 33117;Material: Plástico, metal e tecido. Dimensões: 59 x 59 x 69 cm , Sistema de Travamento: Stoper, Sistema de Montagem e Ferragem: Tesoura, Acessórios: Bandeja musical;4532213022990|4532331172997;Incluido;20/12/2019
197146/2002;Ativo;;07/02/2022;;;TUTTI BABY INDUSTRIA E COMERCIO DE ARTIGOS INFANTIS LTDA;06981862000129;4733794000;Rod. Guilherme Jensen, SC413, km13;0;;89108000;Distrito Industrial;Massaranduba;SC;certificacao@tuttibaby.com.br;TUTTI BABY INDUSTRIA E COMERCIO DE ARTIGOS INFANTIS LTDA;Andadores Infantis;Portaria Inmetro nº 129 de 19/03/2021;;IN2869325;Modelo 5;;N;Brasil;Tutti Baby;Andador: VERSÕES: Safari II (Azul/Rosa/Vermelho), Princesa Rosa Coroa, Acqua Explorador (Cinza/Roxo);ESTRUTURA METÁLICA , AÇO TUBULAR / 48 x 60,5 x 70CM / SISTEMA DE TRAVAMENTO COM DUAS AÇÕES CONSECUTIVAS PARA LIBERAÇÃO /SISTEMA DE MONTAGEM/FERRAGEM: PARAFUSOS E REBITES ACESSÓRIOS: BRINQUEDOS E ADESI;7898431501615|7898431501622|7898431501639|7898431501684|7898431501691|7898431501707;Excluido;15/03/2024
491161/1928;Ativo;;02/09/2026;;;BAGATOLI COMERCIO DE REFRIGERACAO LTDA;00897750000108;47984556257;BR-470;8105;;89058020;FORTALEZA ALTA;BLUMENAU;SC;digitalpriceconsultoria@gmail.com;PINGHU XIAOTIANDI CHILDREN?S PRODUCTS FACTORY;Andadores Infantis;Portaria Inmetro nº 129 de 19/03/2021;;IN3155526;Modelo 5;;S;China, República Popular;BAGATOLI KIDS;MOD: ANDADOR INFANTIL PULSE/ N.COM: PULSE/ V.: ROSA, AZUL, CINZA;MAT.:PP,POLIÉSTER,AÇO/DIM.:51X61X69CM/SIST.TRAV.:LIB.2 AÇÕES CONSEC./SIST.MONT.FERR.:REBITES,PARAF.E ENCAIXE PEÇAS PLÁST./ACESS.:BRINQ.NA BANDEJA/CARACT.MOD.:ANDADOR C/BRINQ.;7901030400859|7901030400866|7901030400873;Incluido;02/09/2026
094587/1965;Ativo;;01/08/2023;;;COMPANHIA DOREL BRASIL PRODUTOS INFANTIS;10659948000883;2135547024;Av. DR  Nilo Peçanha;1516;Galpão 3 ;28030035;Pq dos Rodoviários;Campos dos Goytacaze;RJ;standard@dorel.com.br;ZHONG SHAN SUN LUEN CHONG COMMODITY COMPANY LIMITED;Andadores Infantis;Portaria Inmetro nº 129 de 19/03/2021;;CE-AND/IQB 000011 55435/22-001;Modelo 5;;S;China, República Popular;TINY LOVE;4-in-1 Here I Grow Mobile Activity Center. Ref. 1806501211. ABS, Alumínio, Aço, Poliéster, PP. 70x57x44cm.Sist. de mont.:Manual (s/ ferragem).;Sist. de Trav.:2 disp. de travamento independentes, devem ser operados simultaneamente. Aces.: Brinq. acoplado.;7290108862973;Incluido;01/08/2023
482806/1943;Ativo;;19/06/2026;;;LILI FLORES ARTESANAIS LTDA;50509301000113;2199999999;R SANTO SEPULCRO;00279;;21350220;MADUREIRA;RIO DE JANEIRO;RJ;xiaoweiliu663@gmail.com;PINGHU XIAOTIANDI CHILDREN''S PRODUCTS FACTORY ;Andadores Infantis;Portaria Inmetro nº 129 de 19/03/2021;;IN3051726;Modelo 5;;S;China, República Popular;LILI;MOD:ANDADOR LL-2931 / CÓD. DE REFERÊNCIA COMERCIAL: LL-2931 / AZUL,ROSA,VERDE;MAT.:PP, POLIÉSTER E POLIETILENO/DIM:56,5X68X60,5CM/ SIST.TRAV.:LIBERAÇÃO EM DUAS AÇÕES CONSECUTIVAS/SIST. MONT.:LIBERAÇÃO EM DUAS AÇÕES CONSECUTIVAS/SEM ACESSÓRIOS/ANDADOR COM BRINQUEDO INTERATIVO;;Incluido;19/06/2026
695431/1928;Ativo;;12/04/2021;;;TUTTI BABY INDUSTRIA E COMERCIO DE ARTIGOS INFANT;06981862000129;4733794000;Rod. Guilherme Jensen;0;Galpão 01;89108000;Distrito Industrial;Massaranduba;SC;qualidade@tuttibaby.com.br;TUTTI BABY INDUSTRIA E COMERCIO DE ARTIGOS INFANT;Andadores Infantis;Portaria Inmetro nº 129 de 19/03/2021;;CE-AND/IQB 000005 54149/20-001;Modelo 5;;N;Brasil;Tutti Baby;Andador 40.001;ESTRUT.MET. DE AÇO TUB.PLÁST. DE ENG.ALGODÃO.48CM X60,5CMX70CM,COM DUAS AÇÕESCONSEC PARA LIB.REB.E PARAF.BRINQ. E ADES.BASE SUP.BASE INF.FREIO ANTI-QUEDA E CONJ.DE RODAS,PNEU DA RODA TRAS. E TRAVA ANT;7898431501219|7898431501226|7898431501233;Incluido;12/04/2021
785165/1954;Ativo;;07/03/2024;;;COMPANHIA DOREL BRASIL PRODUTOS INFANTIS;10659948000107;2135547024;Av. Nilo Peçanha;1516;1582;28030035;Pq dos Rodoviários;Campos dos Goytacaze;RJ;standard@dorel.com.br;COMPANHIA DOREL BRASIL PRODUTOS INFANTIS;Andadores Infantis;Portaria Inmetro nº 129 de 19/03/2021;;IN2040823;Modelo 5;;N;Brasil;Infanti;APPIA - HE022 - AZUL/ROSA - MAT.:PP, POLIÉSTER,PTA, EG, POLIPROPILENO E POLIETILENO.DIMENSÕES:56,5X68X60,5CM/;SIST. DE TRAVAMENTO: LIBERAÇÃO EM 2 AÇÕES CONSECUTIVAS/SIST. DE MONTAGEM E FERRAGEM: MANUAL (S/ FERRAMENTAS)/ACES.: BANDEJA DE BRINQUEDOS/ANDADOR COM BRINQUEDO;7908238809774|7908238809781;Excluido;10/04/2026
806082/1943;Ativo;;20/12/2019;;;TAPUZIM COMERCIAL LTDA;00513418000100;1138569063;Av. Monte Celeste;230;250;02561000;Vila S. Maria;São Paulo;SP;ehs0770@hotmail.com;SHEN ZHEN WEI MEI CHILDCARE PRODUCT LIMITED COMPANY;Andadores Infantis;Portaria Inmetro nº 42 de 19/01/2018;;OCAN-AND.165/19-2;;;S;China, República Popular;baby style;SPACECAR - VERSÕES: Andador car - Ref. 21302 / Andador space - Ref. 33117;Material: Plástico, metal e tecido. Dimensões: 59 x 59 x 69 cm , Sistema de Travamento: Stoper, Sistema de Montagem e Ferragem: Tesoura, Acessórios: Bandeja musical;4532213022990|4532331172997;Incluido;20/12/2019
079169/1981;Ativo;;06/03/2023;;;BURIGOTTO S A INDUSTRIA E COMERCIO;51460277000138;1934464813;Rua Martino Dragone;280;;13480308;Jardim Santa Barbara;Liemira;SP;alison.smanioto@burigotto.com;JIN SUN GEE PLASTICS CO., LTD;Andadores Infantis;Portaria Inmetro nº 129 de 19/03/2021;;CE-AND/IQB 000004 55573/23-001;Modelo 5;;S;Formosa (Taiwan);BURIGOTTO;ANDADOR OLÉ CL (REF.COM.  IXAN5143CL);PP, AÇO, TECIDO / 590 X 690 X 550 MM / TRILHO PLÁSTICO COM BOTÃO DE TRAVA/DESTRAVA E REGULAGEM DE ALTURA / REBITES, PARAFUSOS E ENCAIXE DE PEÇAS PLÁSTICAS / BANDEJA COM 2 BRINQUEDOS DE PP E NYLON;7896502944248;Excluido;29/04/2026
373173/2007;Inativo;;12/01/2023;;;COMPANHIA DOREL BRASIL PRODUTOS INFANTIS;10659948000883;2135547024;Av. Nilo Peçanha;1516 ;Galpão 3 ;28030035;Pq dos Rodoviários;Campos dos Goytacaze;RJ;standard@dorel.com.br;Jin Sun Gee Plastics Co., Ltd;Andadores Infantis;Portaria Inmetro nº 129 de 19/03/2021;;IN1701622-3;;;S;Formosa (Taiwan);Safety 1st;HE001. Nome comercial: Spacewalker 3 em 1. Versões: Grey, Orange.;PP,Ferro,Aço,ABS,PVC,POM,TPR,MB475,Pol,65.5x50x71.5cm.Trav:Lib.2ações cons.,Mont:Manual.Aces.Brinq.;7908238803932|7908238803949;Incluido;12/01/2023
158995/1928;Inativo;;14/01/2021;;;GALZERANO INDUSTRIA DE CARRINHOS E BERCOS LTDA;43594977000197;1934043030;Via Prefeito Jurandyr Paixão;700;;13481149;Jd. Campo Belo;Limeira;SP;luisfernando.camargo@galzerano.com.br;HUNGSENG HARDWARE PLASTIC (DG) CORP., LTD;Andadores Infantis;Portaria Inmetro nº 42 de 19/01/2018;;CE-AND/IQB 000006 54018/20-001;;;S;China, República Popular;GALZERANO;Ref.: 4015-Andador 3 em 1 Fênix. Versões: 4015CR (Color);Mat Tec polié Espum Resin plást Itens fixação Dimens 103x103x72(cm) Sist travamento suporte plástico c/ encaixe Sist montagem/ferragem encaixes manuais Acessório: Bandeja de brinquedos não removíveis;7908200101936;Incluido;14/01/2021
023422/2012;Inativo;;11/11/2022;;;COMPANHIA DOREL BRASIL PRODUTOS INFANTIS;10659948000883;2135547024;Av. Nilo Peçanha;1516 ;Galpão 3 ;28030035;Pq dos Rodoviários;Campos dos Goytacaze;RJ;standard@dorel.com.br;Jin Sun Gee Plastics Co., Ltd;Andadores Infantis;Portaria Inmetro nº 129 de 19/03/2021;;IN1701622-2;;;S;Formosa (Taiwan);Voyage;BG-1518. Nome comercial: Baby Step. Versões: Rosa e Azul.;Ferro,PP e poliéster. 60x49x68cm.Trav:Lib.2 ações consec.,Mont:Encaixe. Aces:Brinquedos;7908238801280|7908238801297;Incluido;11/11/2022
667188/1933;Ativo;;20/10/2022;;;STYLL ADMINISTRACAO, INVESTIMENTOS, LOCACOES & SERVICOS LIMITADA;22475905000231;11994300960;Rua Marcio Carlim;401;;13849226;Parque Industrial;Mogi Guaçu;SP;alexandre@styll.com.br;STYLL ADMINISTRACAO, INVESTIMENTOS, LOCACOES & SERVICOS LIMITADA;Andadores Infantis;Portaria Inmetro nº 129 de 19/03/2021;;IN1679022;Modelo 5;;N;Brasil;STYLL BABY;ANDADOR SOFT WAY / V:V:AZ.SON.(AND-98.001-05)/RO.SON.(AND-98.002-05)/LAR.SON.(AND-98.003-05)/GUARÁ AZ.(AND-50.022-01)/GUARÁ RO.(AND-50.022-02)/GUARÁ LAR.(AND-50.022-03)/VE.SON.(AND-99.009-68)/AZ.CLÁS.(AND-98.001-04)/RO.CLÁS.(AND-98.002-04))/...;MAT:AÇO,POLIPR. E POLIÉ./DIM:640X570X470MM/SIS.DE TRAV:CATRA.EM BAI.DA BAN.(LIBER. EM DU.AÇÕ.CONS.)/SIST.DE MON.E FERR.:MANUAL(COM CHA.PHI.NÃO INCL.)/ACES:BAND.COM BRIN./ CONT.VERSÔES;7898488590037|7898488590440|7898488590457|7898488590464|7898488590624|7898488599849|7898488599856|7898488599863|7898488599870|7898488599887|789848859994;Incluido;20/10/2022
961192/1959;Ativo;;12/11/2024;;;CACANDO OFERTAS LTDA;23230465000134;11976586700;Rua José Ferreira Crespo;752;Sala 1;08021480;Jardim São Vicente;São Paulo;SP;diegofrancisco22@bol.com.br;STYLL ADMINISTRACAO, INVESTIMENTOS, LOCACOES & SERVICOS LIMITADA;Andadores Infantis;Portaria Inmetro nº 129 de 19/03/2021;;IN2382924;;;N;Brasil;ClickBaby's;Andador Happy baby - Versões AZUL-HAPPY BABY ROSA-HAPPY BABY LARANJA-HAPPY BABY;Mat.Aço Polipropileno.Dim:640x570x470cm.Sist.Trav. Liberação duas ações consecutivas.Sist de Mont e Ferrag:Manual sem ferramenta.Acess: Bandeja c/Brinquedo.Caract/modelo:Andador c/brinquedo na bandeja;7898975097001|7898975097018|7898975097025;Incluido;12/11/2024
290042/2017;Ativo;;27/03/2026;;;HEMNANI COMERCIO DE VARIEDADES LTDA.;05469291000185;9232330121;Rua Marcílio Dias;304;;69005270;Centro;Manaus;AM;hemnanibr@yahoo.com;PINGHU XIAOTIANDI CHILDREN?S PRODUCTS FACTORY;Andadores Infantis;Portaria Inmetro nº 129 de 19/03/2021;;IN2911926;Modelo 5;;S;China, República Popular;SITA;ANDADOR AKH602 - AKH602 - AVIÃO - AVIAO;MAT:PP,FERRO E POLIE./DIM:70 X62.5 X 51 CM/SISTEMA DE TRAVAMENTO:LIBERAÇÃO EM DUAS AÇÕES CONSECUTIVAS/SISTEMA DE MONTAGEM E FERRAGEM:MAN.(S/FERRAM.)/ACESS:BAND.MUSI./CARAC.DO MOD.:AND.COM BAND.MUSI.;0618231660148;Incluido;27/03/2026
255196/1986;Ativo;;07/08/2024;;;AMAZONAS IMPORTADOS LTDA;07269201000138;9691131654;Rua Independência;175;;68900090;Central;Macapa;AP;adriana.abreu@amazonasimportados.com.br;YIWU BALBIAN ELECTRONIC TECHNOLOGICAL CO., LTD;Andadores Infantis;Portaria Inmetro nº 129 de 19/03/2021;;IN2086424-4;;;S;China, República Popular;LÉ PETIT;MODE:BABY WALKER/REF:LP-9917/ CONT: ANDADOR COM BRINQUEDO ACOPLADO/VERSÕES:AZUL,VERMELHO,AMARELO,ROSA.;MAT:PP E POLIÉSTER/DIM:65X54X49CM/SIST DE TRAV:LIBERAÇÃO EM DUAS AÇÕES CONSECUTIVAS/SIST DE MONT E FERRA :MANUAL (SEM FERRAMENTA)/ACES:N/A.CARACTERISTICAS DO MODELO:;7453116024706;Incluido;07/08/2024
549200/2012;Inativo;;14/01/2021;;;GALZERANO INDUSTRIA DE CARRINHOS E BERCOS LTDA;43594977000197;1934043030;Via Prefeito Jurandyr Paixão;700;;13481149;Jd. Campo Belo;Limeira;SP;luisfernando.camargo@galzerano.com.br;HUNGSENG HARDWARE PLASTIC (DG) CORP., LTD;Andadores Infantis;Portaria Inmetro nº 42 de 19/01/2018;;CE-AND/IQB 000006 54018/20-001;;;S;China, República Popular;GALZERANO;Ref.: 4015-Andador 3 em 1 Fênix. Versões: 4015CR (Color);Mat Tec polié Espum Resin plást Itens fixação Dimens 103x103x72(cm) Sist travamento suporte plástico c/ encaixe Sist montagem/ferragem encaixes manuais Acessório: Bandeja de brinquedos não removíveis;7908200101936;Incluido;14/01/2021
967362/1983;Ativo;;06/03/2023;;;BURIGOTTO S A INDUSTRIA E COMERCIO;51460277000138;1934464813;Rua Martino Dragone;280;;13480308;Jardim Santa Barbara;Liemira;SP;alison.smanioto@burigotto.com;JIN SUN GEE PLASTICS CO., LTD;Andadores Infantis;Portaria Inmetro nº 129 de 19/03/2021;;CE-AND/IQB 000004 55573/23-001;Modelo 5;;S;Formosa (Taiwan);BURIGOTTO;ANDADOR OLÉ CL (REF.COM.  IXAN5143CL);PP, AÇO, TECIDO / 590 X 690 X 550 MM / TRILHO PLÁSTICO COM BOTÃO DE TRAVA/DESTRAVA E REGULAGEM DE ALTURA / REBITES, PARAFUSOS E ENCAIXE DE PEÇAS PLÁSTICAS / BANDEJA COM 2 BRINQUEDOS DE PP E NYLON;7896502944248;Excluido;29/04/2026
843215/1938;Ativo;;31/08/2026;;;MADHULA COMERCIO DE ARTIGOS ELETROELETRONICOS LTDA;03838532000190;92994433107;Rua Marcilio Dias;166;;69005270;Centro;Manaus;AM;mayapunjwani@gmail.com;PINGHU XIAOTIANDI CHILDRENS PRODUCTS FACTORY;Andadores Infantis;Portaria Inmetro nº 129 de 19/03/2021;;IN3141126-1;Modelo 5;;S;China, República Popular;BENMEK;MADHULA/ MA100/ Verde e Azul - MA100VA/ Rosa e Roxo - MA100RR/ Branco e Azul Escuro - MA100BAE/ Amarelo e Vermelho - MA100AV;MAT.:PP, FERRO E POLIÉSTER/DIM.:63X57X53 CM/SIST. DE TRAV.: LIBERAÇÃO EM DUAS AÇÕES CONSECUTIVAS/SIST. MONT. E FERR.:MANUAL (SEM FERRAMENTA)/ACESS.:BRINQUEDO/CARACT. DO MOD.: ANDADOR COM BRINQUEDO;6901031000158;Incluido;31/08/2026
137219/1965;Ativo;;13/04/2026;;;VG SHOP COMERCIO ON LINE LTDA;16857384000365;1149690505;RUA PROJETADA SN KM 15 NUCLEO AGUA COMPRIDA;0;KM 15;37600000;AGUA COMPRIDA;CAMBUI;MG;gilson@vgshop.com.br;YONGXING SPORTS LIMITED;Andadores Infantis;Portaria Inmetro nº 129 de 19/03/2021;;IN2982826;Modelo 5;;S;China, República Popular;MULTMAXX;Desig. Com. andador infantil com empurrador Cod. Ref. MTX150 / MTX151 Quant. (aplic. para mod. 1b) n/a Mat: poliéster, abs, pp e borracha Dim. 76x65x65cm Sis. Trav. dois dispositivos independentes sendo operador simultaneamente;Sis. de Mont. e Ferragem: manual (com ferramenta) acess: N/A Car.do mod: andador ccom empurrador e brinquedo musical Vers. MTX150 cinza MTX151 rosa;7898758400394|7898758400400;Incluido;13/04/2026
431223/1991;Ativo;;07/02/2022;;;TUTTI BABY INDUSTRIA E COMERCIO DE ARTIGOS INFANTIS LTDA;06981862000129;4733794000;Rod. Guilherme Jensen, SC413, km13;0;;89108000;Distrito Industrial;Massaranduba;SC;certificacao@tuttibaby.com.br;TUTTI BABY INDUSTRIA E COMERCIO DE ARTIGOS INFANTIS LTDA;Andadores Infantis;Portaria Inmetro nº 129 de 19/03/2021;;IN2869325;Modelo 5;;N;Brasil;Tutti Baby;Andador Safari Plus II (Azul / Rosa / Vermelho);ESTRUT. MET.AÇO.TUBULAR/48x60,5x70CM/SIST.DE TRAV. COM.DUAS.AÇÕES.CONSECUT.PARA.LIBER./PARAFUSOS.E. REBITES/BRINQUEDOS.E.ADESIVOS;7898431501615|7898431501622|7898431501639;Excluido;08/04/2022
725227/2017;Ativo;;03/04/2023;;;PLANETA - IMPORTACAO E DISTRIBUICAO DE BRINQUEDOS LTDA;13434272000141;1138951572;AV VASCO MASSAFELI;1000;G1A M1-21;06703600;JARDIM MARIA TEREZA;COTIA;SP;admin@planetadobebe.com.br;HEBEI WANXIN CHILDREN TOYS CO.,LTD.;Andadores Infantis;Portaria Inmetro nº 129 de 19/03/2021;;IN1765923;Modelo 5;;S;China, República Popular;MAXI BABY;ANDADOR LA BAMBA - NW-01 - AZUL #21537/ROSA #21538/VERMELHO #75268;MAT: PP E PAR. ABS, AÇO DE ALT. CARB.-RODA ELAST. TERM.,PVC/DIM:580X680X550(LXCXH)/SIS_TRAV:LIBE.EMDUAS AÇÕES CONS./SIS_MONT E FER:MAN.(S/FER.)/ACES:BAND C BRINQ./CARAC.DO MOD:ANDADOR C BRI.(BAD. MUS.;7898975752689|7899403215370|7899403215387;Excluido;18/03/2026
019242/1944;Inativo;;12/01/2023;;;COMPANHIA DOREL BRASIL PRODUTOS INFANTIS;10659948000883;2135547024;Av. Nilo Peçanha;1516 ;Galpão 3 ;28030035;Pq dos Rodoviários;Campos dos Goytacaze;RJ;standard@dorel.com.br;Jin Sun Gee Plastics Co., Ltd;Andadores Infantis;Portaria Inmetro nº 129 de 19/03/2021;;IN1701622-3;;;S;Formosa (Taiwan);Safety 1st;HE001. Nome comercial: Spacewalker 3 em 1. Versões: Grey, Orange.;PP,Ferro,Aço,ABS,PVC,POM,TPR,MB475,Pol,65.5x50x71.5cm.Trav:Lib.2ações cons.,Mont:Manual.Aces.Brinq.;7908238803932|7908238803949;Incluido;12/01/2023
576049/2018;Ativo;;03/04/2023;;;PLANETA - IMPORTACAO E DISTRIBUICAO DE BRINQUEDOS LTDA;13434272000141;1138951572;AV VASCO MASSAFELI;1000;G1A M1-21;06703600;JARDIM MARIA TEREZA;COTIA;SP;admin@planetadobebe.com.br;HEBEI WANXIN CHILDREN TOYS CO.,LTD.;Andadores Infantis;Portaria Inmetro nº 129 de 19/03/2021;;IN1765923;Modelo 5;;S;China, República Popular;MAXI BABY;NW-01 - ANDADOR LA BAMBA;MAT:PP PARTES EM ABS, AÇO DE ALTO CARB RODA ELAST.TERMO., PVC/DIM:580X680X550/SIS TRA:LIBERA.EM 2 AÇÕES CONSEC. SIS DE MON E FER:MAN.(S/ FER)/ACE:BANDEJA COM BRINQ/CAR MOD:AND COM BRINQ(BAND.A MUS.);7899403215370|7899403215387;Excluido;22/12/2025
543091/1940;Ativo;;31/08/2026;;;TUTTI BABY INDUSTRIA E COMERCIO DE ARTIGOS INFANTIS LTDA;06981862000129;4733794000;Rod. Guilherme Jensen, SC413, km13;0;Galpão 01;89108000;Distrito Industrial;Massaranduba;SC;heloiza.souza@tuttibaby.com.br;TUTTI BABY INDUSTRIA E COMERCIO DE ARTIGOS INFANTIS LTDA;Andadores Infantis;Portaria Inmetro nº 129 de 19/03/2021;;CE-AND/IQB 000013 57036/26-002;Modelo 5;;N;Brasil;TUTTI BABY;ANDADOR COMFORT - 40005004,40005003,40005011,40005028,40005007,40005010,40005006,40005029;ESTRU.METALICA:ACO TUBULAR,BRINQ:PLAST.DE ENG.,REVEST. TEXTIL: ALGODAO/48X60,5X70 CM/DOIS DISP. DE TRAV. INDEP. SENDO OP. SIMULT./PARAFUSOS E MONT. DE PÇS PLAST./BRINQ. CERT. E ADESIVO-57036/26;7898431502063|7898431502070|7898431502087|7898431502094|7898431502100|7898431502117|7898431502124|7898431502131;Incluido;31/08/2026
435158/2002;Ativo;;16/07/2025;;;KIDDO INDUSTRIA E COMERCIO LTDA;60688090000187;1147870744;Rodovia Regis Bittencourt ;3666;;06793000;Jardim Três Marias ;Taboão da Serra;SP;m.nascimento@kiddo.com.br;JIN SUN GEE PLASTIC CO., LTD;Andadores Infantis;Portaria Inmetro nº 129 de 19/03/2021;;IN2735125;Modelo 5;;S;China, República Popular;Whoop;ANDADOR PASSINHOS 2 EM 1 REF. 8701/CINZA/ROSA/AZUL;MATERIAL:PP. POLIES/DIMENSÕES:59,5X68X53CM/SIST.DE.TRAVAM.:LIBER.EM DUAS AÇÕES CONSECUTIVAS/SIST.DE.MONTAG.E.FERRAGEM:MANUAL (SEM AUX. DE FERRAM)/ACESSÓRIOS:BRINQ./CARACT. DO MODELO:ANDADOR C/ BRINQ.;7896517223871|7896517223888|7896517223895;Incluido;16/07/2025
635493/1991;Ativo;;07/08/2024;;;AMAZONAS IMPORTADOS LTDA;07269201000138;9691131654;Rua Independência;175;;68900090;Central;Macapa;AP;adriana.abreu@amazonasimportados.com.br;YIWU BALBIAN ELECTRONIC TECHNOLOGICAL CO., LTD;Andadores Infantis;Portaria Inmetro nº 129 de 19/03/2021;;IN2086424-2;;;S;China, República Popular;LÉ PETIT;MODE:BABY WALKER/REF:LP-9618/ CONT: ANDADOR COM BRINQUEDO ACOPLADO/VERSÕES:AZUL,VERDE,ROSA,VERMELHO.;MAT:PP E POLIÉSTER/DIM:65X54X49CM/SIST DE TRAV:LIBERAÇÃO EM DUAS AÇÕES CONSECUTIVAS/SIST DE MONT E FERR:MANUAL (SEM FERRAMENTA)ACE:N/A.CARACTERISTICAS DO MODELO:;7453068240131;Incluido;07/08/2024
313246/1970;Ativo;;03/04/2023;;;PLANETA - IMPORTACAO E DISTRIBUICAO DE BRINQUEDOS LTDA;13434272000141;1138951572;AV VASCO MASSAFELI;1000;G1A M1-21;06703600;JARDIM MARIA TEREZA;COTIA;SP;admin@planetadobebe.com.br;HEBEI WANXIN CHILDREN TOYS CO.,LTD.;Andadores Infantis;Portaria Inmetro nº 129 de 19/03/2021;;IN1765923;Modelo 5;;S;China, República Popular;MAXI BABY;NW-01 - ANDADOR LA BAMBA;MAT:PP PARTES EM ABS, AÇO DE ALTO CARB RODA ELAST.TERMO., PVC/DIM:580X680X550/SIS TRA:LIBERA.EM 2 AÇÕES CONSEC. SIS DE MON E FER:MAN.(S/ FER)/ACE:BANDEJA COM BRINQ/CAR MOD:AND COM BRINQ(BAND.A MUS.);7899403215370|7899403215387;Excluido;22/12/2025
753930/1975;Ativo;;30/09/2019;;;BURIGOTTO SA INDUSTRIA E COMERCIO;51460277000138;1934042000;Rua Martino Dragone;280;;13480308;Jardim Santa Barbara;Limeira;SP;carlos.riva@burigotto.com;JIN SUN GEE PLASTICS. CO., LTD.;Andadores Infantis;Portaria Inmetro nº 42 de 19/01/2018;;CE-AND/IQB 000004 53005/19-001;;;S;Formosa (Taiwan);Burigotto;Andador Baby Coupe (ref. com. IXAN3034PK10-Rosa, IXAN3034AZ19-Azul, IXAN3034CL-CL);Andador Infantil, Mat.: Polipropileno, Nylon, Aço, Tecido e Espuma, Dim: 760X650X640mm, Sist. Trav. Automático, Sistema Montagem/Ferragem Rebites, parafusos e Encaixe de peças plásticas, Acessorio: Ba;7896502916146|7896502916160|7896502935550;Incluido;30/09/2019
806998/2019;Inativo;;30/09/2019;;;Tutti Baby Indústria e Comércio de Artigos Infantis Ltda;06981862000129;4733794000;Rod. Guilherme Jensen;s/n;Galpão 01;89108000;Distrito Industrial;Massaranduba;SC;qualidade@tuttibaby.com.br;;Andadores Infantis;Portaria Inmetro nº 42 de 19/01/2018;;CE-AND/IQB 000005 53137/19-001;;;N; ;Tutti Baby;Andador 02003;Material: Estrut. metálica de aço tub, plást. de engenharia, algodão. Dim: 52cmx60cmx70,5cm, sist.de trav: com duas ações consecutivas para liber, sist. de mont.ferrag: rebites e parafusos, aces: brin;17898431495966|17898431495980|17898431496000|17898431496024|17898431500660|17898431500677|17898431500684|7898431495952|7898431495969|7898431495976|7898431495983|7898431495990|7898431496006|7898431496010|7898431496027|7898431500601|7898431500618|7898431500625|7898431500632|7898431500649|7898431500656;Incluido;30/09/2019
072378/1990;Inativo;;24/09/2019;;;Galzerano Indústria de Carrinhos e Berços Ltda;43594977000197;1934043030;Via Prefeito Jurandyr Paixão;700;;13481149;Jd. Campo Belo;Limeira;SP;luisfernando.camargo@galzerano.com.br;SHEN ZHEN WEI MEI CHILDCARE PRODUCT LIMITED COMPANY;Andadores Infantis;Portaria Inmetro nº 42 de 19/01/2018;;CE-AND/IQB 000006 53504/20-001;;;S;China, República Popular;GALZERANO;Andador de bebê 4 em 1 Funny - Versões: Color (CR), Verde Água (VDA);Mat Tec poli Espum Resin plást Itens fix Dimens 75Cx71Lx55A(cm) Sist trav Dobradiç plást c/ botã acion Sist mont frenag Encaix manua Mod Andador c/ módul sonor Pçs girat Cores divers Acess Brinq remov;7898089221477|7898089221996;Incluido;24/09/2019
607250/1996;Ativo;;19/06/2023;;;KCARVALHUS COMERCIO E SERVICOS EIRELI;24633386000137;1143798430;Rua Poeta João Cabral De Melo Neto,  Santa Maria - Osasco - SP;77;;06147020; Santa Maria ;Osasco ;SP;carlos.carvalho@kkbebe.com.br;PINGHU SHI XIAOTIANDI CHILDREN?S PRODUCTS FACTORY;Andadores Infantis;Portaria Inmetro nº 129 de 19/03/2021;;IN1823223;;;S;China, República Popular;KK bebê;ANDADOR INFANTIL PASSINHO FORTE / AZUL /ROSA , MATERIAL:PP,FERRO E POLIÉSTER/DIMENSÕES:63X57X53CM;SISTEMA DE TRAVAMENTO:LIBERAÇÃO EM DUAS AÇÕES CONSECUTIVAS/SISTEMA DE MONTAGEM E FERRAGEM: MANUAL (SEM FERRAMENTA)/ACESSÓRIOS:BRINQUEDOS/CARACTERISTICAS DO MODELO: ANDADOR COM BRINQUEDO FIXO ACOPLADO;7898711750108|7898711750115;Incluido;19/06/2023
373173/2007;Ativo;;04/08/2025;;;BAMBINO COMERCIAL LTDA;06006481000129;81987347022;R. 23;175;;53090190;RIO DOCE;OLINDA;PE;bambino.souza@terra.com.br;PINGHU XIAOTIANDI CHILDREN?S PRODUCTS FACTORY;Andadores Infantis;Portaria Inmetro nº 129 de 19/03/2021;;IN2750125;Modelo 5;;S;China, República Popular;BAMBINO;ANDADOR - BA01 - ROSA/AZUL;MAT:PP,FERRO E POLIÉSTER/DIM:70X62.5X51CM/SIS_TRAV:LIBERAÇÃO EM DUAS AÇÕES CONSECUTIVAS/SIS_MONT E FERRG:MANUAL(S/FERRAM.)/ACESS.:BRINQ.CEN.DE ATIVI./CARACT.DO MODELO:ANDADOR COM BANDEJA MUSICAL;7898576907150|7898576907167;Incluido;04/08/2025
086198/1979;Inativo;;23/05/2025;;;MD COMERCIO DE FERRAGENS LTDA;55274701000100;92981285408;AVENIDA JOAQUIM NABUCO;1094;A;69020030;Centro;Manaus;AM;mdcomerciodeferragensltda@gmail.com;Xingtai Pandelo Technology Co.,Ltd;Andadores Infantis;Portaria Inmetro nº 129 de 19/03/2021;;IN2611025;Modelo 5;;S;China, República Popular;ULTRA BABY;REF: UBW-801H - ANDADOR INFANTIL MUSICAL PARA BEBÊ - BABY PINK / BARBIE PINK, RED / WHITE, ROYAL BLUE / ORANGE / WHITE, GREEN / WHITE;MAT:PP,FERRO E POLIÉSTER/DIM:68X59X52CM/SIS_TRAV:LIBERAÇÃO EM 2 AÇÕES CONSECUTIVAS/SIS_MONTAGEM_E_FERRAGEM:MANUAL(SEM FERRAMENTA)/ACESSÓRIOS: N/A/CARACTERISTICAS_MODELO:ANDADOR COM BRINQUEDO ACOPLADO;7890012361007|7890012361113|7890012368082|7890012369096;Incluido;23/05/2025
186522/2003;Ativo;;09/09/2026;;;TUTTI BABY INDUSTRIA E COMERCIO DE ARTIGOS INFANTIS LTDA;06981862000129;4733794000;Rua Vicente Zanotti;177;Galpão 01;89381270;Industrial Zaferino ;Massaranduba;SC;heloiza.souza@tuttibaby.com.br;TUTTI BABY INDUSTRIA E COMERCIO DE ARTIGOS INFANTIS LTDA;Andadores Infantis;Portaria Inmetro nº 129 de 19/03/2021;;CE-AND/IQB 000013 57036/26-001;Modelo 5;;N;Brasil;TUTTI BABY;ANDADOR SAFARI - REF. 40002003,40002004,40002007,40003004,40004002,40004003;ESTRU.MET.:ACO TUBULAR,BRINQ:PLAST. DE ENG.,REVEST. TEXTIL:ALGODAO/51X61X70 CM/DOIS DISP. DE TRAV. INDEPENDENTES SENDO OPERADOS SIMULT./PARAFUSOS E MONT. DE PÇS PLAST./BRINQ. CERTIF.E ADESIVO-57036/26;7898431501615|7898431501622|7898431501639|7898431501684|7898431501691|7898431501707;Incluido;09/09/2026
901254/2022;Ativo;;07/03/2024;;;MADHULA COMERCIO DE ARTIGOS ELETROELETRONICOS LTDA;03838532000190;63881924131;Rua Marcilio Dias;166;;69005270;Centro;Manaus;AM;ltdamcg@gmail.com;PINGHU SHI XIAOTIANDI CHILDREN''S PRODUCTS FACTORY;Andadores Infantis;Portaria Inmetro nº 129 de 19/03/2021;;IN2088024;;;S;China, República Popular;BENMEK;ANDADOR MADHULA - MA101 - ROSA-MA101R/AZUL-MA101A/VERDE-MA101V/LARANJA-MA101L;MAT.:PP,FERRO E POLIÉSTER/DIM.:63X57X53CM/SIST.TRAVA.:LIBERAÇÃO EM DUAS AÇÕES CONSECUTIVAS/SIST.MONT.FERRA.:MANUAL(SEM FERRAMENTA)/ACESSÓRIOS:N/A/CARACTERISTICAS DO MODELO: ANDADOR COM BRINQUEDO;6901031000158;Incluido;07/03/2024
045597/1986;Ativo;;07/03/2024;;;COMPANHIA DOREL BRASIL PRODUTOS INFANTIS;10659948000107;2135547024;Av. Nilo Peçanha;1516;1582;28030035;Pq dos Rodoviários;Campos dos Goytacaze;RJ;standard@dorel.com.br;COMPANHIA DOREL BRASIL PRODUTOS INFANTIS;Andadores Infantis;Portaria Inmetro nº 129 de 19/03/2021;;IN2040823;Modelo 5;;N;Brasil;Infanti;APPIA - HE022 - AZUL/ROSA - MAT.:PP, POLIÉSTER,PTA, EG, POLIPROPILENO E POLIETILENO.DIMENSÕES:56,5X68X60,5CM/;SIST. DE TRAVAMENTO: LIBERAÇÃO EM 2 AÇÕES CONSECUTIVAS/SIST. DE MONTAGEM E FERRAGEM: MANUAL (S/ FERRAMENTAS)/ACES.: BANDEJA DE BRINQUEDOS/ANDADOR COM BRINQUEDO;7908238809774|7908238809781;Excluido;10/04/2026
607039/1940;Inativo;;19/04/2021;;;COMPANHIA DOREL BRASIL PRODUTOS INFANTIS;10659948000107;02135547024;Av. Nilo Peçanha;1516 /1582;Térreo;28030035;Pq dos Rodoviários;Campos dos Goytacaze;RJ;mariana.magalhaes@dorel.com.br;Jin Sun Gee Plastic Co.,Ltd;Andadores Infantis;Portaria Inmetro nº 42 de 19/01/2018;;OCAN-AND.145/21-5;;;S;Formosa (Taiwan);Safety 1st;HE001. Andador Spacewalker. Cores: Grey e Orange.;PP, Ferro, ABS. 58x65.5x71.5cm.Trav.Manual.Sist.Mont.Fren.Manual. Bandeja de Brinquedos.;7908238803932|7908283803949;Incluido;19/04/2021
195269/1949;Ativo;;30/08/2021;;;TA TE TI INDUSTRIA E COMERCIO DE BRINQUEDOS EDUCATIVOS LTDA;30261120000103;4732422225;RUA TIRADENTES;230;;89107000;CENTRO;POMERODE;SC;qualidade3@grupocalesita.com.br;TA TE TI INDUSTRIA E COMERCIO DE BRINQUEDOS EDUCATIVOS LTDA;Andadores Infantis;Portaria Inmetro nº 129 de 19/03/2021;;CE-AND/IQB 000010 55962/23-001;Modelo 5;;N;Brasil;Tateti;Ref.915 - Move Baby Rosa;PP, METAL, TECIDO POLIESTER. DIMENSAO: 70,20X59,83X49,12CM. SIST. TRAVAMENTO:FREIO DIANTEIRO E TRASEIRO. SIST DE MONTAGEM: MANUAL/PARAFUSOS PP. ACESSORIOS:BANDEJA DE BRINQUEDOS;7898664632247;Incluido;02/03/2026
181864/2022;Ativo;;31/10/2025;;;MD COMERCIO DE FERRAGENS LTDA;55274701000100;92985975259;Avenida Joaquim Nabuco;1094;A;69020030;Centro;Manaus;AM;mdcomerciodeferragensltda@gmail.com;Xingtai Pandelo Technology Co.,Ltd;Andadores Infantis;Portaria Inmetro nº 129 de 19/03/2021;;IN2824825;Modelo 5;;S;China, República Popular;ULTRA BABY;ANDADOR INFANTIL MUSICAL PARA BEBÊ - UBW -305 - N/A - BABY PINK / BARBIE PINK/RED / WHITE/ROYAL BLUE /ORANGE / WHITE/LIGHT BLUE / WHITE;MAT:PP,FERRO E POLIÉ./DIM.:68X59X52 CM/SIST.DE TRAV.:LIB.EM DUAS AÇÕES CONS./SIST.DE MONT. E FERR.:MAN.(S/FERRAM.)/ACESS.:N/A/CARACTERISTICAS DO MODELO:ANDADOR COM BRINQUEDO ACOPLADO;7890012361007|7890012361113|7890012368082|7890012369096;Incluido;31/10/2025
141689/1991;Ativo;;07/08/2024;;;AMAZONAS IMPORTADOS LTDA;07269201000138;9691131654;Rua Independência;175;;68900090;Central;Macapa;AP;adriana.abreu@amazonasimportados.com.br;YIWU BALBIAN ELECTRONIC TECHNOLOGICAL CO., LTD;Andadores Infantis;Portaria Inmetro nº 129 de 19/03/2021;;IN2086424-2;;;S;China, República Popular;LÉ PETIT;MODE:BABY WALKER/REF:LP-9618/ CONT: ANDADOR COM BRINQUEDO ACOPLADO/VERSÕES:AZUL,VERDE,ROSA,VERMELHO.;MAT:PP E POLIÉSTER/DIM:65X54X49CM/SIST DE TRAV:LIBERAÇÃO EM DUAS AÇÕES CONSECUTIVAS/SIST DE MONT E FERR:MANUAL (SEM FERRAMENTA)ACE:N/A.CARACTERISTICAS DO MODELO:;7453068240131;Incluido;07/08/2024
489273/1975;Ativo;;02/09/2026;;;BAGATOLI COMERCIO DE REFRIGERACAO LTDA;00897750000108;47984556257;BR-470;8105;;89058020;FORTALEZA ALTA;BLUMENAU;SC;digitalpriceconsultoria@gmail.com;PINGHU XIAOTIANDI CHILDREN?S PRODUCTS FACTORY;Andadores Infantis;Portaria Inmetro nº 129 de 19/03/2021;;IN3155526;Modelo 5;;S;China, República Popular;BAGATOLI KIDS;MOD: ANDADOR INFANTIL PULSE/ N.COM: PULSE/ V.: ROSA, AZUL, CINZA;MAT.:PP,POLIÉSTER,AÇO/DIM.:51X61X69CM/SIST.TRAV.:LIB.2 AÇÕES CONSEC./SIST.MONT.FERR.:REBITES,PARAF.E ENCAIXE PEÇAS PLÁST./ACESS.:BRINQ.NA BANDEJA/CARACT.MOD.:ANDADOR C/BRINQ.;7901030400859|7901030400866|7901030400873;Incluido;02/09/2026
600783/1964;Ativo;;07/02/2022;;;TUTTI BABY INDUSTRIA E COMERCIO DE ARTIGOS INFANTIS LTDA;06981862000129;4733794000;Rod. Guilherme Jensen, SC413, km13;0;;89108000;Distrito Industrial;Massaranduba;SC;certificacao@tuttibaby.com.br;TUTTI BABY INDUSTRIA E COMERCIO DE ARTIGOS INFANTIS LTDA;Andadores Infantis;Portaria Inmetro nº 129 de 19/03/2021;;IN2869325;Modelo 5;;N;Brasil;Tutti Baby;Andador Safari Plus II (Azul / Rosa / Vermelho);ESTRUT. MET.AÇO.TUBULAR/48x60,5x70CM/SIST.DE TRAV. COM.DUAS.AÇÕES.CONSECUT.PARA.LIBER./PARAFUSOS.E. REBITES/BRINQUEDOS.E.ADESIVOS;7898431501615|7898431501622|7898431501639;Excluido;08/04/2022
075932/1940;Ativo;;09/12/2019;;;TAPUZIM COMERCIAL LTDA;00513418000100;1138569063;Av. Monte Celeste;230;250;02561000;Vila S. Maria;São Paulo;SP;ehs0770@hotmail.com;SHEN ZHEN WEI MEI CHILDCARE PRODUCT LIMITED COMPANY;Andadores Infantis;Portaria Inmetro nº 42 de 19/01/2018;;OCAN-AND.165/19-3;;;S;China, República Popular;baby style;CENTRO DE ATIVIDADES;VERSÕES: Andador play - Ref.5821 Andador meninos - Ref. 515211 Andador meninas - Ref. 51522. Material: Plástico, metal e tecido. Dimensões: 74 x 75 x 18 cm Sistema de Travamento: Stoper Sistema de Mon;4079515211993|4079515222999|4532582122994;Incluido;09/12/2019
783277/2001;Ativo;;30/09/2019;;;BURIGOTTO SA INDUSTRIA E COMERCIO;51460277000138;1934042000;Rua Martino Dragone;280;;13480308;Jardim Santa Barbara;Limeira;SP;carlos.riva@burigotto.com;JIN SUN GEE PLASTICS. CO., LTD.;Andadores Infantis;Portaria Inmetro nº 42 de 19/01/2018;;CE-AND/IQB 000004 53005/19-001;;;S;Formosa (Taiwan);Burigotto;Andador Baby Coupe (ref. com. IXAN3034PK10-Rosa, IXAN3034AZ19-Azul, IXAN3034CL-CL);Andador Infantil, Mat.: Polipropileno, Nylon, Aço, Tecido e Espuma, Dim: 760X650X640mm, Sist. Trav. Automático, Sistema Montagem/Ferragem Rebites, parafusos e Encaixe de peças plásticas, Acessorio: Ba;7896502916146|7896502916160|7896502935550;Incluido;30/09/2019
077292/1928;Inativo;;02/04/2020;;;Galzerano Indústria de Carrinhos e Berços Ltda;43594977000197;1934043030;Via Prefeito Jurandyr Paixão;700;;13481149;Jd. Campo Belo;Limeira;SP;luisfernando.camargo@galzerano.com.br;FOSHAN SHUNDE QIJUN TOYS CO., LTD;Andadores Infantis;Portaria Inmetro nº 42 de 19/01/2018;;CE-AND/IQB 000006 53487/19-001;;;S;China, República Popular;GALZERANO;Ref.: 4090 - Liam. Versões: 4090CZ (Cinza), 4090PT (Preto);Mat: Tec poli Espum Resin plást Tinta Ferragens. Dim: 70x65x54(cm). Sist Trav: Trilho plást c/ botão destrav e reg de altura. Sist mont/ferragem: Manual. Acess: Bandej brinq não removív e retrovisores;7908200101431|7908200101448;Incluido;02/04/2020
371296/1954;Inativo;;11/01/2023;;;COMPANHIA DOREL BRASIL PRODUTOS INFANTIS;10659948000883;2135547024;Av. Nilo Peçanha;1516 ;Galpão 3 ;28030035;Pq dos Rodoviários;Campos dos Goytacaze;RJ;standard@dorel.com.br;Jin Sun Gee Plastics Co., Ltd;Andadores Infantis;Portaria Inmetro nº 129 de 19/03/2021;;IN1722522;;;S;Formosa (Taiwan);Cosco;BG-1518. Nome comercial: Follow. Versões: Azul e Laranja.;Ferro, plástico, PP,PET, PU e poliéster. 60 x 49 x 68 cm.Trav:Lib.2 ações cons., Encaixe,aces: Brinquedos.;7908238808043|7908238808050;Incluido;11/01/2023
665300/1980;Ativo;;03/04/2023;;;PLANETA - IMPORTACAO E DISTRIBUICAO DE BRINQUEDOS LTDA;13434272000141;1138951572;AV VASCO MASSAFELI;1000;G1A M1-21;06703600;JARDIM MARIA TEREZA;COTIA;SP;admin@planetadobebe.com.br;HEBEI WANXIN CHILDREN TOYS CO.,LTD.;Andadores Infantis;Portaria Inmetro nº 129 de 19/03/2021;;IN1765923;Modelo 5;;S;China, República Popular;MAXI BABY;NW-01 - ANDADOR LA BAMBA  / (...) COM BRINQUEDOS/CAR MOD:AND COM BRINQUEDO(BANDEJA MUSICAL);MAT:PP E PARTES EM ABS, AÇO DE ALTO CARB RODA ELASTÔMERO TERMOPLÁSTICO, PVC/DIM:580X680X550(LXCXH)/SIS TRA:LIBERAÇÃO EM DUAS AÇÕES CONSECUTIVAS SIS DE MON E FER:MANUAL(S/ FERRAMENTA)/ACE:BANDEJA (...);7899403215370|7899403215387;Excluido;28/02/2025
193136/1939;Ativo;;31/10/2025;;;MD COMERCIO DE FERRAGENS LTDA;55274701000100;92985975259;Avenida Joaquim Nabuco;1094;A;69020030;Centro;Manaus;AM;mdcomerciodeferragensltda@gmail.com;Xingtai Pandelo Technology Co.,Ltd;Andadores Infantis;Portaria Inmetro nº 129 de 19/03/2021;;IN2824825;Modelo 5;;S;China, República Popular;ULTRA BABY;ANDADOR INFANTIL MUSICAL PARA BEBÊ - UBW -305 - N/A - BABY PINK / BARBIE PINK/RED / WHITE/ROYAL BLUE /ORANGE / WHITE/LIGHT BLUE / WHITE;MAT:PP,FERRO E POLIÉ./DIM.:68X59X52 CM/SIST.DE TRAV.:LIB.EM DUAS AÇÕES CONS./SIST.DE MONT. E FERR.:MAN.(S/FERRAM.)/ACESS.:N/A/CARACTERISTICAS DO MODELO:ANDADOR COM BRINQUEDO ACOPLADO;7890012361007|7890012361113|7890012368082|7890012369096;Incluido;31/10/2025
367309/1992;Ativo;;14/08/2019;;;BAMBOO COMERCIO, IMPORTAÇÃO E EXPORTAÇÃO EIRELI-EPP;27115224000103;8132419265;Rua. Alegre;154;Galpão A;52120125;Arruda;Recife;PE;bamboo@yescert.com.br;ZHEJIANG KINTEX INTERNATIONAL TRADING CO., LTD;Andadores Infantis;Portaria Inmetro nº 129 de 19/03/2021;;IN1632922;;;S;China, República Popular;BAMBOO;NOME FANTASIA: ANDAJAR GUGU MODELO: MD-18 CORES: VERDE;PLÁSTICO, METAL E FIBRA TÊXTIL,520 x 560 x 620 mm,MANUAL,MANUAL,BANDEJA, VOLANTE DO PUXADOR.;7909312341029;Excluido;22/07/2022
117245/2003;Cancelado;;24/08/2020;;14/07/2025;Dardara Comercio Importacao e Exportacao Ltda.;07774907000157;1147447248;R VALENTIM MAGALHAES;95;***;03184090;ALTO DA MOOCA;SÃO PAULO;SP;dardara@yescert.com.br;FOSHAN BAOLIMEI CHILD?S VEHICLE CO.LTD;Andadores Infantis;Portaria Inmetro nº 42 de 19/01/2018;;OCAN-AND.134/20-5;;;S;China, República Popular;DARDARA;ANDADOR CARRO (FD-2407);Material: Moldes e peças em plástico P.P.(polipropileno) Adesivos (papel colante) Painel - parte interna: sistema eletrônico (placa, fio colorido, alto falante). Estrutura em metal, Dimensões: 74 x 63;;Incluido;24/08/2020
959304/2006;Ativo;;07/08/2024;;;AMAZONAS IMPORTADOS LTDA;07269201000138;9691131654;Rua Independência;175;;68900090;Central;Macapa;AP;adriana.abreu@amazonasimportados.com.br;YIWU BALBIAN ELECTRONIC TECHNOLOGICAL CO., LTD;Andadores Infantis;Portaria Inmetro nº 129 de 19/03/2021;;IN2086424-2;;;S;China, República Popular;LÉ PETIT;MODE:BABY WALKER/REF:LP-9618/ CONT: ANDADOR COM BRINQUEDO ACOPLADO/VERSÕES:AZUL,VERDE,ROSA,VERMELHO.;MAT:PP E POLIÉSTER/DIM:65X54X49CM/SIST DE TRAV:LIBERAÇÃO EM DUAS AÇÕES CONSECUTIVAS/SIST DE MONT E FERR:MANUAL (SEM FERRAMENTA)ACE:N/A.CARACTERISTICAS DO MODELO:;7453068240131;Incluido;07/08/2024
253319/1933;Inativo;;12/12/2022;;;COMPANHIA DOREL BRASIL PRODUTOS INFANTIS;10659948000883;2135547024;Av. Nilo Peçanha;1516 ;Galpão 3 ;28030035;Pq dos Rodoviários;Campos dos Goytacaze;RJ;standard@dorel.com.br;Dongguan Xinyeda Hardware Plastic Products Co., Ltd;Andadores Infantis;Portaria Inmetro nº 129 de 19/03/2021;;IN1715922;;;S;China, República Popular;Safety 1st;11389.  Melody Garden;ABS,PP.PVC.Pol.Esp, 64x55x66cm,Trav.Lib.2açoes cons, Mon.Manual. Aces: Brinquedos.;9312541727119;Incluido;12/12/2022
829463/1951;Inativo;;24/09/2019;;;Galzerano Indústria de Carrinhos e Berços Ltda;43594977000197;1934043030;Via Prefeito Jurandyr Paixão;700;;13481149;Jd. Campo Belo;Limeira;SP;luisfernando.camargo@galzerano.com.br;SHEN ZHEN WEI MEI CHILDCARE PRODUCT LIMITED COMPANY;Andadores Infantis;Portaria Inmetro nº 42 de 19/01/2018;;CE-AND/IQB 000006 53504/20-001;;;S;China, República Popular;GALZERANO;Andador de bebê 4 em 1 Funny - Versões: Color (CR), Verde Água (VDA);Mat Tec poli Espum Resin plást Itens fix Dimens 75Cx71Lx55A(cm) Sist trav Dobradiç plást c/ botã acion Sist mont frenag Encaix manua Mod Andador c/ módul sonor Pçs girat Cores divers Acess Brinq remov;7898089221477|7898089221996;Incluido;24/09/2019
754601/1994;Ativo;;29/01/2025;;;MD COMERCIO DE FERRAGENS LTDA;55274701000100;92981285408;AVENIDA JOAQUIM NABUCO, ;1094;A;69020030;CENTRO;MANAUS;AM;monadowlani@gmail.com;Hebei Zhongtai Bicycle manufacturing Co,. Ltd;Andadores Infantis;Portaria Inmetro nº 129 de 19/03/2021;;IN2520425;;;S;China, República Popular;ULTRA BABY;ANDADOR INFANTIL MUSICAL PARA BEBÊ/REF.:UBW-1026/PINK/GREEN/BLUE;MAT:PU,PP,AÇO,POLIÉSTER,ABS/DIM:70X60X55CM/SIST.DE TRAV.:LIB.EM DUAS AÇÕ.CONS./SIS.DE MONT.E FER.:MAN.(S/FERR.)/ACESS.:BANDE.COM BRINQ./CARAC.DO MODE.:ANDAD.C/BRINQ;7890012365050|7890012366064|7890012367078;Incluido;29/01/2025
547323/1959;Ativo;;07/03/2024;;;COMPANHIA DOREL BRASIL PRODUTOS INFANTIS;10659948000107;2135547024;Av. Nilo Peçanha;1516;1582;28030035;Pq dos Rodoviários;Campos dos Goytacaze;RJ;standard@dorel.com.br;COMPANHIA DOREL BRASIL PRODUTOS INFANTIS;Andadores Infantis;Portaria Inmetro nº 129 de 19/03/2021;;IN2040823;Modelo 5;;N;Brasil;INFANTI/ COSCO;APPIA/ ZIGGY - HE022 - N/A - AZUL / ROSA / AZUL / ROSA;MAT:PP,PES,PTA,EG,POLIPROPILENO E POLIETILENO/DIM:56,5 X 68 X 60,5 CM/SIST D TRAVAMENTO:LIB EM DUAS AÇÕES CONSEC/SIST DE MNTGM E FERRG:MAN (SEM FER)/ACESS:BAND D BRINQ./CARACT D MODELO:ANDADOR C BRINQ;7908238809774|7908238809781|7908238815812|7908238815829;Incluido;10/04/2026
176927/1983;Ativo;;13/04/2026;;;VG SHOP COMERCIO ON LINE LTDA;16857384000365;1149690505;RUA PROJETADA SN KM 15 NUCLEO AGUA COMPRIDA;0;KM 15;37600000;AGUA COMPRIDA;CAMBUI;MG;gilson@vgshop.com.br;YONGXING SPORTS LIMITED;Andadores Infantis;Portaria Inmetro nº 129 de 19/03/2021;;IN2982826;Modelo 5;;S;China, República Popular;MULTMAXX;Desig. Com. andador infantil com empurrador Cod. Ref. MTX150 / MTX151 Quant. (aplic. para mod. 1b) n/a Mat: poliéster, abs, pp e borracha Dim. 76x65x65cm Sis. Trav. dois dispositivos independentes sendo operador simultaneamente;Sis. de Mont. e Ferragem: manual (com ferramenta) acess: N/A Car.do mod: andador ccom empurrador e brinquedo musical Vers. MTX150 cinza MTX151 rosa;7898758400394|7898758400400;Incluido;13/04/2026
082501/1975;Inativo;;11/11/2022;;;COMPANHIA DOREL BRASIL PRODUTOS INFANTIS;10659948000883;2135547024;Av. Nilo Peçanha;1516 ;Galpão 3 ;28030035;Pq dos Rodoviários;Campos dos Goytacaze;RJ;standard@dorel.com.br;Jin Sun Gee Plastics Co., Ltd;Andadores Infantis;Portaria Inmetro nº 129 de 19/03/2021;;IN1701622-2;;;S;Formosa (Taiwan);Voyage;BG-1518. Nome comercial: Baby Step. Versões: Rosa e Azul.;Ferro,PP e poliéster. 60x49x68cm.Trav:Lib.2 ações consec.,Mont:Encaixe. Aces:Brinquedos;7908238801280|7908238801297;Incluido;11/11/2022
361946/1991;Ativo;;09/12/2019;;;TAPUZIM COMERCIAL LTDA;00513418000100;1138569063;Av. Monte Celeste;230;250;02561000;Vila S. Maria;São Paulo;SP;ehs0770@hotmail.com;SHEN ZHEN WEI MEI CHILDCARE PRODUCT LIMITED COMPANY;Andadores Infantis;Portaria Inmetro nº 129 de 19/03/2021;;IN2062423;Modelo 5;;S;China, República Popular;Baby Style;ANDADOR PIANINHO ROSA - 33725 / ANDADOR PIANINHO AZUL - 33726;ANDADOR PIANINHO RS E AZ, MATERIAL:PLÁSTICO/62 X 53 X 78 CM/LIBERAÇÃO EM DUAS AÇÕES CONSECUTIVAS/MANUAL (SEM FERRAMENTAS)/BRINQUEDO;4079337251993|4079337261992;Incluido;29/01/2024
692337/1941;Inativo;;07/10/2019;;;Galzerano Indústria de Carrinhos e Berços Ltda;43594977000197;1934043030;Via Prefeito Jurandyr Paixão;700;;13481149;Jd. Campo Belo;Limeira;SP;luisfernando.camargo@galzerano.com.br;GUANGDONG ZHIHUI CHILDREN?S PRODUCTS CO.,LTD;Andadores Infantis;Portaria Inmetro nº 42 de 19/01/2018;;CE-AND/IQB 000006 53503/20-001;;;S;China, República Popular;GALZERANO;Andador de bebê Magic - Versão: Cinza (CZ), Preto (PT);Mat Tec poli Espum Resin plást Tint Ferrag 70Cx65Lx54A cm Travam trilho plást com botão de destrav e regul alt Mont/frenag manual Andador com pçs girat e cores diversas Acess Bandej Brinq não removív.;7898089221590|7898089222283;Incluido;07/10/2019
841327/1985;Inativo;;23/05/2025;;;MD COMERCIO DE FERRAGENS LTDA;55274701000100;92981285408;AVENIDA JOAQUIM NABUCO;1094;A;69020030;Centro;Manaus;AM;mdcomerciodeferragensltda@gmail.com;Xingtai Pandelo Technology Co.,Ltd;Andadores Infantis;Portaria Inmetro nº 129 de 19/03/2021;;IN2611025;Modelo 5;;S;China, República Popular;ULTRA BABY;REF: UBW-801H - ANDADOR INFANTIL MUSICAL PARA BEBÊ - BABY PINK / BARBIE PINK, RED / WHITE, ROYAL BLUE / ORANGE / WHITE, GREEN / WHITE;MAT:PP,FERRO E POLIÉSTER/DIM:68X59X52CM/SIS_TRAV:LIBERAÇÃO EM 2 AÇÕES CONSECUTIVAS/SIS_MONTAGEM_E_FERRAGEM:MANUAL(SEM FERRAMENTA)/ACESSÓRIOS: N/A/CARACTERISTICAS_MODELO:ANDADOR COM BRINQUEDO ACOPLADO;7890012361007|7890012361113|7890012368082|7890012369096;Incluido;23/05/2025
172133/1998;Ativo;;09/12/2019;;;TAPUZIM COMERCIAL LTDA;00513418000100;1138569063;Av. Monte Celeste;230;250;02561000;Vila S. Maria;São Paulo;SP;ehs0770@hotmail.com;SHEN ZHEN WEI MEI CHILDCARE PRODUCT LIMITED COMPANY;Andadores Infantis;Portaria Inmetro nº 129 de 19/03/2021;;IN2062423;Modelo 5;;S;China, República Popular;Baby Style;MODELO: ANIMAIS VERSÕES: Andador cachorro vermelho - Ref. 33721 Andador cachorro azul - Ref. 33722 Andador abelha rosa - Ref. 33723 Andador abelha azul - Ref. 33724 Andador pianinho rosa Ref: 33725 Andador pianinho azul Ref: 33726;Material: Plástico, metal e tecido, Dimensões: 50 x 70 x 60 cm, Sistema de Travamento: Stoper, Sistema deMontagem e Ferragem: Tesoura, Acessórios: Bandeja musical;4079337218996|4079337228995|4079337238994|4079337248993|4079337251993|4079337261992;Excluido;29/01/2024
295541/2022;Ativo;;29/04/2024;;;TAPUZIM COMERCIAL LTDA;00513418000100;113856906;Av. Monte Celeste;230;250;02561000;Vila S. Maria;São Paulo;SP;sergio@babystylebrasil.com.br;SHEN ZHEN WEI MEI CHILDCARE PRODUCT LIMITED COMPANY;Andadores Infantis;Portaria Inmetro nº 129 de 19/03/2021;;IN2118124-2;;;S;China, República Popular;Baby Style;ANDADOR FOGUETE - FOGUETE CINZA E FOGUETE ROSA;MATERIAL:PP/DIM:62X53X78CM/SISTEMA DE TRAVAME:LIBERA EM 2 AÇÕES CONSECUTIVAS/MANUAL/ACESSÓRIOS:N/A/CARACT DO MODELO:ANDADOR C BRINQUEDO NA BANDEJA;4079337285219|4079337296543;Incluido;29/04/2024
135331/2012;Ativo;;07/03/2024;;;COMPANHIA DOREL BRASIL PRODUTOS INFANTIS;10659948000107;2135547024;Av. Nilo Peçanha;1516;1582;28030035;Pq dos Rodoviários;Campos dos Goytacaze;RJ;standard@dorel.com.br;COMPANHIA DOREL BRASIL PRODUTOS INFANTIS;Andadores Infantis;Portaria Inmetro nº 129 de 19/03/2021;;IN2040823;Modelo 5;;N;Brasil;INFANTI/ COSCO;APPIA/ ZIGGY - HE022 - N/A - AZUL / ROSA / AZUL / ROSA;MAT:PP,PES,PTA,EG,POLIPROPILENO E POLIETILENO/DIM:56,5 X 68 X 60,5 CM/SIST D TRAVAMENTO:LIB EM DUAS AÇÕES CONSEC/SIST DE MNTGM E FERRG:MAN (SEM FER)/ACESS:BAND D BRINQ./CARACT D MODELO:ANDADOR C BRINQ;7908238809774|7908238809781|7908238815812|7908238815829;Incluido;10/04/2026
429346/1938;Ativo;;29/04/2024;;;TAPUZIM COMERCIAL LTDA;00513418000100;1138569063;Av. Monte Celeste;230;250;02561000;Vila S. Maria;São Paulo;SP;sergio@babystylebrasil.com.br;SHEN ZHEN WEI MEI CHILDCARE PRODUCT LIMITED COMPANY;Andadores Infantis;Portaria Inmetro nº 129 de 19/03/2021;;IN2118124-1;;;S;China, República Popular;Baby Style;ANDADOR SMART - SMART AZUL E SMART ROSA;PP,62 X 53 X 78CM,LIBERAÇÃO EM DUAS AÇÕES CONSECUTIVAS,MANUAL (SEM FERRAMENTA),ACESSÓRIOS:N/A/CARAC MODELO:ANDADOR C BRINQUEDO NA BANDEJA;4079337307416|4079337313325;Incluido;29/04/2024
716491/1971;Inativo;;14/08/2019;;;Companhia Dorel Brasil Produtos Infantis;10659948000107;2135633602;Av. Nilo Peçanha;1516 /1582;Térreo;28030035;Pq dos Rodoviários;Campos dos Goytacaze;RJ;mariana.magalhaes@dorel.com.br;JIN SUN GEE PLASTIC CO.,LTD;Andadores Infantis;Portaria Inmetro nº 42 de 19/01/2018;;OCAN-AND.145/19-1;;;S;Formosa (Taiwan);Voyage;BG-1518;Nome Fantasia: Baby Step. Cores: Rosa e Azul. Material: Ferro, Plástico e Polipropileno. 60x49x68cm. Sistema Travamento e Montagem:Manual. Acessórios: Bandeja.;7908238801280|7908238801297;Incluido;14/08/2019
723350/1964;Inativo;;12/12/2022;;;COMPANHIA DOREL BRASIL PRODUTOS INFANTIS;10659948000883;2135547024;Av. Nilo Peçanha;1516 ;Galpão 3 ;28030035;Pq dos Rodoviários;Campos dos Goytacaze;RJ;standard@dorel.com.br;Dongguan Xinyeda Hardware Plastic Products Co., Ltd;Andadores Infantis;Portaria Inmetro nº 129 de 19/03/2021;;IN1715922;;;S;China, República Popular;Safety 1st;11389.  Melody Garden;ABS,PP.PVC.Pol.Esp, 64x55x66cm,Trav.Lib.2açoes cons, Mon.Manual. Aces: Brinquedos.;9312541727119;Incluido;12/12/2022
985550/1995;Ativo;;12/11/2024;;;CACANDO OFERTAS LTDA;23230465000134;11976586700;Rua José Ferreira Crespo;752;Sala 1;08021480;Jardim São Vicente;São Paulo;SP;diegofrancisco22@bol.com.br;STYLL ADMINISTRACAO, INVESTIMENTOS, LOCACOES & SERVICOS LIMITADA;Andadores Infantis;Portaria Inmetro nº 129 de 19/03/2021;;IN2382924;;;N;Brasil;ClickBaby's;Andador Happy baby - Versões AZUL-HAPPY BABY ROSA-HAPPY BABY LARANJA-HAPPY BABY;Mat.Aço Polipropileno.Dim:640x570x470cm.Sist.Trav. Liberação duas ações consecutivas.Sist de Mont e Ferrag:Manual sem ferramenta.Acess: Bandeja c/Brinquedo.Caract/modelo:Andador c/brinquedo na bandeja;7898975097001|7898975097018|7898975097025;Incluido;12/11/2024
017354/1991;Ativo;;16/09/2024;;;AMAZONAS IMPORTADOS LTDA;07269201000138;9691131654;Rua Independência;175;;68900090;Central;Macapa;AP;adriana.abreu@amazonasimportados.com.br;YIWU BALBIAN ELECTRONIC TECHNOLOGICAL CO., LTD;Andadores Infantis;Portaria Inmetro nº 129 de 19/03/2021;;IN2086424-1;;;S;China, República Popular;LÉ PETIT;MODE:BABY WALKER/REF:LP-9517/ CONT: ANDADOR COM BRINQUEDO ACOPLADO/VERSÕES:AZUL,ROSA,VERDE,;MAT:PP E POLIÉSTER/DIM:62X55,5X50CM/SIST DE TRAV:LIBERAÇÃO EM DUAS AÇÕES CONSECUTIVAS/SIST DE MONT E FERRAGEM:MANUAL (SEM FERRAMENTA)/ACESSÓRIOS:N/A.CARACTERISTICAS DO MODELO:;453068745717;Incluido;16/09/2024
311358/2017;Ativo;;07/03/2024;;;JASSUMAL LTDA;04214425000154;63881924131;AV SETE SETEMBRO;852;;69005140;CENTRO;MANAUS;AM;dgjohnny@gmail.com;PINGHU SHI XIAOTIANDI CHILDREN''S PRODUCTS FACTORY;Andadores Infantis;Portaria Inmetro nº 129 de 19/03/2021;;IN2087524;;;S;China, República Popular;BABY SPORTS;ANDADOR JASSUMAL - BS104 - AZUL CLARO E ESCURO-BS104A/ROSA CLARO E ESCURO-BS104R/VERMELHO E PRETO-BS104VP/ROXO E ROSA ESCURO-BS104RR;MAT.:PP,FERRO E POLIÉSTER/DIM.:63X57X53CM/SIST.TRAVA.:LIBERAÇÃO EM DUAS AÇÕES CONSECUTIVAS/SIST.MONT.FERRA.:MANUAL(SEM FERRAMENTA)/ACESSÓRIOS:N/A/CARACTERISTICAS DO MODELO: ANDADOR COM BRINQUEDO;6901041000155;Incluido;07/03/2024
608916/1993;Ativo;;06/09/2024;;;TUTTI BABY INDUSTRIA E COMERCIO DE ARTIGOS INFANTIS LTDA;06981862000129;4733794000;Rod. Guilherme Jensen, SC413, km13;0;Galpão 01;89108000;Distrito Industrial;Massaranduba;SC;certificacao@tuttibaby.com.br;TUTTI BABY INDUSTRIA E COMERCIO DE ARTIGOS INFANTIS LTDA;Andadores Infantis;Portaria Inmetro nº 129 de 19/03/2021;;IN2321524;;;N;Brasil;TUTTI BABY;ANDADOR COMFORT/REF.ANDADOR COMFORT 40.005/40005004/40005003/40005011/40005028/40005007/40005010/40005006/40005029;MAT:PLAST.ENG/ALGODÃO/DIMEN:48X60,5X70CM/SIST.DE TRAV:DOIS DISP.DE TRAV.INDEP.SENDO OP.SIMUL/SIST.DE MONT.FERR:OUTROS:PARAF,MONT.PEÇAS PLAST./ACESS:BANDEIJA C/ BRINQ/CARAC.DO MOD:ANDADOR C/BRINQUEDO;7898431502063|7898431502070|7898431502087|7898431502094|7898431502100|7898431502117|7898431502124|7898431502131;Incluido;06/09/2024
605373/1943;Ativo;;29/04/2025;;;MD COMERCIO DE FERRAGENS LTDA;55274701000100;92981285408;AVENIDA JOAQUIM NABUCO;1094;A;69020030;Centro;Manaus;AM;mdcomerciodeferragensltda@gmail.com;PINGHU XIAOTIANDI CHILDREN''S PRODUCTS FACTORY;Andadores Infantis;Portaria Inmetro nº 129 de 19/03/2021;;IN2610925;Modelo 5;;S;China, República Popular;ULTRA BABY;REF: UBW-601 - ANDADOR INFANTIL MUSICAL PARA BEBÊ - NAVY BLUE / RED, GREEN / BLUE, ROYAL BLUE / TEAL, LIGHT PINK / LAVANDER, DARK PURPLE / PINK;MAT:PP,FERRO E POLIÉSTER/DIM:70X62,5X55CM/SIS_TRAV:LIBERAÇÃO EM 2 AÇÕES CONSECUTIVAS/SIS_MONT.E_FERRAGEM:MANUAL(SEM FERRAMENTA)/ACESSÓRIOS: N/A/CARACTERISTICAS_MODELO:ANDADOR COM BRINQUEDO ACOPLADO;7890012361120|7890012361137|7890012361144|7890012361151|7890012361168;Incluido;29/04/2025
310510/1943;Inativo;;12/12/2022;;;COMPANHIA DOREL BRASIL PRODUTOS INFANTIS;10659948000883;2135547024;Av. Nilo Peçanha;1516 ;Galpão 3 ;28030035;Pq dos Rodoviários;Campos dos Goytacaze;RJ;standard@dorel.com.br;Dongguan Xinyeda Hardware Plastic Products Co., Ltd;Andadores Infantis;Portaria Inmetro nº 129 de 19/03/2021;;IN1715922;;;S;China, República Popular;Safety 1st;11389.  Melody Garden;ABS,PP.PVC.Pol.Esp, 64x55x66cm,Trav.Lib.2açoes cons, Mon.Manual. Aces: Brinquedos.;9312541727119;Incluido;12/12/2022
802562/1994;Ativo;;06/03/2023;;;BURIGOTTO S A INDUSTRIA E COMERCIO;51460277000138;1934464813;Rua Martino Dragone;280;;13480308;Jardim Santa Barbara;Liemira;SP;alison.smanioto@burigotto.com;JIN SUN GEE PLASTICS CO., LTD;Andadores Infantis;Portaria Inmetro nº 129 de 19/03/2021;;CE-AND/IQB 000004 55573/23-001;Modelo 5;;S;Formosa (Taiwan);BURIGOTTO;ANDADOR OLÉ CL - REF. IXAN5143CL;PP, AÇO, TECIDO / 590 X 690 X 550 MM / TRILHO PLÁSTICO COM BOTÃO DE TRAVA/DESTRAVA E REGULAGEM DE ALTURA / REBITES, PARAFUSOS E ENCAIXE DE PEÇAS PLÁSTICAS / BANDEJA COM 2 BRINQUEDOS DE PP E NYLON;7896502944248;Incluido;29/04/2026
899377/1969;Ativo;;22/11/2023;;;JASSUMAL LTDA;04214425000154;62811924131;AV SETE SETEMBRO;852;;69005140;CENTRO;MANAUS;AM;dgjohnny@gmail.com;PINGHU SHI XIAOTIANDI CHILDREN?S PRODUCTS FACTORY;Andadores Infantis;Portaria Inmetro nº 129 de 19/03/2021;;IN1984323;;;S;China, República Popular;BABY SPORTS;ANDADOR JASSUMAL /REF: BS103 /VERSÕES:Azul Claro e Escuro - BS103A/Rosa Claro e Escuro - BS103R/Roxo e Rosa Escuro - BS103RR;MATERIAL:PP, FERRO E POLIÉSTER|DIMENSÕES:63 X 57 X 53 CM|SISTEMA DE TRAVAMENTO:LIBERAÇÃO EM DUAS AÇÕES CONSECUTIVAS|SISTEMA DE MONTAGEM E FERRAGEM:MANUAL (SEM FERRAMENTA)|ACESSÓRIOS:N/A|CARACTERISTICA;6901041000155;Incluido;22/11/2023
193381/1996;Inativo;;14/08/2019;;;Companhia Dorel Brasil Produtos Infantis;10659948000107;2135633602;Av. Nilo Peçanha;1516 /1582;Térreo;28030035;Pq dos Rodoviários;Campos dos Goytacaze;RJ;mariana.magalhaes@dorel.com.br;JIN SUN GEE PLASTIC CO.,LTD;Andadores Infantis;Portaria Inmetro nº 42 de 19/01/2018;;OCAN-AND.145/19-2;;;S;Formosa (Taiwan);Cosco;BG-2023;Nome Fantasia: Goal Walker 4 em 1. Cores: Rosa e Azul. Material: Ferro, Plástico, PP e PU. 74 x 44x 66.5 cm. Sistema de Travamento e Montagem: Manual. Acessórios: Bandeja de Brinquedos.;7898509478375|7898509478665;Incluido;14/08/2019
487385/2022;Ativo;;22/11/2023;;;JASSUMAL LTDA;04214425000154;62811924131;AV SETE SETEMBRO;852;;69005140;CENTRO;MANAUS;AM;dgjohnny@gmail.com;PINGHU SHI XIAOTIANDI CHILDREN?S PRODUCTS FACTORY;Andadores Infantis;Portaria Inmetro nº 129 de 19/03/2021;;IN1984323;;;S;China, República Popular;BABY SPORTS;ANDADOR JASSUMAL /REF: BS103 /VERSÕES:Azul Claro e Escuro - BS103A/Rosa Claro e Escuro - BS103R/Roxo e Rosa Escuro - BS103RR;MATERIAL:PP, FERRO E POLIÉSTER|DIMENSÕES:63 X 57 X 53 CM|SISTEMA DE TRAVAMENTO:LIBERAÇÃO EM DUAS AÇÕES CONSECUTIVAS|SISTEMA DE MONTAGEM E FERRAGEM:MANUAL (SEM FERRAMENTA)|ACESSÓRIOS:N/A|CARACTERISTICA;6901041000155;Incluido;22/11/2023
781400/1948;Ativo;;29/04/2024;;;TAPUZIM COMERCIAL LTDA;00513418000100;113856906;Av. Monte Celeste;230;250;02561000;Vila S. Maria;São Paulo;SP;sergio@babystylebrasil.com.br;SHEN ZHEN WEI MEI CHILDCARE PRODUCT LIMITED COMPANY;Andadores Infantis;Portaria Inmetro nº 129 de 19/03/2021;;IN2118124-2;;;S;China, República Popular;Baby Style;ANDADOR FOGUETE - FOGUETE CINZA E FOGUETE ROSA;MATERIAL:PP/DIM:62X53X78CM/SISTEMA DE TRAVAME:LIBERA EM 2 AÇÕES CONSECUTIVAS/MANUAL/ACESSÓRIOS:N/A/CARACT DO MODELO:ANDADOR C BRINQUEDO NA BANDEJA;4079337285219|4079337296543;Incluido;29/04/2024
075404/1975;Ativo;;16/07/2025;;;KIDDO INDUSTRIA E COMERCIO LTDA;60688090000187;1147870744;Rodovia Regis Bittencourt ;3666;;06793000;Jardim Três Marias ;Taboão da Serra;SP;m.nascimento@kiddo.com.br;JIN SUN GEE PLASTIC CO., LTD;Andadores Infantis;Portaria Inmetro nº 129 de 19/03/2021;;IN2735125;Modelo 5;;S;China, República Popular;Whoop;ANDADOR PASSINHOS 2 EM 1 REF. 8701/CINZA/ROSA/AZUL;MATERIAL:PP. POLIES/DIMENSÕES:59,5X68X53CM/SIST.DE.TRAVAM.:LIBER.EM DUAS AÇÕES CONSECUTIVAS/SIST.DE.MONTAG.E.FERRAGEM:MANUAL (SEM AUX. DE FERRAM)/ACESSÓRIOS:BRINQ./CARACT. DO MODELO:ANDADOR C/ BRINQ.;7896517223871|7896517223888|7896517223895;Incluido;16/07/2025
369408/2001;Ativo;;07/08/2024;;;AMAZONAS IMPORTADOS LTDA;07269201000138;9691131654;Rua Independência;175;;68900090;Central;Macapa;AP;adriana.abreu@amazonasimportados.com.br;YIWU BALBIAN ELECTRONIC TECHNOLOGICAL CO., LTD;Andadores Infantis;Portaria Inmetro nº 129 de 19/03/2021;;IN2086424-2;;;S;China, República Popular;LÉ PETIT;MODE:BABY WALKER/REF:LP-9618/ CONT: ANDADOR COM BRINQUEDO ACOPLADO/VERSÕES:AZUL,VERDE,ROSA,VERMELHO.;MAT:PP E POLIÉSTER/DIM:65X54X49CM/SIST DE TRAV:LIBERAÇÃO EM DUAS AÇÕES CONSECUTIVAS/SIST DE MONT E FERR:MANUAL (SEM FERRAMENTA)ACE:N/A.CARACTERISTICAS DO MODELO:;7453068240131;Incluido;07/08/2024
315304/1928;Ativo;;04/08/2025;;;BAMBINO COMERCIAL LTDA;06006481000129;81987347022;R. 23;175;;53090190;RIO DOCE;OLINDA;PE;bambino.souza@terra.com.br;PINGHU XIAOTIANDI CHILDREN?S PRODUCTS FACTORY;Andadores Infantis;Portaria Inmetro nº 129 de 19/03/2021;;IN2750125;Modelo 5;;S;China, República Popular;BAMBINO;ANDADOR - BA01 - ROSA/AZUL;MAT:PP,FERRO E POLIÉSTER/DIM:70X62.5X51CM/SIS_TRAV:LIBERAÇÃO EM DUAS AÇÕES CONSECUTIVAS/SIS_MONT E FERRG:MANUAL(S/FERRAM.)/ACESS.:BRINQ.CEN.DE ATIVI./CARACT.DO MODELO:ANDADOR COM BANDEJA MUSICAL;7898576907150|7898576907167;Incluido;04/08/2025
663423/1927;Ativo;;15/12/2023;;;MADHULA COMERCIO DE ARTIGOS ELETROELETRONICOS LTDA;03838532000190;62811924131;Rua Marcilio Dias;166;;69005270;Centro;Manaus;AM;dgjohnny@gmail.com;PINGHU SHI XIAOTIANDI CHILDREN''S PRODUCTS FACTORY;Andadores Infantis;Portaria Inmetro nº 129 de 19/03/2021;;IN1983523;;;S;China, República Popular;BENMEK;ANDADOR MADHULA/REF.: MA100/VERSÕES:Verde e Azul - MA100VA,Rosa e Roxo - MA100RR,Branco e Azul Escuro - MA100BAE,Amarelo e Vermelho - MA100AV;MAT:PP, FERRO E POLIÉSTER/DIMEN.:63 X 57 X 53 CM/SIST. TRAVAMENTO:Liberação em duas ações consecutivas/SIST. MONTAGEM E FERRAGEM:MANUAL(SEM FERRAMENTA)/ACESS.:n/a/CARACTERÍSTICAS: ANDADOR COM BRINQUED;6901031000158;Incluido;15/12/2023
957427/1953;Ativo;;31/08/2026;;;TUTTI BABY INDUSTRIA E COMERCIO DE ARTIGOS INFANTIS LTDA;06981862000129;4733794000;Rod. Guilherme Jensen, SC413, km13;0;Galpão 01;89108000;Distrito Industrial;Massaranduba;SC;heloiza.souza@tuttibaby.com.br;TUTTI BABY INDUSTRIA E COMERCIO DE ARTIGOS INFANTIS LTDA;Andadores Infantis;Portaria Inmetro nº 129 de 19/03/2021;;CE-AND/IQB 000013 57036/26-002;Modelo 5;;N;Brasil;TUTTI BABY;ANDADOR COMFORT - 40005004,40005003,40005011,40005028,40005007,40005010,40005006,40005029;ESTRU.METALICA:ACO TUBULAR,BRINQ:PLAST.DE ENG.,REVEST. TEXTIL: ALGODAO/48X60,5X70 CM/DOIS DISP. DE TRAV. INDEP. SENDO OP. SIMULT./PARAFUSOS E MONT. DE PÇS PLAST./BRINQ. CERT. E ADESIVO-57036/26;7898431502063|7898431502070|7898431502087|7898431502094|7898431502100|7898431502117|7898431502124|7898431502131;Incluido;31/08/2026
106911/1962;Ativo;;06/03/2023;;;BURIGOTTO S A INDUSTRIA E COMERCIO;51460277000138;1934464813;Rua Martino Dragone;280;;13480308;Jardim Santa Barbara;Liemira;SP;alison.smanioto@burigotto.com;JIN SUN GEE PLASTICS CO., LTD;Andadores Infantis;Portaria Inmetro nº 129 de 19/03/2021;;CE-AND/IQB 000004 55573/23-001;Modelo 5;;S;Formosa (Taiwan);BURIGOTTO;ANDADOR OLÉ CL (REF.COM.  IXAN5143CL);PP, AÇO, TECIDO / 590 X 690 X 550 MM / TRILHO PLÁSTICO COM BOTÃO DE TRAVA/DESTRAVA E REGULAGEM DE ALTURA / REBITES, PARAFUSOS E ENCAIXE DE PEÇAS PLÁSTICAS / BANDEJA COM 2 BRINQUEDOS DE PP E NYLON;7896502944248;Excluido;29/04/2026
391463/2022;Ativo;;03/04/2023;;;PLANETA - IMPORTACAO E DISTRIBUICAO DE BRINQUEDOS LTDA;13434272000141;1138951572;AV VASCO MASSAFELI;1000;G1A M1-21;06703600;JARDIM MARIA TEREZA;COTIA;SP;admin@planetadobebe.com.br;HEBEI WANXIN CHILDREN TOYS CO.,LTD.;Andadores Infantis;Portaria Inmetro nº 129 de 19/03/2021;;IN1765923;Modelo 5;;S;China, República Popular;MAXI BABY;ANDADOR LA BAMBA - NW-01 - AZUL #21537/ROSA #21538/VERMELHO #75268;MAT:PP E PART.ABS,AÇOD.ALTOCARB.RODAELASTÔM.TERMOP.,PVC/DIM:580X680X550(LXCXH)/SIS_TRAV:LIBER.EM 2 AÇÕES CONS./SIS_MONT E FERRG:MAN.(S/FERM)/ACES:BANDJ C BRI./CARAC.D.M.:ANDAD.C BRINQ.REG.002149/2023 ;7898975752689|7899403215370|7899403215387;Incluido;18/03/2026
251431/1980;Inativo;;14/01/2021;;;GALZERANO INDUSTRIA DE CARRINHOS E BERCOS LTDA;43594977000197;1934043030;Via Prefeito Jurandyr Paixão;700;;13481149;Jd. Campo Belo;Limeira;SP;luisfernando.camargo@galzerano.com.br;WEIMEI MEI CHILDCARE PRODUCT (HUIZHOU) LTD., CO;Andadores Infantis;Portaria Inmetro nº 42 de 19/01/2018;;CE-AND/IQB 000006 54025/20-001;;;S;China, República Popular;GALZERANO;Ref.: 4030-Andador 4 em 1 Funny. Versões: 4030CR (Color), 4030VDA (Verde Água);Mat Tec polié Espuma Resina plást Itens fixação Dimens 75x71x55(cm) Sist travament dobradiça plást c/ botão acionament Sist montagem/ferragem encaixe manual Acessórios manuais brinquedos removíveis;7898089221477|7898089221996;Incluido;14/01/2021
545435/2006;Ativo;;15/11/2024;;;HCM INDUSTRIA E IMPORTACAO LTDA;12538691000160;37998767200;RUA SERGIPE ;1963;;35591096;SANTA ALEXANDRINA;LAGOA DA PRATA;MG;compras.hcmmalta@gmail.com;HCM INDUSTRIA E IMPORTACAO LTDA;Andadores Infantis;Portaria Inmetro nº 129 de 19/03/2021;;IN2431224-2;;;N;Brasil;JUMBO BABY;ANDADOR MUSICAL MEGALUXO JUMBO BABY/AZUL/ROSA/VERMELHO/LARANJA, CARAC.D/MODEL:ANDADOR COM BRINQUEDO NA BANDEJA;MAT.:POLIPROPILENO(PP)/ACO CARBONO(FERRAGENS)/TECIDO(POLIÉSTER)/DIM:69,5X58,5X14,5/SIS.D/TRAV.:LIB.EM 2AS.CON./SIS.D/MONT.E FERR.:MAN.(S/FERR.)/ACESS.:ASSE/FORR.P/OS PÉS/EMP./PAI.MUS;7898947715063|7898947715070|7898947715087|7898947715094;Incluido;15/11/2024
121869/1983;Ativo;;14/08/2019;;;BAMBOO COMERCIO, IMPORTAÇÃO E EXPORTAÇÃO EIRELI-EPP;27115224000103;8132419265;Rua. Alegre;154;Galpão A;52120125;Arruda;Recife;PE;bamboo@yescert.com.br;ZHEJIANG KINTEX INTERNATIONAL TRADING CO., LTD;Andadores Infantis;Portaria Inmetro nº 129 de 19/03/2021;;IN1632922;;;S;China, República Popular;BAMBOO;MODELO:MD-18NOME COMERCIAL:ANDAJAR GUGUVERSÕES: Azul (Ref.: MD18.1)Rosa (Ref.: MD18.2)Verde (Ref.: MD18.3)Vermelho (Ref.: MD18.4);Mat: PLAST / MET/FIB TEXTIL,DIM:ABRT:62X56X52CM,FECH:62X56X16,SIST TRAV:LIBER EM 2 ACOES CONSEC,SIST MONT FERRAG: MANUAL(S/FERRAMENTA),ACESS:BANDEJ C/BRINQ E HAST C/PUXADOR;7909312341029;Incluido;22/07/2022
704047/2021;Inativo;;24/09/2019;;;Galzerano Indústria de Carrinhos e Berços Ltda;43594977000197;1934043030;Via Prefeito Jurandyr Paixão;700;;13481149;Jd. Campo Belo;Limeira;SP;luisfernando.camargo@galzerano.com.br;SHEN ZHEN WEI MEI CHILDCARE PRODUCT LIMITED COMPANY;Andadores Infantis;Portaria Inmetro nº 42 de 19/01/2018;;CE-AND/IQB 000006 53504/20-001;;;S;China, República Popular;GALZERANO;Andador de bebê 4 em 1 Funny - Versões: Color (CR), Verde Água (VDA);Mat Tec poli Espum Resin plást Itens fix Dimens 75Cx71Lx55A(cm) Sist trav Dobradiç plást c/ botã acion Sist mont frenag Encaix manua Mod Andador c/ módul sonor Pçs girat Cores divers Acess Brinq remov;7898089221477|7898089221996;Incluido;24/09/2019
839450/1932;Cancelado;;28/02/2020;;14/07/2025;COMÉRCIO E IMPORTAÇÃO DENISE LTDA;29963642000178;2125843843;RUA DO MILHO;72;A;21011090;PENHA CIRCULAR;RIO DE JANEIRO;RJ;comerciomybaby@hotmail.com;PING HU BEST CHILDREN'S CARRIER CO.LTD;Andadores Infantis;Portaria Inmetro nº 42 de 19/01/2018;;OCAN-AND.329/20-1;;;S;China, República Popular;MY BABY;A-1;VERSÕES: ROSA, AZUL, AZUL COM VERDE, AZUL COM VERMELHO, ROSA COM LILÁS, ROSA COM ROSA ESCURO;;Incluido;28/02/2020
133454/1959;Ativo;;07/03/2024;;;JASSUMAL LTDA;04214425000154;63881924131;AV SETE SETEMBRO;852;;69005140;CENTRO;MANAUS;AM;dgjohnny@gmail.com;PINGHU SHI XIAOTIANDI CHILDREN''S PRODUCTS FACTORY;Andadores Infantis;Portaria Inmetro nº 129 de 19/03/2021;;IN2087524;;;S;China, República Popular;BABY SPORTS;ANDADOR JASSUMAL - BS104 - AZUL CLARO E ESCURO-BS104A/ROSA CLARO E ESCURO-BS104R/VERMELHO E PRETO-BS104VP/ROXO E ROSA ESCURO-BS104RR;MAT.:PP,FERRO E POLIÉSTER/DIM.:63X57X53CM/SIST.TRAVA.:LIBERAÇÃO EM DUAS AÇÕES CONSECUTIVAS/SIST.MONT.FERRA.:MANUAL(SEM FERRAMENTA)/ACESSÓRIOS:N/A/CARACTERISTICAS DO MODELO: ANDADOR COM BRINQUEDO;6901041000155;Incluido;07/03/2024
754601/1994;Cancelado;;28/02/2020;;14/07/2025;COMÉRCIO E IMPORTAÇÃO DENISE LTDA;29963642000178;2125843843;RUA DO MILHO;72;A;21011090;PENHA CIRCULAR;RIO DE JANEIRO;RJ;comerciomybaby@hotmail.com;PING HU BEST CHILDREN'S CARRIER CO.LTD;Andadores Infantis;Portaria Inmetro nº 42 de 19/01/2018;;OCAN-AND.329/20-1;;;S;China, República Popular;MY BABY;A-1;VERSÕES: ROSA, AZUL, AZUL COM VERDE, AZUL COM VERMELHO, ROSA COM LILÁS, ROSA COM ROSA ESCURO;;Incluido;28/02/2020
427458/1985;Ativo;;07/03/2024;;;COMPANHIA DOREL BRASIL PRODUTOS INFANTIS;10659948000107;2135547024;Av. Nilo Peçanha;1516;1582;28030035;Pq dos Rodoviários;Campos dos Goytacaze;RJ;standard@dorel.com.br;COMPANHIA DOREL BRASIL PRODUTOS INFANTIS;Andadores Infantis;Portaria Inmetro nº 129 de 19/03/2021;;IN2040823;Modelo 5;;N;Brasil;INFANTI/ COSCO;APPIA/ ZIGGY - HE022 - N/A - AZUL / ROSA / AZUL / ROSA;MAT:PP,PES,PTA,EG,POLIPROPILENO E POLIETILENO/DIM:56,5 X 68 X 60,5 CM/SIST D TRAVAMENTO:LIB EM DUAS AÇÕES CONSEC/SIST DE MNTGM E FERRG:MAN (SEM FER)/ACESS:BAND D BRINQ./CARACT D MODELO:ANDADOR C BRINQ;7908238809774|7908238809781|7908238815812|7908238815829;Incluido;10/04/2026
721462/2011;Inativo;;14/08/2019;;;Companhia Dorel Brasil Produtos Infantis;10659948000107;2135633602;Av. Nilo Peçanha;1516 /1582;Térreo;28030035;Pq dos Rodoviários;Campos dos Goytacaze;RJ;mariana.magalhaes@dorel.com.br;Hua Song Plastic Products Co Ltd;Andadores Infantis;Portaria Inmetro nº 42 de 19/01/2018;;OCAN-AND.145/19-3;;;S;China, República Popular;Safety 1st;11389;Nome Fantasia: Melody Garden. Cor única. Material: Ferro, plástico e PP. 64x55x66 cm. Sistema de Travamento e Montagem: Manual. Acessórios: Bandeja.;9312541727119;Incluido;14/08/2019
682731/2021;Ativo;;02/09/2026;;;BAGATOLI COMERCIO DE REFRIGERACAO LTDA;00897750000108;47984556257;BR-470;8105;;89058020;FORTALEZA ALTA;BLUMENAU;SC;digitalpriceconsultoria@gmail.com;PINGHU XIAOTIANDI CHILDREN?S PRODUCTS FACTORY;Andadores Infantis;Portaria Inmetro nº 129 de 19/03/2021;;IN3155526;Modelo 5;;S;China, República Popular;BAGATOLI KIDS;MOD: ANDADOR INFANTIL PULSE/ N.COM: PULSE/ V.: ROSA, AZUL, CINZA;MAT.:PP,POLIÉSTER,AÇO/DIM.:51X61X69CM/SIST.TRAV.:LIB.2 AÇÕES CONSEC./SIST.MONT.FERR.:REBITES,PARAF.E ENCAIXE PEÇAS PLÁST./ACESS.:BRINQ.NA BANDEJA/CARACT.MOD.:ANDADOR C/BRINQ.;7901030400859|7901030400866|7901030400873;Incluido;02/09/2026
015477/1938;Inativo;;14/01/2021;;;GALZERANO INDUSTRIA DE CARRINHOS E BERCOS LTDA;43594977000197;1934043030;Via Prefeito Jurandyr Paixão;700;;13481149;Jd. Campo Belo;Limeira;SP;luisfernando.camargo@galzerano.com.br;WEIMEI MEI CHILDCARE PRODUCT (HUIZHOU) LTD., CO;Andadores Infantis;Portaria Inmetro nº 42 de 19/01/2018;;CE-AND/IQB 000006 54025/20-001;;;S;China, República Popular;GALZERANO;Ref.: 4030-Andador 4 em 1 Funny. Versões: 4030CR (Color), 4030VDA (Verde Água);Mat Tec polié Espuma Resina plást Itens fixação Dimens 75x71x55(cm) Sist travament dobradiça plást c/ botão acionament Sist montagem/ferragem encaixe manual Acessórios manuais brinquedos removíveis;7898089221477|7898089221996;Incluido;14/01/2021
896920/2000;Ativo;;12/04/2021;;;TUTTI BABY INDUSTRIA E COMERCIO DE ARTIGOS INFANT;06981862000129;4733794000;Rod. Guilherme Jensen;0;Galpão 01;89108000;Distrito Industrial;Massaranduba;SC;qualidade@tuttibaby.com.br;TUTTI BABY INDUSTRIA E COMERCIO DE ARTIGOS INFANT;Andadores Infantis;Portaria Inmetro nº 129 de 19/03/2021;;CE-AND/IQB 000005 54149/20-001;Modelo 5;;N;Brasil;Tutti Baby;Andador 40.001;ESTRUT.MET. DE AÇO TUB.PLÁST. DE ENG.ALGODÃO.48CM X60,5CMX70CM,COM DUAS AÇÕESCONSEC PARA LIB.REB.E PARAF.BRINQ. E ADES.BASE SUP.BASE INF.FREIO ANTI-QUEDA E CONJ.DE RODAS,PNEU DA RODA TRAS. E TRAVA ANT;7898431501219|7898431501226|7898431501233;Incluido;12/04/2021
309481/1964;Ativo;;07/03/2024;;;JASSUMAL LTDA;04214425000154;63881924131;AV SETE SETEMBRO;852;;69005140;CENTRO;MANAUS;AM;dgjohnny@gmail.com;PINGHU SHI XIAOTIANDI CHILDREN''S PRODUCTS FACTORY;Andadores Infantis;Portaria Inmetro nº 129 de 19/03/2021;;IN2087524;;;S;China, República Popular;BABY SPORTS;ANDADOR JASSUMAL - BS104 - AZUL CLARO E ESCURO-BS104A/ROSA CLARO E ESCURO-BS104R/VERMELHO E PRETO-BS104VP/ROXO E ROSA ESCURO-BS104RR;MAT.:PP,FERRO E POLIÉSTER/DIM.:63X57X53CM/SIST.TRAVA.:LIBERAÇÃO EM DUAS AÇÕES CONSECUTIVAS/SIST.MONT.FERRA.:MANUAL(SEM FERRAMENTA)/ACESSÓRIOS:N/A/CARACTERISTICAS DO MODELO: ANDADOR COM BRINQUEDO;6901041000155;Incluido;07/03/2024
075864/1938;Inativo;;23/05/2025;;;MD COMERCIO DE FERRAGENS LTDA;55274701000100;92981285408;AVENIDA JOAQUIM NABUCO;1094;A;69020030;Centro;Manaus;AM;mdcomerciodeferragensltda@gmail.com;Xingtai Pandelo Technology Co.,Ltd;Andadores Infantis;Portaria Inmetro nº 129 de 19/03/2021;;IN2611025;Modelo 5;;S;China, República Popular;ULTRA BABY;REF: UBW-801H - ANDADOR INFANTIL MUSICAL PARA BEBÊ - BABY PINK / BARBIE PINK, RED / WHITE, ROYAL BLUE / ORANGE / WHITE, GREEN / WHITE;MAT:PP,FERRO E POLIÉSTER/DIM:68X59X52CM/SIS_TRAV:LIBERAÇÃO EM 2 AÇÕES CONSECUTIVAS/SIS_MONTAGEM_E_FERRAGEM:MANUAL(SEM FERRAMENTA)/ACESSÓRIOS: N/A/CARACTERISTICAS_MODELO:ANDADOR COM BRINQUEDO ACOPLADO;7890012361007|7890012361113|7890012368082|7890012369096;Incluido;23/05/2025
603485/1990;Inativo;;14/08/2019;;;Companhia Dorel Brasil Produtos Infantis;10659948000107;2135633602;Av. Nilo Peçanha;1516 /1582;Térreo;28030035;Pq dos Rodoviários;Campos dos Goytacaze;RJ;mariana.magalhaes@dorel.com.br;Hua Song Plastic Products Co Ltd;Andadores Infantis;Portaria Inmetro nº 42 de 19/01/2018;;OCAN-AND.145/19-3;;;S;China, República Popular;Safety 1st;11389;Nome Fantasia: Melody Garden. Cor única. Material: Ferro, plástico e PP. 64x55x66 cm. Sistema de Travamento e Montagem: Manual. Acessórios: Bandeja.;9312541727119;Incluido;14/08/2019
371677/2015;Ativo;;19/06/2023;;;KCARVALHUS COMERCIO E SERVICOS EIRELI;24633386000137;1143798430;Rua Poeta João Cabral De Melo Neto,  Santa Maria - Osasco - SP;77;;06147020; Santa Maria ;Osasco ;SP;carlos.carvalho@kkbebe.com.br;PINGHU SHI XIAOTIANDI CHILDREN?S PRODUCTS FACTORY;Andadores Infantis;Portaria Inmetro nº 129 de 19/03/2021;;IN1823223;;;S;China, República Popular;KK bebê;ANDADOR INFANTIL PASSINHO FORTE / AZUL /ROSA , MATERIAL:PP,FERRO E POLIÉSTER/DIMENSÕES:63X57X53CM;SISTEMA DE TRAVAMENTO:LIBERAÇÃO EM DUAS AÇÕES CONSECUTIVAS/SISTEMA DE MONTAGEM E FERRAGEM: MANUAL (SEM FERRAMENTA)/ACESSÓRIOS:BRINQUEDOS/CARACTERISTICAS DO MODELO: ANDADOR COM BRINQUEDO FIXO ACOPLADO;7898711750108|7898711750115;Incluido;19/06/2023
897489/2016;Ativo;;31/08/2026;;;MADHULA COMERCIO DE ARTIGOS ELETROELETRONICOS LTDA;03838532000190;92994433107;Rua Marcilio Dias;166;;69005270;Centro;Manaus;AM;mayapunjwani@gmail.com;PINGHU XIAOTIANDI CHILDRENS PRODUCTS FACTORY;Andadores Infantis;Portaria Inmetro nº 129 de 19/03/2021;;IN3141126-1;Modelo 5;;S;China, República Popular;BENMEK;MADHULA/ MA100/ Verde e Azul - MA100VA/ Rosa e Roxo - MA100RR/ Branco e Azul Escuro - MA100BAE/ Amarelo e Vermelho - MA100AV;MAT.:PP, FERRO E POLIÉSTER/DIM.:63X57X53 CM/SIST. DE TRAV.: LIBERAÇÃO EM DUAS AÇÕES CONSECUTIVAS/SIST. MONT. E FERR.:MANUAL (SEM FERRAMENTA)/ACESS.:BRINQUEDO/CARACT. DO MOD.: ANDADOR COM BRINQUEDO;6901031000158;Incluido;31/08/2026
190110/1954;Inativo;;19/06/2023;;;VANMAX COMERCIO LTDA;84114198000124;9231337050;RUA CEL SERGIO PESSOA;91;;69005030;CENTRO;MANAUS;AM;GERENTEDEVENDAS@VANMAX.COM.BR;PINGHU SHI XIAOTIANDI CHILDREN´S PRODUCTS FACTORY;Andadores Infantis;Portaria Inmetro nº 129 de 19/03/2021;;IN1811123;;;S;China, República Popular;BRINKMAX;997A/ NOME COMERCIAL: ANDAJÁ/VERSÕES: AZUL - 582597/ROSA - 582596/VERMELHO - 582598/VERMELHO/BRANCO - 582599 - MAT.: FERRO,POLIPROPILENO E POLIÉSTER/DIM.:67X57X54CM;SIST.DE TRAVA.:LIBERAÇÃO EM DUAS AÇÕES CONSECUTIVAS/SIST.DE MONT.E FERR.MAN.(SEM FERRAMENTA)/ACESSÓRIOS: BRINQUEDO/CARACTERISTICAS DO MODELO: ANDADOR INFANTIL COM BRINQUEDO ACOPLADO;7890785825966|7890785825973|7890785825980|7890785825997;Incluido;19/06/2023
923991/1962;Inativo;;14/01/2021;;;GALZERANO INDUSTRIA DE CARRINHOS E BERCOS LTDA;43594977000197;1934043030;Via Prefeito Jurandyr Paixão;700;;13481149;Jd. Campo Belo;Limeira;SP;luisfernando.camargo@galzerano.com.br;WEIMEI MEI CHILDCARE PRODUCT (HUIZHOU) LTD., CO;Andadores Infantis;Portaria Inmetro nº 42 de 19/01/2018;;CE-AND/IQB 000006 54025/20-001;;;S;China, República Popular;GALZERANO;Ref.: 4030-Andador 4 em 1 Funny. Versões: 4030CR (Color), 4030VDA (Verde Água);Mat Tec polié Espuma Resina plást Itens fixação Dimens 75x71x55(cm) Sist travament dobradiça plást c/ botão acionament Sist montagem/ferragem encaixe manual Acessórios manuais brinquedos removíveis;7898089221477|7898089221996;Incluido;14/01/2021
288591/1926;Ativo;;07/08/2024;;;COMERCIO E IMPORTACAO DENISE LTDA;29963642000178;21997976531;RUA DO MILHO;72;A;21011090;PENHA CIRCULAR;RIO DE JANEIRO;RJ;comerciomybaby@hotmail.com;PING HU BEST CHILDREN?S CARRIER CO.LTD;Andadores Infantis;Portaria Inmetro nº 129 de 19/03/2021;;IN2189524;;;S;China, República Popular;MY BABY;PATO A1 - ROSA LISO, AZUL LISO, ROSA COLORIDO, AZUL COLORIDO - Acessórios: Brinquedos Caracteristicas do modelo: Andador infantil com brinquedo elétrico;Material: Ferro, PP e Poliéster Dimensões: 71 x 62 x 55 cm Sistema de Travamento: Liberação em duas ações consecutivas Sistema de Montagem e Ferragem: Manual (com auxílio de ferramenta);6294013738218|6294013738225|6294013738287|6294013738294;Incluido;07/08/2024
783100/1946;Ativo;;17/06/2024;;;MEGA COMPRAS PRESENTES.COM LTDA;02561195000174;4191284769;RUA ELDORADO;511;511;09550720;PROSPERIDADE;SÃO CAETANO DO SUL;SP;contabilidade@grupogmac.com;HEBEI HAOKU CHILDREN TOYS CO., LTD;Andadores Infantis;Portaria Inmetro nº 129 de 19/03/2021;;IN2152424;;;S;China, República Popular;MEGA COMPRAS;ANDADOR PARA BEBÊS-PREMIUM-REF:MC923/MC923AZ/MC923RS/MC923CZ/MATERIAL:PP E POLIÉSTER/DIMENSÕES:65X 48X46 CM/ CONT: ANDADOR COM BRINQUEDO ACOPLADO;SISTEMA DE TRAVAMENTO:DOIS DISPOSITIVOS DE TRAVAMENTO INDEPENDENTES SENDO OPERADOS SIMULTÂNEAMENTE/SISTEMA DE MONTAGEM E FERRAGEM:MANUAL (SEM FERRAMENTA)/ACESSÓRIOS:BRINQUEDO/CARACTERISTICAS DO MODELO;7898692799028|7898692799578|7898692799585;Incluido;17/06/2024
191504/1943;Ativo;;30/06/2026;;;MARKETGOOL TRADING IMPORTACAO E EXPORTACAO LTDA;18787076000174;11947652325;ROD RODOLFO JAHN;326;ANEXO 92;89237680; VILA NOVA;JOINVILLE;SC;alexandre.morroni@hotmail.com;PINGHU XIAOTIANDI CHILDREN''S PRODUCTS FACTORY;Andadores Infantis;Portaria Inmetro nº 129 de 19/03/2021;;IN3048926;Modelo 5;;S;China, República Popular;MARKETGOOL;Designação Comercial: Andador Marketgool / Código de referência comercial / MKG-010 / ROSA;Mat: PP, FERRO E POLIÉSTER / Dim: 65X55X45 CM/ SIST DE TRAV: Liberação em duas ações consecutivas/ Acess: Brinquedo do andador/ Caract do mod: Andador com Brinquedo;0070341132777;Incluido;30/06/2026
393988/1993;Inativo;;19/06/2023;;;VANMAX COMERCIO LTDA;84114198000124;9231337050;RUA CEL SERGIO PESSOA;91;;69005030;CENTRO;MANAUS;AM;GERENTEDEVENDAS@VANMAX.COM.BR;PINGHU SHI XIAOTIANDI CHILDREN´S PRODUCTS FACTORY;Andadores Infantis;Portaria Inmetro nº 129 de 19/03/2021;;IN1811123;;;S;China, República Popular;BRINKMAX;997A/ NOME COMERCIAL: ANDAJÁ/VERSÕES: AZUL - 582597/ROSA - 582596/VERMELHO - 582598/VERMELHO/BRANCO - 582599 - MAT.: FERRO,POLIPROPILENO E POLIÉSTER/DIM.:67X57X54CM;SIST.DE TRAVA.:LIBERAÇÃO EM DUAS AÇÕES CONSECUTIVAS/SIST.DE MONT.E FERR.MAN.(SEM FERRAMENTA)/ACESSÓRIOS: BRINQUEDO/CARACTERISTICAS DO MODELO: ANDADOR INFANTIL COM BRINQUEDO ACOPLADO;7890785825966|7890785825973|7890785825980|7890785825997;Incluido;19/06/2023
485508/1969;Ativo;;06/09/2024;;;TUTTI BABY INDUSTRIA E COMERCIO DE ARTIGOS INFANTIS LTDA;06981862000129;4733794000;Rod. Guilherme Jensen, SC413, km13;0;Galpão 01;89108000;Distrito Industrial;Massaranduba;SC;certificacao@tuttibaby.com.br;TUTTI BABY INDUSTRIA E COMERCIO DE ARTIGOS INFANTIS LTDA;Andadores Infantis;Portaria Inmetro nº 129 de 19/03/2021;;IN2321524;;;N;Brasil;TUTTI BABY;ANDADOR COMFORT/REF.ANDADOR COMFORT 40.005/40005004/40005003/40005011/40005028/40005007/40005010/40005006/40005029;MAT:PLAST.ENG/ALGODÃO/DIMEN:48X60,5X70CM/SIST.DE TRAV:DOIS DISP.DE TRAV.INDEP.SENDO OP.SIMUL/SIST.DE MONT.FERR:OUTROS:PARAF,MONT.PEÇAS PLAST./ACESS:BANDEIJA C/ BRINQ/CARAC.DO MOD:ANDADOR C/BRINQUEDO;7898431502063|7898431502070|7898431502087|7898431502094|7898431502100|7898431502117|7898431502124|7898431502131;Incluido;06/09/2024
290042/2017;Ativo;;06/03/2023;;;BURIGOTTO S A INDUSTRIA E COMERCIO;51460277000138;1934464813;Rua Martino Dragone;280;;13480308;Jardim Santa Barbara;Liemira;SP;alison.smanioto@burigotto.com;JIN SUN GEE PLASTICS CO., LTD;Andadores Infantis;Portaria Inmetro nº 129 de 19/03/2021;;CE-AND/IQB 000004 55573/23-001;Modelo 5;;S;Formosa (Taiwan);BURIGOTTO;ANDADOR OLÉ CL - REF. IXAN5143CL;PP, AÇO, TECIDO / 590 X 690 X 550 MM / TRILHO PLÁSTICO COM BOTÃO DE TRAVA/DESTRAVA E REGULAGEM DE ALTURA / REBITES, PARAFUSOS E ENCAIXE DE PEÇAS PLÁSTICAS / BANDEJA COM 2 BRINQUEDOS DE PP E NYLON;7896502944248;Incluido;29/04/2026
312006/1935;Ativo;;22/11/2023;;;JASSUMAL LTDA;04214425000154;62811924131;AV SETE SETEMBRO;852;;69005140;CENTRO;MANAUS;AM;dgjohnny@gmail.com;PINGHU SHI XIAOTIANDI CHILDREN?S PRODUCTS FACTORY;Andadores Infantis;Portaria Inmetro nº 129 de 19/03/2021;;IN1984323;;;S;China, República Popular;BABY SPORTS;ANDADOR JASSUMAL /REF: BS103 /VERSÕES:Azul Claro e Escuro - BS103A/Rosa Claro e Escuro - BS103R/Roxo e Rosa Escuro - BS103RR;MATERIAL:PP, FERRO E POLIÉSTER|DIMENSÕES:63 X 57 X 53 CM|SISTEMA DE TRAVAMENTO:LIBERAÇÃO EM DUAS AÇÕES CONSECUTIVAS|SISTEMA DE MONTAGEM E FERRAGEM:MANUAL (SEM FERRAMENTA)|ACESSÓRIOS:N/A|CARACTERISTICA;6901041000155;Incluido;22/11/2023
779512/1995;Ativo;;09/09/2026;;;TUTTI BABY INDUSTRIA E COMERCIO DE ARTIGOS INFANTIS LTDA;06981862000129;4733794000;Rua Vicente Zanotti;177;Galpão 01;89381270;Industrial Zaferino ;Massaranduba;SC;heloiza.souza@tuttibaby.com.br;TUTTI BABY INDUSTRIA E COMERCIO DE ARTIGOS INFANTIS LTDA;Andadores Infantis;Portaria Inmetro nº 129 de 19/03/2021;;CE-AND/IQB 000013 57036/26-001;Modelo 5;;N;Brasil;TUTTI BABY;ANDADOR SAFARI - REF. 40002003,40002004,40002007,40003004,40004002,40004003;ESTRU.MET.:ACO TUBULAR,BRINQ:PLAST. DE ENG.,REVEST. TEXTIL:ALGODAO/51X61X70 CM/DOIS DISP. DE TRAV. INDEPENDENTES SENDO OPERADOS SIMULT./PARAFUSOS E MONT. DE PÇS PLAST./BRINQ. CERTIF.E ADESIVO-57036/26;7898431501615|7898431501622|7898431501639|7898431501684|7898431501691|7898431501707;Incluido;09/09/2026
073516/2022;Ativo;;06/03/2023;;;BURIGOTTO S A INDUSTRIA E COMERCIO;51460277000138;1934464813;Rua Martino Dragone;280;;13480308;Jardim Santa Barbara;Liemira;SP;alison.smanioto@burigotto.com;JIN SUN GEE PLASTICS CO., LTD;Andadores Infantis;Portaria Inmetro nº 129 de 19/03/2021;;CE-AND/IQB 000004 55573/23-001;Modelo 5;;S;Formosa (Taiwan);BURIGOTTO;ANDADOR OLÉ CL - REF. IXAN5143CL;PP, AÇO, TECIDO / 590 X 690 X 550 MM / TRILHO PLÁSTICO COM BOTÃO DE TRAVA/DESTRAVA E REGULAGEM DE ALTURA / REBITES, PARAFUSOS E ENCAIXE DE PEÇAS PLÁSTICAS / BANDEJA COM 2 BRINQUEDOS DE PP E NYLON;7896502944248;Incluido;29/04/2026
506534/2011;Ativo;;06/03/2023;;;BURIGOTTO S A INDUSTRIA E COMERCIO;51460277000138;1934464813;Rua Martino Dragone;280;;13480308;Jardim Santa Barbara;Liemira;SP;alison.smanioto@burigotto.com;JIN SUN GEE PLASTICS CO., LTD;Andadores Infantis;Portaria Inmetro nº 129 de 19/03/2021;;CE-AND/IQB 000004 55573/23-001;Modelo 5;;S;Formosa (Taiwan);BURIGOTTO;ANDADOR OLÉ CL (REF.COM.  IXAN5143CL);PP, AÇO, TECIDO / 590 X 690 X 550 MM / TRILHO PLÁSTICO COM BOTÃO DE TRAVA/DESTRAVA E REGULAGEM DE ALTURA / REBITES, PARAFUSOS E ENCAIXE DE PEÇAS PLÁSTICAS / BANDEJA COM 2 BRINQUEDOS DE PP E NYLON;7896502944248;Excluido;29/04/2026
742914/2015;Inativo;;24/09/2019;;;Galzerano Indústria de Carrinhos e Berços Ltda;43594977000197;1934043030;Via Prefeito Jurandyr Paixão;700;;13481149;Jd. Campo Belo;Limeira;SP;luisfernando.camargo@galzerano.com.br;SHEN ZHEN WEI MEI CHILDCARE PRODUCT LIMITED COMPANY;Andadores Infantis;Portaria Inmetro nº 42 de 19/01/2018;;CE-AND/IQB 000006 53504/20-001;;;S;China, República Popular;GALZERANO;Andador de bebê 4 em 1 Funny - Versões: Color (CR), Verde Água (VDA);Mat Tec poli Espum Resin plást Itens fix Dimens 75Cx71Lx55A(cm) Sist trav Dobradiç plást c/ botã acion Sist mont frenag Encaix manua Mod Andador c/ módul sonor Pçs girat Cores divers Acess Brinq remov;7898089221477|7898089221996;Incluido;24/09/2019
609138/1949;Ativo;;07/02/2022;;;TUTTI BABY INDUSTRIA E COMERCIO DE ARTIGOS INFANTIS LTDA;06981862000129;4733794000;Rod. Guilherme Jensen, SC413, km13;0;;89108000;Distrito Industrial;Massaranduba;SC;certificacao@tuttibaby.com.br;TUTTI BABY INDUSTRIA E COMERCIO DE ARTIGOS INFANTIS LTDA;Andadores Infantis;Portaria Inmetro nº 129 de 19/03/2021;;IN2869325;Modelo 5;;N;Brasil;Tutti Baby;Andador Safari II Azul/Rosa/Vermelho/Andador Princesa Rosa Coroa/Andador Acqua Explorador Cinza/Roxo;ESTRUT. MET.AÇO.TUBULAR/48x60,5x70CM/SIST.DE TRAV. COM.DUAS.AÇÕES.CONSECUT.PARA.LIBER./PARAFUSOS.E. REBITES/BRINQUEDOS.E.ADESIVOS;7898431501615|7898431501622|7898431501639|7898431501684|7898431501691|7898431501707;Excluido;12/01/2024
367531/1948;Ativo;;19/02/2026;;;RGM  COMERCIO E SERVICOS LTDA;18007664000148;11996294240;Avenida Angélica;511;Cj. 904;01227100;Santa Cecilia;São Paulo;SP;papush@uol.com.br;PINGHU XIAOTIANDI CHILDREN?S PRODUCTS FACTORY;Andadores Infantis;Portaria Inmetro nº 129 de 19/03/2021;;IN2911726;Modelo 5;;S;China, República Popular;RGM;ANDADOR DREUX - R602 - AVIÃO - AVIAO;MAT:PP,FERRO E POLIÉ./DIM:70X62.5X51 CM/SIST.DE TRAV.:LIB.EM DUAS AÇÕES CONSECU./SIST.DE MONT.E FERR.:MANUAL (SEM FERRAMENTA)/ACESS:BANDEJA MUSICAL/CARACT.DO MODELO:ANDADOR COM BANDEJA MUSICAL;7898926505616;Incluido;19/02/2026
382727/1976;Ativo;;20/12/2019;;;TAPUZIM COMERCIAL LTDA;00513418000100;1138569063;Av. Monte Celeste;230;250;02561000;Vila S. Maria;São Paulo;SP;ehs0770@hotmail.com;SHEN ZHEN WEI MEI CHILDCARE PRODUCT LIMITED COMPANY;Andadores Infantis;Portaria Inmetro nº 42 de 19/01/2018;;OCAN-AND.165/19-2;;;S;China, República Popular;baby style;SPACECAR - VERSÕES: Andador car - Ref. 21302 / Andador space - Ref. 33117;Material: Plástico, metal e tecido. Dimensões: 59 x 59 x 69 cm , Sistema de Travamento: Stoper, Sistema de Montagem e Ferragem: Tesoura, Acessórios: Bandeja musical;4532213022990|4532331172997;Incluido;20/12/2019
661535/1974;Ativo;;30/08/2021;;;TA TE TI INDUSTRIA E COMERCIO DE BRINQUEDOS EDUCATIVOS LTDA;30261120000103;4732422225;RUA TIRADENTES;230;;89107000;CENTRO;POMERODE;SC;qualidade3@grupocalesita.com.br;TA TE TI INDUSTRIA E COMERCIO DE BRINQUEDOS EDUCATIVOS LTDA;Andadores Infantis;Portaria Inmetro nº 129 de 19/03/2021;;CE-AND/IQB 000010 55962/23-001;Modelo 5;;N;Brasil;Tateti;Ref.914 - Move Baby;PP, METAL, TECIDO POLIESTER. DIMENSAO: 70,20X59,83X49,12CM. SIST. TRAVAMENTO:FREIO DIANTEIRO E TRASEIRO. SIST DE MONTAGEM: MANUAL/PARAFUSOS PP. ACESSORIOS:BANDEJA DE BRINQUEDOS;7898664632230;Incluido;02/03/2026
955539/2000;Ativo;;01/08/2023;;;COMPANHIA DOREL BRASIL PRODUTOS INFANTIS;10659948000883;2135547024;Av. DR  Nilo Peçanha;1516;Galpão 3 ;28030035;Pq dos Rodoviários;Campos dos Goytacaze;RJ;standard@dorel.com.br;ZHONG SHAN SUN LUEN CHONG COMMODITY COMPANY LIMITED;Andadores Infantis;Portaria Inmetro nº 129 de 19/03/2021;;CE-AND/IQB 000011 55435/22-001;Modelo 5;;S;China, República Popular;TINY LOVE;4-in-1 Here I Grow Mobile Activity Center. Ref. 1806501211. ABS, Alumínio, Aço, Poliéster, PP. 70x57x44cm.Sist. de mont.:Manual (s/ ferragem).;Sist. de Trav.:2 disp. de travamento independentes, devem ser operados simultaneamente. Aces.: Brinq. acoplado.;7290108862973;Incluido;01/08/2023
584370/2002;Ativo;;05/08/2021;;;GALZERANO INDUSTRIA DE CARRINHOS E BERCOS LTDA;43594977000197;19999947357;Via Prefeito Jurandyr Paixão;700;;13481149;Jd. Campo Belo;Limeira;SP;luisfernando.camargo@galzerano.com.br;GALZERANO INDUSTRIA DE CARRINHOS E BERCOS LTDA;Andadores Infantis;Portaria Inmetro nº 129 de 19/03/2021;;CE-AND/IQB 000006 54618/21-001;;;N;Brasil;GALZERANO;Ref.: 4050-Andador Torino. Versões: 4050PTR (Preto Rosa), 4050PTT (Preto Terracota);Mat Tec poliest Espum PP PA6 Master Tint Tub aço Itens fix/aviam CxLxA(cm) 71x62,5x51,5 Trav Trilh plást c/ botão destrav e reg alt Acess Band brinq não remove retrov Caract Tec Pçs plást Tint Ferrage;7908200102193|7908200102209;Excluido;01/09/2021
971628/2003;Ativo;;20/10/2022;;;STYLL ADMINISTRACAO, INVESTIMENTOS, LOCACOES & SERVICOS LIMITADA;22475905000231;11994300960;Rua Marcio Carlim;401;;13849226;Parque Industrial;Mogi Guaçu;SP;alexandre@styll.com.br;STYLL ADMINISTRACAO, INVESTIMENTOS, LOCACOES & SERVICOS LIMITADA;Andadores Infantis;Portaria Inmetro nº 129 de 19/03/2021;;IN1679022;Modelo 5;;N;Brasil;STYLL BABY;ANDADOR SOFT WAY / V:V:AZ.SON.(AND-98.001-05)/RO.SON.(AND-98.002-05)/LAR.SON.(AND-98.003-05)/GUARÁ AZ.(AND-50.022-01)/GUARÁ RO.(AND-50.022-02)/GUARÁ LAR.(AND-50.022-03)/VE.SON.(AND-99.009-68)/AZ.CLÁS.(AND-98.001-04)/RO.CLÁS.(AND-98.002-04))/...;MAT:AÇO,POLIPR. E POLIÉ./DIM:640X570X470MM/SIS.DE TRAV:CATRA.EM BAI.DA BAN.(LIBER. EM DU.AÇÕ.CONS.)/SIST.DE MON.E FERR.:MANUAL(COM CHA.PHI.NÃO INCL.)/ACES:BAND.COM BRIN./ CONT.VERSÔES;7898488590037|7898488590440|7898488590457|7898488590464|7898488590624|7898488599849|7898488599856|7898488599863|7898488599870|7898488599887|789848859994;Incluido;20/10/2022
249554/1927;Ativo;;31/08/2026;;;TUTTI BABY INDUSTRIA E COMERCIO DE ARTIGOS INFANTIS LTDA;06981862000129;4733794000;Rod. Guilherme Jensen, SC413, km13;0;Galpão 01;89108000;Distrito Industrial;Massaranduba;SC;heloiza.souza@tuttibaby.com.br;TUTTI BABY INDUSTRIA E COMERCIO DE ARTIGOS INFANTIS LTDA;Andadores Infantis;Portaria Inmetro nº 129 de 19/03/2021;;CE-AND/IQB 000013 57036/26-002;Modelo 5;;N;Brasil;TUTTI BABY;ANDADOR COMFORT - 40005004,40005003,40005011,40005028,40005007,40005010,40005006,40005029;ESTRU.METALICA:ACO TUBULAR,BRINQ:PLAST.DE ENG.,REVEST. TEXTIL: ALGODAO/48X60,5X70 CM/DOIS DISP. DE TRAV. INDEP. SENDO OP. SIMULT./PARAFUSOS E MONT. DE PÇS PLAST./BRINQ. CERT. E ADESIVO-57036/26;7898431502063|7898431502070|7898431502087|7898431502094|7898431502100|7898431502117|7898431502124|7898431502131;Incluido;31/08/2026
446072/1959;Inativo;;19/06/2023;;;VANMAX COMERCIO LTDA;84114198000124;9231337050;RUA CEL SERGIO PESSOA;91;;69005030;CENTRO;MANAUS;AM;GERENTEDEVENDAS@VANMAX.COM.BR;PINGHU SHI XIAOTIANDI CHILDREN´S PRODUCTS FACTORY;Andadores Infantis;Portaria Inmetro nº 129 de 19/03/2021;;IN1811123;;;S;China, República Popular;BRINKMAX;997A/ NOME COMERCIAL: ANDAJÁ/VERSÕES: AZUL - 582597/ROSA - 582596/VERMELHO - 582598/VERMELHO/BRANCO - 582599 - MAT.: FERRO,POLIPROPILENO E POLIÉSTER/DIM.:67X57X54CM;SIST.DE TRAVA.:LIBERAÇÃO EM DUAS AÇÕES CONSECUTIVAS/SIST.DE MONT.E FERR.MAN.(SEM FERRAMENTA)/ACESSÓRIOS: BRINQUEDO/CARACTERISTICAS DO MODELO: ANDADOR INFANTIL COM BRINQUEDO ACOPLADO;7890785825966|7890785825973|7890785825980|7890785825997;Incluido;19/06/2023
592963/1994;Ativo;;02/09/2026;;;BAGATOLI COMERCIO DE REFRIGERACAO LTDA;00897750000108;47984556257;BR-470;8105;;89058020;FORTALEZA ALTA;BLUMENAU;SC;digitalpriceconsultoria@gmail.com;PINGHU XIAOTIANDI CHILDREN?S PRODUCTS FACTORY;Andadores Infantis;Portaria Inmetro nº 129 de 19/03/2021;;IN3155526;Modelo 5;;S;China, República Popular;BAGATOLI KIDS;MOD: ANDADOR INFANTIL PULSE/ N.COM: PULSE/ V.: ROSA, AZUL, CINZA;MAT.:PP,POLIÉSTER,AÇO/DIM.:51X61X69CM/SIST.TRAV.:LIB.2 AÇÕES CONSEC./SIST.MONT.FERR.:REBITES,PARAF.E ENCAIXE PEÇAS PLÁST./ACESS.:BRINQ.NA BANDEJA/CARACT.MOD.:ANDADOR C/BRINQ.;7901030400859|7901030400866|7901030400873;Incluido;02/09/2026
588817/1927;Inativo;;14/08/2019;;;Companhia Dorel Brasil Produtos Infantis;10659948000107;2135633602;Av. Nilo Peçanha;1516 /1582;Térreo;28030035;Pq dos Rodoviários;Campos dos Goytacaze;RJ;mariana.magalhaes@dorel.com.br;Hua Song Plastic Products Co Ltd;Andadores Infantis;Portaria Inmetro nº 42 de 19/01/2018;;OCAN-AND.145/19-3;;;S;China, República Popular;Safety 1st;11389;Nome Fantasia: Melody Garden. Cor única. Material: Ferro, plástico e PP. 64x55x66 cm. Sistema de Travamento e Montagem: Manual. Acessórios: Bandeja.;9312541727119;Incluido;14/08/2019
367309/1992;Inativo;;12/01/2023;;;COMPANHIA DOREL BRASIL PRODUTOS INFANTIS;10659948000883;2135547024;Av. Nilo Peçanha;1516 ;Galpão 3 ;28030035;Pq dos Rodoviários;Campos dos Goytacaze;RJ;standard@dorel.com.br;Jin Sun Gee Plastics Co., Ltd;Andadores Infantis;Portaria Inmetro nº 129 de 19/03/2021;;IN1701622-3;;;S;Formosa (Taiwan);Safety 1st;HE001. Nome comercial: Spacewalker 3 em 1. Versões: Grey, Orange.;PP,Ferro,Aço,ABS,PVC,POM,TPR,MB475,Pol,65.5x50x71.5cm.Trav:Lib.2ações cons.,Mont:Manual.Aces.Brinq.;7908238803932|7908238803949;Incluido;12/01/2023
909466/1953;Ativo;;07/08/2024;;;AMAZONAS IMPORTADOS LTDA;07269201000138;9691131654;Rua Independência;175;;68900090;Central;Macapa;AP;adriana.abreu@amazonasimportados.com.br;YIWU BALBIAN ELECTRONIC TECHNOLOGICAL CO., LTD;Andadores Infantis;Portaria Inmetro nº 129 de 19/03/2021;;IN2086424-3;;;S;China, República Popular;LÉ PETIT;MODE,BABY WALKER/REF:LP-9824/ CONT: ANDADOR COM BRINQUEDO ACOPLADO:/VERSÕES:AZUL,VERDE,ROSA.;MATL:PP E POLIÉSTER/DIM:66X54X52CM/SIST DE TRAV:LIBERAÇÃO EM DUAS AÇÕES CONSECUTIVAS/SIST DE MONT E FERR :MANUAL (SEM FERRAMENTA)/ACESSÓRIOS:N/A.CARACT DO MODELO:;7453116003640;Incluido;07/08/2024
148974/1946;Inativo;;07/10/2019;;;Galzerano Indústria de Carrinhos e Berços Ltda;43594977000197;1934043030;Via Prefeito Jurandyr Paixão;700;;13481149;Jd. Campo Belo;Limeira;SP;luisfernando.camargo@galzerano.com.br;GUANGDONG ZHIHUI CHILDREN?S PRODUCTS CO.,LTD;Andadores Infantis;Portaria Inmetro nº 42 de 19/01/2018;;CE-AND/IQB 000006 53503/20-001;;;S;China, República Popular;GALZERANO;Andador de bebê Magic - Versão: Cinza (CZ), Preto (PT);Mat Tec poli Espum Resin plást Tint Ferrag 70Cx65Lx54A cm Travam trilho plást com botão de destrav e regul alt Mont/frenag manual Andador com pçs girat e cores diversas Acess Bandej Brinq não removív.;7898089221590|7898089222283;Incluido;07/10/2019
543558/1953;Ativo;;29/04/2024;;;TAPUZIM COMERCIAL LTDA;00513418000100;113856906;Av. Monte Celeste;230;250;02561000;Vila S. Maria;São Paulo;SP;sergio@babystylebrasil.com.br;SHEN ZHEN WEI MEI CHILDCARE PRODUCT LIMITED COMPANY;Andadores Infantis;Portaria Inmetro nº 129 de 19/03/2021;;IN2118124-2;;;S;China, República Popular;Baby Style;ANDADOR FOGUETE - FOGUETE CINZA E FOGUETE ROSA;MATERIAL:PP/DIM:62X53X78CM/SISTEMA DE TRAVAME:LIBERA EM 2 AÇÕES CONSECUTIVAS/MANUAL/ACESSÓRIOS:N/A/CARACT DO MODELO:ANDADOR C BRINQUEDO NA BANDEJA;4079337285219|4079337296543;Incluido;29/04/2024
196298/1928;Ativo;;16/09/2024;;;AMAZONAS IMPORTADOS LTDA;07269201000138;9691131654;Rua Independência;175;;68900090;Central;Macapa;AP;adriana.abreu@amazonasimportados.com.br;YIWU BALBIAN ELECTRONIC TECHNOLOGICAL CO., LTD;Andadores Infantis;Portaria Inmetro nº 129 de 19/03/2021;;IN2086424-1;;;S;China, República Popular;LÉ PETIT;MODE:BABY WALKER/REF:LP-9517/ CONT: ANDADOR COM BRINQUEDO ACOPLADO/VERSÕES:AZUL,ROSA,VERDE,;MAT:PP E POLIÉSTER/DIM:62X55,5X50CM/SIST DE TRAV:LIBERAÇÃO EM DUAS AÇÕES CONSECUTIVAS/SIST DE MONT E FERRAGEM:MANUAL (SEM FERRAMENTA)/ACESSÓRIOS:N/A.CARACTERISTICAS DO MODELO:;453068745717;Incluido;16/09/2024
837562/1979;Inativo;;19/06/2023;;;VANMAX COMERCIO LTDA;84114198000124;9231337050;RUA CEL SERGIO PESSOA;91;;69005030;CENTRO;MANAUS;AM;GERENTEDEVENDAS@VANMAX.COM.BR;PINGHU SHI XIAOTIANDI CHILDREN´S PRODUCTS FACTORY;Andadores Infantis;Portaria Inmetro nº 129 de 19/03/2021;;IN1811123;;;S;China, República Popular;BRINKMAX;997A/ NOME COMERCIAL: ANDAJÁ/VERSÕES: AZUL - 582597/ROSA - 582596/VERMELHO - 582598/VERMELHO/BRANCO - 582599 - MAT.: FERRO,POLIPROPILENO E POLIÉSTER/DIM.:67X57X54CM;SIST.DE TRAVA.:LIBERAÇÃO EM DUAS AÇÕES CONSECUTIVAS/SIST.DE MONT.E FERR.MAN.(SEM FERRAMENTA)/ACESSÓRIOS: BRINQUEDO/CARACTERISTICAS DO MODELO: ANDADOR INFANTIL COM BRINQUEDO ACOPLADO;7890785825966|7890785825973|7890785825980|7890785825997;Incluido;19/06/2023
131566/2006;Ativo;;07/02/2022;;;TUTTI BABY INDUSTRIA E COMERCIO DE ARTIGOS INFANTIS LTDA;06981862000129;4733794000;Rod. Guilherme Jensen, SC413, km13;0;;89108000;Distrito Industrial;Massaranduba;SC;certificacao@tuttibaby.com.br;TUTTI BABY INDUSTRIA E COMERCIO DE ARTIGOS INFANTIS LTDA;Andadores Infantis;Portaria Inmetro nº 129 de 19/03/2021;;IN2869325;Modelo 5;;N;Brasil;Tutti Baby;Andador Safari Plus II (Azul / Rosa / Vermelho);ESTRUT. MET.AÇO.TUBULAR/48x60,5x70CM/SIST.DE TRAV. COM.DUAS.AÇÕES.CONSECUT.PARA.LIBER./PARAFUSOS.E. REBITES/BRINQUEDOS.E.ADESIVOS;7898431501615|7898431501622|7898431501639;Excluido;08/04/2022
672830/1992;Inativo;;14/08/2019;;;Companhia Dorel Brasil Produtos Infantis;10659948000107;2135633602;Av. Nilo Peçanha;1516 /1582;Térreo;28030035;Pq dos Rodoviários;Campos dos Goytacaze;RJ;mariana.magalhaes@dorel.com.br;JIN SUN GEE PLASTIC CO.,LTD;Andadores Infantis;Portaria Inmetro nº 42 de 19/01/2018;;OCAN-AND.145/19-4;;;S;Formosa (Taiwan);Voyage;BG1401;Nome Fantasia: Buggy. Cores: Rosa e Azul. Material: Ferro, plástico, PP e PU. 42 x 58.5 x 65 cm. Sistema de Travamento e Montagem: Manual. Acessórios: Bandeja;7898509475206|7898509475213;Incluido;14/08/2019
425581/1932;Ativo;;07/08/2024;;;AMAZONAS IMPORTADOS LTDA;07269201000138;9691131654;Rua Independência;175;;68900090;Central;Macapa;AP;adriana.abreu@amazonasimportados.com.br;YIWU BALBIAN ELECTRONIC TECHNOLOGICAL CO., LTD;Andadores Infantis;Portaria Inmetro nº 129 de 19/03/2021;;IN2086424-3;;;S;China, República Popular;LÉ PETIT;MODE,BABY WALKER/REF:LP-9824/ CONT: ANDADOR COM BRINQUEDO ACOPLADO:/VERSÕES:AZUL,VERDE,ROSA.;MATL:PP E POLIÉSTER/DIM:66X54X52CM/SIST DE TRAV:LIBERAÇÃO EM DUAS AÇÕES CONSECUTIVAS/SIST DE MONT E FERR :MANUAL (SEM FERRAMENTA)/ACESSÓRIOS:N/A.CARACT DO MODELO:;7453116003640;Incluido;07/08/2024
771873/1930;Ativo;;31/08/2026;;;MADHULA COMERCIO DE ARTIGOS ELETROELETRONICOS LTDA;03838532000190;92994433107;Rua Marcilio Dias;166;;69005270;Centro;Manaus;AM;mayapunjwani@gmail.com;PINGHU XIAOTIANDI CHILDRENS PRODUCTS FACTORY;Andadores Infantis;Portaria Inmetro nº 129 de 19/03/2021;;IN3141126-1;Modelo 5;;S;China, República Popular;BENMEK;MADHULA/ MA100/ Verde e Azul - MA100VA/ Rosa e Roxo - MA100RR/ Branco e Azul Escuro - MA100BAE/ Amarelo e Vermelho - MA100AV;MAT.:PP, FERRO E POLIÉSTER/DIM.:63X57X53 CM/SIST. DE TRAV.: LIBERAÇÃO EM DUAS AÇÕES CONSECUTIVAS/SIST. MONT. E FERR.:MANUAL (SEM FERRAMENTA)/ACESS.:BRINQUEDO/CARACT. DO MOD.: ANDADOR COM BRINQUEDO;6901031000158;Incluido;31/08/2026
365364/1937;Ativo;;07/02/2022;;;TUTTI BABY INDUSTRIA E COMERCIO DE ARTIGOS INFANTIS LTDA;06981862000129;4733794000;Rod. Guilherme Jensen, SC413, km13;0;;89108000;Distrito Industrial;Massaranduba;SC;certificacao@tuttibaby.com.br;TUTTI BABY INDUSTRIA E COMERCIO DE ARTIGOS INFANTIS LTDA;Andadores Infantis;Portaria Inmetro nº 129 de 19/03/2021;;IN2869325;Modelo 5;;N;Brasil;TUTTI BABY;ANDADOR SAFARI II-ANDADOR 40.002-40002003/40002004/40002007/40003004/40004002/40004003;MAT:PP/ALGODAO/DIM:51X61X70CM/SIS_TRAV:DOIS DISPOS DE TRAV IND. OPER. SIMULTÂNEAMENTE/SIS_MONT/FERRG:REBITES,PARAF,ENCAIXE DE PÇS PLAST/ACESS:BAND. C/ BRINQ/CARAC. DO MOD.:ANDADOR C/ BRINQ NA BAND;7898431501615|7898431501622|7898431501639|7898431501684|7898431501691|7898431501707;Incluido;27/02/2026
819732/1927;Inativo;;14/01/2021;;;GALZERANO INDUSTRIA DE CARRINHOS E BERCOS LTDA;43594977000197;1934043030;Via Prefeito Jurandyr Paixão;700;;13481149;Jd. Campo Belo;Limeira;SP;luisfernando.camargo@galzerano.com.br;HUNGSENG HARDWARE PLASTIC (DG) CORP., LTD;Andadores Infantis;Portaria Inmetro nº 42 de 19/01/2018;;CE-AND/IQB 000006 54018/20-001;;;S;China, República Popular;GALZERANO;Ref.: 4015-Andador 3 em 1 Fênix. Versões: 4015CR (Color);Mat Tec polié Espum Resin plást Itens fixação Dimens 103x103x72(cm) Sist travamento suporte plástico c/ encaixe Sist montagem/ferragem encaixes manuais Acessório: Bandeja de brinquedos não removíveis;7908200101936;Incluido;14/01/2021
719585/1958;Ativo;;05/08/2021;;;GALZERANO INDUSTRIA DE CARRINHOS E BERCOS LTDA;43594977000197;19999947357;Via Prefeito Jurandyr Paixão;700;;13481149;Jd. Campo Belo;Limeira;SP;luisfernando.camargo@galzerano.com.br;GALZERANO INDUSTRIA DE CARRINHOS E BERCOS LTDA;Andadores Infantis;Portaria Inmetro nº 129 de 19/03/2021;;CE-AND/IQB 000006 54618/21-001;;;N;Brasil;GALZERANO;Ref.: 4050-Andador Torino. Versões: 4050RO (Rosa), 4050TER (Terracota), 4050EST (Estrela), 4050SPR (Spring) - Material: Tecido poliéster, TNT, Espuma, PP, PA6, Master, Tinta, Tubo de aço, Itens de fixação e aviamentos. Dimensões: CxLxA (cm) 71x62,5x51,5. Sistema de travamento: Trilho plástico com botão de destrave e regulagem de altura;Sistema de montagem/ferragem: Manual. Acessórios que venham com o produto: Bandeja de brinquedos não removível, Características do modelo: Tecidos, Peças plásticas, Tinta, Ferragens;7908200102247|7908200102254|7908200102520|7908200102537;Excluido;17/01/2024
837954/1940;Ativo;;07/08/2024;;;AMAZONAS IMPORTADOS LTDA;07269201000138;9691131654;Rua Independência;175;;68900090;Central;Macapa;AP;adriana.abreu@amazonasimportados.com.br;YIWU BALBIAN ELECTRONIC TECHNOLOGICAL CO., LTD;Andadores Infantis;Portaria Inmetro nº 129 de 19/03/2021;;IN2086424-2;;;S;China, República Popular;LÉ PETIT;MODE:BABY WALKER/REF:LP-9618/ CONT: ANDADOR COM BRINQUEDO ACOPLADO/VERSÕES:AZUL,VERDE,ROSA,VERMELHO.;MAT:PP E POLIÉSTER/DIM:65X54X49CM/SIST DE TRAV:LIBERAÇÃO EM DUAS AÇÕES CONSECUTIVAS/SIST DE MONT E FERR:MANUAL (SEM FERRAMENTA)ACE:N/A.CARACTERISTICAS DO MODELO:;7453068240131;Incluido;07/08/2024
833831/1974;Ativo;;20/12/2019;;;TAPUZIM COMERCIAL LTDA;00513418000100;1138569063;Av. Monte Celeste;230;250;02561000;Vila S. Maria;São Paulo;SP;ehs0770@hotmail.com;SHEN ZHEN WEI MEI CHILDCARE PRODUCT LIMITED COMPANY;Andadores Infantis;Portaria Inmetro nº 42 de 19/01/2018;;OCAN-AND.165/19-2;;;S;China, República Popular;baby style;SPACECAR - VERSÕES: Andador car - Ref. 21302 / Andador space - Ref. 33117;Material: Plástico, metal e tecido. Dimensões: 59 x 59 x 69 cm , Sistema de Travamento: Stoper, Sistema de Montagem e Ferragem: Tesoura, Acessórios: Bandeja musical;4532213022990|4532331172997;Incluido;20/12/2019
013589/1985;Ativo;;29/04/2024;;;TAPUZIM COMERCIAL LTDA;00513418000100;1138569063;Av. Monte Celeste;230;250;02561000;Vila S. Maria;São Paulo;SP;sergio@babystylebrasil.com.br;SHEN ZHEN WEI MEI CHILDCARE PRODUCT LIMITED COMPANY;Andadores Infantis;Portaria Inmetro nº 129 de 19/03/2021;;IN2118124-1;;;S;China, República Popular;Baby Style;ANDADOR SMART - SMART AZUL E SMART ROSA;PP,62 X 53 X 78CM,LIBERAÇÃO EM DUAS AÇÕES CONSECUTIVAS,MANUAL (SEM FERRAMENTA),ACESSÓRIOS:N/A/CARAC MODELO:ANDADOR C BRINQUEDO NA BANDEJA;4079337307416|4079337313325;Incluido;29/04/2024
307593/2011;Ativo;;16/09/2024;;;AMAZONAS IMPORTADOS LTDA;07269201000138;9691131654;Rua Independência;175;;68900090;Central;Macapa;AP;adriana.abreu@amazonasimportados.com.br;YIWU BALBIAN ELECTRONIC TECHNOLOGICAL CO., LTD;Andadores Infantis;Portaria Inmetro nº 129 de 19/03/2021;;IN2086424-1;;;S;China, República Popular;LÉ PETIT;MODE:BABY WALKER/REF:LP-9517/ CONT: ANDADOR COM BRINQUEDO ACOPLADO/VERSÕES:AZUL,ROSA,VERDE,;MAT:PP E POLIÉSTER/DIM:62X55,5X50CM/SIST DE TRAV:LIBERAÇÃO EM DUAS AÇÕES CONSECUTIVAS/SIST DE MONT E FERRAGEM:MANUAL (SEM FERRAMENTA)/ACESSÓRIOS:N/A.CARACTERISTICAS DO MODELO:;453068745717;Incluido;16/09/2024
601608/1937;Ativo;;09/12/2019;;;TAPUZIM COMERCIAL LTDA;00513418000100;1138569063;Av. Monte Celeste;230;250;02561000;Vila S. Maria;São Paulo;SP;ehs0770@hotmail.com;SHEN ZHEN WEI MEI CHILDCARE PRODUCT LIMITED COMPANY;Andadores Infantis;Portaria Inmetro nº 42 de 19/01/2018;;OCAN-AND.165/19-3;;;S;China, República Popular;baby style;CENTRO DE ATIVIDADES;VERSÕES: Andador play - Ref.5821 Andador meninos - Ref. 515211 Andador meninas - Ref. 51522. Material: Plástico, metal e tecido. Dimensões: 74 x 75 x 18 cm Sistema de Travamento: Stoper Sistema de Mon;4079515211993|4079515222999|4532582122994;Incluido;09/12/2019
895612/1963;Ativo;;01/07/2026;;;APS IMPORTACAO EXPORTACAO DISTRIBUICAO LTDA;44540981000135;11974642778;EST GERAL DE MEDEIROS;20;SALA 05;88390000;MEDEIROS;BARRA VELHA;SC;orquestra@yescert.com.br;Tengzhou Lebeir Baby Carriage Co., Ltd.;Andadores Infantis;Portaria Inmetro nº 129 de 19/03/2021;;IN3076626;Modelo 5;;S;China, República Popular;TOYS&TOYS;MOD:ANDADOR MUSICAL PARA BEBES/INFANTIL/CÓD DE REFERÊNCIA COMERCIAL: ANDADOR MUSICAL V:CINZA - 310552,MARROM - 310569,AZUL - 310576,ROSA 310583;Mat:PP/Dim:799x660x715mm/Sist de Travam: Dois dispositivos de travam independentes sendo operados simult/Sist de Mont e Ferr:Manual (sem ferram)/Acess:N/A/Caract do modelo:ANDADOR COM BRINQ.MUSICAL AC;7908888310552|7908888310569|7908888310576|7908888310583;Incluido;01/07/2026
521673/1937;Ativo;;03/04/2023;;;PLANETA - IMPORTACAO E DISTRIBUICAO DE BRINQUEDOS LTDA;13434272000141;1138951572;AV VASCO MASSAFELI;1000;G1A M1-21;06703600;JARDIM MARIA TEREZA;COTIA;SP;admin@planetadobebe.com.br;HEBEI WANXIN CHILDREN TOYS CO.,LTD.;Andadores Infantis;Portaria Inmetro nº 129 de 19/03/2021;;IN1765923;Modelo 5;;S;China, República Popular;MAXI BABY;ANDADOR LA BAMBA - NW-01 - AZUL #21537/ROSA #21538/VERMELHO #75268;MAT: PP E PAR. ABS, AÇO DE ALT. CARB.-RODA ELAST. TERM.,PVC/DIM:580X680X550(LXCXH)/SIS_TRAV:LIBE.EMDUAS AÇÕES CONS./SIS_MONT E FER:MAN.(S/FER.)/ACES:BAND C BRINQ./CARAC.DO MOD:ANDADOR C BRI.(BAD. MUS.;7898975752689|7899403215370|7899403215387;Excluido;18/03/2026
983349/1983;Ativo;;29/01/2025;;;MD COMERCIO DE FERRAGENS LTDA;55274701000100;92981285408;AVENIDA JOAQUIM NABUCO, ;1094;A;69020030;CENTRO;MANAUS;AM;monadowlani@gmail.com;Hebei Zhongtai Bicycle manufacturing Co,. Ltd;Andadores Infantis;Portaria Inmetro nº 129 de 19/03/2021;;IN2520425;;;S;China, República Popular;ULTRA BABY;ANDADOR INFANTIL MUSICAL PARA BEBÊ/REF.:UBW-1026/PINK/GREEN/BLUE;MAT:PU,PP,AÇO,POLIÉSTER,ABS/DIM:70X60X55CM/SIST.DE TRAV.:LIB.EM DUAS AÇÕ.CONS./SIS.DE MONT.E FER.:MAN.(S/FERR.)/ACESS.:BANDE.COM BRINQ./CARAC.DO MODE.:ANDAD.C/BRINQ;7890012365050|7890012366064|7890012367078;Incluido;29/01/2025
783948/2020;Ativo;;07/03/2024;;;MADHULA COMERCIO DE ARTIGOS ELETROELETRONICOS LTDA;03838532000190;63881924131;Rua Marcilio Dias;166;;69005270;Centro;Manaus;AM;ltdamcg@gmail.com;PINGHU SHI XIAOTIANDI CHILDREN''S PRODUCTS FACTORY;Andadores Infantis;Portaria Inmetro nº 129 de 19/03/2021;;IN2088024;;;S;China, República Popular;BENMEK;ANDADOR MADHULA - MA101 - ROSA-MA101R/AZUL-MA101A/VERDE-MA101V/LARANJA-MA101L;MAT.:PP,FERRO E POLIÉSTER/DIM.:63X57X53CM/SIST.TRAVA.:LIBERAÇÃO EM DUAS AÇÕES CONSECUTIVAS/SIST.MONT.FERRA.:MANUAL(SEM FERRAMENTA)/ACESSÓRIOS:N/A/CARACTERISTICAS DO MODELO: ANDADOR COM BRINQUEDO;6901031000158;Incluido;07/03/2024
578080/2025;Ativo;;29/01/2025;;;MD COMERCIO DE FERRAGENS LTDA;55274701000100;92981285408;AVENIDA JOAQUIM NABUCO, ;1094;A;69020030;CENTRO;MANAUS;AM;monadowlani@gmail.com;Hebei Zhongtai Bicycle manufacturing Co,. Ltd;Andadores Infantis;Portaria Inmetro nº 129 de 19/03/2021;;IN2520425;;;S;China, República Popular;ULTRA BABY;ANDADOR INFANTIL MUSICAL PARA BEBÊ/REF.:UBW-1026/PINK/GREEN/BLUE;MAT:PU,PP,AÇO,POLIÉSTER,ABS/DIM:70X60X55CM/SIST.DE TRAV.:LIB.EM DUAS AÇÕ.CONS./SIS.DE MONT.E FER.:MAN.(S/FERR.)/ACESS.:BANDE.COM BRINQ./CARAC.DO MODE.:ANDAD.C/BRINQ;7890012365050|7890012366064|7890012367078;Incluido;29/01/2025
189616/1990;Inativo;;07/10/2019;;;Galzerano Indústria de Carrinhos e Berços Ltda;43594977000197;1934043030;Via Prefeito Jurandyr Paixão;700;;13481149;Jd. Campo Belo;Limeira;SP;luisfernando.camargo@galzerano.com.br;GUANGDONG ZHIHUI CHILDREN?S PRODUCTS CO.,LTD;Andadores Infantis;Portaria Inmetro nº 42 de 19/01/2018;;CE-AND/IQB 000006 53503/20-001;;;S;China, República Popular;GALZERANO;Andador de bebê Magic - Versão: Cinza (CZ), Preto (PT);Mat Tec poli Espum Resin plást Tint Ferrag 70Cx65Lx54A cm Travam trilho plást com botão de destrav e regul alt Mont/frenag manual Andador com pçs girat e cores diversas Acess Bandej Brinq não removív.;7898089221590|7898089222283;Incluido;07/10/2019
483620/2016;Inativo;;11/01/2023;;;COMPANHIA DOREL BRASIL PRODUTOS INFANTIS;10659948000883;2135547024;Av. Nilo Peçanha;1516 ;Galpão 3 ;28030035;Pq dos Rodoviários;Campos dos Goytacaze;RJ;standard@dorel.com.br;Jin Sun Gee Plastics Co., Ltd;Andadores Infantis;Portaria Inmetro nº 129 de 19/03/2021;;IN1701622-4;;;S;Formosa (Taiwan);Voyage;BG1401. Nome comercial: Buggy. Versões: Azul, Rosa.;PP,PVC,Ferro,POM,PU,Pol, 42x58.5x65cm. Trav:Lib.2 ações cons,Mont:Manual, Aces. Brinq.;7898509475206|7898509475213;Incluido;11/01/2023
777635/1942;Ativo;;09/12/2019;;;TAPUZIM COMERCIAL LTDA;00513418000100;1138569063;Av. Monte Celeste;230;250;02561000;Vila S. Maria;São Paulo;SP;ehs0770@hotmail.com;SHEN ZHEN WEI MEI CHILDCARE PRODUCT LIMITED COMPANY;Andadores Infantis;Portaria Inmetro nº 129 de 19/03/2021;;IN2062423;Modelo 5;;S;China, República Popular;Baby Style;MODELO: ANIMAIS VERSÕES: Andador cachorro vermelho - Ref. 33721 Andador cachorro azul - Ref. 33722 Andador abelha rosa - Ref. 33723 Andador abelha azul - Ref. 33724 Andador pianinho rosa Ref: 33725 Andador pianinho azul Ref: 33726;Material: Plástico, metal e tecido, Dimensões: 50 x 70 x 60 cm, Sistema de Travamento: Stoper, Sistema deMontagem e Ferragem: Tesoura, Acessórios: Bandeja musical;4079337218996|4079337228995|4079337238994|4079337248993|4079337251993|4079337261992;Excluido;29/01/2024
248940/2010;Ativo;;05/08/2021;;;GALZERANO INDUSTRIA DE CARRINHOS E BERCOS LTDA;43594977000197;19999947357;Via Prefeito Jurandyr Paixão;700;;13481149;Jd. Campo Belo;Limeira;SP;luisfernando.camargo@galzerano.com.br;GALZERANO INDUSTRIA DE CARRINHOS E BERCOS LTDA;Andadores Infantis;Portaria Inmetro nº 129 de 19/03/2021;;CE-AND/IQB 000006 54618/21-001;;;N;Brasil;GALZERANO;Ref.: 4050-Andador Torino. Versões: 4050EST (Estrela), 4050SPR (Spring);Tecido Pes, TNT, Espuma, PP, PA6, Master, Tinta, Tubo de aço. CxLxA(cm) 71x62,5x51,5 Travamento: Trilho plástico c/ botão de destrave e regulagem de altura. Montagem: Manual. Acess: Brinquedo acoplado;7908200102520|7908200102537;Incluido;17/01/2024
931589/1976;Ativo;;24/01/2025;;;PLANETA - IMPORTACAO E DISTRIBUICAO DE BRINQUEDOS LTDA;13434272000141;1138951572;AV VASCO MASSAFELI - GALPAO1 RUA A LADO IMPAR ANEXO;1000;MODULO1/21;06703600;JARDIM MARIA TEREZA;COTIA;SP;admin@planetadobebe.com.br;PLANETA - IMPORTACAO E DISTRIBUICAO DE BRINQUEDOS LTDA;Andadores Infantis;Portaria Inmetro nº 129 de 19/03/2021;;IN2476224;;;N;Brasil;REPLAY KIDS;ANDADOR QUICK/21680 / BELLA/21681 / PUPPY/21682 / ZOO/21683 / SPACE/21684 / RACING;M:POLIPROPILENO, ABS, AÇO,ELASTÔMERO TERMOPLÁSTICO E PVC/D:58X68X55CM/S.D/TRV:MANUAL (SEM FERRAMENTA)/ACS:N/A/CARACTERISTICAS DO MODELO:BANDEJA COM BRINQUEDO/ PLACA MUSICAL/PLACA ANTIDERRAPANTE;7899403216803|7899403216810|7899403216827|7899403216834|7899403216841;Incluido;24/01/2025
071639/1969;Ativo;;05/08/2021;;;GALZERANO INDUSTRIA DE CARRINHOS E BERCOS LTDA;43594977000197;19999947357;Via Prefeito Jurandyr Paixão;700;;13481149;Jd. Campo Belo;Limeira;SP;luisfernando.camargo@galzerano.com.br;GALZERANO INDUSTRIA DE CARRINHOS E BERCOS LTDA;Andadores Infantis;Portaria Inmetro nº 129 de 19/03/2021;;CE-AND/IQB 000006 54618/21-001;;;N;Brasil;GALZERANO;Ref.: 4050-Andador Torino. Versões: 4050RO (Rosa), 4050TER (Terracota), 4050EST (Estrela), 4050SPR (Spring) - Material: Tecido poliéster, TNT, Espuma, PP, PA6, Master, Tinta, Tubo de aço, Itens de fixação e aviamentos. Dimensões: CxLxA (cm) 71x62,5x51,5. Sistema de travamento: Trilho plástico com botão de destrave e regulagem de altura;Sistema de montagem/ferragem: Manual. Acessórios que venham com o produto: Bandeja de brinquedos não removível, Características do modelo: Tecidos, Peças plásticas, Tinta, Ferragens;7908200102247|7908200102254|7908200102520|7908200102537;Excluido;17/01/2024
841821/1949;Ativo;;07/02/2022;;;TUTTI BABY INDUSTRIA E COMERCIO DE ARTIGOS INFANTIS LTDA;06981862000129;4733794000;Rod. Guilherme Jensen, SC413, km13;0;;89108000;Distrito Industrial;Massaranduba;SC;certificacao@tuttibaby.com.br;TUTTI BABY INDUSTRIA E COMERCIO DE ARTIGOS INFANTIS LTDA;Andadores Infantis;Portaria Inmetro nº 129 de 19/03/2021;;IN2869325;Modelo 5;;N;Brasil;Tutti Baby;Andador: VERSÕES: Safari II (Azul/Rosa/Vermelho), Princesa Rosa Coroa, Acqua Explorador (Cinza/Roxo);ESTRUTURA METÁLICA , AÇO TUBULAR / 48 x 60,5 x 70CM / SISTEMA DE TRAVAMENTO COM DUAS AÇÕES CONSECUTIVAS PARA LIBERAÇÃO /SISTEMA DE MONTAGEM/FERRAGEM: PARAFUSOS E REBITES ACESSÓRIOS: BRINQUEDOS E ADESI;7898431501615|7898431501622|7898431501639|7898431501684|7898431501691|7898431501707;Excluido;15/03/2024
365643/1995;Ativo;;29/04/2024;;;TAPUZIM COMERCIAL LTDA;00513418000100;113856906;Av. Monte Celeste;230;250;02561000;Vila S. Maria;São Paulo;SP;sergio@babystylebrasil.com.br;SHEN ZHEN WEI MEI CHILDCARE PRODUCT LIMITED COMPANY;Andadores Infantis;Portaria Inmetro nº 129 de 19/03/2021;;IN2118124-2;;;S;China, República Popular;Baby Style;ANDADOR FOGUETE - FOGUETE CINZA E FOGUETE ROSA;MATERIAL:PP/DIM:62X53X78CM/SISTEMA DE TRAVAME:LIBERA EM 2 AÇÕES CONSECUTIVAS/MANUAL/ACESSÓRIOS:N/A/CARACT DO MODELO:ANDADOR C BRINQUEDO NA BANDEJA;4079337285219|4079337296543;Incluido;29/04/2024
316578/1964;Ativo;;29/01/2025;;;HCM INDUSTRIA E IMPORTACAO LTDA;12538691000160;3798753533;RUA SERGIPE ;1963;;35591096;SANTA ALEXANDRINA;LAGOA DA PRATA;MG;compras@hcmmalta.com.br;HCM INDUSTRIA E IMPORTACAO LTDA;Andadores Infantis;Portaria Inmetro nº 129 de 19/03/2021;;IN2431224-1;;;N;Brasil;JUMBO BABY;ANDADOR MUSICAL SUPERLUXO JUMBO BABY/Acessórios:Assento,Empurrador,Painel Musical/Caracteristicas do modelo:Andador com brinquedo na bandeja/Versões:AZUL,ROSA,VERMELHO,LARANJA;Mat:POLIPROPILENO (PP)/ACO CARBONO(FERRAGENS)/TECIDO(POLIÉSTER)/Dim:69,5X58,5X14,5/Sist de Trav:Liberação em duas ações consecutivas/Sist de Mont e Fer:Manual(sem ferramenta);7898947715025|7898947715032|7898947715049|7898947715056;Incluido;29/01/2025
659647/2021;Ativo;;27/03/2026;;;HEMNANI COMERCIO DE VARIEDADES LTDA.;05469291000185;9232330121;Rua Marcílio Dias;304;;69005270;Centro;Manaus;AM;hemnanibr@yahoo.com;PINGHU XIAOTIANDI CHILDREN?S PRODUCTS FACTORY;Andadores Infantis;Portaria Inmetro nº 129 de 19/03/2021;;IN2911926;Modelo 5;;S;China, República Popular;SITA;ANDADOR AKH602 - AKH602 - AVIÃO - AVIAO;MAT:PP,FERRO E POLIE./DIM:70 X62.5 X 51 CM/SISTEMA DE TRAVAMENTO:LIBERAÇÃO EM DUAS AÇÕES CONSECUTIVAS/SISTEMA DE MONTAGEM E FERRAGEM:MAN.(S/FERRAM.)/ACESS:BAND.MUSI./CARAC.DO MOD.:AND.COM BAND.MUSI.;0618231660148;Incluido;27/03/2026
305596/2005;Ativo;;14/08/2019;;;BAMBOO COMERCIO, IMPORTAÇÃO E EXPORTAÇÃO EIRELI-EPP;27115224000103;8132419265;Rua. Alegre;154;Galpão A;52120125;Arruda;Recife;PE;bamboo@yescert.com.br;ZHEJIANG KINTEX INTERNATIONAL TRADING CO., LTD;Andadores Infantis;Portaria Inmetro nº 129 de 19/03/2021;;IN1632922;;;S;China, República Popular;BAMBOO;NOME FANTASIA: ANDAJAR GUGU MODELO: MD-18 CORES: VERDE;PLÁSTICO, METAL E FIBRA TÊXTIL,520 x 560 x 620 mm,MANUAL,MANUAL,BANDEJA, VOLANTE DO PUXADOR.;7909312341029;Excluido;22/07/2022
953662/1947;Ativo;;07/02/2022;;;TUTTI BABY INDUSTRIA E COMERCIO DE ARTIGOS INFANTIS LTDA;06981862000129;4733794000;Rod. Guilherme Jensen, SC413, km13;0;;89108000;Distrito Industrial;Massaranduba;SC;certificacao@tuttibaby.com.br;TUTTI BABY INDUSTRIA E COMERCIO DE ARTIGOS INFANTIS LTDA;Andadores Infantis;Portaria Inmetro nº 129 de 19/03/2021;;IN2869325;Modelo 5;;N;Brasil;TUTTI BABY;ANDADOR SAFARI II-ANDADOR 40.002-40002003/40002004/40002007/40003004/40004002/40004003;MAT:PP E ALGODAO/DIM:51X61X70CM/SIS_TRAV:DOIS DISPOS TRAV INDEPEND SENDO OPER SIMULTÂNEAM./SIS_MONT/FERRG:REBITES,PARAFUSOS E ENCAIXE DE PÇS PLAST/ACESS:BAND. COM BRINQ/CARAC. DO MOD.:AND. C/ BRINQ NA;7898431501615|7898431501622|7898431501639|7898431501684|7898431501691|7898431501707;Excluido;27/02/2026
917957/1942;Inativo;;14/08/2019;;;Companhia Dorel Brasil Produtos Infantis;10659948000107;2135633602;Av. Nilo Peçanha;1516 /1582;Térreo;28030035;Pq dos Rodoviários;Campos dos Goytacaze;RJ;mariana.magalhaes@dorel.com.br;JIN SUN GEE PLASTIC CO.,LTD;Andadores Infantis;Portaria Inmetro nº 42 de 19/01/2018;;OCAN-AND.145/19-4;;;S;Formosa (Taiwan);Voyage;BG1401;Nome Fantasia: Buggy. Cores: Rosa e Azul. Material: Ferro, plástico, PP e PU. 42 x 58.5 x 65 cm. Sistema de Travamento e Montagem: Manual. Acessórios: Bandeja;7898509475206|7898509475213;Incluido;14/08/2019
247666/1974;Ativo;;01/08/2023;;;COMPANHIA DOREL BRASIL PRODUTOS INFANTIS;10659948000883;2135547024;Av. DR  Nilo Peçanha;1516;Galpão 3 ;28030035;Pq dos Rodoviários;Campos dos Goytacaze;RJ;standard@dorel.com.br;ZHONG SHAN SUN LUEN CHONG COMMODITY COMPANY LIMITED;Andadores Infantis;Portaria Inmetro nº 129 de 19/03/2021;;CE-AND/IQB 000011 55435/22-001;Modelo 5;;S;China, República Popular;TINY LOVE;4-in-1 Here I Grow Mobile Activity Center. Ref. 1806501211. ABS, Alumínio, Aço, Poliéster, PP. 70x57x44cm.Sist. de mont.:Manual (s/ ferragem).;Sist. de Trav.:2 disp. de travamento independentes, devem ser operados simultaneamente. Aces.: Brinq. acoplado.;7290108862973;Incluido;01/08/2023
290042/2017;Ativo;;27/03/2026;;;HEMNANI COMERCIO DE VARIEDADES LTDA.;05469291000185;9232330121;Rua Marcílio Dias;304;;69005270;Centro;Manaus;AM;hemnanibr@yahoo.com;PINGHU XIAOTIANDI CHILDREN?S PRODUCTS FACTORY;Andadores Infantis;Portaria Inmetro nº 129 de 19/03/2021;;IN2911926;Modelo 5;;S;China, República Popular;SITA;ANDADOR AKH602 - AKH602 - AVIÃO - AVIAO;MAT:PP,FERRO E POLIE./DIM:70 X62.5 X 51 CM/SISTEMA DE TRAVAMENTO:LIBERAÇÃO EM DUAS AÇÕES CONSECUTIVAS/SISTEMA DE MONTAGEM E FERRAGEM:MAN.(S/FERRAM.)/ACESS:BAND.MUSI./CARAC.DO MOD.:AND.COM BAND.MUSI.;0618231660148;Incluido;27/03/2026
541670/2000;Ativo;;01/07/2026;;;APS IMPORTACAO EXPORTACAO DISTRIBUICAO LTDA;44540981000135;11974642778;EST GERAL DE MEDEIROS;20;SALA 05;88390000;MEDEIROS;BARRA VELHA;SC;orquestra@yescert.com.br;Tengzhou Lebeir Baby Carriage Co., Ltd.;Andadores Infantis;Portaria Inmetro nº 129 de 19/03/2021;;IN3076626;Modelo 5;;S;China, República Popular;TOYS&TOYS;MOD:ANDADOR MUSICAL PARA BEBES/INFANTIL/CÓD DE REFERÊNCIA COMERCIAL: ANDADOR MUSICAL V:CINZA - 310552,MARROM - 310569,AZUL - 310576,ROSA 310583;Mat:PP/Dim:799x660x715mm/Sist de Travam: Dois dispositivos de travam independentes sendo operados simult/Sist de Mont e Ferr:Manual (sem ferram)/Acess:N/A/Caract do modelo:ANDADOR COM BRINQ.MUSICAL AC;7908888310552|7908888310569|7908888310576|7908888310583;Incluido;01/07/2026
835685/1926;Inativo;;14/08/2019;;;Companhia Dorel Brasil Produtos Infantis;10659948000107;2135633602;Av. Nilo Peçanha;1516 /1582;Térreo;28030035;Pq dos Rodoviários;Campos dos Goytacaze;RJ;mariana.magalhaes@dorel.com.br;Hua Song Plastic Products Co Ltd;Andadores Infantis;Portaria Inmetro nº 42 de 19/01/2018;;OCAN-AND.145/19-3;;;S;China, República Popular;Safety 1st;11389;Nome Fantasia: Melody Garden. Cor única. Material: Ferro, plástico e PP. 64x55x66 cm. Sistema de Travamento e Montagem: Manual. Acessórios: Bandeja.;9312541727119;Incluido;14/08/2019
637517/1948;Ativo;;30/08/2021;;;TA TE TI INDUSTRIA E COMERCIO DE BRINQUEDOS EDUCATIVOS LTDA;30261120000103;4732422225;RUA TIRADENTES;230;;89107000;CENTRO;POMERODE;SC;qualidade3@grupocalesita.com.br;TA TE TI INDUSTRIA E COMERCIO DE BRINQUEDOS EDUCATIVOS LTDA;Andadores Infantis;Portaria Inmetro nº 129 de 19/03/2021;;CE-AND/IQB 000010 55962/23-001;Modelo 5;;N;Brasil;Tateti;Ref.914 - Move Baby;PP, METAL, TECIDO POLIESTER. DIMENSAO: 70,20X59,83X49,12CM. SIST. TRAVAMENTO:FREIO DIANTEIRO E TRASEIRO. SIST DE MONTAGEM: MANUAL/PARAFUSOS PP. ACESSORIOS:BANDEJA DE BRINQUEDOS;7898664632230;Incluido;02/03/2026
129689/1953;Inativo;;14/08/2019;;;Companhia Dorel Brasil Produtos Infantis;10659948000107;2135633602;Av. Nilo Peçanha;1516 /1582;Térreo;28030035;Pq dos Rodoviários;Campos dos Goytacaze;RJ;mariana.magalhaes@dorel.com.br;JIN SUN GEE PLASTIC CO.,LTD;Andadores Infantis;Portaria Inmetro nº 42 de 19/01/2018;;OCAN-AND.145/19-1;;;S;Formosa (Taiwan);Voyage;BG-1518;Nome Fantasia: Baby Step. Cores: Rosa e Azul. Material: Ferro, Plástico e Polipropileno. 60x49x68cm. Sistema Travamento e Montagem:Manual. Acessórios: Bandeja.;7908238801280|7908238801297;Incluido;14/08/2019
423693/1979;Inativo;;14/01/2021;;;GALZERANO INDUSTRIA DE CARRINHOS E BERCOS LTDA;43594977000197;1934043030;Via Prefeito Jurandyr Paixão;700;;13481149;Jd. Campo Belo;Limeira;SP;luisfernando.camargo@galzerano.com.br;HUNGSENG HARDWARE PLASTIC (DG) CORP., LTD;Andadores Infantis;Portaria Inmetro nº 42 de 19/01/2018;;CE-AND/IQB 000006 54018/20-001;;;S;China, República Popular;GALZERANO;Ref.: 4015-Andador 3 em 1 Fênix. Versões: 4015CR (Color);Mat Tec polié Espum Resin plást Itens fixação Dimens 103x103x72(cm) Sist travamento suporte plástico c/ encaixe Sist montagem/ferragem encaixes manuais Acessório: Bandeja de brinquedos não removíveis;7908200101936;Incluido;14/01/2021
717697/2005;Ativo;;27/03/2026;;;HEMNANI COMERCIO DE VARIEDADES LTDA.;05469291000185;9232330121;Rua Marcílio Dias;304;;69005270;Centro;Manaus;AM;hemnanibr@yahoo.com;PINGHU XIAOTIANDI CHILDREN?S PRODUCTS FACTORY;Andadores Infantis;Portaria Inmetro nº 129 de 19/03/2021;;IN2911926;Modelo 5;;S;China, República Popular;SITA;ANDADOR AKH602 - AKH602 - AVIÃO - AVIAO;MAT:PP,FERRO E POLIE./DIM:70 X62.5 X 51 CM/SISTEMA DE TRAVAMENTO:LIBERAÇÃO EM DUAS AÇÕES CONSECUTIVAS/SISTEMA DE MONTAGEM E FERRAGEM:MAN.(S/FERRAM.)/ACESS:BAND.MUSI./CARAC.DO MOD.:AND.COM BAND.MUSI.;0618231660148;Incluido;27/03/2026
180624/1987;Ativo;;31/08/2026;;;TUTTI BABY INDUSTRIA E COMERCIO DE ARTIGOS INFANTIS LTDA;06981862000129;4733794000;Rod. Guilherme Jensen, SC413, km13;0;Galpão 01;89108000;Distrito Industrial;Massaranduba;SC;heloiza.souza@tuttibaby.com.br;TUTTI BABY INDUSTRIA E COMERCIO DE ARTIGOS INFANTIS LTDA;Andadores Infantis;Portaria Inmetro nº 129 de 19/03/2021;;CE-AND/IQB 000013 57036/26-002;Modelo 5;;N;Brasil;TUTTI BABY;ANDADOR COMFORT - 40005004,40005003,40005011,40005028,40005007,40005010,40005006,40005029;ESTRU.METALICA:ACO TUBULAR,BRINQ:PLAST.DE ENG.,REVEST. TEXTIL: ALGODAO/48X60,5X70 CM/DOIS DISP. DE TRAV. INDEP. SENDO OP. SIMULT./PARAFUSOS E MONT. DE PÇS PLAST./BRINQ. CERT. E ADESIVO-57036/26;7898431502063|7898431502070|7898431502087|7898431502094|7898431502100|7898431502117|7898431502124|7898431502131;Incluido;31/08/2026
681457/1985;Inativo;;07/10/2019;;;Galzerano Indústria de Carrinhos e Berços Ltda;43594977000197;1934043030;Via Prefeito Jurandyr Paixão;700;;13481149;Jd. Campo Belo;Limeira;SP;luisfernando.camargo@galzerano.com.br;GUANGDONG ZHIHUI CHILDREN?S PRODUCTS CO.,LTD;Andadores Infantis;Portaria Inmetro nº 42 de 19/01/2018;;CE-AND/IQB 000006 53503/20-001;;;S;China, República Popular;GALZERANO;Andador de bebê Magic - Versão: Cinza (CZ), Preto (PT);Mat Tec poli Espum Resin plást Tint Ferrag 70Cx65Lx54A cm Travam trilho plást com botão de destrav e regul alt Mont/frenag manual Andador com pçs girat e cores diversas Acess Bandej Brinq não removív.;7898089221590|7898089222283;Incluido;07/10/2019
885158/1969;Ativo;;29/01/2025;;;MD COMERCIO DE FERRAGENS LTDA;55274701000100;92981285408;AVENIDA JOAQUIM NABUCO, ;1094;A;69020030;CENTRO;MANAUS;AM;monadowlani@gmail.com;Hebei Zhongtai Bicycle manufacturing Co,. Ltd;Andadores Infantis;Portaria Inmetro nº 129 de 19/03/2021;;IN2520425;;;S;China, República Popular;ULTRA BABY;ANDADOR INFANTIL MUSICAL PARA BEBÊ/REF.:UBW-1026/PINK/GREEN/BLUE;MAT:PU,PP,AÇO,POLIÉSTER,ABS/DIM:70X60X55CM/SIST.DE TRAV.:LIB.EM DUAS AÇÕ.CONS./SIS.DE MONT.E FER.:MAN.(S/FERR.)/ACESS.:BANDE.COM BRINQ./CARAC.DO MODE.:ANDAD.C/BRINQ;7890012365050|7890012366064|7890012367078;Incluido;29/01/2025
133021/1947;Ativo;;07/02/2022;;;TUTTI BABY INDUSTRIA E COMERCIO DE ARTIGOS INFANTIS LTDA;06981862000129;4733794000;Rod. Guilherme Jensen, SC413, km13;0;;89108000;Distrito Industrial;Massaranduba;SC;certificacao@tuttibaby.com.br;TUTTI BABY INDUSTRIA E COMERCIO DE ARTIGOS INFANTIS LTDA;Andadores Infantis;Portaria Inmetro nº 129 de 19/03/2021;;IN2869325;Modelo 5;;N;Brasil;Tutti Baby;Andador Safari II Azul/Rosa/Vermelho/Andador Princesa Rosa Coroa/Andador Acqua Explorador Cinza/Roxo;ESTRUT. MET.AÇO.TUBULAR/48x60,5x70CM/SIST.DE TRAV. COM.DUAS.AÇÕES.CONSECUT.PARA.LIBER./PARAFUSOS.E. REBITES/BRINQUEDOS.E.ADESIVOS;7898431501615|7898431501622|7898431501639|7898431501684|7898431501691|7898431501707;Excluido;12/01/2024
234551/2005;Inativo;;12/01/2023;;;COMPANHIA DOREL BRASIL PRODUTOS INFANTIS;10659948000883;2135547024;Av. Nilo Peçanha;1516 ;Galpão 3 ;28030035;Pq dos Rodoviários;Campos dos Goytacaze;RJ;standard@dorel.com.br;Jin Sun Gee Plastics Co., Ltd;Andadores Infantis;Portaria Inmetro nº 129 de 19/03/2021;;IN1701622-3;;;S;Formosa (Taiwan);Safety 1st;HE001. Nome comercial: Spacewalker 3 em 1. Versões: Grey, Orange.;PP,Ferro,Aço,ABS,PVC,POM,TPR,MB475,Pol,65.5x50x71.5cm.Trav:Lib.2ações cons.,Mont:Manual.Aces.Brinq.;7908238803932|7908238803949;Incluido;12/01/2023
330967/1969;Inativo;;24/09/2019;;;Galzerano Indústria de Carrinhos e Berços Ltda;43594977000197;1934043030;Via Prefeito Jurandyr Paixão;700;;13481149;Jd. Campo Belo;Limeira;SP;luisfernando.camargo@galzerano.com.br;SHEN ZHEN WEI MEI CHILDCARE PRODUCT LIMITED COMPANY;Andadores Infantis;Portaria Inmetro nº 42 de 19/01/2018;;CE-AND/IQB 000006 53504/20-001;;;S;China, República Popular;GALZERANO;Andador de bebê 4 em 1 Funny - Versões: Color (CR), Verde Água (VDA);Mat Tec poli Espum Resin plást Itens fix Dimens 75Cx71Lx55A(cm) Sist trav Dobradiç plást c/ botã acion Sist mont frenag Encaix manua Mod Andador c/ módul sonor Pçs girat Cores divers Acess Brinq remov;7898089221477|7898089221996;Incluido;24/09/2019
590438/2023;Ativo;;20/10/2022;;;STYLL ADMINISTRACAO, INVESTIMENTOS, LOCACOES & SERVICOS LIMITADA;22475905000231;11994300960;Rua Marcio Carlim;401;;13849226;Parque Industrial;Mogi Guaçu;SP;alexandre@styll.com.br;STYLL ADMINISTRACAO, INVESTIMENTOS, LOCACOES & SERVICOS LIMITADA;Andadores Infantis;Portaria Inmetro nº 129 de 19/03/2021;;IN1679022;Modelo 5;;N;Brasil;STYLL BABY;ANDADOR SOFT WAY / V:V:AZ.SON.(AND-98.001-05)/RO.SON.(AND-98.002-05)/LAR.SON.(AND-98.003-05)/GUARÁ AZ.(AND-50.022-01)/GUARÁ RO.(AND-50.022-02)/GUARÁ LAR.(AND-50.022-03)/VE.SON.(AND-99.009-68)/AZ.CLÁS.(AND-98.001-04)/RO.CLÁS.(AND-98.002-04))/...;MAT:AÇO,POLIPR. E POLIÉ./DIM:640X570X470MM/SIS.DE TRAV:CATRA.EM BAI.DA BAN.(LIBER. EM DU.AÇÕ.CONS.)/SIST.DE MON.E FERR.:MANUAL(COM CHA.PHI.NÃO INCL.)/ACES:BAND.COM BRIN./ CONT.VERSÔES;7898488590037|7898488590440|7898488590457|7898488590464|7898488590624|7898488599849|7898488599856|7898488599863|7898488599870|7898488599887|789848859994;Incluido;20/10/2022
011712/1932;Ativo;;05/08/2021;;;GALZERANO INDUSTRIA DE CARRINHOS E BERCOS LTDA;43594977000197;19999947357;Via Prefeito Jurandyr Paixão;700;;13481149;Jd. Campo Belo;Limeira;SP;luisfernando.camargo@galzerano.com.br;GALZERANO INDUSTRIA DE CARRINHOS E BERCOS LTDA;Andadores Infantis;Portaria Inmetro nº 129 de 19/03/2021;;CE-AND/IQB 000006 54618/21-001;;;N;Brasil;GALZERANO;Ref.: 4050-Andador Torino. Versões: 4050RO (Rosa), 4050TER (Terracota), 4050EST (Estrela), 4050SPR (Spring) - Material: Tecido poliéster, TNT, Espuma, PP, PA6, Master, Tinta, Tubo de aço, Itens de fixação e aviamentos. Dimensões: CxLxA (cm) 71x62,5x51,5. Sistema de travamento: Trilho plástico com botão de destrave e regulagem de altura;Sistema de montagem/ferragem: Manual. Acessórios que venham com o produto: Bandeja de brinquedos não removível, Características do modelo: Tecidos, Peças plásticas, Tinta, Ferragens;7908200102247|7908200102254|7908200102520|7908200102537;Excluido;17/01/2024
016284/1961;Ativo;;29/04/2024;;;TAPUZIM COMERCIAL LTDA;00513418000100;113856906;Av. Monte Celeste;230;250;02561000;Vila S. Maria;São Paulo;SP;sergio@babystylebrasil.com.br;SHEN ZHEN WEI MEI CHILDCARE PRODUCT LIMITED COMPANY;Andadores Infantis;Portaria Inmetro nº 129 de 19/03/2021;;IN2118124-2;;;S;China, República Popular;Baby Style;ANDADOR FOGUETE - FOGUETE CINZA E FOGUETE ROSA;MATERIAL:PP/DIM:62X53X78CM/SISTEMA DE TRAVAME:LIBERA EM 2 AÇÕES CONSECUTIVAS/MANUAL/ACESSÓRIOS:N/A/CARACT DO MODELO:ANDADOR C BRINQUEDO NA BANDEJA;4079337285219|4079337296543;Incluido;29/04/2024
305716/1958;Ativo;;14/05/2026;;;UNI-ART IMPORT LTDA.;68168368000105;11952844300;AV DAS INDUSTRIAS ;755;;13288163;DIST.INDL B. STORANI;VINHEDO;SP; www.unitoys.com.br;QINGYUAN XINGLONG BALL PRODUCING CO., LTD.;Andadores Infantis;Portaria Inmetro nº 129 de 19/03/2021;;IN2985326;Modelo 5;;S;China, República Popular;UNITOYS;ANDADOR COM EMPURRADOR - N/A - 3726 AZUL/3726 ROSA;MAT:PP, POLIÉSTER E AÇO/DIM:50X60X102 CM/SIS_TRAV:LIBERAÇÃO EM DUAS AÇÕES CONSECUTIVAS/SIS_MONT E FERRG:MANUAL (SEM FERRAMENTA)/ACESS:N/A/CARACTERISTICAS DO MODELO:ANDADOR COM BANDEJA MUSICAL;7908901504395|7908901504401;Incluido;14/05/2026
148269/1926;Ativo;;07/02/2022;;;TUTTI BABY INDUSTRIA E COMERCIO DE ARTIGOS INFANTIS LTDA;06981862000129;4733794000;Rod. Guilherme Jensen, SC413, km13;0;;89108000;Distrito Industrial;Massaranduba;SC;certificacao@tuttibaby.com.br;TUTTI BABY INDUSTRIA E COMERCIO DE ARTIGOS INFANTIS LTDA;Andadores Infantis;Portaria Inmetro nº 129 de 19/03/2021;;IN2869325;Modelo 5;;N;Brasil;Tutti Baby;Andador Safari II Azul/Rosa/Vermelho/Andador Princesa Rosa Coroa/Andador Acqua Explorador Cinza/Roxo;ESTRUT. MET.AÇO.TUBULAR/48x60,5x70CM/SIST.DE TRAV. COM.DUAS.AÇÕES.CONSECUT.PARA.LIBER./PARAFUSOS.E. REBITES/BRINQUEDOS.E.ADESIVOS;7898431501615|7898431501622|7898431501639|7898431501684|7898431501691|7898431501707;Excluido;12/01/2024
730880/1976;Ativo;;09/12/2019;;;TAPUZIM COMERCIAL LTDA;00513418000100;1138569063;Av. Monte Celeste;230;250;02561000;Vila S. Maria;São Paulo;SP;ehs0770@hotmail.com;SHEN ZHEN WEI MEI CHILDCARE PRODUCT LIMITED COMPANY;Andadores Infantis;Portaria Inmetro nº 129 de 19/03/2021;;IN2062423;Modelo 5;;S;China, República Popular;Baby Style;ANDADOR PIANINHO ROSA - 33725 / ANDADOR PIANINHO AZUL - 33726;ANDADOR PIANINHO RS E AZ, MATERIAL:PLÁSTICO/62 X 53 X 78 CM/LIBERAÇÃO EM DUAS AÇÕES CONSECUTIVAS/MANUAL (SEM FERRAMENTAS)/BRINQUEDO;4079337251993|4079337261992;Incluido;29/01/2024
599720/1984;Inativo;;11/01/2023;;;COMPANHIA DOREL BRASIL PRODUTOS INFANTIS;10659948000883;2135547024;Av. Nilo Peçanha;1516 ;Galpão 3 ;28030035;Pq dos Rodoviários;Campos dos Goytacaze;RJ;standard@dorel.com.br;Jin Sun Gee Plastics Co., Ltd;Andadores Infantis;Portaria Inmetro nº 129 de 19/03/2021;;IN1722522;;;S;Formosa (Taiwan);Cosco;BG-1518. Nome comercial: Follow. Versões: Azul e Laranja.;Ferro, plástico, PP,PET, PU e poliéster. 60 x 49 x 68 cm.Trav:Lib.2 ações cons., Encaixe,aces: Brinquedos.;7908238808043|7908238808050;Incluido;11/01/2023
373275/2010;Ativo;;07/02/2022;;;TUTTI BABY INDUSTRIA E COMERCIO DE ARTIGOS INFANTIS LTDA;06981862000129;4733794000;Rod. Guilherme Jensen, SC413, km13;0;;89108000;Distrito Industrial;Massaranduba;SC;certificacao@tuttibaby.com.br;TUTTI BABY INDUSTRIA E COMERCIO DE ARTIGOS INFANTIS LTDA;Andadores Infantis;Portaria Inmetro nº 129 de 19/03/2021;;IN2869325;Modelo 5;;N;Brasil;TUTTI BABY;DESIGNAÇÃO COMERC SAFARI II (AZUL/ROSA/VERMELHO),PRINCESA ROSA COROA,ACQUA,EXPLORADOR (CINZA/ ROXO) CÓD D REF COMERC:ANDAD 40.002/40002003/40002004/40002007/40003004/40004002/40004003 CARACT DO MODELO:ANDADOR C BRINQUEDO;MAT:ESTRUTURA METALICA - AÇO TUBULAR/DIM:48X60,5X70CM/SIST DE TRAVA:LIBERAÇ EM 2AÇÕES CONSECUT/SIST DE MONTAGEM E FERRAGEM:PARAFUSOS E REBITES/ACESSÓ:BRINQUEDOS E ADESIVOS;7898431501615|7898431501622|7898431501639|7898431501684|7898431501691|7898431501707;Excluido;10/12/2025
776878/1971;Ativo;;03/04/2023;;;PLANETA - IMPORTACAO E DISTRIBUICAO DE BRINQUEDOS LTDA;13434272000141;1138951572;AV VASCO MASSAFELI;1000;G1A M1-21;06703600;JARDIM MARIA TEREZA;COTIA;SP;admin@planetadobebe.com.br;HEBEI WANXIN CHILDREN TOYS CO.,LTD.;Andadores Infantis;Portaria Inmetro nº 129 de 19/03/2021;;IN1765923;Modelo 5;;S;China, República Popular;MAXI BABY;ANDADOR LA BAMBA - NW-01 - AZUL #21537/ROSA #21538/VERMELHO #75268;MAT: PP E PAR. ABS, AÇO DE ALT. CARB.-RODA ELAST. TERM.,PVC/DIM:580X680X550(LXCXH)/SIS_TRAV:LIBE.EMDUAS AÇÕES CONS./SIS_MONT E FER:MAN.(S/FER.)/ACES:BAND C BRINQ./CARAC.DO MOD:ANDADOR C BRI.(BAD. MUS.;7898975752689|7899403215370|7899403215387;Excluido;18/03/2026
893724/2010;Ativo;;19/06/2026;;;LILI FLORES ARTESANAIS LTDA;50509301000113;2199999999;R SANTO SEPULCRO;00279;;21350220;MADUREIRA;RIO DE JANEIRO;RJ;xiaoweiliu663@gmail.com;PINGHU XIAOTIANDI CHILDREN''S PRODUCTS FACTORY ;Andadores Infantis;Portaria Inmetro nº 129 de 19/03/2021;;IN3051726;Modelo 5;;S;China, República Popular;LILI;MOD:ANDADOR LL-2931 / CÓD. DE REFERÊNCIA COMERCIAL: LL-2931 / AZUL,ROSA,VERDE;MAT.:PP, POLIÉSTER E POLIETILENO/DIM:56,5X68X60,5CM/ SIST.TRAV.:LIBERAÇÃO EM DUAS AÇÕES CONSECUTIVAS/SIST. MONT.:LIBERAÇÃO EM DUAS AÇÕES CONSECUTIVAS/SEM ACESSÓRIOS/ANDADOR COM BRINQUEDO INTERATIVO;;Incluido;19/06/2026
187739/1937;Inativo;;11/11/2022;;;COMPANHIA DOREL BRASIL PRODUTOS INFANTIS;10659948000883;2135547024;Av. Nilo Peçanha;1516 /1582;Galpão 3 ;28030035;Pq dos Rodoviários;Campos dos Goytacaze;RJ;standard@dorel.com.br;Jin Sun Gee Plastics Co., Ltd;Andadores Infantis;Portaria Inmetro nº 129 de 19/03/2021;;IN1701622-1;;;S;Formosa (Taiwan);Cosco;BG-2023. Nome comercial: Goal Walker 4 em 1. Versões: Rosa e Azul.;Ferro, PP, PU e Pol, 74x44x66,5cm.Trav.real.único acion.,Mont: Manual(c/chave phil,n/inclusa). Aces: Brinq.;7898509478375|7898509478665;Incluido;11/11/2022
120094/1933;Ativo;;03/04/2023;;;PLANETA - IMPORTACAO E DISTRIBUICAO DE BRINQUEDOS LTDA;13434272000141;1138951572;AV VASCO MASSAFELI;1000;G1A M1-21;06703600;JARDIM MARIA TEREZA;COTIA;SP;admin@planetadobebe.com.br;HEBEI WANXIN CHILDREN TOYS CO.,LTD.;Andadores Infantis;Portaria Inmetro nº 129 de 19/03/2021;;IN1765923;Modelo 5;;S;China, República Popular;MAXI BABY;ANDADOR LA BAMBA - NW-01 - AZUL #21537/ROSA #21538/VERMELHO #75268;MAT: PP E PAR. ABS, AÇO DE ALT. CARB.-RODA ELAST. TERM.,PVC/DIM:580X680X550(LXCXH)/SIS_TRAV:LIBE.EMDUAS AÇÕES CONS./SIS_MONT E FER:MAN.(S/FER.)/ACES:BAND C BRINQ./CARAC.DO MOD:ANDADOR C BRI.(BAD. MUS.;7898975752689|7899403215370|7899403215387;Excluido;18/03/2026
313951/1990;Inativo;;30/09/2019;;;Tutti Baby Indústria e Comércio de Artigos Infantis Ltda;06981862000129;4733794000;Rod. Guilherme Jensen;s/n;Galpão 01;89108000;Distrito Industrial;Massaranduba;SC;qualidade@tuttibaby.com.br;;Andadores Infantis;Portaria Inmetro nº 42 de 19/01/2018;;CE-AND/IQB 000005 53137/19-001;;;N; ;Tutti Baby;Andador 02003;Material: Estrut. metálica de aço tub, plást. de engenharia, algodão. Dim: 52cmx60cmx70,5cm, sist.de trav: com duas ações consecutivas para liber, sist. de mont.ferrag: rebites e parafusos, aces: brin;17898431495966|17898431495980|17898431496000|17898431496024|17898431500660|17898431500677|17898431500684|7898431495952|7898431495969|7898431495976|7898431495983|7898431495990|7898431496006|7898431496010|7898431496027|7898431500601|7898431500618|7898431500625|7898431500632|7898431500649|7898431500656;Incluido;30/09/2019
025555/2022;Inativo;;30/09/2019;;;Tutti Baby Indústria e Comércio de Artigos Infantis Ltda;06981862000129;4733794000;Rod. Guilherme Jensen;s/n;Galpão 01;89108000;Distrito Industrial;Massaranduba;SC;qualidade@tuttibaby.com.br;;Andadores Infantis;Portaria Inmetro nº 42 de 19/01/2018;;CE-AND/IQB 000005 53137/19-001;;;N; ;Tutti Baby;Andador 02003;Material: Estrut. metálica de aço tub, plást. de engenharia, algodão. Dim: 52cmx60cmx70,5cm, sist.de trav: com duas ações consecutivas para liber, sist. de mont.ferrag: rebites e parafusos, aces: brin;17898431495966|17898431495980|17898431496000|17898431496024|17898431500660|17898431500677|17898431500684|7898431495952|7898431495969|7898431495976|7898431495983|7898431495990|7898431496006|7898431496010|7898431496027|7898431500601|7898431500618|7898431500625|7898431500632|7898431500649|7898431500656;Incluido;30/09/2019
481743/1963;Inativo;;11/01/2023;;;COMPANHIA DOREL BRASIL PRODUTOS INFANTIS;10659948000883;2135547024;Av. Nilo Peçanha;1516 ;Galpão 3 ;28030035;Pq dos Rodoviários;Campos dos Goytacaze;RJ;standard@dorel.com.br;Jin Sun Gee Plastics Co., Ltd;Andadores Infantis;Portaria Inmetro nº 129 de 19/03/2021;;IN1701622-4;;;S;Formosa (Taiwan);Voyage;BG1401. Nome comercial: Buggy. Versões: Azul, Rosa.;PP,PVC,Ferro,POM,PU,Pol, 42x58.5x65cm. Trav:Lib.2 ações cons,Mont:Manual, Aces. Brinq.;7898509475206|7898509475213;Incluido;11/01/2023
775747/1989;Ativo;;07/02/2022;;;TUTTI BABY INDUSTRIA E COMERCIO DE ARTIGOS INFANTIS LTDA;06981862000129;4733794000;Rod. Guilherme Jensen, SC413, km13;0;;89108000;Distrito Industrial;Massaranduba;SC;certificacao@tuttibaby.com.br;TUTTI BABY INDUSTRIA E COMERCIO DE ARTIGOS INFANTIS LTDA;Andadores Infantis;Portaria Inmetro nº 129 de 19/03/2021;;IN2869325;Modelo 5;;N;Brasil;TUTTI BABY;ANDADOR SAFARI II-ANDADOR 40.002-40002003/40002004/40002007/40003004/40004002/40004003;MAT:PP/ALGODAO/DIM:51X61X70CM/SIS_TRAV:DOIS DISPOS DE TRAV IND. OPER. SIMULTÂNEAMENTE/SIS_MONT/FERRG:REBITES,PARAF,ENCAIXE DE PÇS PLAST/ACESS:BAND. C/ BRINQ/CARAC. DO MOD.:ANDADOR C/ BRINQ NA BAND;7898431501615|7898431501622|7898431501639|7898431501684|7898431501691|7898431501707;Incluido;27/02/2026
069751/2016;Ativo;;09/12/2019;;;TAPUZIM COMERCIAL LTDA;00513418000100;1138569063;Av. Monte Celeste;230;250;02561000;Vila S. Maria;São Paulo;SP;ehs0770@hotmail.com;SHEN ZHEN WEI MEI CHILDCARE PRODUCT LIMITED COMPANY;Andadores Infantis;Portaria Inmetro nº 129 de 19/03/2021;;IN2062423;Modelo 5;;S;China, República Popular;Baby Style;ANDADOR PIANINHO ROSA - 33725 / ANDADOR PIANINHO AZUL - 33726;ANDADOR PIANINHO RS E AZ, MATERIAL:PLÁSTICO/62 X 53 X 78 CM/LIBERAÇÃO EM DUAS AÇÕES CONSECUTIVAS/MANUAL (SEM FERRAMENTAS)/BRINQUEDO;4079337251993|4079337261992;Incluido;29/01/2024
296622/1952;Inativo;;14/08/2019;;;Companhia Dorel Brasil Produtos Infantis;10659948000107;2135633602;Av. Nilo Peçanha;1516 /1582;Térreo;28030035;Pq dos Rodoviários;Campos dos Goytacaze;RJ;mariana.magalhaes@dorel.com.br;JIN SUN GEE PLASTIC CO.,LTD;Andadores Infantis;Portaria Inmetro nº 42 de 19/01/2018;;OCAN-AND.145/19-2;;;S;Formosa (Taiwan);Cosco;BG-2023;Nome Fantasia: Goal Walker 4 em 1. Cores: Rosa e Azul. Material: Ferro, Plástico, PP e PU. 74 x 44x 66.5 cm. Sistema de Travamento e Montagem: Manual. Acessórios: Bandeja de Brinquedos.;7898509478375|7898509478665;Incluido;14/08/2019
363766/1942;Ativo;;16/09/2024;;;AMAZONAS IMPORTADOS LTDA;07269201000138;9691131654;Rua Independência;175;;68900090;Central;Macapa;AP;adriana.abreu@amazonasimportados.com.br;YIWU BALBIAN ELECTRONIC TECHNOLOGICAL CO., LTD;Andadores Infantis;Portaria Inmetro nº 129 de 19/03/2021;;IN2086424-1;;;S;China, República Popular;LÉ PETIT;MODE:BABY WALKER/REF:LP-9517/ CONT: ANDADOR COM BRINQUEDO ACOPLADO/VERSÕES:AZUL,ROSA,VERDE,;MAT:PP E POLIÉSTER/DIM:62X55,5X50CM/SIST DE TRAV:LIBERAÇÃO EM DUAS AÇÕES CONSECUTIVAS/SIST DE MONT E FERRAGEM:MANUAL (SEM FERRAMENTA)/ACESSÓRIOS:N/A.CARACTERISTICAS DO MODELO:;453068745717;Incluido;16/09/2024
188757/2016;Inativo;;09/02/2022;;;COMPANHIA DOREL BRASIL PRODUTOS INFANTIS;10659948000107;02135547024;Av. Nilo Peçanha;1516 /1582;Térreo;28030035;Pq dos Rodoviários;Campos dos Goytacaze;RJ;mariana.magalhaes@dorel.com.br;Dong Guan Hua Song Plastic Products Co.Ltd;Andadores Infantis;Portaria Inmetro nº 42 de 19/01/2018;;IN1512522;;;S;China, República Popular;Safety 1st;11389.  Melody Garden;Pol.,PP,Aço. 65x55x66cm. Aut.c/lib.em 2 ações consec.,Manual. Acessórios: Brinquedo(centro de atividades);9312541727119;Incluido;09/02/2022
991482/2012;Ativo;;06/03/2023;;;BURIGOTTO S A INDUSTRIA E COMERCIO;51460277000138;1934464813;Rua Martino Dragone;280;;13480308;Jardim Santa Barbara;Liemira;SP;alison.smanioto@burigotto.com;JIN SUN GEE PLASTICS CO., LTD;Andadores Infantis;Portaria Inmetro nº 129 de 19/03/2021;;CE-AND/IQB 000004 55573/23-001;Modelo 5;;S;Formosa (Taiwan);BURIGOTTO;ANDADOR OLÉ CL - REF. IXAN5143CL;PP, AÇO, TECIDO / 590 X 690 X 550 MM / TRILHO PLÁSTICO COM BOTÃO DE TRAVA/DESTRAVA E REGULAGEM DE ALTURA / REBITES, PARAFUSOS E ENCAIXE DE PEÇAS PLÁSTICAS / BANDEJA COM 2 BRINQUEDOS DE PP E NYLON;7896502944248;Incluido;29/04/2026
657770/1968;Ativo;;15/12/2023;;;MADHULA COMERCIO DE ARTIGOS ELETROELETRONICOS LTDA;03838532000190;62811924131;Rua Marcilio Dias;166;;69005270;Centro;Manaus;AM;dgjohnny@gmail.com;PINGHU SHI XIAOTIANDI CHILDREN''S PRODUCTS FACTORY;Andadores Infantis;Portaria Inmetro nº 129 de 19/03/2021;;IN1983523;;;S;China, República Popular;BENMEK;ANDADOR MADHULA/REF.: MA100/VERSÕES:Verde e Azul - MA100VA,Rosa e Roxo - MA100RR,Branco e Azul Escuro - MA100BAE,Amarelo e Vermelho - MA100AV;MAT:PP, FERRO E POLIÉSTER/DIMEN.:63 X 57 X 53 CM/SIST. TRAVAMENTO:Liberação em duas ações consecutivas/SIST. MONTAGEM E FERRAGEM:MANUAL(SEM FERRAMENTA)/ACESS.:n/a/CARACTERÍSTICAS: ANDADOR COM BRINQUED;6901031000158;Incluido;15/12/2023
951774/1994;Ativo;;07/08/2024;;;AMAZONAS IMPORTADOS LTDA;07269201000138;9691131654;Rua Independência;175;;68900090;Central;Macapa;AP;adriana.abreu@amazonasimportados.com.br;YIWU BALBIAN ELECTRONIC TECHNOLOGICAL CO., LTD;Andadores Infantis;Portaria Inmetro nº 129 de 19/03/2021;;IN2086424-4;;;S;China, República Popular;LÉ PETIT;MODE:BABY WALKER/REF:LP-9917/ CONT: ANDADOR COM BRINQUEDO ACOPLADO/VERSÕES:AZUL,VERMELHO,AMARELO,ROSA.;MAT:PP E POLIÉSTER/DIM:65X54X49CM/SIST DE TRAV:LIBERAÇÃO EM DUAS AÇÕES CONSECUTIVAS/SIST DE MONT E FERRA :MANUAL (SEM FERRAMENTA)/ACES:N/A.CARACTERISTICAS DO MODELO:;7453116024706;Incluido;07/08/2024
489017/2018;Ativo;;09/12/2019;;;TAPUZIM COMERCIAL LTDA;00513418000100;1138569063;Av. Monte Celeste;230;250;02561000;Vila S. Maria;São Paulo;SP;ehs0770@hotmail.com;SHEN ZHEN WEI MEI CHILDCARE PRODUCT LIMITED COMPANY;Andadores Infantis;Portaria Inmetro nº 129 de 19/03/2021;;IN2062423;Modelo 5;;S;China, República Popular;baby style;ANDADOR ANIMAIS;ANIMAISVERSÕES: Andador cachorro vermelho - Ref. 33721 Andador cachorro azul - Ref. 33722 Andador abelha rosa - Ref. 33723 Andador abelha azul - Ref. 33724 . Material: Plástico, metal e tecido. Dimen;4079337218996|4079337228995|4079337238994|4079337248993;Excluido;21/12/2020
912059/1926;Ativo;;14/08/2019;;;BAMBOO COMERCIO, IMPORTAÇÃO E EXPORTAÇÃO EIRELI-EPP;27115224000103;8132419265;Rua. Alegre;154;Galpão A;52120125;Arruda;Recife;PE;bamboo@yescert.com.br;ZHEJIANG KINTEX INTERNATIONAL TRADING CO., LTD;Andadores Infantis;Portaria Inmetro nº 129 de 19/03/2021;;IN1632922;;;S;China, República Popular;BAMBOO;NOME FANTASIA: ANDAJAR GUGU MODELO: MD-18 CORES: VERDE;PLÁSTICO, METAL E FIBRA TÊXTIL,520 x 560 x 620 mm,MANUAL,MANUAL,BANDEJA, VOLANTE DO PUXADOR.;7909312341029;Excluido;22/07/2022
245778/2021;Ativo;;12/04/2021;;;TUTTI BABY INDUSTRIA E COMERCIO DE ARTIGOS INFANT;06981862000129;4733794000;Rod. Guilherme Jensen;0;Galpão 01;89108000;Distrito Industrial;Massaranduba;SC;qualidade@tuttibaby.com.br;TUTTI BABY INDUSTRIA E COMERCIO DE ARTIGOS INFANT;Andadores Infantis;Portaria Inmetro nº 129 de 19/03/2021;;CE-AND/IQB 000005 54149/20-001;Modelo 5;;N;Brasil;Tutti Baby;Andador 40.001;ESTRUT.MET. DE AÇO TUB.PLÁST. DE ENG.ALGODÃO.48CM X60,5CMX70CM,COM DUAS AÇÕESCONSEC PARA LIB.REB.E PARAF.BRINQ. E ADES.BASE SUP.BASE INF.FREIO ANTI-QUEDA E CONJ.DE RODAS,PNEU DA RODA TRAS. E TRAVA ANT;7898431501219|7898431501226|7898431501233;Incluido;12/04/2021
539793/1947;Ativo;;29/04/2024;;;TAPUZIM COMERCIAL LTDA;00513418000100;113856906;Av. Monte Celeste;230;250;02561000;Vila S. Maria;São Paulo;SP;sergio@babystylebrasil.com.br;SHEN ZHEN WEI MEI CHILDCARE PRODUCT LIMITED COMPANY;Andadores Infantis;Portaria Inmetro nº 129 de 19/03/2021;;IN2118124-2;;;S;China, República Popular;Baby Style;ANDADOR FOGUETE - FOGUETE CINZA E FOGUETE ROSA;MATERIAL:PP/DIM:62X53X78CM/SISTEMA DE TRAVAME:LIBERA EM 2 AÇÕES CONSECUTIVAS/MANUAL/ACESSÓRIOS:N/A/CARACT DO MODELO:ANDADOR C BRINQUEDO NA BANDEJA;4079337285219|4079337296543;Incluido;29/04/2024
390513/1945;Ativo;;16/07/2025;;;KIDDO INDUSTRIA E COMERCIO LTDA;60688090000187;1147870744;Rodovia Regis Bittencourt ;3666;;06793000;Jardim Três Marias ;Taboão da Serra;SP;m.nascimento@kiddo.com.br;JIN SUN GEE PLASTIC CO., LTD;Andadores Infantis;Portaria Inmetro nº 129 de 19/03/2021;;IN2735125;Modelo 5;;S;China, República Popular;Whoop;ANDADOR PASSINHOS 2 EM 1 REF. 8701/CINZA/ROSA/AZUL;MATERIAL:PP. POLIES/DIMENSÕES:59,5X68X53CM/SIST.DE.TRAVAM.:LIBER.EM DUAS AÇÕES CONSECUTIVAS/SIST.DE.MONTAG.E.FERRAGEM:MANUAL (SEM AUX. DE FERRAM)/ACESSÓRIOS:BRINQ./CARACT. DO MODELO:ANDADOR C/ BRINQ.;7896517223871|7896517223888|7896517223895;Incluido;16/07/2025
136081/1933;Ativo;;15/12/2023;;;MADHULA COMERCIO DE ARTIGOS ELETROELETRONICOS LTDA;03838532000190;62811924131;Rua Marcilio Dias;166;;69005270;Centro;Manaus;AM;dgjohnny@gmail.com;PINGHU SHI XIAOTIANDI CHILDREN''S PRODUCTS FACTORY;Andadores Infantis;Portaria Inmetro nº 129 de 19/03/2021;;IN1983523;;;S;China, República Popular;BENMEK;ANDADOR MADHULA/REF.: MA100/VERSÕES:Verde e Azul - MA100VA,Rosa e Roxo - MA100RR,Branco e Azul Escuro - MA100BAE,Amarelo e Vermelho - MA100AV;MAT:PP, FERRO E POLIÉSTER/DIMEN.:63 X 57 X 53 CM/SIST. TRAVAMENTO:Liberação em duas ações consecutivas/SIST. MONTAGEM E FERRAGEM:MANUAL(SEM FERRAMENTA)/ACESS.:n/a/CARACTERÍSTICAS: ANDADOR COM BRINQUED;6901031000158;Incluido;15/12/2023
693110/1963;Ativo;;07/08/2024;;;COMERCIO E IMPORTACAO DENISE LTDA;29963642000178;21997976531;RUA DO MILHO;72;A;21011090;PENHA CIRCULAR;RIO DE JANEIRO;RJ;comerciomybaby@hotmail.com;PING HU BEST CHILDREN?S CARRIER CO.LTD;Andadores Infantis;Portaria Inmetro nº 129 de 19/03/2021;;IN2189524;;;S;China, República Popular;MY BABY;PATO A1 - ROSA LISO, AZUL LISO, ROSA COLORIDO, AZUL COLORIDO - Acessórios: Brinquedos Caracteristicas do modelo: Andador infantil com brinquedo elétrico;Material: Ferro, PP e Poliéster Dimensões: 71 x 62 x 55 cm Sistema de Travamento: Liberação em duas ações consecutivas Sistema de Montagem e Ferragem: Manual (com auxílio de ferramenta);6294013738218|6294013738225|6294013738287|6294013738294;Incluido;07/08/2024
634600/2016;Ativo;;07/08/2024;;;AMAZONAS IMPORTADOS LTDA;07269201000138;9691131654;Rua Independência;175;;68900090;Central;Macapa;AP;adriana.abreu@amazonasimportados.com.br;YIWU BALBIAN ELECTRONIC TECHNOLOGICAL CO., LTD;Andadores Infantis;Portaria Inmetro nº 129 de 19/03/2021;;IN2086424-2;;;S;China, República Popular;LÉ PETIT;MODE:BABY WALKER/REF:LP-9618/ CONT: ANDADOR COM BRINQUEDO ACOPLADO/VERSÕES:AZUL,VERDE,ROSA,VERMELHO.;MAT:PP E POLIÉSTER/DIM:65X54X49CM/SIST DE TRAV:LIBERAÇÃO EM DUAS AÇÕES CONSECUTIVAS/SIST DE MONT E FERR:MANUAL (SEM FERRAMENTA)ACE:N/A.CARACTERISTICAS DO MODELO:;7453068240131;Incluido;07/08/2024
833797/1973;Ativo;;14/05/2026;;;UNI-ART IMPORT LTDA.;68168368000105;11952844300;AV DAS INDUSTRIAS ;755;;13288163;DIST.INDL B. STORANI;VINHEDO;SP; www.unitoys.com.br;QINGYUAN XINGLONG BALL PRODUCING CO., LTD.;Andadores Infantis;Portaria Inmetro nº 129 de 19/03/2021;;IN2985326;Modelo 5;;S;China, República Popular;UNITOYS;ANDADOR COM EMPURRADOR - N/A - 3726 AZUL/3726 ROSA;MAT:PP, POLIÉSTER E AÇO/DIM:50X60X102 CM/SIS_TRAV:LIBERAÇÃO EM DUAS AÇÕES CONSECUTIVAS/SIS_MONT E FERRG:MANUAL (SEM FERRAMENTA)/ACESS:N/A/CARACTERISTICAS DO MODELO:ANDADOR COM BANDEJA MUSICAL;7908901504395|7908901504401;Incluido;14/05/2026
207525/1944;Ativo;;19/02/2026;;;RGM  COMERCIO E SERVICOS LTDA;18007664000148;11996294240;Avenida Angélica;511;Cj. 904;01227100;Santa Cecilia;São Paulo;SP;papush@uol.com.br;PINGHU XIAOTIANDI CHILDREN?S PRODUCTS FACTORY;Andadores Infantis;Portaria Inmetro nº 129 de 19/03/2021;;IN2911726;Modelo 5;;S;China, República Popular;RGM;ANDADOR DREUX - R602 - AVIÃO - AVIAO;MAT:PP,FERRO E POLIÉ./DIM:70X62.5X51 CM/SIST.DE TRAV.:LIB.EM DUAS AÇÕES CONSECU./SIST.DE MONT.E FERR.:MANUAL (SEM FERRAMENTA)/ACESS:BANDEJA MUSICAL/CARACT.DO MODELO:ANDADOR COM BANDEJA MUSICAL;7898926505616;Incluido;19/02/2026
127801/2000;Inativo;;23/05/2025;;;MD COMERCIO DE FERRAGENS LTDA;55274701000100;92981285408;AVENIDA JOAQUIM NABUCO;1094;A;69020030;Centro;Manaus;AM;mdcomerciodeferragensltda@gmail.com;Xingtai Pandelo Technology Co.,Ltd;Andadores Infantis;Portaria Inmetro nº 129 de 19/03/2021;;IN2611025;Modelo 5;;S;China, República Popular;ULTRA BABY;REF: UBW-801H - ANDADOR INFANTIL MUSICAL PARA BEBÊ - BABY PINK / BARBIE PINK, RED / WHITE, ROYAL BLUE / ORANGE / WHITE, GREEN / WHITE;MAT:PP,FERRO E POLIÉSTER/DIM:68X59X52CM/SIS_TRAV:LIBERAÇÃO EM 2 AÇÕES CONSECUTIVAS/SIS_MONTAGEM_E_FERRAGEM:MANUAL(SEM FERRAMENTA)/ACESSÓRIOS: N/A/CARACTERISTICAS_MODELO:ANDADOR COM BRINQUEDO ACOPLADO;7890012361007|7890012361113|7890012368082|7890012369096;Incluido;23/05/2025
290826/1939;Inativo;;11/01/2023;;;COMPANHIA DOREL BRASIL PRODUTOS INFANTIS;10659948000883;2135547024;Av. Nilo Peçanha;1516 ;Galpão 3 ;28030035;Pq dos Rodoviários;Campos dos Goytacaze;RJ;standard@dorel.com.br;Jin Sun Gee Plastics Co., Ltd;Andadores Infantis;Portaria Inmetro nº 129 de 19/03/2021;;IN1701622-4;;;S;Formosa (Taiwan);Voyage;BG1401. Nome comercial: Buggy. Versões: Azul, Rosa.;PP,PVC,Ferro,POM,PU,Pol, 42x58.5x65cm. Trav:Lib.2 ações cons,Mont:Manual, Aces. Brinq.;7898509475206|7898509475213;Incluido;11/01/2023
421816/1926;Ativo;;19/06/2023;;;KCARVALHUS COMERCIO E SERVICOS EIRELI;24633386000137;1143798430;Rua Poeta João Cabral De Melo Neto,  Santa Maria - Osasco - SP;77;;06147020; Santa Maria ;Osasco ;SP;carlos.carvalho@kkbebe.com.br;PINGHU SHI XIAOTIANDI CHILDREN?S PRODUCTS FACTORY;Andadores Infantis;Portaria Inmetro nº 129 de 19/03/2021;;IN1823223;;;S;China, República Popular;KK bebê;ANDADOR INFANTIL PASSINHO FORTE / AZUL /ROSA , MATERIAL:PP,FERRO E POLIÉSTER/DIMENSÕES:63X57X53CM;SISTEMA DE TRAVAMENTO:LIBERAÇÃO EM DUAS AÇÕES CONSECUTIVAS/SISTEMA DE MONTAGEM E FERRAGEM: MANUAL (SEM FERRAMENTA)/ACESSÓRIOS:BRINQUEDOS/CARACTERISTICAS DO MODELO: ANDADOR COM BRINQUEDO FIXO ACOPLADO;7898711750108|7898711750115;Incluido;19/06/2023
740747/2004;Ativo;;29/01/2025;;;MD COMERCIO DE FERRAGENS LTDA;55274701000100;92981285408;AVENIDA JOAQUIM NABUCO, ;1094;A;69020030;CENTRO;MANAUS;AM;monadowlani@gmail.com;Hebei Zhongtai Bicycle manufacturing Co,. Ltd;Andadores Infantis;Portaria Inmetro nº 129 de 19/03/2021;;IN2520425;;;S;China, República Popular;ULTRA BABY;ANDADOR INFANTIL MUSICAL PARA BEBÊ/REF.:UBW-1026/PINK/GREEN/BLUE;MAT:PU,PP,AÇO,POLIÉSTER,ABS/DIM:70X60X55CM/SIST.DE TRAV.:LIB.EM DUAS AÇÕ.CONS./SIS.DE MONT.E FER.:MAN.(S/FERR.)/ACESS.:BANDE.COM BRINQ./CARAC.DO MODE.:ANDAD.C/BRINQ;7890012365050|7890012366064|7890012367078;Incluido;29/01/2025
984140/1955;Ativo;;06/03/2023;;;BURIGOTTO S A INDUSTRIA E COMERCIO;51460277000138;1934464813;Rua Martino Dragone;280;;13480308;Jardim Santa Barbara;Liemira;SP;alison.smanioto@burigotto.com;JIN SUN GEE PLASTICS CO., LTD;Andadores Infantis;Portaria Inmetro nº 129 de 19/03/2021;;CE-AND/IQB 000004 55573/23-001;Modelo 5;;S;Formosa (Taiwan);BURIGOTTO;ANDADOR OLÉ CL - REF. IXAN5143CL;PP, AÇO, TECIDO / 590 X 690 X 550 MM / TRILHO PLÁSTICO COM BOTÃO DE TRAVA/DESTRAVA E REGULAGEM DE ALTURA / REBITES, PARAFUSOS E ENCAIXE DE PEÇAS PLÁSTICAS / BANDEJA COM 2 BRINQUEDOS DE PP E NYLON;7896502944248;Incluido;29/04/2026
715820/1952;Inativo;;14/01/2021;;;GALZERANO INDUSTRIA DE CARRINHOS E BERCOS LTDA;43594977000197;1934043030;Via Prefeito Jurandyr Paixão;700;;13481149;Jd. Campo Belo;Limeira;SP;luisfernando.camargo@galzerano.com.br;HUNGSENG HARDWARE PLASTIC (DG) CORP., LTD;Andadores Infantis;Portaria Inmetro nº 42 de 19/01/2018;;CE-AND/IQB 000006 54018/20-001;;;S;China, República Popular;GALZERANO;Ref.: 4015-Andador 3 em 1 Fênix. Versões: 4015CR (Color);Mat Tec polié Espum Resin plást Itens fixação Dimens 103x103x72(cm) Sist travamento suporte plástico c/ encaixe Sist montagem/ferragem encaixes manuais Acessório: Bandeja de brinquedos não removíveis;7908200101936;Incluido;14/01/2021
009824/1979;Ativo;;19/06/2023;;;KCARVALHUS COMERCIO E SERVICOS EIRELI;24633386000137;1143798430;Rua Poeta João Cabral De Melo Neto,  Santa Maria - Osasco - SP;77;;06147020; Santa Maria ;Osasco ;SP;carlos.carvalho@kkbebe.com.br;PINGHU SHI XIAOTIANDI CHILDREN?S PRODUCTS FACTORY;Andadores Infantis;Portaria Inmetro nº 129 de 19/03/2021;;IN1823223;;;S;China, República Popular;KK bebê;ANDADOR INFANTIL PASSINHO FORTE / AZUL /ROSA , MATERIAL:PP,FERRO E POLIÉSTER/DIMENSÕES:63X57X53CM;SISTEMA DE TRAVAMENTO:LIBERAÇÃO EM DUAS AÇÕES CONSECUTIVAS/SISTEMA DE MONTAGEM E FERRAGEM: MANUAL (SEM FERRAMENTA)/ACESSÓRIOS:BRINQUEDOS/CARACTERISTICAS DO MODELO: ANDADOR COM BRINQUEDO FIXO ACOPLADO;7898711750108|7898711750115;Incluido;19/06/2023
620501/1969;Ativo;;03/04/2023;;;PLANETA - IMPORTACAO E DISTRIBUICAO DE BRINQUEDOS LTDA;13434272000141;1138951572;AV VASCO MASSAFELI;1000;G1A M1-21;06703600;JARDIM MARIA TEREZA;COTIA;SP;admin@planetadobebe.com.br;HEBEI WANXIN CHILDREN TOYS CO.,LTD.;Andadores Infantis;Portaria Inmetro nº 129 de 19/03/2021;;IN1765923;Modelo 5;;S;China, República Popular;MAXI BABY;NW-01 - ANDADOR LA BAMBA;MAT:PP PARTES EM ABS, AÇO DE ALTO CARB RODA ELAST.TERMO., PVC/DIM:580X680X550/SIS TRA:LIBERA.EM 2 AÇÕES CONSEC. SIS DE MON E FER:MAN.(S/ FER)/ACE:BANDEJA COM BRINQ/CAR MOD:AND COM BRINQ(BAND.A MUS.);7899403215370|7899403215387;Excluido;22/12/2025
133488/1960;Ativo;;07/02/2022;;;TUTTI BABY INDUSTRIA E COMERCIO DE ARTIGOS INFANTIS LTDA;06981862000129;4733794000;Rod. Guilherme Jensen, SC413, km13;0;;89108000;Distrito Industrial;Massaranduba;SC;certificacao@tuttibaby.com.br;TUTTI BABY INDUSTRIA E COMERCIO DE ARTIGOS INFANTIS LTDA;Andadores Infantis;Portaria Inmetro nº 129 de 19/03/2021;;IN2869325;Modelo 5;;N;Brasil;TUTTI BABY;DESIGNAÇÃO COMERC SAFARI II (AZUL/ROSA/VERMELHO),PRINCESA ROSA COROA,ACQUA,EXPLORADOR (CINZA/ ROXO) CÓD D REF COMERC:ANDAD 40.002/40002003/40002004/40002007/40003004/40004002/40004003;MAT:ESTRUTURA METALICA - AÇO TUBULAR/DIM:48X60,5X70CM/SIST DE TRAVA:LIBERAÇ EM 2AÇÕES CONSECUT/SIST DE MONTAGEM E FERRAGEM:PARAFUSOS E REBITES/ACESSÓ:BRINQUEDOS E ADESIVOS/CARACT DO MODELO:ANDADOR C B;7898431501615|7898431501622|7898431501639|7898431501684|7898431501691|7898431501707;Excluido;26/04/2024
303828/2005;Ativo;;12/11/2024;;;CACANDO OFERTAS LTDA;23230465000134;11976586700;Rua José Ferreira Crespo;752;Sala 1;08021480;Jardim São Vicente;São Paulo;SP;diegofrancisco22@bol.com.br;STYLL ADMINISTRACAO, INVESTIMENTOS, LOCACOES & SERVICOS LIMITADA;Andadores Infantis;Portaria Inmetro nº 129 de 19/03/2021;;IN2382924;;;N;Brasil;ClickBaby's;Andador Happy baby - Versões AZUL-HAPPY BABY ROSA-HAPPY BABY LARANJA-HAPPY BABY;Mat.Aço Polipropileno.Dim:640x570x470cm.Sist.Trav. Liberação duas ações consecutivas.Sist de Mont e Ferrag:Manual sem ferramenta.Acess: Bandeja c/Brinquedo.Caract/modelo:Andador c/brinquedo na bandeja;7898975097001|7898975097018|7898975097025;Incluido;12/11/2024
597843/1931;Ativo;;26/07/2024;;;DARDARA COMERCIO IMPORTACAO E EXPORTACAO LTDA;07774907000157;11964220291;R VALENTIM MAGALHAES;95;***;03184090;ALTO DA MOOCA;SÃO PAULO;SP;sac@dardara.com.br;FOSHAN BAOLIMEI BABY CARRIER CO., ;Andadores Infantis;Portaria Inmetro nº 129 de 19/03/2021;;IN2255924;;;S;China, República Popular;DARDARA;ANDADOR CARRO FD-2407 / VERSÕES: AZUL E ROSA;MAT:PP,METAL E POLIÉSTER/DIM:740X630X510MM/SIST DE TRAVA:LIB EM 2 AÇÕES CONSECUT/SIST DE MONT/FERRAG:MANUAL(C/FERRAMENTAS)/ACESSÓRIOS: BRINQ/CARACT DO MODELO:ANDADOR C/BRINQ INTEGRADO;7898572462738|7898572462755;Incluido;26/07/2024
153086/2012;Ativo;;29/04/2025;;;MD COMERCIO DE FERRAGENS LTDA;55274701000100;92981285408;AVENIDA JOAQUIM NABUCO;1094;A;69020030;Centro;Manaus;AM;mdcomerciodeferragensltda@gmail.com;PINGHU XIAOTIANDI CHILDREN''S PRODUCTS FACTORY;Andadores Infantis;Portaria Inmetro nº 129 de 19/03/2021;;IN2610925;Modelo 5;;S;China, República Popular;ULTRA BABY;REF: UBW-601 - ANDADOR INFANTIL MUSICAL PARA BEBÊ - NAVY BLUE / RED, GREEN / BLUE, ROYAL BLUE / TEAL, LIGHT PINK / LAVANDER, DARK PURPLE / PINK;MAT:PP,FERRO E POLIÉSTER/DIM:70X62,5X55CM/SIS_TRAV:LIBERAÇÃO EM 2 AÇÕES CONSECUTIVAS/SIS_MONT.E_FERRAGEM:MANUAL(SEM FERRAMENTA)/ACESSÓRIOS: N/A/CARACTERISTICAS_MODELO:ANDADOR COM BRINQUEDO ACOPLADO;7890012361120|7890012361137|7890012361144|7890012361151|7890012361168;Incluido;29/04/2025
815176/1949;Inativo;;14/01/2021;;;GALZERANO INDUSTRIA DE CARRINHOS E BERCOS LTDA;43594977000197;1934043030;Via Prefeito Jurandyr Paixão;700;;13481149;Jd. Campo Belo;Limeira;SP;luisfernando.camargo@galzerano.com.br;WEIMEI MEI CHILDCARE PRODUCT (HUIZHOU) LTD., CO;Andadores Infantis;Portaria Inmetro nº 42 de 19/01/2018;;CE-AND/IQB 000006 54025/20-001;;;S;China, República Popular;GALZERANO;Ref.: 4030-Andador 4 em 1 Funny. Versões: 4030CR (Color), 4030VDA (Verde Água);Mat Tec polié Espuma Resina plást Itens fixação Dimens 75x71x55(cm) Sist travament dobradiça plást c/ botão acionament Sist montagem/ferragem encaixe manual Acessórios manuais brinquedos removíveis;7898089221477|7898089221996;Incluido;14/01/2021
322664/1935;Ativo;;15/12/2023;;;MADHULA COMERCIO DE ARTIGOS ELETROELETRONICOS LTDA;03838532000190;62811924131;Rua Marcilio Dias;166;;69005270;Centro;Manaus;AM;dgjohnny@gmail.com;PINGHU SHI XIAOTIANDI CHILDREN''S PRODUCTS FACTORY;Andadores Infantis;Portaria Inmetro nº 129 de 19/03/2021;;IN1983523;;;S;China, República Popular;BENMEK;ANDADOR MADHULA/REF.: MA100/VERSÕES:Verde e Azul - MA100VA,Rosa e Roxo - MA100RR,Branco e Azul Escuro - MA100BAE,Amarelo e Vermelho - MA100AV;MAT:PP, FERRO E POLIÉSTER/DIMEN.:63 X 57 X 53 CM/SIST. TRAVAMENTO:Liberação em duas ações consecutivas/SIST. MONTAGEM E FERRAGEM:MANUAL(SEM FERRAMENTA)/ACESS.:n/a/CARACTERÍSTICAS: ANDADOR COM BRINQUED;6901031000158;Incluido;15/12/2023
218922/1965;Ativo;;06/05/2025;;;KAVOD BRASIL COMERCIO E IMPORTACAO DE PRODUTOS DE USO DOMESTICO LTDA;12389993000114;1136612389;Avenida Marquês de São Vicente;2219;Conj 1001;05036040;Água Branca;São Paulo;SP;adm@kababy.com.br;Tengzhou Lebeir Baby Carriage Co., Ltd.;Andadores Infantis;Portaria Inmetro nº 129 de 19/03/2021;;IN2610825;;;S;China, República Popular;KaBaby;DESIGNAÇÃO COMERCIAL: ANDADOR DE EMPURRAR STEP-UP KABABY CINZA/CÓDIGO DE REFERÊNCIA COMERCIAL: ANDADOR/QUANTIDADE: -/;MAT:PP/DIM:799x660x715mm/SIS_TRAV:LIBERAÇÃO EM DUAS AÇÕES CONSECUTIVAS/SIS_MONTAGEM/FERRAGEM:MANUAL SEM AUXILIO DE FERRAMENTA/ACESSORIOS:N/A/CARACT_DO_MODELO:ANDADOR COM BRINQUEDO ACOPLADO;7898605218394;Incluido;06/05/2025
455769/1982;Inativo;;14/08/2019;;;Companhia Dorel Brasil Produtos Infantis;10659948000107;2135633602;Av. Nilo Peçanha;1516 /1582;Térreo;28030035;Pq dos Rodoviários;Campos dos Goytacaze;RJ;mariana.magalhaes@dorel.com.br;Hua Song Plastic Products Co Ltd;Andadores Infantis;Portaria Inmetro nº 42 de 19/01/2018;;OCAN-AND.145/19-3;;;S;China, República Popular;Safety 1st;11389;Nome Fantasia: Melody Garden. Cor única. Material: Ferro, plástico e PP. 64x55x66 cm. Sistema de Travamento e Montagem: Manual. Acessórios: Bandeja.;9312541727119;Incluido;14/08/2019
891847/1957;Cancelado;;28/02/2020;;14/07/2025;COMÉRCIO E IMPORTAÇÃO DENISE LTDA;29963642000178;2125843843;RUA DO MILHO;72;A;21011090;PENHA CIRCULAR;RIO DE JANEIRO;RJ;comerciomybaby@hotmail.com;PING HU BEST CHILDREN'S CARRIER CO.LTD;Andadores Infantis;Portaria Inmetro nº 42 de 19/01/2018;;OCAN-AND.329/20-1;;;S;China, República Popular;MY BABY;A-1;VERSÕES: ROSA, AZUL, AZUL COM VERDE, AZUL COM VERMELHO, ROSA COM LILÁS, ROSA COM ROSA ESCURO;;Incluido;28/02/2020
883270/2016;Inativo;;11/11/2022;;;COMPANHIA DOREL BRASIL PRODUTOS INFANTIS;10659948000883;2135547024;Av. Nilo Peçanha;1516 /1582;Galpão 3 ;28030035;Pq dos Rodoviários;Campos dos Goytacaze;RJ;standard@dorel.com.br;Jin Sun Gee Plastics Co., Ltd;Andadores Infantis;Portaria Inmetro nº 129 de 19/03/2021;;IN1701622-1;;;S;Formosa (Taiwan);Cosco;BG-2023. Nome comercial: Goal Walker 4 em 1. Versões: Rosa e Azul.;Ferro, PP, PU e Pol, 74x44x66,5cm.Trav.real.único acion.,Mont: Manual(c/chave phil,n/inclusa). Aces: Brinq.;7898509478375|7898509478665;Incluido;11/11/2022
185851/1984;Ativo;;31/08/2026;;;MADHULA COMERCIO DE ARTIGOS ELETROELETRONICOS LTDA;03838532000190;92994433107;Rua Marcilio Dias;166;;69005270;Centro;Manaus;AM;mayapunjwani@gmail.com;PINGHU XIAOTIANDI CHILDRENS PRODUCTS FACTORY;Andadores Infantis;Portaria Inmetro nº 129 de 19/03/2021;;IN3141126-1;Modelo 5;;S;China, República Popular;BENMEK;MADHULA/ MA100/ Verde e Azul - MA100VA/ Rosa e Roxo - MA100RR/ Branco e Azul Escuro - MA100BAE/ Amarelo e Vermelho - MA100AV;MAT.:PP, FERRO E POLIÉSTER/DIM.:63X57X53 CM/SIST. DE TRAV.: LIBERAÇÃO EM DUAS AÇÕES CONSECUTIVAS/SIST. MONT. E FERR.:MANUAL (SEM FERRAMENTA)/ACESS.:BRINQUEDO/CARACT. DO MOD.: ANDADOR COM BRINQUEDO;6901031000158;Incluido;31/08/2026
479855/2010;Cancelado;;24/08/2020;;14/07/2025;Dardara Comercio Importacao e Exportacao Ltda.;07774907000157;1147447248;R VALENTIM MAGALHAES;95;***;03184090;ALTO DA MOOCA;SÃO PAULO;SP;dardara@yescert.com.br;FOSHAN BAOLIMEI CHILD?S VEHICLE CO.LTD;Andadores Infantis;Portaria Inmetro nº 42 de 19/01/2018;;OCAN-AND.134/20-5;;;S;China, República Popular;DARDARA;ANDADOR CARRO (FD-2407);Material: Moldes e peças em plástico P.P.(polipropileno) Adesivos (papel colante) Painel - parte interna: sistema eletrônico (placa, fio colorido, alto falante). Estrutura em metal, Dimensões: 74 x 63;;Incluido;24/08/2020
059519/1978;Ativo;;01/07/2026;;;APS IMPORTACAO EXPORTACAO DISTRIBUICAO LTDA;44540981000135;11974642778;EST GERAL DE MEDEIROS;20;SALA 05;88390000;MEDEIROS;BARRA VELHA;SC;orquestra@yescert.com.br;Tengzhou Lebeir Baby Carriage Co., Ltd.;Andadores Infantis;Portaria Inmetro nº 129 de 19/03/2021;;IN3076626;Modelo 5;;S;China, República Popular;TOYS&TOYS;MOD:ANDADOR MUSICAL PARA BEBES/INFANTIL/CÓD DE REFERÊNCIA COMERCIAL: ANDADOR MUSICAL V:CINZA - 310552,MARROM - 310569,AZUL - 310576,ROSA 310583;Mat:PP/Dim:799x660x715mm/Sist de Travam: Dois dispositivos de travam independentes sendo operados simult/Sist de Mont e Ferr:Manual (sem ferram)/Acess:N/A/Caract do modelo:ANDADOR COM BRINQ.MUSICAL AC;7908888310552|7908888310569|7908888310576|7908888310583;Incluido;01/07/2026
824515/2012;Ativo;;05/08/2021;;;GALZERANO INDUSTRIA DE CARRINHOS E BERCOS LTDA;43594977000197;19999947357;Via Prefeito Jurandyr Paixão;700;;13481149;Jd. Campo Belo;Limeira;SP;luisfernando.camargo@galzerano.com.br;GALZERANO INDUSTRIA DE CARRINHOS E BERCOS LTDA;Andadores Infantis;Portaria Inmetro nº 129 de 19/03/2021;;CE-AND/IQB 000006 54618/21-001;;;N;Brasil;GALZERANO;Ref.: 4050-Andador Torino. Versões: 4050RO (Rosa), 4050TER (Terracota);Mat Tec poliest TNT Espum PP PA6 Master Tint Tub aço Item fix/aviam CxLxA(cm) 71x62,5x51,5 Trav Trilh plást c/ botão destrav e reg alt Acess Band brinq não remov retrov Carac Tec Pçs plást Tint Ferrag;7908200102247|7908200102254;Excluido;11/05/2022
580326/1938;Inativo;;02/04/2020;;;Galzerano Indústria de Carrinhos e Berços Ltda;43594977000197;1934043030;Via Prefeito Jurandyr Paixão;700;;13481149;Jd. Campo Belo;Limeira;SP;luisfernando.camargo@galzerano.com.br;FOSHAN SHUNDE QIJUN TOYS CO., LTD;Andadores Infantis;Portaria Inmetro nº 42 de 19/01/2018;;CE-AND/IQB 000006 53487/19-001;;;S;China, República Popular;GALZERANO;Ref.: 4090 - Liam. Versões: 4090CZ (Cinza), 4090PT (Preto);Mat: Tec poli Espum Resin plást Tinta Ferragens. Dim: 70x65x54(cm). Sist Trav: Trilho plást c/ botão destrav e reg de altura. Sist mont/ferragem: Manual. Acess: Bandej brinq não removív e retrovisores;7908200101431|7908200101448;Incluido;02/04/2020
940012/1963;Ativo;;17/06/2024;;;MEGA COMPRAS PRESENTES.COM LTDA;02561195000174;4191284769;RUA ELDORADO;511;511;09550720;PROSPERIDADE;SÃO CAETANO DO SUL;SP;contabilidade@grupogmac.com;HEBEI HAOKU CHILDREN TOYS CO., LTD;Andadores Infantis;Portaria Inmetro nº 129 de 19/03/2021;;IN2152424;;;S;China, República Popular;MEGA COMPRAS;ANDADOR PARA BEBÊS-PREMIUM-REF:MC923/MC923AZ/MC923RS/MC923CZ/MATERIAL:PP E POLIÉSTER/DIMENSÕES:65X 48X46 CM/ CONT: ANDADOR COM BRINQUEDO ACOPLADO;SISTEMA DE TRAVAMENTO:DOIS DISPOSITIVOS DE TRAVAMENTO INDEPENDENTES SENDO OPERADOS SIMULTÂNEAMENTE/SISTEMA DE MONTAGEM E FERRAGEM:MANUAL (SEM FERRAMENTA)/ACESSÓRIOS:BRINQUEDO/CARACTERISTICAS DO MODELO;7898692799028|7898692799578|7898692799585;Incluido;17/06/2024
773870/1936;Ativo;;07/02/2022;;;TUTTI BABY INDUSTRIA E COMERCIO DE ARTIGOS INFANTIS LTDA;06981862000129;4733794000;Rod. Guilherme Jensen, SC413, km13;0;;89108000;Distrito Industrial;Massaranduba;SC;certificacao@tuttibaby.com.br;TUTTI BABY INDUSTRIA E COMERCIO DE ARTIGOS INFANTIS LTDA;Andadores Infantis;Portaria Inmetro nº 129 de 19/03/2021;;IN2869325;Modelo 5;;N;Brasil;TUTTI BABY;DESIGNAÇÃO COMERC SAFARI II (AZUL/ROSA/VERMELHO),PRINCESA ROSA COROA,ACQUA,EXPLORADOR (CINZA/ ROXO) CÓD D REF COMERC:ANDAD 40.002/40002003/40002004/40002007/40003004/40004002/40004003 CARACT DO MODELO:ANDADOR C BRINQUEDO;MAT:ESTRUTURA METALICA - AÇO TUBULAR/DIM:48X60,5X70CM/SIST DE TRAVA:LIBERAÇ EM 2AÇÕES CONSECUT/SIST DE MONTAGEM E FERRAGEM:PARAFUSOS E REBITES/ACESSÓ:BRINQUEDOS E ADESIVOS;7898431501615|7898431501622|7898431501639|7898431501684|7898431501691|7898431501707;Excluido;10/12/2025
067874/1963;Ativo;;31/08/2026;;;TUTTI BABY INDUSTRIA E COMERCIO DE ARTIGOS INFANTIS LTDA;06981862000129;4733794000;Rod. Guilherme Jensen, SC413, km13;0;Galpão 01;89108000;Distrito Industrial;Massaranduba;SC;heloiza.souza@tuttibaby.com.br;TUTTI BABY INDUSTRIA E COMERCIO DE ARTIGOS INFANTIS LTDA;Andadores Infantis;Portaria Inmetro nº 129 de 19/03/2021;;CE-AND/IQB 000013 57036/26-002;Modelo 5;;N;Brasil;TUTTI BABY;ANDADOR COMFORT - 40005004,40005003,40005011,40005028,40005007,40005010,40005006,40005029;ESTRU.METALICA:ACO TUBULAR,BRINQ:PLAST.DE ENG.,REVEST. TEXTIL: ALGODAO/48X60,5X70 CM/DOIS DISP. DE TRAV. INDEP. SENDO OP. SIMULT./PARAFUSOS E MONT. DE PÇS PLAST./BRINQ. CERT. E ADESIVO-57036/26;7898431502063|7898431502070|7898431502087|7898431502094|7898431502100|7898431502117|7898431502124|7898431502131;Incluido;31/08/2026
205671/1992;Ativo;;30/08/2021;;;TA TE TI INDUSTRIA E COMERCIO DE BRINQUEDOS EDUCATIVOS LTDA;30261120000103;4732422225;RUA TIRADENTES;230;;89107000;CENTRO;POMERODE;SC;qualidade3@grupocalesita.com.br;TA TE TI INDUSTRIA E COMERCIO DE BRINQUEDOS EDUCATIVOS LTDA;Andadores Infantis;Portaria Inmetro nº 129 de 19/03/2021;;CE-AND/IQB 000010 55962/23-001;Modelo 5;;N;Brasil;Tateti;Ref.914 - Move Baby;PP, METAL, TECIDO POLIESTER. DIMENSAO: 70,20X59,83X49,12CM. SIST. TRAVAMENTO:FREIO DIANTEIRO E TRASEIRO. SIST DE MONTAGEM: MANUAL/PARAFUSOS PP. ACESSORIOS:BANDEJA DE BRINQUEDOS;7898664632230;Incluido;02/03/2026
787400/1967;Ativo;;20/10/2022;;;STYLL ADMINISTRACAO, INVESTIMENTOS, LOCACOES & SERVICOS LIMITADA;22475905000231;11994300960;Rua Marcio Carlim;401;;13849226;Parque Industrial;Mogi Guaçu;SP;alexandre@styll.com.br;STYLL ADMINISTRACAO, INVESTIMENTOS, LOCACOES & SERVICOS LIMITADA;Andadores Infantis;Portaria Inmetro nº 129 de 19/03/2021;;IN1679022;Modelo 5;;N;Brasil;STYLL BABY;ANDADOR SOFT WAY / V:V:AZ.SON.(AND-98.001-05)/RO.SON.(AND-98.002-05)/LAR.SON.(AND-98.003-05)/GUARÁ AZ.(AND-50.022-01)/GUARÁ RO.(AND-50.022-02)/GUARÁ LAR.(AND-50.022-03)/VE.SON.(AND-99.009-68)/AZ.CLÁS.(AND-98.001-04)/RO.CLÁS.(AND-98.002-04))/...;MAT:AÇO,POLIPR. E POLIÉ./DIM:640X570X470MM/SIS.DE TRAV:CATRA.EM BAI.DA BAN.(LIBER. EM DU.AÇÕ.CONS.)/SIST.DE MON.E FERR.:MANUAL(COM CHA.PHI.NÃO INCL.)/ACES:BAND.COM BRIN./ CONT.VERSÔES;7898488590037|7898488590440|7898488590457|7898488590464|7898488590624|7898488599849|7898488599856|7898488599863|7898488599870|7898488599887|789848859994;Incluido;20/10/2022
001088/1933;Ativo;;03/04/2023;;;PLANETA - IMPORTACAO E DISTRIBUICAO DE BRINQUEDOS LTDA;13434272000141;1138951572;AV VASCO MASSAFELI;1000;G1A M1-21;06703600;JARDIM MARIA TEREZA;COTIA;SP;admin@planetadobebe.com.br;HEBEI WANXIN CHILDREN TOYS CO.,LTD.;Andadores Infantis;Portaria Inmetro nº 129 de 19/03/2021;;IN1765923;Modelo 5;;S;China, República Popular;MAXI BABY;NW-01 - ANDADOR LA BAMBA  / (...) COM BRINQUEDOS/CAR MOD:AND COM BRINQUEDO(BANDEJA MUSICAL);MAT:PP E PARTES EM ABS, AÇO DE ALTO CARB RODA ELASTÔMERO TERMOPLÁSTICO, PVC/DIM:580X680X550(LXCXH)/SIS TRA:LIBERAÇÃO EM DUAS AÇÕES CONSECUTIVAS SIS DE MON E FER:MANUAL(S/ FERRAMENTA)/ACE:BANDEJA (...);7899403215370|7899403215387;Excluido;28/02/2025
618613/2016;Inativo;;11/01/2023;;;COMPANHIA DOREL BRASIL PRODUTOS INFANTIS;10659948000883;2135547024;Av. Nilo Peçanha;1516 ;Galpão 3 ;28030035;Pq dos Rodoviários;Campos dos Goytacaze;RJ;standard@dorel.com.br;Jin Sun Gee Plastics Co., Ltd;Andadores Infantis;Portaria Inmetro nº 129 de 19/03/2021;;IN1701622-4;;;S;Formosa (Taiwan);Voyage;BG1401. Nome comercial: Buggy. Versões: Azul, Rosa.;PP,PVC,Ferro,POM,PU,Pol, 42x58.5x65cm. Trav:Lib.2 ações cons,Mont:Manual, Aces. Brinq.;7898509475206|7898509475213;Incluido;11/01/2023
361878/1989;Ativo;;05/08/2021;;;GALZERANO INDUSTRIA DE CARRINHOS E BERCOS LTDA;43594977000197;19999947357;Via Prefeito Jurandyr Paixão;700;;13481149;Jd. Campo Belo;Limeira;SP;luisfernando.camargo@galzerano.com.br;GALZERANO INDUSTRIA DE CARRINHOS E BERCOS LTDA;Andadores Infantis;Portaria Inmetro nº 129 de 19/03/2021;;CE-AND/IQB 000006 54618/21-001;;;N;Brasil;GALZERANO;Ref.: 4050-Andador Torino. Versões: 4050PTR (Preto Rosa), 4050PTT (Preto Terracota);Mat Tec poliest Espum PP PA6 Master Tint Tub aço Itens fix/aviam CxLxA(cm) 71x62,5x51,5 Trav Trilh plást c/ botão destrav e reg alt Acess Band brinq não remove retrov Caract Tec Pçs plást Tint Ferrage;7908200102193|7908200102209;Excluido;01/09/2021
675702/2023;Ativo;;09/12/2019;;;TAPUZIM COMERCIAL LTDA;00513418000100;1138569063;Av. Monte Celeste;230;250;02561000;Vila S. Maria;São Paulo;SP;ehs0770@hotmail.com;SHEN ZHEN WEI MEI CHILDCARE PRODUCT LIMITED COMPANY;Andadores Infantis;Portaria Inmetro nº 42 de 19/01/2018;;OCAN-AND.165/19-3;;;S;China, República Popular;baby style;CENTRO DE ATIVIDADES;VERSÕES: Andador play - Ref.5821 Andador meninos - Ref. 515211 Andador meninas - Ref. 51522. Material: Plástico, metal e tecido. Dimensões: 74 x 75 x 18 cm Sistema de Travamento: Stoper Sistema de Mon;4079515211993|4079515222999|4532582122994;Incluido;09/12/2019
655882/2015;Inativo;;24/09/2019;;;Galzerano Indústria de Carrinhos e Berços Ltda;43594977000197;1934043030;Via Prefeito Jurandyr Paixão;700;;13481149;Jd. Campo Belo;Limeira;SP;luisfernando.camargo@galzerano.com.br;SHEN ZHEN WEI MEI CHILDCARE PRODUCT LIMITED COMPANY;Andadores Infantis;Portaria Inmetro nº 42 de 19/01/2018;;CE-AND/IQB 000006 53504/20-001;;;S;China, República Popular;GALZERANO;Andador de bebê 4 em 1 Funny - Versões: Color (CR), Verde Água (VDA);Mat Tec poli Espum Resin plást Itens fix Dimens 75Cx71Lx55A(cm) Sist trav Dobradiç plást c/ botã acion Sist mont frenag Encaix manua Mod Andador c/ módul sonor Pçs girat Cores divers Acess Brinq remov;7898089221477|7898089221996;Incluido;24/09/2019
051130/1992;Inativo;;30/09/2019;;;Tutti Baby Indústria e Comércio de Artigos Infantis Ltda;06981862000129;4733794000;Rod. Guilherme Jensen;s/n;Galpão 01;89108000;Distrito Industrial;Massaranduba;SC;qualidade@tuttibaby.com.br;;Andadores Infantis;Portaria Inmetro nº 42 de 19/01/2018;;CE-AND/IQB 000005 53137/19-001;;;N; ;Tutti Baby;Andador 02003;Material: Estrut. metálica de aço tub, plást. de engenharia, algodão. Dim: 52cmx60cmx70,5cm, sist.de trav: com duas ações consecutivas para liber, sist. de mont.ferrag: rebites e parafusos, aces: brin;17898431495966|17898431495980|17898431496000|17898431496024|17898431500660|17898431500677|17898431500684|7898431495952|7898431495969|7898431495976|7898431495983|7898431495990|7898431496006|7898431496010|7898431496027|7898431500601|7898431500618|7898431500625|7898431500632|7898431500649|7898431500656;Incluido;30/09/2019
745160/1928;Ativo;;29/04/2024;;;TAPUZIM COMERCIAL LTDA;00513418000100;113856906;Av. Monte Celeste;230;250;02561000;Vila S. Maria;São Paulo;SP;sergio@babystylebrasil.com.br;SHEN ZHEN WEI MEI CHILDCARE PRODUCT LIMITED COMPANY;Andadores Infantis;Portaria Inmetro nº 129 de 19/03/2021;;IN2118124-2;;;S;China, República Popular;Baby Style;ANDADOR FOGUETE - FOGUETE CINZA E FOGUETE ROSA;MATERIAL:PP/DIM:62X53X78CM/SISTEMA DE TRAVAME:LIBERA EM 2 AÇÕES CONSECUTIVAS/MANUAL/ACESSÓRIOS:N/A/CARACT DO MODELO:ANDADOR C BRINQUEDO NA BANDEJA;4079337285219|4079337296543;Incluido;29/04/2024
525683/2000;Ativo;;09/12/2019;;;TAPUZIM COMERCIAL LTDA;00513418000100;1138569063;Av. Monte Celeste;230;250;02561000;Vila S. Maria;São Paulo;SP;ehs0770@hotmail.com;SHEN ZHEN WEI MEI CHILDCARE PRODUCT LIMITED COMPANY;Andadores Infantis;Portaria Inmetro nº 129 de 19/03/2021;;IN2062423;Modelo 5;;S;China, República Popular;Baby Style;ANDADOR PIANINHO ROSA - 33725 / ANDADOR PIANINHO AZUL - 33726;ANDADOR PIANINHO RS E AZ, MATERIAL:PLÁSTICO/62 X 53 X 78 CM/LIBERAÇÃO EM DUAS AÇÕES CONSECUTIVAS/MANUAL (SEM FERRAMENTAS)/BRINQUEDO;4079337251993|4079337261992;Incluido;29/01/2024
949897/1941;Inativo;;02/04/2020;;;Galzerano Indústria de Carrinhos e Berços Ltda;43594977000197;1934043030;Via Prefeito Jurandyr Paixão;700;;13481149;Jd. Campo Belo;Limeira;SP;luisfernando.camargo@galzerano.com.br;FOSHAN SHUNDE QIJUN TOYS CO., LTD;Andadores Infantis;Portaria Inmetro nº 42 de 19/01/2018;;CE-AND/IQB 000006 53487/19-001;;;S;China, República Popular;GALZERANO;Ref.: 4090 - Liam. Versões: 4090CZ (Cinza), 4090PT (Preto);Mat: Tec poli Espum Resin plást Tinta Ferragens. Dim: 70x65x54(cm). Sist Trav: Trilho plást c/ botão destrav e reg de altura. Sist mont/ferragem: Manual. Acess: Bandej brinq não removív e retrovisores;7908200101431|7908200101448;Incluido;02/04/2020
068869/1941;Ativo;;29/04/2025;;;MD COMERCIO DE FERRAGENS LTDA;55274701000100;92981285408;AVENIDA JOAQUIM NABUCO;1094;A;69020030;Centro;Manaus;AM;mdcomerciodeferragensltda@gmail.com;PINGHU XIAOTIANDI CHILDREN''S PRODUCTS FACTORY;Andadores Infantis;Portaria Inmetro nº 129 de 19/03/2021;;IN2610925;Modelo 5;;S;China, República Popular;ULTRA BABY;REF: UBW-601 - ANDADOR INFANTIL MUSICAL PARA BEBÊ - NAVY BLUE / RED, GREEN / BLUE, ROYAL BLUE / TEAL, LIGHT PINK / LAVANDER, DARK PURPLE / PINK;MAT:PP,FERRO E POLIÉSTER/DIM:70X62,5X55CM/SIS_TRAV:LIBERAÇÃO EM 2 AÇÕES CONSECUTIVAS/SIS_MONT.E_FERRAGEM:MANUAL(SEM FERRAMENTA)/ACESSÓRIOS: N/A/CARACTERISTICAS_MODELO:ANDADOR COM BRINQUEDO ACOPLADO;7890012361120|7890012361137|7890012361144|7890012361151|7890012361168;Incluido;29/04/2025
112138/1959;Ativo;;05/08/2021;;;GALZERANO INDUSTRIA DE CARRINHOS E BERCOS LTDA;43594977000197;19999947357;Via Prefeito Jurandyr Paixão;700;;13481149;Jd. Campo Belo;Limeira;SP;luisfernando.camargo@galzerano.com.br;GALZERANO INDUSTRIA DE CARRINHOS E BERCOS LTDA;Andadores Infantis;Portaria Inmetro nº 129 de 19/03/2021;;CE-AND/IQB 000006 54618/21-001;;;N;Brasil;GALZERANO;Ref.: 4050-Andador Torino. Versões: 4050EST (Estrela), 4050SPR (Spring);Tecido Pes, TNT, Espuma, PP, PA6, Master, Tinta, Tubo de aço. CxLxA(cm) 71x62,5x51,5 Travamento: Trilho plástico c/ botão de destrave e regulagem de altura. Montagem: Manual. Acess: Brinquedo acoplado;7908200102520|7908200102537;Incluido;17/01/2024
410868/1968;Ativo;;03/04/2023;;;PLANETA - IMPORTACAO E DISTRIBUICAO DE BRINQUEDOS LTDA;13434272000141;1138951572;AV VASCO MASSAFELI;1000;G1A M1-21;06703600;JARDIM MARIA TEREZA;COTIA;SP;admin@planetadobebe.com.br;HEBEI WANXIN CHILDREN TOYS CO.,LTD.;Andadores Infantis;Portaria Inmetro nº 129 de 19/03/2021;;IN1765923;Modelo 5;;S;China, República Popular;MAXI BABY;NW-01 - ANDADOR LA BAMBA;MAT:PP PARTES EM ABS, AÇO DE ALTO CARB RODA ELAST.TERMO., PVC/DIM:580X680X550/SIS TRA:LIBERA.EM 2 AÇÕES CONSEC. SIS DE MON E FER:MAN.(S/ FER)/ACE:BANDEJA COM BRINQ/CAR MOD:AND COM BRINQ(BAND.A MUS.);7899403215370|7899403215387;Excluido;22/12/2025
243901/1968;Ativo;;31/08/2026;;;MADHULA COMERCIO DE ARTIGOS ELETROELETRONICOS LTDA;03838532000190;92994433107;Rua Marcilio Dias;166;;69005270;Centro;Manaus;AM;mayapunjwani@gmail.com;PINGHU XIAOTIANDI CHILDRENS PRODUCTS FACTORY;Andadores Infantis;Portaria Inmetro nº 129 de 19/03/2021;;IN3141126-1;Modelo 5;;S;China, República Popular;BENMEK;MADHULA/ MA100/ Verde e Azul - MA100VA/ Rosa e Roxo - MA100RR/ Branco e Azul Escuro - MA100BAE/ Amarelo e Vermelho - MA100AV;MAT.:PP, FERRO E POLIÉSTER/DIM.:63X57X53 CM/SIST. DE TRAV.: LIBERAÇÃO EM DUAS AÇÕES CONSECUTIVAS/SIST. MONT. E FERR.:MANUAL (SEM FERRAMENTA)/ACESS.:BRINQUEDO/CARACT. DO MOD.: ANDADOR COM BRINQUEDO;6901031000158;Incluido;31/08/2026
537905/1994;Inativo;;14/01/2021;;;GALZERANO INDUSTRIA DE CARRINHOS E BERCOS LTDA;43594977000197;1934043030;Via Prefeito Jurandyr Paixão;700;;13481149;Jd. Campo Belo;Limeira;SP;luisfernando.camargo@galzerano.com.br;HUNGSENG HARDWARE PLASTIC (DG) CORP., LTD;Andadores Infantis;Portaria Inmetro nº 42 de 19/01/2018;;CE-AND/IQB 000006 54018/20-001;;;S;China, República Popular;GALZERANO;Ref.: 4015-Andador 3 em 1 Fênix. Versões: 4015CR (Color);Mat Tec polié Espum Resin plást Itens fixação Dimens 103x103x72(cm) Sist travamento suporte plástico c/ encaixe Sist montagem/ferragem encaixes manuais Acessório: Bandeja de brinquedos não removíveis;7908200101936;Incluido;14/01/2021
831909/2020;Ativo;;29/04/2024;;;TAPUZIM COMERCIAL LTDA;00513418000100;1138569063;Av. Monte Celeste;230;250;02561000;Vila S. Maria;São Paulo;SP;sergio@babystylebrasil.com.br;SHEN ZHEN WEI MEI CHILDCARE PRODUCT LIMITED COMPANY;Andadores Infantis;Portaria Inmetro nº 129 de 19/03/2021;;IN2118124-1;;;S;China, República Popular;Baby Style;ANDADOR SMART - SMART AZUL E SMART ROSA;PP,62 X 53 X 78CM,LIBERAÇÃO EM DUAS AÇÕES CONSECUTIVAS,MANUAL (SEM FERRAMENTA),ACESSÓRIOS:N/A/CARAC MODELO:ANDADOR C BRINQUEDO NA BANDEJA;4079337307416|4079337313325;Incluido;29/04/2024
151710/1973;Cancelado;;24/08/2020;;14/07/2025;Dardara Comercio Importacao e Exportacao Ltda.;07774907000157;1147447248;R VALENTIM MAGALHAES;95;***;03184090;ALTO DA MOOCA;SÃO PAULO;SP;dardara@yescert.com.br;FOSHAN BAOLIMEI CHILD?S VEHICLE CO.LTD;Andadores Infantis;Portaria Inmetro nº 42 de 19/01/2018;;OCAN-AND.134/20-5;;;S;China, República Popular;DARDARA;ANDADOR CARRO (FD-2407);Material: Moldes e peças em plástico P.P.(polipropileno) Adesivos (papel colante) Painel - parte interna: sistema eletrônico (placa, fio colorido, alto falante). Estrutura em metal, Dimensões: 74 x 63;;Incluido;24/08/2020
125924/1947;Inativo;;12/01/2023;;;COMPANHIA DOREL BRASIL PRODUTOS INFANTIS;10659948000883;2135547024;Av. Nilo Peçanha;1516 ;Galpão 3 ;28030035;Pq dos Rodoviários;Campos dos Goytacaze;RJ;standard@dorel.com.br;Jin Sun Gee Plastics Co., Ltd;Andadores Infantis;Portaria Inmetro nº 129 de 19/03/2021;;IN1701622-3;;;S;Formosa (Taiwan);Safety 1st;HE001. Nome comercial: Spacewalker 3 em 1. Versões: Grey, Orange.;PP,Ferro,Aço,ABS,PVC,POM,TPR,MB475,Pol,65.5x50x71.5cm.Trav:Lib.2ações cons.,Mont:Manual.Aces.Brinq.;7908238803932|7908238803949;Incluido;12/01/2023
197783/2020;Ativo;;12/11/2024;;;CACANDO OFERTAS LTDA;23230465000134;11976586700;Rua José Ferreira Crespo;752;Sala 1;08021480;Jardim São Vicente;São Paulo;SP;diegofrancisco22@bol.com.br;STYLL ADMINISTRACAO, INVESTIMENTOS, LOCACOES & SERVICOS LIMITADA;Andadores Infantis;Portaria Inmetro nº 129 de 19/03/2021;;IN2382924;;;N;Brasil;ClickBaby's;Andador Happy baby - Versões AZUL-HAPPY BABY ROSA-HAPPY BABY LARANJA-HAPPY BABY;Mat.Aço Polipropileno.Dim:640x570x470cm.Sist.Trav. Liberação duas ações consecutivas.Sist de Mont e Ferrag:Manual sem ferramenta.Acess: Bandeja c/Brinquedo.Caract/modelo:Andador c/brinquedo na bandeja;7898975097001|7898975097018|7898975097025;Incluido;12/11/2024
410009/1994;Inativo;;09/02/2022;;;COMPANHIA DOREL BRASIL PRODUTOS INFANTIS;10659948000107;02135547024;Av. Nilo Peçanha;1516 /1582;Térreo;28030035;Pq dos Rodoviários;Campos dos Goytacaze;RJ;mariana.magalhaes@dorel.com.br;Dong Guan Hua Song Plastic Products Co.Ltd;Andadores Infantis;Portaria Inmetro nº 42 de 19/01/2018;;IN1512522;;;S;China, República Popular;Safety 1st;11389.  Melody Garden;Pol.,PP,Aço. 65x55x66cm. Aut.c/lib.em 2 ações consec.,Manual. Acessórios: Brinquedo(centro de atividades);9312541727119;Incluido;09/02/2022
766510/1929;Ativo;;17/06/2024;;;MEGA COMPRAS PRESENTES.COM LTDA;02561195000174;4191284769;RUA ELDORADO;511;511;09550720;PROSPERIDADE;SÃO CAETANO DO SUL;SP;contabilidade@grupogmac.com;HEBEI HAOKU CHILDREN TOYS CO., LTD;Andadores Infantis;Portaria Inmetro nº 129 de 19/03/2021;;IN2152424;;;S;China, República Popular;MEGA COMPRAS;ANDADOR PARA BEBÊS-PREMIUM-REF:MC923/MC923AZ/MC923RS/MC923CZ/MATERIAL:PP E POLIÉSTER/DIMENSÕES:65X 48X46 CM/ CONT: ANDADOR COM BRINQUEDO ACOPLADO;SISTEMA DE TRAVAMENTO:DOIS DISPOSITIVOS DE TRAVAMENTO INDEPENDENTES SENDO OPERADOS SIMULTÂNEAMENTE/SISTEMA DE MONTAGEM E FERRAGEM:MANUAL (SEM FERRAMENTA)/ACESSÓRIOS:BRINQUEDO/CARACTERISTICAS DO MODELO;7898692799028|7898692799578|7898692799585;Incluido;17/06/2024
907367/1944;Ativo;;05/08/2021;;;GALZERANO INDUSTRIA DE CARRINHOS E BERCOS LTDA;43594977000197;19999947357;Via Prefeito Jurandyr Paixão;700;;13481149;Jd. Campo Belo;Limeira;SP;luisfernando.camargo@galzerano.com.br;GALZERANO INDUSTRIA DE CARRINHOS E BERCOS LTDA;Andadores Infantis;Portaria Inmetro nº 129 de 19/03/2021;;CE-AND/IQB 000006 54618/21-001;;;N;Brasil;GALZERANO;Ref.: 4050-Andador Torino. Versões: 4050RO (Rosa), 4050TER (Terracota), 4050EST (Estrela), 4050SPR (Spring) - Material: Tecido poliéster, TNT, Espuma, PP, PA6, Master, Tinta, Tubo de aço, Itens de fixação e aviamentos. Dimensões: CxLxA (cm) 71x62,5x51,5. Sistema de travamento: Trilho plástico com botão de destrave e regulagem de altura;Sistema de montagem/ferragem: Manual. Acessórios que venham com o produto: Bandeja de brinquedos não removível, Características do modelo: Tecidos, Peças plásticas, Tinta, Ferragens;7908200102247|7908200102254|7908200102520|7908200102537;Excluido;17/01/2024
837920/1939;Ativo;;05/08/2021;;;GALZERANO INDUSTRIA DE CARRINHOS E BERCOS LTDA;43594977000197;19999947357;Via Prefeito Jurandyr Paixão;700;;13481149;Jd. Campo Belo;Limeira;SP;luisfernando.camargo@galzerano.com.br;GALZERANO INDUSTRIA DE CARRINHOS E BERCOS LTDA;Andadores Infantis;Portaria Inmetro nº 129 de 19/03/2021;;CE-AND/IQB 000006 54618/21-001;;;N;Brasil;GALZERANO;Ref.: 4050-Andador Torino. Versões: 4050EST (Estrela), 4050SPR (Spring);Tecido Pes, TNT, Espuma, PP, PA6, Master, Tinta, Tubo de aço. CxLxA(cm) 71x62,5x51,5 Travamento: Trilho plástico c/ botão de destrave e regulagem de altura. Montagem: Manual. Acess: Brinquedo acoplado;7908200102520|7908200102537;Incluido;17/01/2024
181517/1962;Ativo;;01/12/2021;;;HEMNANI COMERCIO DE VARIEDADES LTDA.;05469291000185;1124143633;Rua Marcílio Dias;304;N/A;69005270;Centro;Manaus;AM;papush@uol.com.br;China Zhejiang Techincal Co. Ltd;Andadores Infantis;Portaria Inmetro nº 42 de 19/01/2018;;OCAN-AND.189/21-1;;;S;China, República Popular;SITA;AKH602;Material: PP, Ferro e Poliester - Dimensões: 655 mm X 560mm X 500 mm - Sistema de Travamento: Travamento automatico com liberação em duas ações consecutivas - Sistema de Montagem e Ferragem: MANUAL;;Incluido;01/12/2021
419928/1973;Inativo;;14/08/2019;;;Companhia Dorel Brasil Produtos Infantis;10659948000107;2135633602;Av. Nilo Peçanha;1516 /1582;Térreo;28030035;Pq dos Rodoviários;Campos dos Goytacaze;RJ;mariana.magalhaes@dorel.com.br;JIN SUN GEE PLASTIC CO.,LTD;Andadores Infantis;Portaria Inmetro nº 42 de 19/01/2018;;OCAN-AND.145/19-4;;;S;Formosa (Taiwan);Voyage;BG1401;Nome Fantasia: Buggy. Cores: Rosa e Azul. Material: Ferro, plástico, PP e PU. 42 x 58.5 x 65 cm. Sistema de Travamento e Montagem: Manual. Acessórios: Bandeja;7898509475206|7898509475213;Incluido;14/08/2019
734747/1985;Ativo;;09/12/2019;;;TAPUZIM COMERCIAL LTDA;00513418000100;1138569063;Av. Monte Celeste;230;250;02561000;Vila S. Maria;São Paulo;SP;ehs0770@hotmail.com;SHEN ZHEN WEI MEI CHILDCARE PRODUCT LIMITED COMPANY;Andadores Infantis;Portaria Inmetro nº 42 de 19/01/2018;;OCAN-AND.165/19-3;;;S;China, República Popular;baby style;CENTRO DE ATIVIDADES;VERSÕES: Andador play - Ref.5821 Andador meninos - Ref. 515211 Andador meninas - Ref. 51522. Material: Plástico, metal e tecido. Dimensões: 74 x 75 x 18 cm Sistema de Travamento: Stoper Sistema de Mon;4079515211993|4079515222999|4532582122994;Incluido;09/12/2019
713932/1999;Ativo;;07/02/2022;;;TUTTI BABY INDUSTRIA E COMERCIO DE ARTIGOS INFANTIS LTDA;06981862000129;4733794000;Rod. Guilherme Jensen, SC413, km13;0;;89108000;Distrito Industrial;Massaranduba;SC;certificacao@tuttibaby.com.br;TUTTI BABY INDUSTRIA E COMERCIO DE ARTIGOS INFANTIS LTDA;Andadores Infantis;Portaria Inmetro nº 129 de 19/03/2021;;IN2869325;Modelo 5;;N;Brasil;TUTTI BABY;DESIGNAÇÃO COMERC SAFARI II (AZUL/ROSA/VERMELHO),PRINCESA ROSA COROA,ACQUA,EXPLORADOR (CINZA/ ROXO) CÓD D REF COMERC:ANDAD 40.002/40002003/40002004/40002007/40003004/40004002/40004003 CARACT DO MODELO:ANDADOR C BRINQUEDO;MAT:ESTRUTURA METALICA - AÇO TUBULAR/DIM:48X60,5X70CM/SIST DE TRAVA:LIBERAÇ EM 2AÇÕES CONSECUT/SIST DE MONTAGEM E FERRAGEM:PARAFUSOS E REBITES/ACESSÓ:BRINQUEDOS E ADESIVOS;7898431501615|7898431501622|7898431501639|7898431501684|7898431501691|7898431501707;Excluido;10/12/2025
855181/1975;Ativo;;07/08/2024;;;AMAZONAS IMPORTADOS LTDA;07269201000138;9691131654;Rua Independência;175;;68900090;Central;Macapa;AP;adriana.abreu@amazonasimportados.com.br;YIWU BALBIAN ELECTRONIC TECHNOLOGICAL CO., LTD;Andadores Infantis;Portaria Inmetro nº 129 de 19/03/2021;;IN2086424-3;;;S;China, República Popular;LÉ PETIT;MODE,BABY WALKER/REF:LP-9824/ CONT: ANDADOR COM BRINQUEDO ACOPLADO:/VERSÕES:AZUL,VERDE,ROSA.;MATL:PP E POLIÉSTER/DIM:66X54X52CM/SIST DE TRAV:LIBERAÇÃO EM DUAS AÇÕES CONSECUTIVAS/SIST DE MONT E FERR :MANUAL (SEM FERRAMENTA)/ACESSÓRIOS:N/A.CARACT DO MODELO:;7453116003640;Incluido;07/08/2024
902852/2017;Ativo;;07/02/2022;;;TUTTI BABY INDUSTRIA E COMERCIO DE ARTIGOS INFANTIS LTDA;06981862000129;4733794000;Rod. Guilherme Jensen, SC413, km13;0;;89108000;Distrito Industrial;Massaranduba;SC;certificacao@tuttibaby.com.br;TUTTI BABY INDUSTRIA E COMERCIO DE ARTIGOS INFANTIS LTDA;Andadores Infantis;Portaria Inmetro nº 129 de 19/03/2021;;IN2869325;Modelo 5;;N;Brasil;Tutti Baby;Andador Safari II Azul/Rosa/Vermelho/Andador Princesa Rosa Coroa/Andador Acqua Explorador Cinza/Roxo;ESTRUT. MET.AÇO.TUBULAR/48x60,5x70CM/SIST.DE TRAV. COM.DUAS.AÇÕES.CONSECUT.PARA.LIBER./PARAFUSOS.E. REBITES/BRINQUEDOS.E.ADESIVOS;7898431501615|7898431501622|7898431501639|7898431501684|7898431501691|7898431501707;Excluido;12/01/2024
885090/1967;Ativo;;16/09/2024;;;AMAZONAS IMPORTADOS LTDA;07269201000138;9691131654;Rua Independência;175;;68900090;Central;Macapa;AP;adriana.abreu@amazonasimportados.com.br;YIWU BALBIAN ELECTRONIC TECHNOLOGICAL CO., LTD;Andadores Infantis;Portaria Inmetro nº 129 de 19/03/2021;;IN2086424-1;;;S;China, República Popular;LÉ PETIT;MODE:BABY WALKER/REF:LP-9517/ CONT: ANDADOR COM BRINQUEDO ACOPLADO/VERSÕES:AZUL,ROSA,VERDE,;MAT:PP E POLIÉSTER/DIM:62X55,5X50CM/SIST DE TRAV:LIBERAÇÃO EM DUAS AÇÕES CONSECUTIVAS/SIST DE MONT E FERRAGEM:MANUAL (SEM FERRAMENTA)/ACESSÓRIOS:N/A.CARACTERISTICAS DO MODELO:;453068745717;Incluido;16/09/2024
349792/1999;Ativo;;03/04/2023;;;PLANETA - IMPORTACAO E DISTRIBUICAO DE BRINQUEDOS LTDA;13434272000141;1138951572;AV VASCO MASSAFELI;1000;G1A M1-21;06703600;JARDIM MARIA TEREZA;COTIA;SP;admin@planetadobebe.com.br;HEBEI WANXIN CHILDREN TOYS CO.,LTD.;Andadores Infantis;Portaria Inmetro nº 129 de 19/03/2021;;IN1765923;Modelo 5;;S;China, República Popular;MAXI BABY;ANDADOR LA BAMBA - NW-01 - AZUL #21537/ROSA #21538/VERMELHO #75268;MAT: PP E PAR. ABS, AÇO DE ALT. CARB.-RODA ELAST. TERM.,PVC/DIM:580X680X550(LXCXH)/SIS_TRAV:LIBE.EMDUAS AÇÕES CONS./SIS_MONT E FER:MAN.(S/FER.)/ACES:BAND C BRINQ./CARAC.DO MOD:ANDADOR C BRI.(BAD. MUS.;7898975752689|7899403215370|7899403215387;Excluido;18/03/2026
007947/1926;Ativo;;27/03/2026;;;HEMNANI COMERCIO DE VARIEDADES LTDA.;05469291000185;9232330121;Rua Marcílio Dias;304;;69005270;Centro;Manaus;AM;hemnanibr@yahoo.com;PINGHU XIAOTIANDI CHILDREN?S PRODUCTS FACTORY;Andadores Infantis;Portaria Inmetro nº 129 de 19/03/2021;;IN2911926;Modelo 5;;S;China, República Popular;SITA;ANDADOR AKH602 - AKH602 - AVIÃO - AVIAO;MAT:PP,FERRO E POLIE./DIM:70 X62.5 X 51 CM/SISTEMA DE TRAVAMENTO:LIBERAÇÃO EM DUAS AÇÕES CONSECUTIVAS/SISTEMA DE MONTAGEM E FERRAGEM:MAN.(S/FERRAM.)/ACESS:BAND.MUSI./CARAC.DO MOD.:AND.COM BAND.MUSI.;0618231660148;Incluido;27/03/2026
301951/1952;Ativo;;09/12/2019;;;TAPUZIM COMERCIAL LTDA;00513418000100;1138569063;Av. Monte Celeste;230;250;02561000;Vila S. Maria;São Paulo;SP;ehs0770@hotmail.com;SHEN ZHEN WEI MEI CHILDCARE PRODUCT LIMITED COMPANY;Andadores Infantis;Portaria Inmetro nº 129 de 19/03/2021;;IN2062423;Modelo 5;;S;China, República Popular;baby style;ANDADOR ANIMAIS;ANIMAISVERSÕES: Andador cachorro vermelho - Ref. 33721 Andador cachorro azul - Ref. 33722 Andador abelha rosa - Ref. 33723 Andador abelha azul - Ref. 33724 . Material: Plástico, metal e tecido. Dimen;4079337218996|4079337228995|4079337238994|4079337248993;Excluido;21/12/2020
595955/1978;Inativo;;14/08/2019;;;Companhia Dorel Brasil Produtos Infantis;10659948000107;2135633602;Av. Nilo Peçanha;1516 /1582;Térreo;28030035;Pq dos Rodoviários;Campos dos Goytacaze;RJ;mariana.magalhaes@dorel.com.br;JIN SUN GEE PLASTIC CO.,LTD;Andadores Infantis;Portaria Inmetro nº 42 de 19/01/2018;;OCAN-AND.145/19-4;;;S;Formosa (Taiwan);Voyage;BG1401;Nome Fantasia: Buggy. Cores: Rosa e Azul. Material: Ferro, plástico, PP e PU. 42 x 58.5 x 65 cm. Sistema de Travamento e Montagem: Manual. Acessórios: Bandeja;7898509475206|7898509475213;Incluido;14/08/2019
178679/1932;Ativo;;30/06/2026;;;MARKETGOOL TRADING IMPORTACAO E EXPORTACAO LTDA;18787076000174;11947652325;ROD RODOLFO JAHN;326;ANEXO 92;89237680; VILA NOVA;JOINVILLE;SC;alexandre.morroni@hotmail.com;PINGHU XIAOTIANDI CHILDREN''S PRODUCTS FACTORY;Andadores Infantis;Portaria Inmetro nº 129 de 19/03/2021;;IN3048926;Modelo 5;;S;China, República Popular;MARKETGOOL;Designação Comercial: Andador Marketgool / Código de referência comercial / MKG-010 / ROSA;Mat: PP, FERRO E POLIÉSTER / Dim: 65X55X45 CM/ SIST DE TRAV: Liberação em duas ações consecutivas/ Acess: Brinquedo do andador/ Caract do mod: Andador com Brinquedo;0070341132777;Incluido;30/06/2026
090668/2005;Inativo;;19/04/2021;;;COMPANHIA DOREL BRASIL PRODUTOS INFANTIS;10659948000107;02135547024;Av. Nilo Peçanha;1516 /1582;Térreo;28030035;Pq dos Rodoviários;Campos dos Goytacaze;RJ;mariana.magalhaes@dorel.com.br;Jin Sun Gee Plastic Co.,Ltd;Andadores Infantis;Portaria Inmetro nº 42 de 19/01/2018;;OCAN-AND.145/21-5;;;S;Formosa (Taiwan);Safety 1st;HE001. Andador Spacewalker. Cores: Grey e Orange.;PP, Ferro, ABS. 58x65.5x71.5cm.Trav.Manual.Sist.Mont.Fren.Manual. Bandeja de Brinquedos.;7908238803932|7908283803949;Incluido;19/04/2021
293954/1927;Inativo;;11/01/2023;;;COMPANHIA DOREL BRASIL PRODUTOS INFANTIS;10659948000883;2135547024;Av. Nilo Peçanha;1516 ;Galpão 3 ;28030035;Pq dos Rodoviários;Campos dos Goytacaze;RJ;standard@dorel.com.br;Jin Sun Gee Plastics Co., Ltd;Andadores Infantis;Portaria Inmetro nº 129 de 19/03/2021;;IN1701622-4;;;S;Formosa (Taiwan);Voyage;BG1401. Nome comercial: Buggy. Versões: Azul, Rosa.;PP,PVC,Ferro,POM,PU,Pol, 42x58.5x65cm. Trav:Lib.2 ações cons,Mont:Manual, Aces. Brinq.;7898509475206|7898509475213;Incluido;11/01/2023
889959/2004;Inativo;;07/10/2019;;;Galzerano Indústria de Carrinhos e Berços Ltda;43594977000197;1934043030;Via Prefeito Jurandyr Paixão;700;;13481149;Jd. Campo Belo;Limeira;SP;luisfernando.camargo@galzerano.com.br;GUANGDONG ZHIHUI CHILDREN?S PRODUCTS CO.,LTD;Andadores Infantis;Portaria Inmetro nº 42 de 19/01/2018;;CE-AND/IQB 000006 53503/20-001;;;S;China, República Popular;GALZERANO;Andador de bebê Magic - Versão: Cinza (CZ), Preto (PT);Mat Tec poli Espum Resin plást Tint Ferrag 70Cx65Lx54A cm Travam trilho plást com botão de destrav e regul alt Mont/frenag manual Andador com pçs girat e cores diversas Acess Bandej Brinq não removív.;7898089221590|7898089222283;Incluido;07/10/2019
183974/1931;Inativo;;24/09/2019;;;Galzerano Indústria de Carrinhos e Berços Ltda;43594977000197;1934043030;Via Prefeito Jurandyr Paixão;700;;13481149;Jd. Campo Belo;Limeira;SP;luisfernando.camargo@galzerano.com.br;SHEN ZHEN WEI MEI CHILDCARE PRODUCT LIMITED COMPANY;Andadores Infantis;Portaria Inmetro nº 42 de 19/01/2018;;CE-AND/IQB 000006 53504/20-001;;;S;China, República Popular;GALZERANO;Andador de bebê 4 em 1 Funny - Versões: Color (CR), Verde Água (VDA);Mat Tec poli Espum Resin plást Itens fix Dimens 75Cx71Lx55A(cm) Sist trav Dobradiç plást c/ botã acion Sist mont frenag Encaix manua Mod Andador c/ módul sonor Pçs girat Cores divers Acess Brinq remov;7898089221477|7898089221996;Incluido;24/09/2019
475310/1932;Ativo;;27/08/2026;;;MADHULA COMERCIO DE ARTIGOS ELETROELETRONICOS LTDA;03838532000190;92994433107;Rua Marcilio Dias;166;;69005270;Centro;Manaus;AM;mayapunjwani@gmail.com;PINGHU XIAOTIANDI CHILDREN?S PRODUCTS FACTORY;Andadores Infantis;Portaria Inmetro nº 129 de 19/03/2021;;IN3141126-2;Modelo 5;;S;China, República Popular;BENMEK;ANDADOR MADHULA/ MA101/ Rosa - MA101R/ Azul - MA101A/ Verde - MA101V/ Laranja - MA101L;MAT.:PP, FERRO E POLIÉSTER/DIM.:63X57X53 CM/SIST. DE TRAV.:LIBERAÇÃO EM DUAS AÇÕES CONSECUTIVAS/SIST. MONT. E FERR.:MANUAL (SEM FERRAMENTA)/ACESS.:BRINQUEDO/CARACT. DO MOD.:ANDADOR COM BRINQUEDO;6901031000158;Incluido;27/08/2026
477978/1957;Inativo;;12/01/2023;;;COMPANHIA DOREL BRASIL PRODUTOS INFANTIS;10659948000883;2135547024;Av. Nilo Peçanha;1516 ;Galpão 3 ;28030035;Pq dos Rodoviários;Campos dos Goytacaze;RJ;standard@dorel.com.br;Jin Sun Gee Plastics Co., Ltd;Andadores Infantis;Portaria Inmetro nº 129 de 19/03/2021;;IN1701622-3;;;S;Formosa (Taiwan);Safety 1st;HE001. Nome comercial: Spacewalker 3 em 1. Versões: Grey, Orange.;PP,Ferro,Aço,ABS,PVC,POM,TPR,MB475,Pol,65.5x50x71.5cm.Trav:Lib.2ações cons.,Mont:Manual.Aces.Brinq.;7908238803932|7908238803949;Incluido;12/01/2023
771982/1983;Ativo;;30/09/2019;;;BURIGOTTO SA INDUSTRIA E COMERCIO;51460277000138;1934042000;Rua Martino Dragone;280;;13480308;Jardim Santa Barbara;Limeira;SP;carlos.riva@burigotto.com;JIN SUN GEE PLASTICS. CO., LTD.;Andadores Infantis;Portaria Inmetro nº 42 de 19/01/2018;;CE-AND/IQB 000004 53005/19-001;;;S;Formosa (Taiwan);Burigotto;Andador Baby Coupe (ref. com. IXAN3034PK10-Rosa, IXAN3034AZ19-Azul, IXAN3034CL-CL);Andador Infantil, Mat.: Polipropileno, Nylon, Aço, Tecido e Espuma, Dim: 760X650X640mm, Sist. Trav. Automático, Sistema Montagem/Ferragem Rebites, parafusos e Encaixe de peças plásticas, Acessorio: Ba;7896502916146|7896502916160|7896502935550;Incluido;30/09/2019
322510/1981;Ativo;;31/08/2026;;;TUTTI BABY INDUSTRIA E COMERCIO DE ARTIGOS INFANTIS LTDA;06981862000129;4733794000;Rod. Guilherme Jensen, SC413, km13;0;Galpão 01;89108000;Distrito Industrial;Massaranduba;SC;heloiza.souza@tuttibaby.com.br;TUTTI BABY INDUSTRIA E COMERCIO DE ARTIGOS INFANTIS LTDA;Andadores Infantis;Portaria Inmetro nº 129 de 19/03/2021;;CE-AND/IQB 000013 57036/26-002;Modelo 5;;N;Brasil;TUTTI BABY;ANDADOR COMFORT - 40005004,40005003,40005011,40005028,40005007,40005010,40005006,40005029;ESTRU.METALICA:ACO TUBULAR,BRINQ:PLAST.DE ENG.,REVEST. TEXTIL: ALGODAO/48X60,5X70 CM/DOIS DISP. DE TRAV. INDEP. SENDO OP. SIMULT./PARAFUSOS E MONT. DE PÇS PLAST./BRINQ. CERT. E ADESIVO-57036/26;7898431502063|7898431502070|7898431502087|7898431502094|7898431502100|7898431502117|7898431502124|7898431502131;Incluido;31/08/2026
373173/2007;Ativo;;29/04/2025;;;MD COMERCIO DE FERRAGENS LTDA;55274701000100;92981285408;AVENIDA JOAQUIM NABUCO;1094;A;69020030;Centro;Manaus;AM;mdcomerciodeferragensltda@gmail.com;PINGHU XIAOTIANDI CHILDREN''S PRODUCTS FACTORY;Andadores Infantis;Portaria Inmetro nº 129 de 19/03/2021;;IN2610925;Modelo 5;;S;China, República Popular;ULTRA BABY;REF: UBW-601 - ANDADOR INFANTIL MUSICAL PARA BEBÊ - NAVY BLUE / RED, GREEN / BLUE, ROYAL BLUE / TEAL, LIGHT PINK / LAVANDER, DARK PURPLE / PINK;MAT:PP,FERRO E POLIÉSTER/DIM:70X62,5X55CM/SIS_TRAV:LIBERAÇÃO EM 2 AÇÕES CONSECUTIVAS/SIS_MONT.E_FERRAGEM:MANUAL(SEM FERRAMENTA)/ACESSÓRIOS: N/A/CARACTERISTICAS_MODELO:ANDADOR COM BRINQUEDO ACOPLADO;7890012361120|7890012361137|7890012361144|7890012361151|7890012361168;Incluido;29/04/2025
065986/2010;Ativo;;22/11/2023;;;JASSUMAL LTDA;04214425000154;62811924131;AV SETE SETEMBRO;852;;69005140;CENTRO;MANAUS;AM;dgjohnny@gmail.com;PINGHU SHI XIAOTIANDI CHILDREN?S PRODUCTS FACTORY;Andadores Infantis;Portaria Inmetro nº 129 de 19/03/2021;;IN1984323;;;S;China, República Popular;BABY SPORTS;ANDADOR JASSUMAL /REF: BS103 /VERSÕES:Azul Claro e Escuro - BS103A/Rosa Claro e Escuro - BS103R/Roxo e Rosa Escuro - BS103RR;MATERIAL:PP, FERRO E POLIÉSTER|DIMENSÕES:63 X 57 X 53 CM|SISTEMA DE TRAVAMENTO:LIBERAÇÃO EM DUAS AÇÕES CONSECUTIVAS|SISTEMA DE MONTAGEM E FERRAGEM:MANUAL (SEM FERRAMENTA)|ACESSÓRIOS:N/A|CARACTERISTICA;6901041000155;Incluido;22/11/2023
736243/1977;Ativo;;07/02/2022;;;TUTTI BABY INDUSTRIA E COMERCIO DE ARTIGOS INFANTIS LTDA;06981862000129;4733794000;Rod. Guilherme Jensen, SC413, km13;0;;89108000;Distrito Industrial;Massaranduba;SC;certificacao@tuttibaby.com.br;TUTTI BABY INDUSTRIA E COMERCIO DE ARTIGOS INFANTIS LTDA;Andadores Infantis;Portaria Inmetro nº 129 de 19/03/2021;;IN2869325;Modelo 5;;N;Brasil;TUTTI BABY;ANDADOR SAFARI II-ANDADOR 40.002-40002003/40002004/40002007/40003004/40004002/40004003;MAT:PP/ALGODAO/DIM:51X61X70CM/SIS_TRAV:DOIS DISPOS DE TRAV IND. OPER. SIMULTÂNEAMENTE/SIS_MONT/FERRG:REBITES,PARAF,ENCAIXE DE PÇS PLAST/ACESS:BAND. C/ BRINQ/CARAC. DO MOD.:ANDADOR C/ BRINQ NA BAND;7898431501615|7898431501622|7898431501639|7898431501684|7898431501691|7898431501707;Incluido;27/02/2026
142292/2008;Ativo;;09/12/2019;;;TAPUZIM COMERCIAL LTDA;00513418000100;1138569063;Av. Monte Celeste;230;250;02561000;Vila S. Maria;São Paulo;SP;ehs0770@hotmail.com;SHEN ZHEN WEI MEI CHILDCARE PRODUCT LIMITED COMPANY;Andadores Infantis;Portaria Inmetro nº 129 de 19/03/2021;;IN2062423;Modelo 5;;S;China, República Popular;Baby Style;ANDADOR PIANINHO ROSA - 33725 / ANDADOR PIANINHO AZUL - 33726;ANDADOR PIANINHO RS E AZ, MATERIAL:PLÁSTICO/62 X 53 X 78 CM/LIBERAÇÃO EM DUAS AÇÕES CONSECUTIVAS/MANUAL (SEM FERRAMENTAS)/BRINQUEDO;4079337251993|4079337261992;Incluido;29/01/2024
360001/1936;Ativo;;29/04/2024;;;TAPUZIM COMERCIAL LTDA;00513418000100;1138569063;Av. Monte Celeste;230;250;02561000;Vila S. Maria;São Paulo;SP;sergio@babystylebrasil.com.br;SHEN ZHEN WEI MEI CHILDCARE PRODUCT LIMITED COMPANY;Andadores Infantis;Portaria Inmetro nº 129 de 19/03/2021;;IN2118124-1;;;S;China, República Popular;Baby Style;ANDADOR SMART - SMART AZUL E SMART ROSA;PP,62 X 53 X 78CM,LIBERAÇÃO EM DUAS AÇÕES CONSECUTIVAS,MANUAL (SEM FERRAMENTA),ACESSÓRIOS:N/A/CARAC MODELO:ANDADOR C BRINQUEDO NA BANDEJA;4079337307416|4079337313325;Incluido;29/04/2024
654005/1962;Inativo;;19/04/2021;;;COMPANHIA DOREL BRASIL PRODUTOS INFANTIS;10659948000107;02135547024;Av. Nilo Peçanha;1516 /1582;Térreo;28030035;Pq dos Rodoviários;Campos dos Goytacaze;RJ;mariana.magalhaes@dorel.com.br;Jin Sun Gee Plastic Co.,Ltd;Andadores Infantis;Portaria Inmetro nº 42 de 19/01/2018;;OCAN-AND.145/21-5;;;S;Formosa (Taiwan);Safety 1st;HE001. Andador Spacewalker. Cores: Grey e Orange.;PP, Ferro, ABS. 58x65.5x71.5cm.Trav.Manual.Sist.Mont.Fren.Manual. Bandeja de Brinquedos.;7908238803932|7908283803949;Incluido;19/04/2021
581242/2014;Inativo;;02/04/2020;;;Galzerano Indústria de Carrinhos e Berços Ltda;43594977000197;1934043030;Via Prefeito Jurandyr Paixão;700;;13481149;Jd. Campo Belo;Limeira;SP;luisfernando.camargo@galzerano.com.br;FOSHAN SHUNDE QIJUN TOYS CO., LTD;Andadores Infantis;Portaria Inmetro nº 42 de 19/01/2018;;CE-AND/IQB 000006 53487/19-001;;;S;China, República Popular;GALZERANO;Ref.: 4090 - Liam. Versões: 4090CZ (Cinza), 4090PT (Preto);Mat: Tec poli Espum Resin plást Tinta Ferragens. Dim: 70x65x54(cm). Sist Trav: Trilho plást c/ botão destrav e reg de altura. Sist mont/ferragem: Manual. Acess: Bandej brinq não removív e retrovisores;7908200101431|7908200101448;Incluido;02/04/2020
948009/1988;Ativo;;01/07/2026;;;APS IMPORTACAO EXPORTACAO DISTRIBUICAO LTDA;44540981000135;11974642778;EST GERAL DE MEDEIROS;20;SALA 05;88390000;MEDEIROS;BARRA VELHA;SC;orquestra@yescert.com.br;Tengzhou Lebeir Baby Carriage Co., Ltd.;Andadores Infantis;Portaria Inmetro nº 129 de 19/03/2021;;IN3076626;Modelo 5;;S;China, República Popular;TOYS&TOYS;MOD:ANDADOR MUSICAL PARA BEBES/INFANTIL/CÓD DE REFERÊNCIA COMERCIAL: ANDADOR MUSICAL V:CINZA - 310552,MARROM - 310569,AZUL - 310576,ROSA 310583;Mat:PP/Dim:799x660x715mm/Sist de Travam: Dois dispositivos de travam independentes sendo operados simult/Sist de Mont e Ferr:Manual (sem ferram)/Acess:N/A/Caract do modelo:ANDADOR COM BRINQ.MUSICAL AC;7908888310552|7908888310569|7908888310576|7908888310583;Incluido;01/07/2026
242013/2015;Ativo;;29/01/2025;;;HCM INDUSTRIA E IMPORTACAO LTDA;12538691000160;3798753533;RUA SERGIPE ;1963;;35591096;SANTA ALEXANDRINA;LAGOA DA PRATA;MG;compras@hcmmalta.com.br;HCM INDUSTRIA E IMPORTACAO LTDA;Andadores Infantis;Portaria Inmetro nº 129 de 19/03/2021;;IN2431224-1;;;N;Brasil;JUMBO BABY;ANDADOR MUSICAL SUPERLUXO JUMBO BABY/Acessórios:Assento,Empurrador,Painel Musical/Caracteristicas do modelo:Andador com brinquedo na bandeja/Versões:AZUL,ROSA,VERMELHO,LARANJA;Mat:POLIPROPILENO (PP)/ACO CARBONO(FERRAGENS)/TECIDO(POLIÉSTER)/Dim:69,5X58,5X14,5/Sist de Trav:Liberação em duas ações consecutivas/Sist de Mont e Fer:Manual(sem ferramenta);7898947715025|7898947715032|7898947715049|7898947715056;Incluido;29/01/2025
257288/1945;Ativo;;09/12/2019;;;TAPUZIM COMERCIAL LTDA;00513418000100;1138569063;Av. Monte Celeste;230;250;02561000;Vila S. Maria;São Paulo;SP;ehs0770@hotmail.com;SHEN ZHEN WEI MEI CHILDCARE PRODUCT LIMITED COMPANY;Andadores Infantis;Portaria Inmetro nº 129 de 19/03/2021;;IN2062423;Modelo 5;;S;China, República Popular;Baby Style;MODELO: ANIMAIS VERSÕES: Andador cachorro vermelho - Ref. 33721 Andador cachorro azul - Ref. 33722 Andador abelha rosa - Ref. 33723 Andador abelha azul - Ref. 33724 Andador pianinho rosa Ref: 33725 Andador pianinho azul Ref: 33726;Material: Plástico, metal e tecido, Dimensões: 50 x 70 x 60 cm, Sistema de Travamento: Stoper, Sistema deMontagem e Ferragem: Tesoura, Acessórios: Bandeja musical;4079337218996|4079337228995|4079337238994|4079337248993|4079337251993|4079337261992;Excluido;29/01/2024
536028/1941;Ativo;;05/08/2021;;;GALZERANO INDUSTRIA DE CARRINHOS E BERCOS LTDA;43594977000197;19999947357;Via Prefeito Jurandyr Paixão;700;;13481149;Jd. Campo Belo;Limeira;SP;luisfernando.camargo@galzerano.com.br;GALZERANO INDUSTRIA DE CARRINHOS E BERCOS LTDA;Andadores Infantis;Portaria Inmetro nº 129 de 19/03/2021;;CE-AND/IQB 000006 54618/21-001;;;N;Brasil;GALZERANO;Ref.: 4050-Andador Torino. Versões: 4050RO (Rosa), 4050TER (Terracota);Mat Tec poliest TNT Espum PP PA6 Master Tint Tub aço Item fix/aviam CxLxA(cm) 71x62,5x51,5 Trav Trilh plást c/ botão destrav e reg alt Acess Band brinq não remov retrov Carac Tec Pçs plást Tint Ferrag;7908200102247|7908200102254;Excluido;11/05/2022
112138/1959;Ativo;;01/12/2021;;;FAST TRADING IMPORTACAO, EXPORTACAO E COMERCIO DE BEBIDAS EIRELI;34076058000130;8130191960;AV. GOVERNADOR AGAMENON MAGALHÃES,  EDF. EMPRESSARIAL RENATO DIAS - ANDAR 15º, SALA 1502 ;4318;SALA 1502;52010075;PAISSANDU; RECIFE;PE;ricardo.ferreira@fasttradingimport.com.br;China Zhejiang Techincal Co. Ltd;Andadores Infantis;Portaria Inmetro nº 42 de 19/01/2018;;OCAN-AND.514/21-1;;;S;China, República Popular;Fast;602;Material:	PP, Ferro e Poliester/ Dimensões:	63 x 57 x 53 cm/ Sistema de Travamento: Travamento automático com liberação em duas ações consecutivas/ Sistema de Montagem e Ferragem: Manual	/Acessórios: ;;Incluido;01/12/2021
903636/1939;Inativo;;14/08/2019;;;Companhia Dorel Brasil Produtos Infantis;10659948000107;2135633602;Av. Nilo Peçanha;1516 /1582;Térreo;28030035;Pq dos Rodoviários;Campos dos Goytacaze;RJ;mariana.magalhaes@dorel.com.br;JIN SUN GEE PLASTIC CO.,LTD;Andadores Infantis;Portaria Inmetro nº 42 de 19/01/2018;;OCAN-AND.145/19-4;;;S;Formosa (Taiwan);Voyage;BG1401;Nome Fantasia: Buggy. Cores: Rosa e Azul. Material: Ferro, plástico, PP e PU. 42 x 58.5 x 65 cm. Sistema de Travamento e Montagem: Manual. Acessórios: Bandeja;7898509475206|7898509475213;Incluido;14/08/2019
052200/2022;Ativo;;06/05/2025;;;KAVOD BRASIL COMERCIO E IMPORTACAO DE PRODUTOS DE USO DOMESTICO LTDA;12389993000114;1136612389;Avenida Marquês de São Vicente;2219;Conj 1001;05036040;Água Branca;São Paulo;SP;adm@kababy.com.br;Tengzhou Lebeir Baby Carriage Co., Ltd.;Andadores Infantis;Portaria Inmetro nº 129 de 19/03/2021;;IN2610825;;;S;China, República Popular;KaBaby;DESIGNAÇÃO COMERCIAL: ANDADOR DE EMPURRAR STEP-UP KABABY CINZA/CÓDIGO DE REFERÊNCIA COMERCIAL: ANDADOR/QUANTIDADE: -/;MAT:PP/DIM:799x660x715mm/SIS_TRAV:LIBERAÇÃO EM DUAS AÇÕES CONSECUTIVAS/SIS_MONTAGEM/FERRAGEM:MANUAL SEM AUXILIO DE FERRAMENTA/ACESSORIOS:N/A/CARACT_DO_MODELO:ANDADOR COM BRINQUEDO ACOPLADO;7898605218394;Incluido;06/05/2025
297583/1929;Ativo;;05/08/2021;;;GALZERANO INDUSTRIA DE CARRINHOS E BERCOS LTDA;43594977000197;19999947357;Via Prefeito Jurandyr Paixão;700;;13481149;Jd. Campo Belo;Limeira;SP;luisfernando.camargo@galzerano.com.br;GALZERANO INDUSTRIA DE CARRINHOS E BERCOS LTDA;Andadores Infantis;Portaria Inmetro nº 129 de 19/03/2021;;CE-AND/IQB 000006 54618/21-001;;;N;Brasil;GALZERANO;Ref.: 4050-Andador Torino. Versões: 4050PTR (Preto Rosa), 4050PTT (Preto Terracota);Mat Tec poliest Espum PP PA6 Master Tint Tub aço Itens fix/aviam CxLxA(cm) 71x62,5x51,5 Trav Trilh plást c/ botão destrav e reg alt Acess Band brinq não remove retrov Caract Tec Pçs plást Tint Ferrage;7908200102193|7908200102209;Excluido;01/09/2021
830032/1967;Ativo;;07/08/2024;;;AMAZONAS IMPORTADOS LTDA;07269201000138;9691131654;Rua Independência;175;;68900090;Central;Macapa;AP;adriana.abreu@amazonasimportados.com.br;YIWU BALBIAN ELECTRONIC TECHNOLOGICAL CO., LTD;Andadores Infantis;Portaria Inmetro nº 129 de 19/03/2021;;IN2086424-3;;;S;China, República Popular;LÉ PETIT;MODE,BABY WALKER/REF:LP-9824/ CONT: ANDADOR COM BRINQUEDO ACOPLADO:/VERSÕES:AZUL,VERDE,ROSA.;MATL:PP E POLIÉSTER/DIM:66X54X52CM/SIST DE TRAV:LIBERAÇÃO EM DUAS AÇÕES CONSECUTIVAS/SIST DE MONT E FERR :MANUAL (SEM FERRAMENTA)/ACESSÓRIOS:N/A.CARACT DO MODELO:;7453116003640;Incluido;07/08/2024
188376/1955;Inativo;;14/08/2019;;;Companhia Dorel Brasil Produtos Infantis;10659948000107;2135633602;Av. Nilo Peçanha;1516 /1582;Térreo;28030035;Pq dos Rodoviários;Campos dos Goytacaze;RJ;mariana.magalhaes@dorel.com.br;JIN SUN GEE PLASTIC CO.,LTD;Andadores Infantis;Portaria Inmetro nº 42 de 19/01/2018;;OCAN-AND.145/19-4;;;S;Formosa (Taiwan);Voyage;BG1401;Nome Fantasia: Buggy. Cores: Rosa e Azul. Material: Ferro, plástico, PP e PU. 42 x 58.5 x 65 cm. Sistema de Travamento e Montagem: Manual. Acessórios: Bandeja;7898509475206|7898509475213;Incluido;14/08/2019
124036/1994;Ativo;;05/08/2021;;;GALZERANO INDUSTRIA DE CARRINHOS E BERCOS LTDA;43594977000197;19999947357;Via Prefeito Jurandyr Paixão;700;;13481149;Jd. Campo Belo;Limeira;SP;luisfernando.camargo@galzerano.com.br;GALZERANO INDUSTRIA DE CARRINHOS E BERCOS LTDA;Andadores Infantis;Portaria Inmetro nº 129 de 19/03/2021;;CE-AND/IQB 000006 54618/21-001;;;N;Brasil;GALZERANO;Ref.: 4050-Andador Torino. Versões: 4050RO (Rosa), 4050TER (Terracota);Mat Tec poliest TNT Espum PP PA6 Master Tint Tub aço Item fix/aviam CxLxA(cm) 71x62,5x51,5 Trav Trilh plást c/ botão destrav e reg alt Acess Band brinq não remov retrov Carac Tec Pçs plást Tint Ferrag;7908200102247|7908200102254;Excluido;11/05/2022
418040/2020;Ativo;;29/04/2024;;;TAPUZIM COMERCIAL LTDA;00513418000100;1138569063;Av. Monte Celeste;230;250;02561000;Vila S. Maria;São Paulo;SP;sergio@babystylebrasil.com.br;SHEN ZHEN WEI MEI CHILDCARE PRODUCT LIMITED COMPANY;Andadores Infantis;Portaria Inmetro nº 129 de 19/03/2021;;IN2118124-1;;;S;China, República Popular;Baby Style;ANDADOR SMART - SMART AZUL E SMART ROSA;PP,62 X 53 X 78CM,LIBERAÇÃO EM DUAS AÇÕES CONSECUTIVAS,MANUAL (SEM FERRAMENTA),ACESSÓRIOS:N/A/CARAC MODELO:ANDADOR C BRINQUEDO NA BANDEJA;4079337307416|4079337313325;Incluido;29/04/2024
152170/1936;Ativo;;07/02/2022;;;TUTTI BABY INDUSTRIA E COMERCIO DE ARTIGOS INFANTIS LTDA;06981862000129;4733794000;Rod. Guilherme Jensen, SC413, km13;0;;89108000;Distrito Industrial;Massaranduba;SC;certificacao@tuttibaby.com.br;TUTTI BABY INDUSTRIA E COMERCIO DE ARTIGOS INFANTIS LTDA;Andadores Infantis;Portaria Inmetro nº 129 de 19/03/2021;;IN2869325;Modelo 5;;N;Brasil;TUTTI BABY;ANDADOR SAFARI II-ANDADOR 40.002-40002003/40002004/40002007/40003004/40004002/40004003;MAT:PP E ALGODAO/DIM:51X61X70CM/SIS_TRAV:DOIS DISPOS TRAV INDEPEND SENDO OPER SIMULTÂNEAM./SIS_MONT/FERRG:REBITES,PARAFUSOS E ENCAIXE DE PÇS PLAST/ACESS:BAND. COM BRINQ/CARAC. DO MOD.:AND. C/ BRINQ NA;7898431501615|7898431501622|7898431501639|7898431501684|7898431501691|7898431501707;Excluido;27/02/2026
750131/1968;Ativo;;07/02/2022;;;TUTTI BABY INDUSTRIA E COMERCIO DE ARTIGOS INFANTIS LTDA;06981862000129;4733794000;Rod. Guilherme Jensen, SC413, km13;0;;89108000;Distrito Industrial;Massaranduba;SC;certificacao@tuttibaby.com.br;TUTTI BABY INDUSTRIA E COMERCIO DE ARTIGOS INFANTIS LTDA;Andadores Infantis;Portaria Inmetro nº 129 de 19/03/2021;;IN2869325;Modelo 5;;N;Brasil;Tutti Baby;Andador: VERSÕES: Safari II (Azul/Rosa/Vermelho), Princesa Rosa Coroa, Acqua Explorador (Cinza/Roxo);ESTRUTURA METÁLICA , AÇO TUBULAR / 48 x 60,5 x 70CM / SISTEMA DE TRAVAMENTO COM DUAS AÇÕES CONSECUTIVAS PARA LIBERAÇÃO /SISTEMA DE MONTAGEM/FERRAGEM: PARAFUSOS E REBITES ACESSÓRIOS: BRINQUEDOS E ADESI;7898431501615|7898431501622|7898431501639|7898431501684|7898431501691|7898431501707;Excluido;15/03/2024
712055/1946;Ativo;;07/08/2024;;;AMAZONAS IMPORTADOS LTDA;07269201000138;9691131654;Rua Independência;175;;68900090;Central;Macapa;AP;adriana.abreu@amazonasimportados.com.br;YIWU BALBIAN ELECTRONIC TECHNOLOGICAL CO., LTD;Andadores Infantis;Portaria Inmetro nº 129 de 19/03/2021;;IN2086424-3;;;S;China, República Popular;LÉ PETIT;MODE,BABY WALKER/REF:LP-9824/ CONT: ANDADOR COM BRINQUEDO ACOPLADO:/VERSÕES:AZUL,VERDE,ROSA.;MATL:PP E POLIÉSTER/DIM:66X54X52CM/SIST DE TRAV:LIBERAÇÃO EM DUAS AÇÕES CONSECUTIVAS/SIST DE MONT E FERR :MANUAL (SEM FERRAMENTA)/ACESSÓRIOS:N/A.CARACT DO MODELO:;7453116003640;Incluido;07/08/2024
006059/1973;Ativo;;26/07/2024;;;DARDARA COMERCIO IMPORTACAO E EXPORTACAO LTDA;07774907000157;11964220291;R VALENTIM MAGALHAES;95;***;03184090;ALTO DA MOOCA;SÃO PAULO;SP;sac@dardara.com.br;FOSHAN BAOLIMEI BABY CARRIER CO., ;Andadores Infantis;Portaria Inmetro nº 129 de 19/03/2021;;IN2255924;;;S;China, República Popular;DARDARA;ANDADOR CARRO FD-2407 / VERSÕES: AZUL E ROSA;MAT:PP,METAL E POLIÉSTER/DIM:740X630X510MM/SIST DE TRAVA:LIB EM 2 AÇÕES CONSECUT/SIST DE MONT/FERRAG:MANUAL(C/FERRAMENTAS)/ACESSÓRIOS: BRINQ/CARACT DO MODELO:ANDADOR C/BRINQ INTEGRADO;7898572462738|7898572462755;Incluido;26/07/2024
300063/1999;Ativo;;05/08/2021;;;GALZERANO INDUSTRIA DE CARRINHOS E BERCOS LTDA;43594977000197;19999947357;Via Prefeito Jurandyr Paixão;700;;13481149;Jd. Campo Belo;Limeira;SP;luisfernando.camargo@galzerano.com.br;GALZERANO INDUSTRIA DE CARRINHOS E BERCOS LTDA;Andadores Infantis;Portaria Inmetro nº 129 de 19/03/2021;;CE-AND/IQB 000006 54618/21-001;;;N;Brasil;GALZERANO;Ref.: 4050-Andador Torino. Versões: 4050RO (Rosa), 4050TER (Terracota), 4050EST (Estrela), 4050SPR (Spring) - Material: Tecido poliéster, TNT, Espuma, PP, PA6, Master, Tinta, Tubo de aço, Itens de fixação e aviamentos. Dimensões: CxLxA (cm) 71x62,5x51,5. Sistema de travamento: Trilho plástico com botão de destrave e regulagem de altura;Sistema de montagem/ferragem: Manual. Acessórios que venham com o produto: Bandeja de brinquedos não removível, Características do modelo: Tecidos, Peças plásticas, Tinta, Ferragens;7908200102247|7908200102254|7908200102520|7908200102537;Excluido;17/01/2024
594067/2025;Ativo;;01/12/2021;;;FAST TRADING IMPORTACAO, EXPORTACAO E COMERCIO DE BEBIDAS EIRELI;34076058000130;8130191960;AV. GOVERNADOR AGAMENON MAGALHÃES,  EDF. EMPRESSARIAL RENATO DIAS - ANDAR 15º, SALA 1502 ;4318;SALA 1502;52010075;PAISSANDU; RECIFE;PE;ricardo.ferreira@fasttradingimport.com.br;China Zhejiang Techincal Co. Ltd;Andadores Infantis;Portaria Inmetro nº 42 de 19/01/2018;;OCAN-AND.514/21-1;;;S;China, República Popular;Fast;602;Material:	PP, Ferro e Poliester/ Dimensões:	63 x 57 x 53 cm/ Sistema de Travamento: Travamento automático com liberação em duas ações consecutivas/ Sistema de Montagem e Ferragem: Manual	/Acessórios: ;;Incluido;01/12/2021
095292/1985;Ativo;;06/09/2024;;;TUTTI BABY INDUSTRIA E COMERCIO DE ARTIGOS INFANTIS LTDA;06981862000129;4733794000;Rod. Guilherme Jensen, SC413, km13;0;Galpão 01;89108000;Distrito Industrial;Massaranduba;SC;certificacao@tuttibaby.com.br;TUTTI BABY INDUSTRIA E COMERCIO DE ARTIGOS INFANTIS LTDA;Andadores Infantis;Portaria Inmetro nº 129 de 19/03/2021;;IN2321524;;;N;Brasil;TUTTI BABY;ANDADOR COMFORT/REF.ANDADOR COMFORT 40.005/40005004/40005003/40005011/40005028/40005007/40005010/40005006/40005029;MAT:PLAST.ENG/ALGODÃO/DIMEN:48X60,5X70CM/SIST.DE TRAV:DOIS DISP.DE TRAV.INDEP.SENDO OP.SIMUL/SIST.DE MONT.FERR:OUTROS:PARAF,MONT.PEÇAS PLAST./ACESS:BANDEIJA C/ BRINQ/CARAC.DO MOD:ANDADOR C/BRINQUEDO;7898431502063|7898431502070|7898431502087|7898431502094|7898431502100|7898431502117|7898431502124|7898431502131;Incluido;06/09/2024
945552/2019;Ativo;;29/04/2025;;;MD COMERCIO DE FERRAGENS LTDA;55274701000100;92981285408;AVENIDA JOAQUIM NABUCO;1094;A;69020030;Centro;Manaus;AM;mdcomerciodeferragensltda@gmail.com;PINGHU XIAOTIANDI CHILDREN''S PRODUCTS FACTORY;Andadores Infantis;Portaria Inmetro nº 129 de 19/03/2021;;IN2610925;Modelo 5;;S;China, República Popular;ULTRA BABY;REF: UBW-601 - ANDADOR INFANTIL MUSICAL PARA BEBÊ - NAVY BLUE / RED, GREEN / BLUE, ROYAL BLUE / TEAL, LIGHT PINK / LAVANDER, DARK PURPLE / PINK;MAT:PP,FERRO E POLIÉSTER/DIM:70X62,5X55CM/SIS_TRAV:LIBERAÇÃO EM 2 AÇÕES CONSECUTIVAS/SIS_MONT.E_FERRAGEM:MANUAL(SEM FERRAMENTA)/ACESSÓRIOS: N/A/CARACTERISTICAS_MODELO:ANDADOR COM BRINQUEDO ACOPLADO;7890012361120|7890012361137|7890012361144|7890012361151|7890012361168;Incluido;29/04/2025
933722/1986;Inativo;;14/08/2019;;;Companhia Dorel Brasil Produtos Infantis;10659948000107;2135633602;Av. Nilo Peçanha;1516 /1582;Térreo;28030035;Pq dos Rodoviários;Campos dos Goytacaze;RJ;mariana.magalhaes@dorel.com.br;JIN SUN GEE PLASTIC CO.,LTD;Andadores Infantis;Portaria Inmetro nº 42 de 19/01/2018;;OCAN-AND.145/19-1;;;S;Formosa (Taiwan);Voyage;BG-1518;Nome Fantasia: Baby Step. Cores: Rosa e Azul. Material: Ferro, Plástico e Polipropileno. 60x49x68cm. Sistema Travamento e Montagem:Manual. Acessórios: Bandeja.;7908238801280|7908238801297;Incluido;14/08/2019
059451/1976;Ativo;;09/12/2019;;;TAPUZIM COMERCIAL LTDA;00513418000100;1138569063;Av. Monte Celeste;230;250;02561000;Vila S. Maria;São Paulo;SP;ehs0770@hotmail.com;SHEN ZHEN WEI MEI CHILDCARE PRODUCT LIMITED COMPANY;Andadores Infantis;Portaria Inmetro nº 42 de 19/01/2018;;OCAN-AND.165/19-3;;;S;China, República Popular;baby style;CENTRO DE ATIVIDADES;VERSÕES: Andador play - Ref.5821 Andador meninos - Ref. 515211 Andador meninas - Ref. 51522. Material: Plástico, metal e tecido. Dimensões: 74 x 75 x 18 cm Sistema de Travamento: Stoper Sistema de Mon;4079515211993|4079515222999|4532582122994;Incluido;09/12/2019
888082/1951;Inativo;;30/09/2019;;;Tutti Baby Indústria e Comércio de Artigos Infantis Ltda;06981862000129;4733794000;Rod. Guilherme Jensen;s/n;Galpão 01;89108000;Distrito Industrial;Massaranduba;SC;qualidade@tuttibaby.com.br;;Andadores Infantis;Portaria Inmetro nº 42 de 19/01/2018;;CE-AND/IQB 000005 53137/19-001;;;N; ;Tutti Baby;Andador 02003;Material: Estrut. metálica de aço tub, plást. de engenharia, algodão. Dim: 52cmx60cmx70,5cm, sist.de trav: com duas ações consecutivas para liber, sist. de mont.ferrag: rebites e parafusos, aces: brin;17898431495966|17898431495980|17898431496000|17898431496024|17898431500660|17898431500677|17898431500684|7898431495952|7898431495969|7898431495976|7898431495983|7898431495990|7898431496006|7898431496010|7898431496027|7898431500601|7898431500618|7898431500625|7898431500632|7898431500649|7898431500656;Incluido;30/09/2019
541527/1946;Ativo;;05/08/2021;;;GALZERANO INDUSTRIA DE CARRINHOS E BERCOS LTDA;43594977000197;19999947357;Via Prefeito Jurandyr Paixão;700;;13481149;Jd. Campo Belo;Limeira;SP;luisfernando.camargo@galzerano.com.br;GALZERANO INDUSTRIA DE CARRINHOS E BERCOS LTDA;Andadores Infantis;Portaria Inmetro nº 129 de 19/03/2021;;CE-AND/IQB 000006 54618/21-001;;;N;Brasil;GALZERANO;Ref.: 4050-Andador Torino. Versões: 4050EST (Estrela), 4050SPR (Spring);Tecido Pes, TNT, Espuma, PP, PA6, Master, Tinta, Tubo de aço. CxLxA(cm) 71x62,5x51,5 Travamento: Trilho plástico c/ botão de destrave e regulagem de altura. Montagem: Manual. Acess: Brinquedo acoplado;7908200102520|7908200102537;Incluido;17/01/2024
756455/1946;Ativo;;24/01/2025;;;PLANETA - IMPORTACAO E DISTRIBUICAO DE BRINQUEDOS LTDA;13434272000141;1138951572;AV VASCO MASSAFELI - GALPAO1 RUA A LADO IMPAR ANEXO;1000;MODULO1/21;06703600;JARDIM MARIA TEREZA;COTIA;SP;admin@planetadobebe.com.br;PLANETA - IMPORTACAO E DISTRIBUICAO DE BRINQUEDOS LTDA;Andadores Infantis;Portaria Inmetro nº 129 de 19/03/2021;;IN2476224;;;N;Brasil;REPLAY KIDS;ANDADOR QUICK/21680 / BELLA/21681 / PUPPY/21682 / ZOO/21683 / SPACE/21684 / RACING;M:POLIPROPILENO, ABS, AÇO,ELASTÔMERO TERMOPLÁSTICO E PVC/D:58X68X55CM/S.D/TRV:MANUAL (SEM FERRAMENTA)/ACS:N/A/CARACTERISTICAS DO MODELO:BANDEJA COM BRINQUEDO/ PLACA MUSICAL/PLACA ANTIDERRAPANTE;7899403216803|7899403216810|7899403216827|7899403216834|7899403216841;Incluido;24/01/2025
612971/1957;Ativo;;22/11/2023;;;JASSUMAL LTDA;04214425000154;62811924131;AV SETE SETEMBRO;852;;69005140;CENTRO;MANAUS;AM;dgjohnny@gmail.com;PINGHU SHI XIAOTIANDI CHILDREN?S PRODUCTS FACTORY;Andadores Infantis;Portaria Inmetro nº 129 de 19/03/2021;;IN1984323;;;S;China, República Popular;BABY SPORTS;ANDADOR JASSUMAL /REF: BS103 /VERSÕES:Azul Claro e Escuro - BS103A/Rosa Claro e Escuro - BS103R/Roxo e Rosa Escuro - BS103RR;MATERIAL:PP, FERRO E POLIÉSTER|DIMENSÕES:63 X 57 X 53 CM|SISTEMA DE TRAVAMENTO:LIBERAÇÃO EM DUAS AÇÕES CONSECUTIVAS|SISTEMA DE MONTAGEM E FERRAGEM:MANUAL (SEM FERRAMENTA)|ACESSÓRIOS:N/A|CARACTERISTICA;6901041000155;Incluido;22/11/2023
222329/2011;Cancelado;;24/08/2020;;14/07/2025;Dardara Comercio Importacao e Exportacao Ltda.;07774907000157;1147447248;R VALENTIM MAGALHAES;95;***;03184090;ALTO DA MOOCA;SÃO PAULO;SP;dardara@yescert.com.br;FOSHAN BAOLIMEI CHILD?S VEHICLE CO.LTD;Andadores Infantis;Portaria Inmetro nº 42 de 19/01/2018;;OCAN-AND.134/20-5;;;S;China, República Popular;DARDARA;ANDADOR CARRO (FD-2407);Material: Moldes e peças em plástico P.P.(polipropileno) Adesivos (papel colante) Painel - parte interna: sistema eletrônico (placa, fio colorido, alto falante). Estrutura em metal, Dimensões: 74 x 63;;Incluido;24/08/2020
515093/2002;Ativo;;19/02/2026;;;RGM  COMERCIO E SERVICOS LTDA;18007664000148;11996294240;Avenida Angélica;511;Cj. 904;01227100;Santa Cecilia;São Paulo;SP;papush@uol.com.br;PINGHU XIAOTIANDI CHILDREN?S PRODUCTS FACTORY;Andadores Infantis;Portaria Inmetro nº 129 de 19/03/2021;;IN2911726;Modelo 5;;S;China, República Popular;RGM;ANDADOR DREUX - R602 - AVIÃO - AVIAO;MAT:PP,FERRO E POLIÉ./DIM:70X62.5X51 CM/SIST.DE TRAV.:LIB.EM DUAS AÇÕES CONSECU./SIST.DE MONT.E FERR.:MANUAL (SEM FERRAMENTA)/ACESS:BANDEJA MUSICAL/CARACT.DO MODELO:ANDADOR COM BANDEJA MUSICAL;7898926505616;Incluido;19/02/2026
182086/1978;Ativo;;01/07/2026;;;APS IMPORTACAO EXPORTACAO DISTRIBUICAO LTDA;44540981000135;11974642778;EST GERAL DE MEDEIROS;20;SALA 05;88390000;MEDEIROS;BARRA VELHA;SC;orquestra@yescert.com.br;Tengzhou Lebeir Baby Carriage Co., Ltd.;Andadores Infantis;Portaria Inmetro nº 129 de 19/03/2021;;IN3076626;Modelo 5;;S;China, República Popular;TOYS&TOYS;MOD:ANDADOR MUSICAL PARA BEBES/INFANTIL/CÓD DE REFERÊNCIA COMERCIAL: ANDADOR MUSICAL V:CINZA - 310552,MARROM - 310569,AZUL - 310576,ROSA 310583;Mat:PP/Dim:799x660x715mm/Sist de Travam: Dois dispositivos de travam independentes sendo operados simult/Sist de Mont e Ferr:Manual (sem ferram)/Acess:N/A/Caract do modelo:ANDADOR COM BRINQ.MUSICAL AC;7908888310552|7908888310569|7908888310576|7908888310583;Incluido;01/07/2026
129689/1953;Inativo;;23/05/2025;;;MD COMERCIO DE FERRAGENS LTDA;55274701000100;92981285408;AVENIDA JOAQUIM NABUCO;1094;A;69020030;Centro;Manaus;AM;mdcomerciodeferragensltda@gmail.com;Xingtai Pandelo Technology Co.,Ltd;Andadores Infantis;Portaria Inmetro nº 129 de 19/03/2021;;IN2611025;Modelo 5;;S;China, República Popular;ULTRA BABY;REF: UBW-801H - ANDADOR INFANTIL MUSICAL PARA BEBÊ - BABY PINK / BARBIE PINK, RED / WHITE, ROYAL BLUE / ORANGE / WHITE, GREEN / WHITE;MAT:PP,FERRO E POLIÉSTER/DIM:68X59X52CM/SIS_TRAV:LIBERAÇÃO EM 2 AÇÕES CONSECUTIVAS/SIS_MONTAGEM_E_FERRAGEM:MANUAL(SEM FERRAMENTA)/ACESSÓRIOS: N/A/CARACTERISTICAS_MODELO:ANDADOR COM BRINQUEDO ACOPLADO;7890012361007|7890012361113|7890012368082|7890012369096;Incluido;23/05/2025
002464/1972;Ativo;;07/08/2024;;;AMAZONAS IMPORTADOS LTDA;07269201000138;9691131654;Rua Independência;175;;68900090;Central;Macapa;AP;adriana.abreu@amazonasimportados.com.br;YIWU BALBIAN ELECTRONIC TECHNOLOGICAL CO., LTD;Andadores Infantis;Portaria Inmetro nº 129 de 19/03/2021;;IN2086424-4;;;S;China, República Popular;LÉ PETIT;MODE:BABY WALKER/REF:LP-9917/ CONT: ANDADOR COM BRINQUEDO ACOPLADO/VERSÕES:AZUL,VERMELHO,AMARELO,ROSA.;MAT:PP E POLIÉSTER/DIM:65X54X49CM/SIST DE TRAV:LIBERAÇÃO EM DUAS AÇÕES CONSECUTIVAS/SIST DE MONT E FERRA :MANUAL (SEM FERRAMENTA)/ACES:N/A.CARACTERISTICAS DO MODELO:;7453116024706;Incluido;07/08/2024
586929/1974;Ativo;;09/09/2026;;;TUTTI BABY INDUSTRIA E COMERCIO DE ARTIGOS INFANTIS LTDA;06981862000129;4733794000;Rua Vicente Zanotti;177;Galpão 01;89381270;Industrial Zaferino ;Massaranduba;SC;heloiza.souza@tuttibaby.com.br;TUTTI BABY INDUSTRIA E COMERCIO DE ARTIGOS INFANTIS LTDA;Andadores Infantis;Portaria Inmetro nº 129 de 19/03/2021;;CE-AND/IQB 000013 57036/26-001;Modelo 5;;N;Brasil;TUTTI BABY;ANDADOR SAFARI - REF. 40002003,40002004,40002007,40003004,40004002,40004003;ESTRU.MET.:ACO TUBULAR,BRINQ:PLAST. DE ENG.,REVEST. TEXTIL:ALGODAO/51X61X70 CM/DOIS DISP. DE TRAV. INDEPENDENTES SENDO OPERADOS SIMULT./PARAFUSOS E MONT. DE PÇS PLAST./BRINQ. CERTIF.E ADESIVO-57036/26;7898431501615|7898431501622|7898431501639|7898431501684|7898431501691|7898431501707;Incluido;09/09/2026
476090/2004;Ativo;;29/04/2025;;;MD COMERCIO DE FERRAGENS LTDA;55274701000100;92981285408;AVENIDA JOAQUIM NABUCO;1094;A;69020030;Centro;Manaus;AM;mdcomerciodeferragensltda@gmail.com;PINGHU XIAOTIANDI CHILDREN''S PRODUCTS FACTORY;Andadores Infantis;Portaria Inmetro nº 129 de 19/03/2021;;IN2610925;Modelo 5;;S;China, República Popular;ULTRA BABY;REF: UBW-601 - ANDADOR INFANTIL MUSICAL PARA BEBÊ - NAVY BLUE / RED, GREEN / BLUE, ROYAL BLUE / TEAL, LIGHT PINK / LAVANDER, DARK PURPLE / PINK;MAT:PP,FERRO E POLIÉSTER/DIM:70X62,5X55CM/SIS_TRAV:LIBERAÇÃO EM 2 AÇÕES CONSECUTIVAS/SIS_MONT.E_FERRAGEM:MANUAL(SEM FERRAMENTA)/ACESSÓRIOS: N/A/CARACTERISTICAS_MODELO:ANDADOR COM BRINQUEDO ACOPLADO;7890012361120|7890012361137|7890012361144|7890012361151|7890012361168;Incluido;29/04/2025
770105/1930;Ativo;;07/03/2024;;;COMPANHIA DOREL BRASIL PRODUTOS INFANTIS;10659948000107;2135547024;Av. Nilo Peçanha;1516;1582;28030035;Pq dos Rodoviários;Campos dos Goytacaze;RJ;standard@dorel.com.br;COMPANHIA DOREL BRASIL PRODUTOS INFANTIS;Andadores Infantis;Portaria Inmetro nº 129 de 19/03/2021;;IN2040823;Modelo 5;;N;Brasil;Infanti;APPIA - HE022 - AZUL/ROSA - MAT.:PP, POLIÉSTER,PTA, EG, POLIPROPILENO E POLIETILENO.DIMENSÕES:56,5X68X60,5CM/;SIST. DE TRAVAMENTO: LIBERAÇÃO EM 2 AÇÕES CONSECUTIVAS/SIST. DE MONTAGEM E FERRAGEM: MANUAL (S/ FERRAMENTAS)/ACES.: BANDEJA DE BRINQUEDOS/ANDADOR COM BRINQUEDO;7908238809774|7908238809781;Excluido;10/04/2026
954936/1983;Cancelado;;28/02/2020;;14/07/2025;COMÉRCIO E IMPORTAÇÃO DENISE LTDA;29963642000178;2125843843;RUA DO MILHO;72;A;21011090;PENHA CIRCULAR;RIO DE JANEIRO;RJ;comerciomybaby@hotmail.com;PING HU BEST CHILDREN'S CARRIER CO.LTD;Andadores Infantis;Portaria Inmetro nº 42 de 19/01/2018;;OCAN-AND.329/20-1;;;S;China, República Popular;MY BABY;A-1;VERSÕES: ROSA, AZUL, AZUL COM VERDE, AZUL COM VERMELHO, ROSA COM LILÁS, ROSA COM ROSA ESCURO;;Incluido;28/02/2020
437080/1956;Ativo;;30/06/2026;;;MARKETGOOL TRADING IMPORTACAO E EXPORTACAO LTDA;18787076000174;11947652325;ROD RODOLFO JAHN;326;ANEXO 92;89237680; VILA NOVA;JOINVILLE;SC;alexandre.morroni@hotmail.com;PINGHU XIAOTIANDI CHILDREN''S PRODUCTS FACTORY;Andadores Infantis;Portaria Inmetro nº 129 de 19/03/2021;;IN3048926;Modelo 5;;S;China, República Popular;MARKETGOOL;Designação Comercial: Andador Marketgool / Código de referência comercial / MKG-010 / ROSA;Mat: PP, FERRO E POLIÉSTER / Dim: 65X55X45 CM/ SIST DE TRAV: Liberação em duas ações consecutivas/ Acess: Brinquedo do andador/ Caract do mod: Andador com Brinquedo;0070341132777;Incluido;30/06/2026
064109/1957;Ativo;;15/11/2024;;;HCM INDUSTRIA E IMPORTACAO LTDA;12538691000160;37998767200;RUA SERGIPE ;1963;;35591096;SANTA ALEXANDRINA;LAGOA DA PRATA;MG;compras.hcmmalta@gmail.com;HCM INDUSTRIA E IMPORTACAO LTDA;Andadores Infantis;Portaria Inmetro nº 129 de 19/03/2021;;IN2431224-2;;;N;Brasil;JUMBO BABY;ANDADOR MUSICAL MEGALUXO JUMBO BABY/AZUL/ROSA/VERMELHO/LARANJA, CARAC.D/MODEL:ANDADOR COM BRINQUEDO NA BANDEJA;MAT.:POLIPROPILENO(PP)/ACO CARBONO(FERRAGENS)/TECIDO(POLIÉSTER)/DIM:69,5X58,5X14,5/SIS.D/TRAV.:LIB.EM 2AS.CON./SIS.D/MONT.E FERR.:MAN.(S/FERR.)/ACESS.:ASSE/FORR.P/OS PÉS/EMP./PAI.MUS;7898947715063|7898947715070|7898947715087|7898947715094;Incluido;15/11/2024
358113/1983;Ativo;;20/12/2019;;;TAPUZIM COMERCIAL LTDA;00513418000100;1138569063;Av. Monte Celeste;230;250;02561000;Vila S. Maria;São Paulo;SP;ehs0770@hotmail.com;SHEN ZHEN WEI MEI CHILDCARE PRODUCT LIMITED COMPANY;Andadores Infantis;Portaria Inmetro nº 42 de 19/01/2018;;OCAN-AND.165/19-2;;;S;China, República Popular;baby style;SPACECAR - VERSÕES: Andador car - Ref. 21302 / Andador space - Ref. 33117;Material: Plástico, metal e tecido. Dimensões: 59 x 59 x 69 cm , Sistema de Travamento: Stoper, Sistema de Montagem e Ferragem: Tesoura, Acessórios: Bandeja musical;4532213022990|4532331172997;Incluido;20/12/2019
652117/2009;Ativo;;14/08/2019;;;BAMBOO COMERCIO, IMPORTAÇÃO E EXPORTAÇÃO EIRELI-EPP;27115224000103;8132419265;Rua. Alegre;154;Galpão A;52120125;Arruda;Recife;PE;bamboo@yescert.com.br;ZHEJIANG KINTEX INTERNATIONAL TRADING CO., LTD;Andadores Infantis;Portaria Inmetro nº 129 de 19/03/2021;;IN1632922;;;S;China, República Popular;BAMBOO;NOME FANTASIA: ANDAJAR GUGU MODELO: MD-18 CORES: VERDE;PLÁSTICO, METAL E FIBRA TÊXTIL,520 x 560 x 620 mm,MANUAL,MANUAL,BANDEJA, VOLANTE DO PUXADOR.;7909312341029;Excluido;22/07/2022
671658/1959;Ativo;;16/07/2025;;;KIDDO INDUSTRIA E COMERCIO LTDA;60688090000187;1147870744;Rodovia Regis Bittencourt ;3666;;06793000;Jardim Três Marias ;Taboão da Serra;SP;m.nascimento@kiddo.com.br;JIN SUN GEE PLASTIC CO., LTD;Andadores Infantis;Portaria Inmetro nº 129 de 19/03/2021;;IN2735125;Modelo 5;;S;China, República Popular;Whoop;ANDADOR PASSINHOS 2 EM 1 REF. 8701/CINZA/ROSA/AZUL;MATERIAL:PP. POLIES/DIMENSÕES:59,5X68X53CM/SIST.DE.TRAVAM.:LIBER.EM DUAS AÇÕES CONSECUTIVAS/SIST.DE.MONTAG.E.FERRAGEM:MANUAL (SEM AUX. DE FERRAM)/ACESSÓRIOS:BRINQ./CARACT. DO MODELO:ANDADOR C/ BRINQ.;7896517223871|7896517223888|7896517223895;Incluido;16/07/2025
412210/2006;Ativo;;13/04/2026;;;VG SHOP COMERCIO ON LINE LTDA;16857384000365;1149690505;RUA PROJETADA SN KM 15 NUCLEO AGUA COMPRIDA;0;KM 15;37600000;AGUA COMPRIDA;CAMBUI;MG;gilson@vgshop.com.br;YONGXING SPORTS LIMITED;Andadores Infantis;Portaria Inmetro nº 129 de 19/03/2021;;IN2982826;Modelo 5;;S;China, República Popular;MULTMAXX;Desig. Com. andador infantil com empurrador Cod. Ref. MTX150 / MTX151 Quant. (aplic. para mod. 1b) n/a Mat: poliéster, abs, pp e borracha Dim. 76x65x65cm Sis. Trav. dois dispositivos independentes sendo operador simultaneamente;Sis. de Mont. e Ferragem: manual (com ferramenta) acess: N/A Car.do mod: andador ccom empurrador e brinquedo musical Vers. MTX150 cinza MTX151 rosa;7898758400394|7898758400400;Incluido;13/04/2026
946132/1935;Ativo;;30/06/2026;;;MARKETGOOL TRADING IMPORTACAO E EXPORTACAO LTDA;18787076000174;11947652325;ROD RODOLFO JAHN;326;ANEXO 92;89237680; VILA NOVA;JOINVILLE;SC;alexandre.morroni@hotmail.com;PINGHU XIAOTIANDI CHILDREN''S PRODUCTS FACTORY;Andadores Infantis;Portaria Inmetro nº 129 de 19/03/2021;;IN3048926;Modelo 5;;S;China, República Popular;MARKETGOOL;Designação Comercial: Andador Marketgool / Código de referência comercial / MKG-010 / ROSA;Mat: PP, FERRO E POLIÉSTER / Dim: 65X55X45 CM/ SIST DE TRAV: Liberação em duas ações consecutivas/ Acess: Brinquedo do andador/ Caract do mod: Andador com Brinquedo;0070341132777;Incluido;30/06/2026
240136/1962;Ativo;;29/04/2025;;;MD COMERCIO DE FERRAGENS LTDA;55274701000100;92981285408;AVENIDA JOAQUIM NABUCO;1094;A;69020030;Centro;Manaus;AM;mdcomerciodeferragensltda@gmail.com;PINGHU XIAOTIANDI CHILDREN''S PRODUCTS FACTORY;Andadores Infantis;Portaria Inmetro nº 129 de 19/03/2021;;IN2610925;Modelo 5;;S;China, República Popular;ULTRA BABY;REF: UBW-601 - ANDADOR INFANTIL MUSICAL PARA BEBÊ - NAVY BLUE / RED, GREEN / BLUE, ROYAL BLUE / TEAL, LIGHT PINK / LAVANDER, DARK PURPLE / PINK;MAT:PP,FERRO E POLIÉSTER/DIM:70X62,5X55CM/SIS_TRAV:LIBERAÇÃO EM 2 AÇÕES CONSECUTIVAS/SIS_MONT.E_FERRAGEM:MANUAL(SEM FERRAMENTA)/ACESSÓRIOS: N/A/CARACTERISTICAS_MODELO:ANDADOR COM BRINQUEDO ACOPLADO;7890012361120|7890012361137|7890012361144|7890012361151|7890012361168;Incluido;29/04/2025
534140/1988;Inativo;;14/01/2021;;;GALZERANO INDUSTRIA DE CARRINHOS E BERCOS LTDA;43594977000197;1934043030;Via Prefeito Jurandyr Paixão;700;;13481149;Jd. Campo Belo;Limeira;SP;luisfernando.camargo@galzerano.com.br;HUNGSENG HARDWARE PLASTIC (DG) CORP., LTD;Andadores Infantis;Portaria Inmetro nº 42 de 19/01/2018;;CE-AND/IQB 000006 54018/20-001;;;S;China, República Popular;GALZERANO;Ref.: 4015-Andador 3 em 1 Fênix. Versões: 4015CR (Color);Mat Tec polié Espum Resin plást Itens fixação Dimens 103x103x72(cm) Sist travamento suporte plástico c/ encaixe Sist montagem/ferragem encaixes manuais Acessório: Bandeja de brinquedos não removíveis;7908200101936;Incluido;14/01/2021
532433/1940;Ativo;;07/08/2024;;;COMERCIO E IMPORTACAO DENISE LTDA;29963642000178;21997976531;RUA DO MILHO;72;A;21011090;PENHA CIRCULAR;RIO DE JANEIRO;RJ;comerciomybaby@hotmail.com;PING HU BEST CHILDREN?S CARRIER CO.LTD;Andadores Infantis;Portaria Inmetro nº 129 de 19/03/2021;;IN2189524;;;S;China, República Popular;MY BABY;PATO A1 - ROSA LISO, AZUL LISO, ROSA COLORIDO, AZUL COLORIDO - Acessórios: Brinquedos Caracteristicas do modelo: Andador infantil com brinquedo elétrico;Material: Ferro, PP e Poliéster Dimensões: 71 x 62 x 55 cm Sistema de Travamento: Liberação em duas ações consecutivas Sistema de Montagem e Ferragem: Manual (com auxílio de ferramenta);6294013738218|6294013738225|6294013738287|6294013738294;Incluido;07/08/2024
828144/2014;Ativo;;09/09/2026;;;TUTTI BABY INDUSTRIA E COMERCIO DE ARTIGOS INFANTIS LTDA;06981862000129;4733794000;Rua Vicente Zanotti;177;Galpão 01;89381270;Industrial Zaferino ;Massaranduba;SC;heloiza.souza@tuttibaby.com.br;TUTTI BABY INDUSTRIA E COMERCIO DE ARTIGOS INFANTIS LTDA;Andadores Infantis;Portaria Inmetro nº 129 de 19/03/2021;;CE-AND/IQB 000013 57036/26-001;Modelo 5;;N;Brasil;TUTTI BABY;ANDADOR SAFARI - REF. 40002003,40002004,40002007,40003004,40004002,40004003;ESTRU.MET.:ACO TUBULAR,BRINQ:PLAST. DE ENG.,REVEST. TEXTIL:ALGODAO/51X61X70 CM/DOIS DISP. DE TRAV. INDEPENDENTES SENDO OPERADOS SIMULT./PARAFUSOS E MONT. DE PÇS PLAST./BRINQ. CERTIF.E ADESIVO-57036/26;7898431501615|7898431501622|7898431501639|7898431501684|7898431501691|7898431501707;Incluido;09/09/2026
325212/2007;Ativo;;16/09/2024;;;AMAZONAS IMPORTADOS LTDA;07269201000138;9691131654;Rua Independência;175;;68900090;Central;Macapa;AP;adriana.abreu@amazonasimportados.com.br;YIWU BALBIAN ELECTRONIC TECHNOLOGICAL CO., LTD;Andadores Infantis;Portaria Inmetro nº 129 de 19/03/2021;;IN2086424-1;;;S;China, República Popular;LÉ PETIT;MODE:BABY WALKER/REF:LP-9517/ CONT: ANDADOR COM BRINQUEDO ACOPLADO/VERSÕES:AZUL,ROSA,VERDE,;MAT:PP E POLIÉSTER/DIM:62X55,5X50CM/SIST DE TRAV:LIBERAÇÃO EM DUAS AÇÕES CONSECUTIVAS/SIST DE MONT E FERRAGEM:MANUAL (SEM FERRAMENTA)/ACESSÓRIOS:N/A.CARACTERISTICAS DO MODELO:;453068745717;Incluido;16/09/2024
858053/2006;Ativo;;07/02/2022;;;TUTTI BABY INDUSTRIA E COMERCIO DE ARTIGOS INFANTIS LTDA;06981862000129;4733794000;Rod. Guilherme Jensen, SC413, km13;0;;89108000;Distrito Industrial;Massaranduba;SC;certificacao@tuttibaby.com.br;TUTTI BABY INDUSTRIA E COMERCIO DE ARTIGOS INFANTIS LTDA;Andadores Infantis;Portaria Inmetro nº 129 de 19/03/2021;;IN2869325;Modelo 5;;N;Brasil;TUTTI BABY;ANDADOR SAFARI II-ANDADOR 40.002-40002003/40002004/40002007/40003004/40004002/40004003;MAT:PP/ALGODAO/DIM:51X61X70CM/SIS_TRAV:DOIS DISPOS DE TRAV IND. OPER. SIMULTÂNEAMENTE/SIS_MONT/FERRG:REBITES,PARAF,ENCAIXE DE PÇS PLAST/ACESS:BAND. C/ BRINQ/CARAC. DO MOD.:ANDADOR C/ BRINQ NA BAND;7898431501615|7898431501622|7898431501639|7898431501684|7898431501691|7898431501707;Incluido;27/02/2026
878521/1932;Inativo;;24/09/2019;;;Galzerano Indústria de Carrinhos e Berços Ltda;43594977000197;1934043030;Via Prefeito Jurandyr Paixão;700;;13481149;Jd. Campo Belo;Limeira;SP;luisfernando.camargo@galzerano.com.br;SHEN ZHEN WEI MEI CHILDCARE PRODUCT LIMITED COMPANY;Andadores Infantis;Portaria Inmetro nº 42 de 19/01/2018;;CE-AND/IQB 000006 53504/20-001;;;S;China, República Popular;GALZERANO;Andador de bebê 4 em 1 Funny - Versões: Color (CR), Verde Água (VDA);Mat Tec poli Espum Resin plást Itens fix Dimens 75Cx71Lx55A(cm) Sist trav Dobradiç plást c/ botã acion Sist mont frenag Encaix manua Mod Andador c/ módul sonor Pçs girat Cores divers Acess Brinq remov;7898089221477|7898089221996;Incluido;24/09/2019
122159/1941;Ativo;;01/08/2023;;;COMPANHIA DOREL BRASIL PRODUTOS INFANTIS;10659948000883;2135547024;Av. DR  Nilo Peçanha;1516;Galpão 3 ;28030035;Pq dos Rodoviários;Campos dos Goytacaze;RJ;standard@dorel.com.br;ZHONG SHAN SUN LUEN CHONG COMMODITY COMPANY LIMITED;Andadores Infantis;Portaria Inmetro nº 129 de 19/03/2021;;CE-AND/IQB 000011 55435/22-001;Modelo 5;;S;China, República Popular;TINY LOVE;4-in-1 Here I Grow Mobile Activity Center. Ref. 1806501211. ABS, Alumínio, Aço, Poliéster, PP. 70x57x44cm.Sist. de mont.:Manual (s/ ferragem).;Sist. de Trav.:2 disp. de travamento independentes, devem ser operados simultaneamente. Aces.: Brinq. acoplado.;7290108862973;Incluido;01/08/2023
210397/1975;Inativo;;19/06/2023;;;VANMAX COMERCIO LTDA;84114198000124;9231337050;RUA CEL SERGIO PESSOA;91;;69005030;CENTRO;MANAUS;AM;GERENTEDEVENDAS@VANMAX.COM.BR;PINGHU SHI XIAOTIANDI CHILDREN´S PRODUCTS FACTORY;Andadores Infantis;Portaria Inmetro nº 129 de 19/03/2021;;IN1811123;;;S;China, República Popular;BRINKMAX;997A/ NOME COMERCIAL: ANDAJÁ/VERSÕES: AZUL - 582597/ROSA - 582596/VERMELHO - 582598/VERMELHO/BRANCO - 582599 - MAT.: FERRO,POLIPROPILENO E POLIÉSTER/DIM.:67X57X54CM;SIST.DE TRAVA.:LIBERAÇÃO EM DUAS AÇÕES CONSECUTIVAS/SIST.DE MONT.E FERR.MAN.(SEM FERRAMENTA)/ACESSÓRIOS: BRINQUEDO/CARACTERISTICAS DO MODELO: ANDADOR INFANTIL COM BRINQUEDO ACOPLADO;7890785825966|7890785825973|7890785825980|7890785825997;Incluido;19/06/2023
416163/1967;Ativo;;07/03/2024;;;MADHULA COMERCIO DE ARTIGOS ELETROELETRONICOS LTDA;03838532000190;63881924131;Rua Marcilio Dias;166;;69005270;Centro;Manaus;AM;ltdamcg@gmail.com;PINGHU SHI XIAOTIANDI CHILDREN''S PRODUCTS FACTORY;Andadores Infantis;Portaria Inmetro nº 129 de 19/03/2021;;IN2088024;;;S;China, República Popular;BENMEK;ANDADOR MADHULA - MA101 - ROSA-MA101R/AZUL-MA101A/VERDE-MA101V/LARANJA-MA101L;MAT.:PP,FERRO E POLIÉSTER/DIM.:63X57X53CM/SIST.TRAVA.:LIBERAÇÃO EM DUAS AÇÕES CONSECUTIVAS/SIST.MONT.FERRA.:MANUAL(SEM FERRAMENTA)/ACESSÓRIOS:N/A/CARACTERISTICAS DO MODELO: ANDADOR COM BRINQUEDO;6901031000158;Incluido;07/03/2024
055362/2011;Ativo;;03/04/2023;;;PLANETA - IMPORTACAO E DISTRIBUICAO DE BRINQUEDOS LTDA;13434272000141;1138951572;AV VASCO MASSAFELI;1000;G1A M1-21;06703600;JARDIM MARIA TEREZA;COTIA;SP;admin@planetadobebe.com.br;HEBEI WANXIN CHILDREN TOYS CO.,LTD.;Andadores Infantis;Portaria Inmetro nº 129 de 19/03/2021;;IN1765923;Modelo 5;;S;China, República Popular;MAXI BABY;ANDADOR LA BAMBA - NW-01 - AZUL #21537/ROSA #21538/VERMELHO #75268;MAT: PP E PAR. ABS, AÇO DE ALT. CARB.-RODA ELAST. TERM.,PVC/DIM:580X680X550(LXCXH)/SIS_TRAV:LIBE.EMDUAS AÇÕES CONS./SIS_MONT E FER:MAN.(S/FER.)/ACES:BAND C BRINQ./CARAC.DO MOD:ANDADOR C BRI.(BAD. MUS.;7898975752689|7899403215370|7899403215387;Excluido;18/03/2026
963393/1971;Ativo;;27/03/2026;;;HEMNANI COMERCIO DE VARIEDADES LTDA.;05469291000185;9232330121;Rua Marcílio Dias;304;;69005270;Centro;Manaus;AM;hemnanibr@yahoo.com;PINGHU XIAOTIANDI CHILDREN?S PRODUCTS FACTORY;Andadores Infantis;Portaria Inmetro nº 129 de 19/03/2021;;IN2911926;Modelo 5;;S;China, República Popular;SITA;ANDADOR AKH602 - AKH602 - AVIÃO - AVIAO;MAT:PP,FERRO E POLIE./DIM:70 X62.5 X 51 CM/SISTEMA DE TRAVAMENTO:LIBERAÇÃO EM DUAS AÇÕES CONSECUTIVAS/SISTEMA DE MONTAGEM E FERRAGEM:MAN.(S/FERRAM.)/ACESS:BAND.MUSI./CARAC.DO MOD.:AND.COM BAND.MUSI.;0618231660148;Incluido;27/03/2026
710167/1993;Ativo;;07/02/2022;;;TUTTI BABY INDUSTRIA E COMERCIO DE ARTIGOS INFANTIS LTDA;06981862000129;4733794000;Rod. Guilherme Jensen, SC413, km13;0;;89108000;Distrito Industrial;Massaranduba;SC;certificacao@tuttibaby.com.br;TUTTI BABY INDUSTRIA E COMERCIO DE ARTIGOS INFANTIS LTDA;Andadores Infantis;Portaria Inmetro nº 129 de 19/03/2021;;IN2869325;Modelo 5;;N;Brasil;TUTTI BABY;ANDADOR SAFARI II-ANDADOR 40.002-40002003/40002004/40002007/40003004/40004002/40004003;MAT:PP E ALGODAO/DIM:51X61X70CM/SIS_TRAV:DOIS DISPOS TRAV INDEPEND SENDO OPER SIMULTÂNEAM./SIS_MONT/FERRG:REBITES,PARAFUSOS E ENCAIXE DE PÇS PLAST/ACESS:BAND. COM BRINQ/CARAC. DO MOD.:AND. C/ BRINQ NA;7898431501615|7898431501622|7898431501639|7898431501684|7898431501691|7898431501707;Excluido;27/02/2026
004171/2020;Ativo;;27/03/2026;;;HEMNANI COMERCIO DE VARIEDADES LTDA.;05469291000185;9232330121;Rua Marcílio Dias;304;;69005270;Centro;Manaus;AM;hemnanibr@yahoo.com;PINGHU XIAOTIANDI CHILDREN?S PRODUCTS FACTORY;Andadores Infantis;Portaria Inmetro nº 129 de 19/03/2021;;IN2911926;Modelo 5;;S;China, República Popular;SITA;ANDADOR AKH602 - AKH602 - AVIÃO - AVIAO;MAT:PP,FERRO E POLIE./DIM:70 X62.5 X 51 CM/SISTEMA DE TRAVAMENTO:LIBERAÇÃO EM DUAS AÇÕES CONSECUTIVAS/SISTEMA DE MONTAGEM E FERRAGEM:MAN.(S/FERRAM.)/ACESS:BAND.MUSI./CARAC.DO MOD.:AND.COM BAND.MUSI.;0618231660148;Incluido;27/03/2026
298186/1946;Ativo;;05/08/2021;;;GALZERANO INDUSTRIA DE CARRINHOS E BERCOS LTDA;43594977000197;19999947357;Via Prefeito Jurandyr Paixão;700;;13481149;Jd. Campo Belo;Limeira;SP;luisfernando.camargo@galzerano.com.br;GALZERANO INDUSTRIA DE CARRINHOS E BERCOS LTDA;Andadores Infantis;Portaria Inmetro nº 129 de 19/03/2021;;CE-AND/IQB 000006 54618/21-001;;;N;Brasil;GALZERANO;Ref.: 4050-Andador Torino. Versões: 4050RO (Rosa), 4050TER (Terracota), 4050EST (Estrela), 4050SPR (Spring) - Material: Tecido poliéster, TNT, Espuma, PP, PA6, Master, Tinta, Tubo de aço, Itens de fixação e aviamentos. Dimensões: CxLxA (cm) 71x62,5x51,5. Sistema de travamento: Trilho plástico com botão de destrave e regulagem de altura;Sistema de montagem/ferragem: Manual. Acessórios que venham com o produto: Bandeja de brinquedos não removível, Características do modelo: Tecidos, Peças plásticas, Tinta, Ferragens;7908200102247|7908200102254|7908200102520|7908200102537;Excluido;17/01/2024
592190/1972;Ativo;;07/02/2022;;;TUTTI BABY INDUSTRIA E COMERCIO DE ARTIGOS INFANTIS LTDA;06981862000129;4733794000;Rod. Guilherme Jensen, SC413, km13;0;;89108000;Distrito Industrial;Massaranduba;SC;certificacao@tuttibaby.com.br;TUTTI BABY INDUSTRIA E COMERCIO DE ARTIGOS INFANTIS LTDA;Andadores Infantis;Portaria Inmetro nº 129 de 19/03/2021;;IN2869325;Modelo 5;;N;Brasil;TUTTI BABY;ANDADOR SAFARI II-ANDADOR 40.002-40002003/40002004/40002007/40003004/40004002/40004003;MAT:PP E ALGODAO/DIM:51X61X70CM/SIS_TRAV:DOIS DISPOS TRAV INDEPEND SENDO OPER SIMULTÂNEAM./SIS_MONT/FERRG:REBITES,PARAFUSOS E ENCAIXE DE PÇS PLAST/ACESS:BAND. COM BRINQ/CARAC. DO MOD.:AND. C/ BRINQ NA;7898431501615|7898431501622|7898431501639|7898431501684|7898431501691|7898431501707;Excluido;27/02/2026
886194/1998;Ativo;;09/12/2019;;;TAPUZIM COMERCIAL LTDA;00513418000100;1138569063;Av. Monte Celeste;230;250;02561000;Vila S. Maria;São Paulo;SP;ehs0770@hotmail.com;SHEN ZHEN WEI MEI CHILDCARE PRODUCT LIMITED COMPANY;Andadores Infantis;Portaria Inmetro nº 129 de 19/03/2021;;IN2062423;Modelo 5;;S;China, República Popular;baby style;ANDADOR ANIMAIS;ANIMAISVERSÕES: Andador cachorro vermelho - Ref. 33721 Andador cachorro azul - Ref. 33722 Andador abelha rosa - Ref. 33723 Andador abelha azul - Ref. 33724 . Material: Plástico, metal e tecido. Dimen;4079337218996|4079337228995|4079337238994|4079337248993;Excluido;21/12/2020
180198/2025;Ativo;;24/01/2025;;;PLANETA - IMPORTACAO E DISTRIBUICAO DE BRINQUEDOS LTDA;13434272000141;1138951572;AV VASCO MASSAFELI - GALPAO1 RUA A LADO IMPAR ANEXO;1000;MODULO1/21;06703600;JARDIM MARIA TEREZA;COTIA;SP;admin@planetadobebe.com.br;PLANETA - IMPORTACAO E DISTRIBUICAO DE BRINQUEDOS LTDA;Andadores Infantis;Portaria Inmetro nº 129 de 19/03/2021;;IN2476224;;;N;Brasil;REPLAY KIDS;ANDADOR QUICK/21680 / BELLA/21681 / PUPPY/21682 / ZOO/21683 / SPACE/21684 / RACING;M:POLIPROPILENO, ABS, AÇO,ELASTÔMERO TERMOPLÁSTICO E PVC/D:58X68X55CM/S.D/TRV:MANUAL (SEM FERRAMENTA)/ACS:N/A/CARACTERISTICAS DO MODELO:BANDEJA COM BRINQUEDO/ PLACA MUSICAL/PLACA ANTIDERRAPANTE;7899403216803|7899403216810|7899403216827|7899403216834|7899403216841;Incluido;24/01/2025
474213/1951;Ativo;;07/08/2024;;;COMERCIO E IMPORTACAO DENISE LTDA;29963642000178;21997976531;RUA DO MILHO;72;A;21011090;PENHA CIRCULAR;RIO DE JANEIRO;RJ;comerciomybaby@hotmail.com;PING HU BEST CHILDREN?S CARRIER CO.LTD;Andadores Infantis;Portaria Inmetro nº 129 de 19/03/2021;;IN2189524;;;S;China, República Popular;MY BABY;PATO A1 - ROSA LISO, AZUL LISO, ROSA COLORIDO, AZUL COLORIDO - Acessórios: Brinquedos Caracteristicas do modelo: Andador infantil com brinquedo elétrico;Material: Ferro, PP e Poliéster Dimensões: 71 x 62 x 55 cm Sistema de Travamento: Liberação em duas ações consecutivas Sistema de Montagem e Ferragem: Manual (com auxílio de ferramenta);6294013738218|6294013738225|6294013738287|6294013738294;Incluido;07/08/2024
062425/2010;Ativo;;06/03/2023;;;BURIGOTTO S A INDUSTRIA E COMERCIO;51460277000138;1934464813;Rua Martino Dragone;280;;13480308;Jardim Santa Barbara;Liemira;SP;alison.smanioto@burigotto.com;JIN SUN GEE PLASTICS CO., LTD;Andadores Infantis;Portaria Inmetro nº 129 de 19/03/2021;;CE-AND/IQB 000004 55573/23-001;Modelo 5;;S;Formosa (Taiwan);BURIGOTTO;ANDADOR OLÉ CL - REF. IXAN5143CL;PP, AÇO, TECIDO / 590 X 690 X 550 MM / TRILHO PLÁSTICO COM BOTÃO DE TRAVA/DESTRAVA E REGULAGEM DE ALTURA / REBITES, PARAFUSOS E ENCAIXE DE PEÇAS PLÁSTICAS / BANDEJA COM 2 BRINQUEDOS DE PP E NYLON;7896502944248;Incluido;29/04/2026
385218/1946;Inativo;;12/01/2023;;;COMPANHIA DOREL BRASIL PRODUTOS INFANTIS;10659948000883;2135547024;Av. Nilo Peçanha;1516 ;Galpão 3 ;28030035;Pq dos Rodoviários;Campos dos Goytacaze;RJ;standard@dorel.com.br;Jin Sun Gee Plastics Co., Ltd;Andadores Infantis;Portaria Inmetro nº 129 de 19/03/2021;;IN1701622-3;;;S;Formosa (Taiwan);Safety 1st;HE001. Nome comercial: Spacewalker 3 em 1. Versões: Grey, Orange.;PP,Ferro,Aço,ABS,PVC,POM,TPR,MB475,Pol,65.5x50x71.5cm.Trav:Lib.2ações cons.,Mont:Manual.Aces.Brinq.;7908238803932|7908238803949;Incluido;12/01/2023
564083/1981;Inativo;;12/01/2023;;;COMPANHIA DOREL BRASIL PRODUTOS INFANTIS;10659948000883;2135547024;Av. Nilo Peçanha;1516 ;Galpão 3 ;28030035;Pq dos Rodoviários;Campos dos Goytacaze;RJ;standard@dorel.com.br;Jin Sun Gee Plastics Co., Ltd;Andadores Infantis;Portaria Inmetro nº 129 de 19/03/2021;;IN1701622-3;;;S;Formosa (Taiwan);Safety 1st;HE001. Nome comercial: Spacewalker 3 em 1. Versões: Grey, Orange.;PP,Ferro,Aço,ABS,PVC,POM,TPR,MB475,Pol,65.5x50x71.5cm.Trav:Lib.2ações cons.,Mont:Manual.Aces.Brinq.;7908238803932|7908238803949;Incluido;12/01/2023
768217/1977;Inativo;;14/01/2021;;;GALZERANO INDUSTRIA DE CARRINHOS E BERCOS LTDA;43594977000197;1934043030;Via Prefeito Jurandyr Paixão;700;;13481149;Jd. Campo Belo;Limeira;SP;luisfernando.camargo@galzerano.com.br;WEIMEI MEI CHILDCARE PRODUCT (HUIZHOU) LTD., CO;Andadores Infantis;Portaria Inmetro nº 42 de 19/01/2018;;CE-AND/IQB 000006 54025/20-001;;;S;China, República Popular;GALZERANO;Ref.: 4030-Andador 4 em 1 Funny. Versões: 4030CR (Color), 4030VDA (Verde Água);Mat Tec polié Espuma Resina plást Itens fixação Dimens 75x71x55(cm) Sist travament dobradiça plást c/ botão acionament Sist montagem/ferragem encaixe manual Acessórios manuais brinquedos removíveis;7898089221477|7898089221996;Incluido;14/01/2021
062221/2004;Ativo;;01/08/2023;;;COMPANHIA DOREL BRASIL PRODUTOS INFANTIS;10659948000883;2135547024;Av. DR  Nilo Peçanha;1516;Galpão 3 ;28030035;Pq dos Rodoviários;Campos dos Goytacaze;RJ;standard@dorel.com.br;ZHONG SHAN SUN LUEN CHONG COMMODITY COMPANY LIMITED;Andadores Infantis;Portaria Inmetro nº 129 de 19/03/2021;;CE-AND/IQB 000011 55435/22-001;Modelo 5;;S;China, República Popular;TINY LOVE;4-in-1 Here I Grow Mobile Activity Center. Ref. 1806501211. ABS, Alumínio, Aço, Poliéster, PP. 70x57x44cm.Sist. de mont.:Manual (s/ ferragem).;Sist. de Trav.:2 disp. de travamento independentes, devem ser operados simultaneamente. Aces.: Brinq. acoplado.;7290108862973;Incluido;01/08/2023
356236/1930;Ativo;;12/04/2021;;;TUTTI BABY INDUSTRIA E COMERCIO DE ARTIGOS INFANT;06981862000129;4733794000;Rod. Guilherme Jensen;0;Galpão 01;89108000;Distrito Industrial;Massaranduba;SC;qualidade@tuttibaby.com.br;TUTTI BABY INDUSTRIA E COMERCIO DE ARTIGOS INFANT;Andadores Infantis;Portaria Inmetro nº 129 de 19/03/2021;;CE-AND/IQB 000005 54149/20-001;Modelo 5;;N;Brasil;Tutti Baby;Andador 40.001;ESTRUT.MET. DE AÇO TUB.PLÁST. DE ENG.ALGODÃO.48CM X60,5CMX70CM,COM DUAS AÇÕESCONSEC PARA LIB.REB.E PARAF.BRINQ. E ADES.BASE SUP.BASE INF.FREIO ANTI-QUEDA E CONJ.DE RODAS,PNEU DA RODA TRAS. E TRAVA ANT;7898431501219|7898431501226|7898431501233;Incluido;12/04/2021
195974/1969;Ativo;;16/09/2024;;;AMAZONAS IMPORTADOS LTDA;07269201000138;9691131654;Rua Independência;175;;68900090;Central;Macapa;AP;adriana.abreu@amazonasimportados.com.br;YIWU BALBIAN ELECTRONIC TECHNOLOGICAL CO., LTD;Andadores Infantis;Portaria Inmetro nº 129 de 19/03/2021;;IN2086424-1;;;S;China, República Popular;LÉ PETIT;MODE:BABY WALKER/REF:LP-9517/ CONT: ANDADOR COM BRINQUEDO ACOPLADO/VERSÕES:AZUL,ROSA,VERDE,;MAT:PP E POLIÉSTER/DIM:62X55,5X50CM/SIST DE TRAV:LIBERAÇÃO EM DUAS AÇÕES CONSECUTIVAS/SIST DE MONT E FERRAGEM:MANUAL (SEM FERRAMENTA)/ACESSÓRIOS:N/A.CARACTERISTICAS DO MODELO:;453068745717;Incluido;16/09/2024
650240/1956;Ativo;;20/12/2019;;;TAPUZIM COMERCIAL LTDA;00513418000100;1138569063;Av. Monte Celeste;230;250;02561000;Vila S. Maria;São Paulo;SP;ehs0770@hotmail.com;SHEN ZHEN WEI MEI CHILDCARE PRODUCT LIMITED COMPANY;Andadores Infantis;Portaria Inmetro nº 42 de 19/01/2018;;OCAN-AND.165/19-2;;;S;China, República Popular;baby style;SPACECAR - VERSÕES: Andador car - Ref. 21302 / Andador space - Ref. 33117;Material: Plástico, metal e tecido. Dimensões: 59 x 59 x 69 cm , Sistema de Travamento: Stoper, Sistema de Montagem e Ferragem: Tesoura, Acessórios: Bandeja musical;4532213022990|4532331172997;Incluido;20/12/2019
944244/1982;Ativo;;07/02/2022;;;TUTTI BABY INDUSTRIA E COMERCIO DE ARTIGOS INFANTIS LTDA;06981862000129;4733794000;Rod. Guilherme Jensen, SC413, km13;0;;89108000;Distrito Industrial;Massaranduba;SC;certificacao@tuttibaby.com.br;TUTTI BABY INDUSTRIA E COMERCIO DE ARTIGOS INFANTIS LTDA;Andadores Infantis;Portaria Inmetro nº 129 de 19/03/2021;;IN2869325;Modelo 5;;N;Brasil;Tutti Baby;Andador Safari II Azul/Rosa/Vermelho/Andador Princesa Rosa Coroa/Andador Acqua Explorador Cinza/Roxo;ESTRUT. MET.AÇO.TUBULAR/48x60,5x70CM/SIST.DE TRAV. COM.DUAS.AÇÕES.CONSECUT.PARA.LIBER./PARAFUSOS.E. REBITES/BRINQUEDOS.E.ADESIVOS;7898431501615|7898431501622|7898431501639|7898431501684|7898431501691|7898431501707;Excluido;12/01/2024
695567/1932;Ativo;;06/05/2025;;;KAVOD BRASIL COMERCIO E IMPORTACAO DE PRODUTOS DE USO DOMESTICO LTDA;12389993000114;1136612389;Avenida Marquês de São Vicente;2219;Conj 1001;05036040;Água Branca;São Paulo;SP;adm@kababy.com.br;Tengzhou Lebeir Baby Carriage Co., Ltd.;Andadores Infantis;Portaria Inmetro nº 129 de 19/03/2021;;IN2610825;;;S;China, República Popular;KaBaby;DESIGNAÇÃO COMERCIAL: ANDADOR DE EMPURRAR STEP-UP KABABY CINZA/CÓDIGO DE REFERÊNCIA COMERCIAL: ANDADOR/QUANTIDADE: -/;MAT:PP/DIM:799x660x715mm/SIS_TRAV:LIBERAÇÃO EM DUAS AÇÕES CONSECUTIVAS/SIS_MONTAGEM/FERRAGEM:MANUAL SEM AUXILIO DE FERRAMENTA/ACESSORIOS:N/A/CARACT_DO_MODELO:ANDADOR COM BRINQUEDO ACOPLADO;7898605218394;Incluido;06/05/2025
815319/2003;Ativo;;03/04/2023;;;PLANETA - IMPORTACAO E DISTRIBUICAO DE BRINQUEDOS LTDA;13434272000141;1138951572;AV VASCO MASSAFELI;1000;G1A M1-21;06703600;JARDIM MARIA TEREZA;COTIA;SP;admin@planetadobebe.com.br;HEBEI WANXIN CHILDREN TOYS CO.,LTD.;Andadores Infantis;Portaria Inmetro nº 129 de 19/03/2021;;IN1765923;Modelo 5;;S;China, República Popular;MAXI BABY;ANDADOR LA BAMBA - NW-01 - AZUL #21537/ROSA #21538/VERMELHO #75268;MAT:PP E PART.ABS,AÇOD.ALTOCARB.RODAELASTÔM.TERMOP.,PVC/DIM:580X680X550(LXCXH)/SIS_TRAV:LIBER.EM 2 AÇÕES CONS./SIS_MONT E FERRG:MAN.(S/FERM)/ACES:BANDJ C BRI./CARAC.D.M.:ANDAD.C BRINQ.REG.002149/2023 ;7898975752689|7899403215370|7899403215387;Incluido;18/03/2026
091135/2018;Ativo;;05/08/2021;;;GALZERANO INDUSTRIA DE CARRINHOS E BERCOS LTDA;43594977000197;19999947357;Via Prefeito Jurandyr Paixão;700;;13481149;Jd. Campo Belo;Limeira;SP;luisfernando.camargo@galzerano.com.br;GALZERANO INDUSTRIA DE CARRINHOS E BERCOS LTDA;Andadores Infantis;Portaria Inmetro nº 129 de 19/03/2021;;CE-AND/IQB 000006 54618/21-001;;;N;Brasil;GALZERANO;Ref.: 4050-Andador Torino. Versões: 4050RO (Rosa), 4050TER (Terracota), 4050EST (Estrela), 4050SPR (Spring) - Material: Tecido poliéster, TNT, Espuma, PP, PA6, Master, Tinta, Tubo de aço, Itens de fixação e aviamentos. Dimensões: CxLxA (cm) 71x62,5x51,5. Sistema de travamento: Trilho plástico com botão de destrave e regulagem de altura;Sistema de montagem/ferragem: Manual. Acessórios que venham com o produto: Bandeja de brinquedos não removível, Características do modelo: Tecidos, Peças plásticas, Tinta, Ferragens;7908200102247|7908200102254|7908200102520|7908200102537;Excluido;17/01/2024
820505/1949;Ativo;;09/12/2019;;;TAPUZIM COMERCIAL LTDA;00513418000100;1138569063;Av. Monte Celeste;230;250;02561000;Vila S. Maria;São Paulo;SP;ehs0770@hotmail.com;SHEN ZHEN WEI MEI CHILDCARE PRODUCT LIMITED COMPANY;Andadores Infantis;Portaria Inmetro nº 129 de 19/03/2021;;IN2062423;Modelo 5;;S;China, República Popular;baby style;ANDADOR ANIMAIS;ANIMAISVERSÕES: Andador cachorro vermelho - Ref. 33721 Andador cachorro azul - Ref. 33722 Andador abelha rosa - Ref. 33723 Andador abelha azul - Ref. 33724 . Material: Plástico, metal e tecido. Dimen;4079337218996|4079337228995|4079337238994|4079337248993;Excluido;21/12/2020
238248/2009;Ativo;;19/02/2026;;;RGM  COMERCIO E SERVICOS LTDA;18007664000148;11996294240;Avenida Angélica;511;Cj. 904;01227100;Santa Cecilia;São Paulo;SP;papush@uol.com.br;PINGHU XIAOTIANDI CHILDREN?S PRODUCTS FACTORY;Andadores Infantis;Portaria Inmetro nº 129 de 19/03/2021;;IN2911726;Modelo 5;;S;China, República Popular;RGM;ANDADOR DREUX - R602 - AVIÃO - AVIAO;MAT:PP,FERRO E POLIÉ./DIM:70X62.5X51 CM/SIST.DE TRAV.:LIB.EM DUAS AÇÕES CONSECU./SIST.DE MONT.E FERR.:MANUAL (SEM FERRAMENTA)/ACESS:BANDEJA MUSICAL/CARACT.DO MODELO:ANDADOR COM BANDEJA MUSICAL;7898926505616;Incluido;19/02/2026
532263/1935;Ativo;;14/08/2019;;;BAMBOO COMERCIO, IMPORTAÇÃO E EXPORTAÇÃO EIRELI-EPP;27115224000103;8132419265;Rua. Alegre;154;Galpão A;52120125;Arruda;Recife;PE;bamboo@yescert.com.br;ZHEJIANG KINTEX INTERNATIONAL TRADING CO., LTD;Andadores Infantis;Portaria Inmetro nº 129 de 19/03/2021;;IN1632922;;;S;China, República Popular;BAMBOO;MODELO:MD-18NOME COMERCIAL:ANDAJAR GUGUVERSÕES: Azul (Ref.: MD18.1)Rosa (Ref.: MD18.2)Verde (Ref.: MD18.3)Vermelho (Ref.: MD18.4);Mat: PLAST / MET/FIB TEXTIL,DIM:ABRT:62X56X52CM,FECH:62X56X16,SIST TRAV:LIBER EM 2 ACOES CONSEC,SIST MONT FERRAG: MANUAL(S/FERRAMENTA),ACESS:BANDEJ C/BRINQ E HAST C/PUXADOR;7909312341029;Incluido;22/07/2022
826267/1961;Ativo;;16/07/2025;;;KIDDO INDUSTRIA E COMERCIO LTDA;60688090000187;1147870744;Rodovia Regis Bittencourt ;3666;;06793000;Jardim Três Marias ;Taboão da Serra;SP;m.nascimento@kiddo.com.br;JIN SUN GEE PLASTIC CO., LTD;Andadores Infantis;Portaria Inmetro nº 129 de 19/03/2021;;IN2735125;Modelo 5;;S;China, República Popular;Whoop;ANDADOR PASSINHOS 2 EM 1 REF. 8701/CINZA/ROSA/AZUL;MATERIAL:PP. POLIES/DIMENSÕES:59,5X68X53CM/SIST.DE.TRAVAM.:LIBER.EM DUAS AÇÕES CONSECUTIVAS/SIST.DE.MONTAG.E.FERRAGEM:MANUAL (SEM AUX. DE FERRAM)/ACESSÓRIOS:BRINQ./CARACT. DO MODELO:ANDADOR C/ BRINQ.;7896517223871|7896517223888|7896517223895;Incluido;16/07/2025
120271/1988;Ativo;;29/04/2024;;;TAPUZIM COMERCIAL LTDA;00513418000100;113856906;Av. Monte Celeste;230;250;02561000;Vila S. Maria;São Paulo;SP;sergio@babystylebrasil.com.br;SHEN ZHEN WEI MEI CHILDCARE PRODUCT LIMITED COMPANY;Andadores Infantis;Portaria Inmetro nº 129 de 19/03/2021;;IN2118124-2;;;S;China, República Popular;Baby Style;ANDADOR FOGUETE - FOGUETE CINZA E FOGUETE ROSA;MATERIAL:PP/DIM:62X53X78CM/SISTEMA DE TRAVAME:LIBERA EM 2 AÇÕES CONSECUTIVAS/MANUAL/ACESSÓRIOS:N/A/CARACT DO MODELO:ANDADOR C BRINQUEDO NA BANDEJA;4079337285219|4079337296543;Incluido;29/04/2024
414275/2014;Ativo;;12/04/2021;;;TUTTI BABY INDUSTRIA E COMERCIO DE ARTIGOS INFANT;06981862000129;4733794000;Rod. Guilherme Jensen;0;Galpão 01;89108000;Distrito Industrial;Massaranduba;SC;qualidade@tuttibaby.com.br;TUTTI BABY INDUSTRIA E COMERCIO DE ARTIGOS INFANT;Andadores Infantis;Portaria Inmetro nº 129 de 19/03/2021;;CE-AND/IQB 000005 54149/20-001;Modelo 5;;N;Brasil;Tutti Baby;Andador 40.001;ESTRUT.MET. DE AÇO TUB.PLÁST. DE ENG.ALGODÃO.48CM X60,5CMX70CM,COM DUAS AÇÕESCONSEC PARA LIB.REB.E PARAF.BRINQ. E ADES.BASE SUP.BASE INF.FREIO ANTI-QUEDA E CONJ.DE RODAS,PNEU DA RODA TRAS. E TRAVA ANT;7898431501219|7898431501226|7898431501233;Incluido;12/04/2021
708290/1940;Ativo;;16/07/2025;;;KIDDO INDUSTRIA E COMERCIO LTDA;60688090000187;1147870744;Rodovia Regis Bittencourt ;3666;;06793000;Jardim Três Marias ;Taboão da Serra;SP;m.nascimento@kiddo.com.br;JIN SUN GEE PLASTIC CO., LTD;Andadores Infantis;Portaria Inmetro nº 129 de 19/03/2021;;IN2735125;Modelo 5;;S;China, República Popular;Whoop;ANDADOR PASSINHOS 2 EM 1 REF. 8701/CINZA/ROSA/AZUL;MATERIAL:PP. POLIES/DIMENSÕES:59,5X68X53CM/SIST.DE.TRAVAM.:LIBER.EM DUAS AÇÕES CONSECUTIVAS/SIST.DE.MONTAG.E.FERRAGEM:MANUAL (SEM AUX. DE FERRAM)/ACESSÓRIOS:BRINQ./CARACT. DO MODELO:ANDADOR C/ BRINQ.;7896517223871|7896517223888|7896517223895;Incluido;16/07/2025
002294/1967;Ativo;;14/08/2019;;;BAMBOO COMERCIO, IMPORTAÇÃO E EXPORTAÇÃO EIRELI-EPP;27115224000103;8132419265;Rua. Alegre;154;Galpão A;52120125;Arruda;Recife;PE;bamboo@yescert.com.br;ZHEJIANG KINTEX INTERNATIONAL TRADING CO., LTD;Andadores Infantis;Portaria Inmetro nº 129 de 19/03/2021;;IN1632922;;;S;China, República Popular;BAMBOO;NOME FANTASIA: ANDAJAR GUGU MODELO: MD-18 CORES: VERDE;PLÁSTICO, METAL E FIBRA TÊXTIL,520 x 560 x 620 mm,MANUAL,MANUAL,BANDEJA, VOLANTE DO PUXADOR.;7909312341029;Excluido;22/07/2022
785478/2013;Ativo;;07/02/2022;;;TUTTI BABY INDUSTRIA E COMERCIO DE ARTIGOS INFANTIS LTDA;06981862000129;4733794000;Rod. Guilherme Jensen, SC413, km13;0;;89108000;Distrito Industrial;Massaranduba;SC;certificacao@tuttibaby.com.br;TUTTI BABY INDUSTRIA E COMERCIO DE ARTIGOS INFANTIS LTDA;Andadores Infantis;Portaria Inmetro nº 129 de 19/03/2021;;IN2869325;Modelo 5;;N;Brasil;Tutti Baby;Andador: VERSÕES: Safari II (Azul/Rosa/Vermelho), Princesa Rosa Coroa, Acqua Explorador (Cinza/Roxo);ESTRUTURA METÁLICA , AÇO TUBULAR / 48 x 60,5 x 70CM / SISTEMA DE TRAVAMENTO COM DUAS AÇÕES CONSECUTIVAS PARA LIBERAÇÃO /SISTEMA DE MONTAGEM/FERRAGEM: PARAFUSOS E REBITES ACESSÓRIOS: BRINQUEDOS E ADESI;7898431501615|7898431501622|7898431501639|7898431501684|7898431501691|7898431501707;Excluido;15/03/2024
296298/1993;Ativo;;05/08/2021;;;GALZERANO INDUSTRIA DE CARRINHOS E BERCOS LTDA;43594977000197;19999947357;Via Prefeito Jurandyr Paixão;700;;13481149;Jd. Campo Belo;Limeira;SP;luisfernando.camargo@galzerano.com.br;GALZERANO INDUSTRIA DE CARRINHOS E BERCOS LTDA;Andadores Infantis;Portaria Inmetro nº 129 de 19/03/2021;;CE-AND/IQB 000006 54618/21-001;;;N;Brasil;GALZERANO;Ref.: 4050-Andador Torino. Versões: 4050PTR (Preto Rosa), 4050PTT (Preto Terracota);Mat Tec poliest Espum PP PA6 Master Tint Tub aço Itens fix/aviam CxLxA(cm) 71x62,5x51,5 Trav Trilh plást c/ botão destrav e reg alt Acess Band brinq não remove retrov Caract Tec Pçs plást Tint Ferrage;7908200102193|7908200102209;Excluido;01/09/2021
919009/2022;Ativo;;01/12/2021;;;FAST TRADING IMPORTACAO, EXPORTACAO E COMERCIO DE BEBIDAS EIRELI;34076058000130;8130191960;AV. GOVERNADOR AGAMENON MAGALHÃES,  EDF. EMPRESSARIAL RENATO DIAS - ANDAR 15º, SALA 1502 ;4318;SALA 1502;52010075;PAISSANDU; RECIFE;PE;ricardo.ferreira@fasttradingimport.com.br;China Zhejiang Techincal Co. Ltd;Andadores Infantis;Portaria Inmetro nº 42 de 19/01/2018;;OCAN-AND.514/21-1;;;S;China, República Popular;Fast;602;Material:	PP, Ferro e Poliester/ Dimensões:	63 x 57 x 53 cm/ Sistema de Travamento: Travamento automático com liberação em duas ações consecutivas/ Sistema de Montagem e Ferragem: Manual	/Acessórios: ;;Incluido;01/12/2021
590302/2019;Ativo;;14/05/2026;;;UNI-ART IMPORT LTDA.;68168368000105;11952844300;AV DAS INDUSTRIAS ;755;;13288163;DIST.INDL B. STORANI;VINHEDO;SP; www.unitoys.com.br;QINGYUAN XINGLONG BALL PRODUCING CO., LTD.;Andadores Infantis;Portaria Inmetro nº 129 de 19/03/2021;;IN2985326;Modelo 5;;S;China, República Popular;UNITOYS;ANDADOR COM EMPURRADOR - N/A - 3726 AZUL/3726 ROSA;MAT:PP, POLIÉSTER E AÇO/DIM:50X60X102 CM/SIS_TRAV:LIBERAÇÃO EM DUAS AÇÕES CONSECUTIVAS/SIS_MONT E FERRG:MANUAL (SEM FERRAMENTA)/ACESS:N/A/CARACTERISTICAS DO MODELO:ANDADOR COM BANDEJA MUSICAL;7908901504395|7908901504401;Incluido;14/05/2026
177786/1957;Ativo;;01/12/2021;;;HEMNANI COMERCIO DE VARIEDADES LTDA.;05469291000185;1124143633;Rua Marcílio Dias;304;N/A;69005270;Centro;Manaus;AM;papush@uol.com.br;China Zhejiang Techincal Co. Ltd;Andadores Infantis;Portaria Inmetro nº 42 de 19/01/2018;;OCAN-AND.189/21-1;;;S;China, República Popular;SITA;AKH602;Material: PP, Ferro e Poliester - Dimensões: 655 mm X 560mm X 500 mm - Sistema de Travamento: Travamento automatico com liberação em duas ações consecutivas - Sistema de Montagem e Ferragem: MANUAL;;Incluido;01/12/2021
079169/1981;Ativo;;03/04/2023;;;PLANETA - IMPORTACAO E DISTRIBUICAO DE BRINQUEDOS LTDA;13434272000141;1138951572;AV VASCO MASSAFELI;1000;G1A M1-21;06703600;JARDIM MARIA TEREZA;COTIA;SP;admin@planetadobebe.com.br;HEBEI WANXIN CHILDREN TOYS CO.,LTD.;Andadores Infantis;Portaria Inmetro nº 129 de 19/03/2021;;IN1765923;Modelo 5;;S;China, República Popular;MAXI BABY;ANDADOR LA BAMBA - NW-01 - AZUL #21537/ROSA #21538/VERMELHO #75268;MAT:PP E PART.ABS,AÇOD.ALTOCARB.RODAELASTÔM.TERMOP.,PVC/DIM:580X680X550(LXCXH)/SIS_TRAV:LIBER.EM 2 AÇÕES CONS./SIS_MONT E FERRG:MAN.(S/FERM)/ACES:BANDJ C BRI./CARAC.D.M.:ANDAD.C BRINQ.REG.002149/2023 ;7898975752689|7899403215370|7899403215387;Incluido;18/03/2026
884317/1945;Inativo;;11/01/2023;;;COMPANHIA DOREL BRASIL PRODUTOS INFANTIS;10659948000883;2135547024;Av. Nilo Peçanha;1516 ;Galpão 3 ;28030035;Pq dos Rodoviários;Campos dos Goytacaze;RJ;standard@dorel.com.br;Jin Sun Gee Plastics Co., Ltd;Andadores Infantis;Portaria Inmetro nº 129 de 19/03/2021;;IN1701622-4;;;S;Formosa (Taiwan);Voyage;BG1401. Nome comercial: Buggy. Versões: Azul, Rosa.;PP,PVC,Ferro,POM,PU,Pol, 42x58.5x65cm. Trav:Lib.2 ações cons,Mont:Manual, Aces. Brinq.;7898509475206|7898509475213;Incluido;11/01/2023
178321/1972;Ativo;;31/08/2026;;;TUTTI BABY INDUSTRIA E COMERCIO DE ARTIGOS INFANTIS LTDA;06981862000129;4733794000;Rod. Guilherme Jensen, SC413, km13;0;Galpão 01;89108000;Distrito Industrial;Massaranduba;SC;heloiza.souza@tuttibaby.com.br;TUTTI BABY INDUSTRIA E COMERCIO DE ARTIGOS INFANTIS LTDA;Andadores Infantis;Portaria Inmetro nº 129 de 19/03/2021;;CE-AND/IQB 000013 57036/26-002;Modelo 5;;N;Brasil;TUTTI BABY;ANDADOR COMFORT - 40005004,40005003,40005011,40005028,40005007,40005010,40005006,40005029;ESTRU.METALICA:ACO TUBULAR,BRINQ:PLAST.DE ENG.,REVEST. TEXTIL: ALGODAO/48X60,5X70 CM/DOIS DISP. DE TRAV. INDEP. SENDO OP. SIMULT./PARAFUSOS E MONT. DE PÇS PLAST./BRINQ. CERT. E ADESIVO-57036/26;7898431502063|7898431502070|7898431502087|7898431502094|7898431502100|7898431502117|7898431502124|7898431502131;Incluido;31/08/2026
469879/1929;Ativo;;07/03/2024;;;JASSUMAL LTDA;04214425000154;63881924131;AV SETE SETEMBRO;852;;69005140;CENTRO;MANAUS;AM;dgjohnny@gmail.com;PINGHU SHI XIAOTIANDI CHILDREN''S PRODUCTS FACTORY;Andadores Infantis;Portaria Inmetro nº 129 de 19/03/2021;;IN2087524;;;S;China, República Popular;BABY SPORTS;ANDADOR JASSUMAL - BS104 - AZUL CLARO E ESCURO-BS104A/ROSA CLARO E ESCURO-BS104R/VERMELHO E PRETO-BS104VP/ROXO E ROSA ESCURO-BS104RR;MAT.:PP,FERRO E POLIÉSTER/DIM.:63X57X53CM/SIST.TRAVA.:LIBERAÇÃO EM DUAS AÇÕES CONSECUTIVAS/SIST.MONT.FERRA.:MANUAL(SEM FERRAMENTA)/ACESSÓRIOS:N/A/CARACTERISTICAS DO MODELO: ANDADOR COM BRINQUEDO;6901041000155;Incluido;07/03/2024
472325/1998;Ativo;;07/08/2024;;;COMERCIO E IMPORTACAO DENISE LTDA;29963642000178;21997976531;RUA DO MILHO;72;A;21011090;PENHA CIRCULAR;RIO DE JANEIRO;RJ;comerciomybaby@hotmail.com;PING HU BEST CHILDREN?S CARRIER CO.LTD;Andadores Infantis;Portaria Inmetro nº 129 de 19/03/2021;;IN2189524;;;S;China, República Popular;MY BABY;PATO A1 - ROSA LISO, AZUL LISO, ROSA COLORIDO, AZUL COLORIDO - Acessórios: Brinquedos Caracteristicas do modelo: Andador infantil com brinquedo elétrico;Material: Ferro, PP e Poliéster Dimensões: 71 x 62 x 55 cm Sistema de Travamento: Liberação em duas ações consecutivas Sistema de Montagem e Ferragem: Manual (com auxílio de ferramenta);6294013738218|6294013738225|6294013738287|6294013738294;Incluido;07/08/2024
732222/2014;Ativo;;16/09/2024;;;AMAZONAS IMPORTADOS LTDA;07269201000138;9691131654;Rua Independência;175;;68900090;Central;Macapa;AP;adriana.abreu@amazonasimportados.com.br;YIWU BALBIAN ELECTRONIC TECHNOLOGICAL CO., LTD;Andadores Infantis;Portaria Inmetro nº 129 de 19/03/2021;;IN2086424-1;;;S;China, República Popular;LÉ PETIT;MODE:BABY WALKER/REF:LP-9517/ CONT: ANDADOR COM BRINQUEDO ACOPLADO/VERSÕES:AZUL,ROSA,VERDE,;MAT:PP E POLIÉSTER/DIM:62X55,5X50CM/SIST DE TRAV:LIBERAÇÃO EM DUAS AÇÕES CONSECUTIVAS/SIST DE MONT E FERRAGEM:MANUAL (SEM FERRAMENTA)/ACESSÓRIOS:N/A.CARACTERISTICAS DO MODELO:;453068745717;Incluido;16/09/2024
805298/2021;Inativo;;09/02/2022;;;COMPANHIA DOREL BRASIL PRODUTOS INFANTIS;10659948000107;02135547024;Av. Nilo Peçanha;1516 /1582;Térreo;28030035;Pq dos Rodoviários;Campos dos Goytacaze;RJ;mariana.magalhaes@dorel.com.br;Dong Guan Hua Song Plastic Products Co.Ltd;Andadores Infantis;Portaria Inmetro nº 42 de 19/01/2018;;IN1512522;;;S;China, República Popular;Safety 1st;11389.  Melody Garden;Pol.,PP,Aço. 65x55x66cm. Aut.c/lib.em 2 ações consec.,Manual. Acessórios: Brinquedo(centro de atividades);9312541727119;Incluido;09/02/2022
584796/1964;Ativo;;14/05/2026;;;UNI-ART IMPORT LTDA.;68168368000105;11952844300;AV DAS INDUSTRIAS ;755;;13288163;DIST.INDL B. STORANI;VINHEDO;SP; www.unitoys.com.br;QINGYUAN XINGLONG BALL PRODUCING CO., LTD.;Andadores Infantis;Portaria Inmetro nº 129 de 19/03/2021;;IN2985326;Modelo 5;;S;China, República Popular;UNITOYS;ANDADOR COM EMPURRADOR - N/A - 3726 AZUL/3726 ROSA;MAT:PP, POLIÉSTER E AÇO/DIM:50X60X102 CM/SIS_TRAV:LIBERAÇÃO EM DUAS AÇÕES CONSECUTIVAS/SIS_MONT E FERRG:MANUAL (SEM FERRAMENTA)/ACESS:N/A/CARACTERISTICAS DO MODELO:ANDADOR COM BANDEJA MUSICAL;7908901504395|7908901504401;Incluido;14/05/2026
722849/1950;Ativo;;07/08/2024;;;COMERCIO E IMPORTACAO DENISE LTDA;29963642000178;21997976531;RUA DO MILHO;72;A;21011090;PENHA CIRCULAR;RIO DE JANEIRO;RJ;comerciomybaby@hotmail.com;PING HU BEST CHILDREN?S CARRIER CO.LTD;Andadores Infantis;Portaria Inmetro nº 129 de 19/03/2021;;IN2189524;;;S;China, República Popular;MY BABY;PATO A1 - ROSA LISO, AZUL LISO, ROSA COLORIDO, AZUL COLORIDO - Acessórios: Brinquedos Caracteristicas do modelo: Andador infantil com brinquedo elétrico;Material: Ferro, PP e Poliéster Dimensões: 71 x 62 x 55 cm Sistema de Travamento: Liberação em duas ações consecutivas Sistema de Montagem e Ferragem: Manual (com auxílio de ferramenta);6294013738218|6294013738225|6294013738287|6294013738294;Incluido;07/08/2024
516589/1994;Ativo;;20/10/2022;;;STYLL ADMINISTRACAO, INVESTIMENTOS, LOCACOES & SERVICOS LIMITADA;22475905000231;11994300960;Rua Marcio Carlim;401;;13849226;Parque Industrial;Mogi Guaçu;SP;alexandre@styll.com.br;STYLL ADMINISTRACAO, INVESTIMENTOS, LOCACOES & SERVICOS LIMITADA;Andadores Infantis;Portaria Inmetro nº 129 de 19/03/2021;;IN1679022;Modelo 5;;N;Brasil;STYLL BABY;ANDADOR SOFT WAY / V:V:AZ.SON.(AND-98.001-05)/RO.SON.(AND-98.002-05)/LAR.SON.(AND-98.003-05)/GUARÁ AZ.(AND-50.022-01)/GUARÁ RO.(AND-50.022-02)/GUARÁ LAR.(AND-50.022-03)/VE.SON.(AND-99.009-68)/AZ.CLÁS.(AND-98.001-04)/RO.CLÁS.(AND-98.002-04))/...;MAT:AÇO,POLIPR. E POLIÉ./DIM:640X570X470MM/SIS.DE TRAV:CATRA.EM BAI.DA BAN.(LIBER. EM DU.AÇÕ.CONS.)/SIST.DE MON.E FERR.:MANUAL(COM CHA.PHI.NÃO INCL.)/ACES:BAND.COM BRIN./ CONT.VERSÔES;7898488590037|7898488590440|7898488590457|7898488590464|7898488590624|7898488599849|7898488599856|7898488599863|7898488599870|7898488599887|789848859994;Incluido;20/10/2022
914437/1993;Inativo;;19/06/2023;;;VANMAX COMERCIO LTDA;84114198000124;9231337050;RUA CEL SERGIO PESSOA;91;;69005030;CENTRO;MANAUS;AM;GERENTEDEVENDAS@VANMAX.COM.BR;PINGHU SHI XIAOTIANDI CHILDREN´S PRODUCTS FACTORY;Andadores Infantis;Portaria Inmetro nº 129 de 19/03/2021;;IN1811123;;;S;China, República Popular;BRINKMAX;997A/ NOME COMERCIAL: ANDAJÁ/VERSÕES: AZUL - 582597/ROSA - 582596/VERMELHO - 582598/VERMELHO/BRANCO - 582599 - MAT.: FERRO,POLIPROPILENO E POLIÉSTER/DIM.:67X57X54CM;SIST.DE TRAVA.:LIBERAÇÃO EM DUAS AÇÕES CONSECUTIVAS/SIST.DE MONT.E FERR.MAN.(SEM FERRAMENTA)/ACESSÓRIOS: BRINQUEDO/CARACTERISTICAS DO MODELO: ANDADOR INFANTIL COM BRINQUEDO ACOPLADO;7890785825966|7890785825973|7890785825980|7890785825997;Incluido;19/06/2023
766329/2024;Ativo;;07/02/2022;;;TUTTI BABY INDUSTRIA E COMERCIO DE ARTIGOS INFANTIS LTDA;06981862000129;4733794000;Rod. Guilherme Jensen, SC413, km13;0;;89108000;Distrito Industrial;Massaranduba;SC;certificacao@tuttibaby.com.br;TUTTI BABY INDUSTRIA E COMERCIO DE ARTIGOS INFANTIS LTDA;Andadores Infantis;Portaria Inmetro nº 129 de 19/03/2021;;IN2869325;Modelo 5;;N;Brasil;Tutti Baby;Andador Safari Plus II (Azul / Rosa / Vermelho);ESTRUT. MET.AÇO.TUBULAR/48x60,5x70CM/SIST.DE TRAV. COM.DUAS.AÇÕES.CONSECUT.PARA.LIBER./PARAFUSOS.E. REBITES/BRINQUEDOS.E.ADESIVOS;7898431501615|7898431501622|7898431501639;Excluido;08/04/2022
266883/1965;Inativo;;12/12/2022;;;COMPANHIA DOREL BRASIL PRODUTOS INFANTIS;10659948000883;2135547024;Av. Nilo Peçanha;1516 ;Galpão 3 ;28030035;Pq dos Rodoviários;Campos dos Goytacaze;RJ;standard@dorel.com.br;Dongguan Xinyeda Hardware Plastic Products Co., Ltd;Andadores Infantis;Portaria Inmetro nº 129 de 19/03/2021;;IN1715922;;;S;China, República Popular;Safety 1st;11389.  Melody Garden;ABS,PP.PVC.Pol.Esp, 64x55x66cm,Trav.Lib.2açoes cons, Mon.Manual. Aces: Brinquedos.;9312541727119;Incluido;12/12/2022
060344/1951;Ativo;;29/04/2024;;;TAPUZIM COMERCIAL LTDA;00513418000100;113856906;Av. Monte Celeste;230;250;02561000;Vila S. Maria;São Paulo;SP;sergio@babystylebrasil.com.br;SHEN ZHEN WEI MEI CHILDCARE PRODUCT LIMITED COMPANY;Andadores Infantis;Portaria Inmetro nº 129 de 19/03/2021;;IN2118124-2;;;S;China, República Popular;Baby Style;ANDADOR FOGUETE - FOGUETE CINZA E FOGUETE ROSA;MATERIAL:PP/DIM:62X53X78CM/SISTEMA DE TRAVAME:LIBERA EM 2 AÇÕES CONSECUTIVAS/MANUAL/ACESSÓRIOS:N/A/CARACT DO MODELO:ANDADOR C BRINQUEDO NA BANDEJA;4079337285219|4079337296543;Incluido;29/04/2024
585041/2021;Ativo;;01/07/2026;;;APS IMPORTACAO EXPORTACAO DISTRIBUICAO LTDA;44540981000135;11974642778;EST GERAL DE MEDEIROS;20;SALA 05;88390000;MEDEIROS;BARRA VELHA;SC;orquestra@yescert.com.br;Tengzhou Lebeir Baby Carriage Co., Ltd.;Andadores Infantis;Portaria Inmetro nº 129 de 19/03/2021;;IN3076626;Modelo 5;;S;China, República Popular;TOYS&TOYS;MOD:ANDADOR MUSICAL PARA BEBES/INFANTIL/CÓD DE REFERÊNCIA COMERCIAL: ANDADOR MUSICAL V:CINZA - 310552,MARROM - 310569,AZUL - 310576,ROSA 310583;Mat:PP/Dim:799x660x715mm/Sist de Travam: Dois dispositivos de travam independentes sendo operados simult/Sist de Mont e Ferr:Manual (sem ferram)/Acess:N/A/Caract do modelo:ANDADOR COM BRINQ.MUSICAL AC;7908888310552|7908888310569|7908888310576|7908888310583;Incluido;01/07/2026
234841/1963;Ativo;;01/07/2026;;;APS IMPORTACAO EXPORTACAO DISTRIBUICAO LTDA;44540981000135;11974642778;EST GERAL DE MEDEIROS;20;SALA 05;88390000;MEDEIROS;BARRA VELHA;SC;orquestra@yescert.com.br;Tengzhou Lebeir Baby Carriage Co., Ltd.;Andadores Infantis;Portaria Inmetro nº 129 de 19/03/2021;;IN3076626;Modelo 5;;S;China, República Popular;TOYS&TOYS;MOD:ANDADOR MUSICAL PARA BEBES/INFANTIL/CÓD DE REFERÊNCIA COMERCIAL: ANDADOR MUSICAL V:CINZA - 310552,MARROM - 310569,AZUL - 310576,ROSA 310583;Mat:PP/Dim:799x660x715mm/Sist de Travam: Dois dispositivos de travam independentes sendo operados simult/Sist de Mont e Ferr:Manual (sem ferram)/Acess:N/A/Caract do modelo:ANDADOR COM BRINQ.MUSICAL AC;7908888310552|7908888310569|7908888310576|7908888310583;Incluido;01/07/2026
859685/2002;Ativo;;07/03/2024;;;MADHULA COMERCIO DE ARTIGOS ELETROELETRONICOS LTDA;03838532000190;63881924131;Rua Marcilio Dias;166;;69005270;Centro;Manaus;AM;ltdamcg@gmail.com;PINGHU SHI XIAOTIANDI CHILDREN''S PRODUCTS FACTORY;Andadores Infantis;Portaria Inmetro nº 129 de 19/03/2021;;IN2088024;;;S;China, República Popular;BENMEK;ANDADOR MADHULA - MA101 - ROSA-MA101R/AZUL-MA101A/VERDE-MA101V/LARANJA-MA101L;MAT.:PP,FERRO E POLIÉSTER/DIM.:63X57X53CM/SIST.TRAVA.:LIBERAÇÃO EM DUAS AÇÕES CONSECUTIVAS/SIST.MONT.FERRA.:MANUAL(SEM FERRAMENTA)/ACESSÓRIOS:N/A/CARACTERISTICAS DO MODELO: ANDADOR COM BRINQUEDO;6901031000158;Incluido;07/03/2024
885591/1981;Inativo;;14/01/2021;;;GALZERANO INDUSTRIA DE CARRINHOS E BERCOS LTDA;43594977000197;1934043030;Via Prefeito Jurandyr Paixão;700;;13481149;Jd. Campo Belo;Limeira;SP;luisfernando.camargo@galzerano.com.br;WEIMEI MEI CHILDCARE PRODUCT (HUIZHOU) LTD., CO;Andadores Infantis;Portaria Inmetro nº 42 de 19/01/2018;;CE-AND/IQB 000006 54025/20-001;;;S;China, República Popular;GALZERANO;Ref.: 4030-Andador 4 em 1 Funny. Versões: 4030CR (Color), 4030VDA (Verde Água);Mat Tec polié Espuma Resina plást Itens fixação Dimens 75x71x55(cm) Sist travament dobradiça plást c/ botão acionament Sist montagem/ferragem encaixe manual Acessórios manuais brinquedos removíveis;7898089221477|7898089221996;Incluido;14/01/2021
354348/1977;Ativo;;16/09/2024;;;AMAZONAS IMPORTADOS LTDA;07269201000138;9691131654;Rua Independência;175;;68900090;Central;Macapa;AP;adriana.abreu@amazonasimportados.com.br;YIWU BALBIAN ELECTRONIC TECHNOLOGICAL CO., LTD;Andadores Infantis;Portaria Inmetro nº 129 de 19/03/2021;;IN2086424-1;;;S;China, República Popular;LÉ PETIT;MODE:BABY WALKER/REF:LP-9517/ CONT: ANDADOR COM BRINQUEDO ACOPLADO/VERSÕES:AZUL,ROSA,VERDE,;MAT:PP E POLIÉSTER/DIM:62X55,5X50CM/SIST DE TRAV:LIBERAÇÃO EM DUAS AÇÕES CONSECUTIVAS/SIST DE MONT E FERRAGEM:MANUAL (SEM FERRAMENTA)/ACESSÓRIOS:N/A.CARACTERISTICAS DO MODELO:;453068745717;Incluido;16/09/2024
336507/2025;Ativo;;13/04/2026;;;VG SHOP COMERCIO ON LINE LTDA;16857384000365;1149690505;RUA PROJETADA SN KM 15 NUCLEO AGUA COMPRIDA;0;KM 15;37600000;AGUA COMPRIDA;CAMBUI;MG;gilson@vgshop.com.br;YONGXING SPORTS LIMITED;Andadores Infantis;Portaria Inmetro nº 129 de 19/03/2021;;IN2982826;Modelo 5;;S;China, República Popular;MULTMAXX;Desig. Com. andador infantil com empurrador Cod. Ref. MTX150 / MTX151 Quant. (aplic. para mod. 1b) n/a Mat: poliéster, abs, pp e borracha Dim. 76x65x65cm Sis. Trav. dois dispositivos independentes sendo operador simultaneamente;Sis. de Mont. e Ferragem: manual (com ferramenta) acess: N/A Car.do mod: andador ccom empurrador e brinquedo musical Vers. MTX150 cinza MTX151 rosa;7898758400394|7898758400400;Incluido;13/04/2026
781434/1949;Ativo;;05/08/2021;;;GALZERANO INDUSTRIA DE CARRINHOS E BERCOS LTDA;43594977000197;19999947357;Via Prefeito Jurandyr Paixão;700;;13481149;Jd. Campo Belo;Limeira;SP;luisfernando.camargo@galzerano.com.br;GALZERANO INDUSTRIA DE CARRINHOS E BERCOS LTDA;Andadores Infantis;Portaria Inmetro nº 129 de 19/03/2021;;CE-AND/IQB 000006 54618/21-001;;;N;Brasil;GALZERANO;Ref.: 4050-Andador Torino. Versões: 4050PTR (Preto Rosa), 4050PTT (Preto Terracota);Mat Tec poliest Espum PP PA6 Master Tint Tub aço Itens fix/aviam CxLxA(cm) 71x62,5x51,5 Trav Trilh plást c/ botão destrav e reg alt Acess Band brinq não remove retrov Caract Tec Pçs plást Tint Ferrage;7908200102193|7908200102209;Excluido;01/09/2021
616668/1961;Ativo;;19/06/2023;;;KCARVALHUS COMERCIO E SERVICOS EIRELI;24633386000137;1143798430;Rua Poeta João Cabral De Melo Neto,  Santa Maria - Osasco - SP;77;;06147020; Santa Maria ;Osasco ;SP;carlos.carvalho@kkbebe.com.br;PINGHU SHI XIAOTIANDI CHILDREN?S PRODUCTS FACTORY;Andadores Infantis;Portaria Inmetro nº 129 de 19/03/2021;;IN1823223;;;S;China, República Popular;KK bebê;ANDADOR INFANTIL PASSINHO FORTE / AZUL /ROSA , MATERIAL:PP,FERRO E POLIÉSTER/DIMENSÕES:63X57X53CM;SISTEMA DE TRAVAMENTO:LIBERAÇÃO EM DUAS AÇÕES CONSECUTIVAS/SISTEMA DE MONTAGEM E FERRAGEM: MANUAL (SEM FERRAMENTA)/ACESSÓRIOS:BRINQUEDOS/CARACTERISTICAS DO MODELO: ANDADOR COM BRINQUEDO FIXO ACOPLADO;7898711750108|7898711750115;Incluido;19/06/2023
243901/1968;Ativo;;01/12/2021;;;HEMNANI COMERCIO DE VARIEDADES LTDA.;05469291000185;1124143633;Rua Marcílio Dias;304;N/A;69005270;Centro;Manaus;AM;papush@uol.com.br;China Zhejiang Techincal Co. Ltd;Andadores Infantis;Portaria Inmetro nº 42 de 19/01/2018;;OCAN-AND.189/21-1;;;S;China, República Popular;SITA;AKH602;Material: PP, Ferro e Poliester - Dimensões: 655 mm X 560mm X 500 mm - Sistema de Travamento: Travamento automatico com liberação em duas ações consecutivas - Sistema de Montagem e Ferragem: MANUAL;;Incluido;01/12/2021
648352/2003;Inativo;;14/08/2019;;;Companhia Dorel Brasil Produtos Infantis;10659948000107;2135633602;Av. Nilo Peçanha;1516 /1582;Térreo;28030035;Pq dos Rodoviários;Campos dos Goytacaze;RJ;mariana.magalhaes@dorel.com.br;Hua Song Plastic Products Co Ltd;Andadores Infantis;Portaria Inmetro nº 42 de 19/01/2018;;OCAN-AND.145/19-3;;;S;China, República Popular;Safety 1st;11389;Nome Fantasia: Melody Garden. Cor única. Material: Ferro, plástico e PP. 64x55x66 cm. Sistema de Travamento e Montagem: Manual. Acessórios: Bandeja.;9312541727119;Incluido;14/08/2019
942367/1929;Ativo;;13/04/2026;;;VG SHOP COMERCIO ON LINE LTDA;16857384000365;1149690505;RUA PROJETADA SN KM 15 NUCLEO AGUA COMPRIDA;0;KM 15;37600000;AGUA COMPRIDA;CAMBUI;MG;gilson@vgshop.com.br;YONGXING SPORTS LIMITED;Andadores Infantis;Portaria Inmetro nº 129 de 19/03/2021;;IN2982826;Modelo 5;;S;China, República Popular;MULTMAXX;Desig. Com. andador infantil com empurrador Cod. Ref. MTX150 / MTX151 Quant. (aplic. para mod. 1b) n/a Mat: poliéster, abs, pp e borracha Dim. 76x65x65cm Sis. Trav. dois dispositivos independentes sendo operador simultaneamente;Sis. de Mont. e Ferragem: manual (com ferramenta) acess: N/A Car.do mod: andador ccom empurrador e brinquedo musical Vers. MTX150 cinza MTX151 rosa;7898758400394|7898758400400;Incluido;13/04/2026
236371/1956;Ativo;;07/02/2022;;;TUTTI BABY INDUSTRIA E COMERCIO DE ARTIGOS INFANTIS LTDA;06981862000129;4733794000;Rod. Guilherme Jensen, SC413, km13;0;;89108000;Distrito Industrial;Massaranduba;SC;certificacao@tuttibaby.com.br;TUTTI BABY INDUSTRIA E COMERCIO DE ARTIGOS INFANTIS LTDA;Andadores Infantis;Portaria Inmetro nº 129 de 19/03/2021;;IN2869325;Modelo 5;;N;Brasil;Tutti Baby;Andador Safari Plus II (Azul / Rosa / Vermelho);ESTRUT. MET.AÇO.TUBULAR/48x60,5x70CM/SIST.DE TRAV. COM.DUAS.AÇÕES.CONSECUT.PARA.LIBER./PARAFUSOS.E. REBITES/BRINQUEDOS.E.ADESIVOS;7898431501615|7898431501622|7898431501639;Excluido;08/04/2022
530375/1982;Inativo;;24/09/2019;;;Galzerano Indústria de Carrinhos e Berços Ltda;43594977000197;1934043030;Via Prefeito Jurandyr Paixão;700;;13481149;Jd. Campo Belo;Limeira;SP;luisfernando.camargo@galzerano.com.br;SHEN ZHEN WEI MEI CHILDCARE PRODUCT LIMITED COMPANY;Andadores Infantis;Portaria Inmetro nº 42 de 19/01/2018;;CE-AND/IQB 000006 53504/20-001;;;S;China, República Popular;GALZERANO;Andador de bebê 4 em 1 Funny - Versões: Color (CR), Verde Água (VDA);Mat Tec poli Espum Resin plást Itens fix Dimens 75Cx71Lx55A(cm) Sist trav Dobradiç plást c/ botã acion Sist mont frenag Encaix manua Mod Andador c/ módul sonor Pçs girat Cores divers Acess Brinq remov;7898089221477|7898089221996;Incluido;24/09/2019
058490/1999;Ativo;;20/10/2022;;;STYLL ADMINISTRACAO, INVESTIMENTOS, LOCACOES & SERVICOS LIMITADA;22475905000231;11994300960;Rua Marcio Carlim;401;;13849226;Parque Industrial;Mogi Guaçu;SP;alexandre@styll.com.br;STYLL ADMINISTRACAO, INVESTIMENTOS, LOCACOES & SERVICOS LIMITADA;Andadores Infantis;Portaria Inmetro nº 129 de 19/03/2021;;IN1679022;Modelo 5;;N;Brasil;STYLL BABY;ANDADOR SOFT WAY / V:V:AZ.SON.(AND-98.001-05)/RO.SON.(AND-98.002-05)/LAR.SON.(AND-98.003-05)/GUARÁ AZ.(AND-50.022-01)/GUARÁ RO.(AND-50.022-02)/GUARÁ LAR.(AND-50.022-03)/VE.SON.(AND-99.009-68)/AZ.CLÁS.(AND-98.001-04)/RO.CLÁS.(AND-98.002-04))/...;MAT:AÇO,POLIPR. E POLIÉ./DIM:640X570X470MM/SIS.DE TRAV:CATRA.EM BAI.DA BAN.(LIBER. EM DU.AÇÕ.CONS.)/SIST.DE MON.E FERR.:MANUAL(COM CHA.PHI.NÃO INCL.)/ACES:BAND.COM BRIN./ CONT.VERSÔES;7898488590037|7898488590440|7898488590457|7898488590464|7898488590624|7898488599849|7898488599856|7898488599863|7898488599870|7898488599887|789848859994;Incluido;20/10/2022
207593/1946;Ativo;;26/07/2024;;;DARDARA COMERCIO IMPORTACAO E EXPORTACAO LTDA;07774907000157;11964220291;R VALENTIM MAGALHAES;95;***;03184090;ALTO DA MOOCA;SÃO PAULO;SP;sac@dardara.com.br;FOSHAN BAOLIMEI BABY CARRIER CO., ;Andadores Infantis;Portaria Inmetro nº 129 de 19/03/2021;;IN2255924;;;S;China, República Popular;DARDARA;ANDADOR CARRO FD-2407 / VERSÕES: AZUL E ROSA;MAT:PP,METAL E POLIÉSTER/DIM:740X630X510MM/SIST DE TRAVA:LIB EM 2 AÇÕES CONSECUT/SIST DE MONT/FERRAG:MANUAL(C/FERRAMENTAS)/ACESSÓRIOS: BRINQ/CARACT DO MODELO:ANDADOR C/BRINQ INTEGRADO;7898572462738|7898572462755;Incluido;26/07/2024
301484/1939;Ativo;;03/04/2023;;;PLANETA - IMPORTACAO E DISTRIBUICAO DE BRINQUEDOS LTDA;13434272000141;1138951572;AV VASCO MASSAFELI;1000;G1A M1-21;06703600;JARDIM MARIA TEREZA;COTIA;SP;admin@planetadobebe.com.br;HEBEI WANXIN CHILDREN TOYS CO.,LTD.;Andadores Infantis;Portaria Inmetro nº 129 de 19/03/2021;;IN1765923;Modelo 5;;S;China, República Popular;MAXI BABY;NW-01 - ANDADOR LA BAMBA;MAT:PP PARTES EM ABS, AÇO DE ALTO CARB RODA ELAST.TERMO., PVC/DIM:580X680X550/SIS TRA:LIBERA.EM 2 AÇÕES CONSEC. SIS DE MON E FER:MAN.(S/ FER)/ACE:BANDEJA COM BRINQ/CAR MOD:AND COM BRINQ(BAND.A MUS.);7899403215370|7899403215387;Excluido;22/12/2025
824379/2008;Inativo;;12/01/2023;;;COMPANHIA DOREL BRASIL PRODUTOS INFANTIS;10659948000883;2135547024;Av. Nilo Peçanha;1516 ;Galpão 3 ;28030035;Pq dos Rodoviários;Campos dos Goytacaze;RJ;standard@dorel.com.br;Jin Sun Gee Plastics Co., Ltd;Andadores Infantis;Portaria Inmetro nº 129 de 19/03/2021;;IN1701622-3;;;S;Formosa (Taiwan);Safety 1st;HE001. Nome comercial: Spacewalker 3 em 1. Versões: Grey, Orange.;PP,Ferro,Aço,ABS,PVC,POM,TPR,MB475,Pol,65.5x50x71.5cm.Trav:Lib.2ações cons.,Mont:Manual.Aces.Brinq.;7908238803932|7908238803949;Incluido;12/01/2023
679000/2016;Ativo;;31/08/2026;;;TUTTI BABY INDUSTRIA E COMERCIO DE ARTIGOS INFANTIS LTDA;06981862000129;4733794000;Rod. Guilherme Jensen, SC413, km13;0;Galpão 01;89108000;Distrito Industrial;Massaranduba;SC;heloiza.souza@tuttibaby.com.br;TUTTI BABY INDUSTRIA E COMERCIO DE ARTIGOS INFANTIS LTDA;Andadores Infantis;Portaria Inmetro nº 129 de 19/03/2021;;CE-AND/IQB 000013 57036/26-002;Modelo 5;;N;Brasil;TUTTI BABY;ANDADOR COMFORT - 40005004,40005003,40005011,40005028,40005007,40005010,40005006,40005029;ESTRU.METALICA:ACO TUBULAR,BRINQ:PLAST.DE ENG.,REVEST. TEXTIL: ALGODAO/48X60,5X70 CM/DOIS DISP. DE TRAV. INDEP. SENDO OP. SIMULT./PARAFUSOS E MONT. DE PÇS PLAST./BRINQ. CERT. E ADESIVO-57036/26;7898431502063|7898431502070|7898431502087|7898431502094|7898431502100|7898431502117|7898431502124|7898431502131;Incluido;31/08/2026
722178/1931;Ativo;;20/12/2019;;;TAPUZIM COMERCIAL LTDA;00513418000100;1138569063;Av. Monte Celeste;230;250;02561000;Vila S. Maria;São Paulo;SP;ehs0770@hotmail.com;SHEN ZHEN WEI MEI CHILDCARE PRODUCT LIMITED COMPANY;Andadores Infantis;Portaria Inmetro nº 42 de 19/01/2018;;OCAN-AND.165/19-2;;;S;China, República Popular;baby style;SPACECAR - VERSÕES: Andador car - Ref. 21302 / Andador space - Ref. 33117;Material: Plástico, metal e tecido. Dimensões: 59 x 59 x 69 cm , Sistema de Travamento: Stoper, Sistema de Montagem e Ferragem: Tesoura, Acessórios: Bandeja musical;4532213022990|4532331172997;Incluido;20/12/2019
719653/1960;Ativo;;31/10/2025;;;MD COMERCIO DE FERRAGENS LTDA;55274701000100;92985975259;Avenida Joaquim Nabuco;1094;A;69020030;Centro;Manaus;AM;mdcomerciodeferragensltda@gmail.com;Xingtai Pandelo Technology Co.,Ltd;Andadores Infantis;Portaria Inmetro nº 129 de 19/03/2021;;IN2824825;Modelo 5;;S;China, República Popular;ULTRA BABY;ANDADOR INFANTIL MUSICAL PARA BEBÊ - UBW -305 - N/A - BABY PINK / BARBIE PINK/RED / WHITE/ROYAL BLUE /ORANGE / WHITE/LIGHT BLUE / WHITE;MAT:PP,FERRO E POLIÉ./DIM.:68X59X52 CM/SIST.DE TRAV.:LIB.EM DUAS AÇÕES CONS./SIST.DE MONT. E FERR.:MAN.(S/FERRAM.)/ACESS.:N/A/CARACTERISTICAS DO MODELO:ANDADOR COM BRINQUEDO ACOPLADO;7890012361007|7890012361113|7890012368082|7890012369096;Incluido;31/10/2025
330228/1948;Ativo;;27/03/2026;;;HEMNANI COMERCIO DE VARIEDADES LTDA.;05469291000185;9232330121;Rua Marcílio Dias;304;;69005270;Centro;Manaus;AM;hemnanibr@yahoo.com;PINGHU XIAOTIANDI CHILDREN?S PRODUCTS FACTORY;Andadores Infantis;Portaria Inmetro nº 129 de 19/03/2021;;IN2911926;Modelo 5;;S;China, República Popular;SITA;ANDADOR AKH602 - AKH602 - AVIÃO - AVIAO;MAT:PP,FERRO E POLIE./DIM:70 X62.5 X 51 CM/SISTEMA DE TRAVAMENTO:LIBERAÇÃO EM DUAS AÇÕES CONSECUTIVAS/SISTEMA DE MONTAGEM E FERRAGEM:MAN.(S/FERRAM.)/ACESS:BAND.MUSI./CARAC.DO MOD.:AND.COM BAND.MUSI.;0618231660148;Incluido;27/03/2026
118394/1935;Ativo;;07/02/2022;;;TUTTI BABY INDUSTRIA E COMERCIO DE ARTIGOS INFANTIS LTDA;06981862000129;4733794000;Rod. Guilherme Jensen, SC413, km13;0;;89108000;Distrito Industrial;Massaranduba;SC;certificacao@tuttibaby.com.br;TUTTI BABY INDUSTRIA E COMERCIO DE ARTIGOS INFANTIS LTDA;Andadores Infantis;Portaria Inmetro nº 129 de 19/03/2021;;IN2869325;Modelo 5;;N;Brasil;TUTTI BABY;ANDADOR SAFARI II-ANDADOR 40.002-40002003/40002004/40002007/40003004/40004002/40004003;MAT:PP/ALGODAO/DIM:51X61X70CM/SIS_TRAV:DOIS DISPOS DE TRAV IND. OPER. SIMULTÂNEAMENTE/SIS_MONT/FERRG:REBITES,PARAF,ENCAIXE DE PÇS PLAST/ACESS:BAND. C/ BRINQ/CARAC. DO MOD.:ANDADOR C/ BRINQ NA BAND;7898431501615|7898431501622|7898431501639|7898431501684|7898431501691|7898431501707;Incluido;27/02/2026
704729/1940;Ativo;;19/06/2026;;;LILI FLORES ARTESANAIS LTDA;50509301000113;2199999999;R SANTO SEPULCRO;00279;;21350220;MADUREIRA;RIO DE JANEIRO;RJ;xiaoweiliu663@gmail.com;PINGHU XIAOTIANDI CHILDREN''S PRODUCTS FACTORY ;Andadores Infantis;Portaria Inmetro nº 129 de 19/03/2021;;IN3051726;Modelo 5;;S;China, República Popular;LILI;MOD:ANDADOR LL-2931 / CÓD. DE REFERÊNCIA COMERCIAL: LL-2931 / AZUL,ROSA,VERDE;MAT.:PP, POLIÉSTER E POLIETILENO/DIM:56,5X68X60,5CM/ SIST.TRAV.:LIBERAÇÃO EM DUAS AÇÕES CONSECUTIVAS/SIST. MONT.:LIBERAÇÃO EM DUAS AÇÕES CONSECUTIVAS/SEM ACESSÓRIOS/ANDADOR COM BRINQUEDO INTERATIVO;;Incluido;19/06/2026
605253/1990;Ativo;;14/05/2026;;;UNI-ART IMPORT LTDA.;68168368000105;11952844300;AV DAS INDUSTRIAS ;755;;13288163;DIST.INDL B. STORANI;VINHEDO;SP; www.unitoys.com.br;QINGYUAN XINGLONG BALL PRODUCING CO., LTD.;Andadores Infantis;Portaria Inmetro nº 129 de 19/03/2021;;IN2985326;Modelo 5;;S;China, República Popular;UNITOYS;ANDADOR COM EMPURRADOR - N/A - 3726 AZUL/3726 ROSA;MAT:PP, POLIÉSTER E AÇO/DIM:50X60X102 CM/SIS_TRAV:LIBERAÇÃO EM DUAS AÇÕES CONSECUTIVAS/SIS_MONT E FERRG:MANUAL (SEM FERRAMENTA)/ACESS:N/A/CARACTERISTICAS DO MODELO:ANDADOR COM BANDEJA MUSICAL;7908901504395|7908901504401;Incluido;14/05/2026
759327/1977;Ativo;;20/10/2022;;;STYLL ADMINISTRACAO, INVESTIMENTOS, LOCACOES & SERVICOS LIMITADA;22475905000231;11994300960;Rua Marcio Carlim;401;;13849226;Parque Industrial;Mogi Guaçu;SP;alexandre@styll.com.br;STYLL ADMINISTRACAO, INVESTIMENTOS, LOCACOES & SERVICOS LIMITADA;Andadores Infantis;Portaria Inmetro nº 129 de 19/03/2021;;IN1679022;Modelo 5;;N;Brasil;STYLL BABY;ANDADOR SOFT WAY / V:V:AZ.SON.(AND-98.001-05)/RO.SON.(AND-98.002-05)/LAR.SON.(AND-98.003-05)/GUARÁ AZ.(AND-50.022-01)/GUARÁ RO.(AND-50.022-02)/GUARÁ LAR.(AND-50.022-03)/VE.SON.(AND-99.009-68)/AZ.CLÁS.(AND-98.001-04)/RO.CLÁS.(AND-98.002-04))/...;MAT:AÇO,POLIPR. E POLIÉ./DIM:640X570X470MM/SIS.DE TRAV:CATRA.EM BAI.DA BAN.(LIBER. EM DU.AÇÕ.CONS.)/SIST.DE MON.E FERR.:MANUAL(COM CHA.PHI.NÃO INCL.)/ACES:BAND.COM BRIN./ CONT.VERSÔES;7898488590037|7898488590440|7898488590457|7898488590464|7898488590624|7898488599849|7898488599856|7898488599863|7898488599870|7898488599887|789848859994;Incluido;20/10/2022
586036/1999;Inativo;;11/11/2022;;;COMPANHIA DOREL BRASIL PRODUTOS INFANTIS;10659948000883;2135547024;Av. Nilo Peçanha;1516 ;Galpão 3 ;28030035;Pq dos Rodoviários;Campos dos Goytacaze;RJ;standard@dorel.com.br;Jin Sun Gee Plastics Co., Ltd;Andadores Infantis;Portaria Inmetro nº 129 de 19/03/2021;;IN1701622-2;;;S;Formosa (Taiwan);Voyage;BG-1518. Nome comercial: Baby Step. Versões: Rosa e Azul.;Ferro,PP e poliéster. 60x49x68cm.Trav:Lib.2 ações consec.,Mont:Encaixe. Aces:Brinquedos;7908238801280|7908238801297;Incluido;11/11/2022
438320/1991;Inativo;;11/11/2022;;;COMPANHIA DOREL BRASIL PRODUTOS INFANTIS;10659948000883;2135547024;Av. Nilo Peçanha;1516 /1582;Galpão 3 ;28030035;Pq dos Rodoviários;Campos dos Goytacaze;RJ;standard@dorel.com.br;Jin Sun Gee Plastics Co., Ltd;Andadores Infantis;Portaria Inmetro nº 129 de 19/03/2021;;IN1701622-1;;;S;Formosa (Taiwan);Cosco;BG-2023. Nome comercial: Goal Walker 4 em 1. Versões: Rosa e Azul.;Ferro, PP, PU e Pol, 74x44x66,5cm.Trav.real.único acion.,Mont: Manual(c/chave phil,n/inclusa). Aces: Brinq.;7898509478375|7898509478665;Incluido;11/11/2022
412398/1961;Ativo;;01/12/2021;;;HEMNANI COMERCIO DE VARIEDADES LTDA.;05469291000185;1124143633;Rua Marcílio Dias;304;N/A;69005270;Centro;Manaus;AM;papush@uol.com.br;China Zhejiang Techincal Co. Ltd;Andadores Infantis;Portaria Inmetro nº 42 de 19/01/2018;;OCAN-AND.189/21-1;;;S;China, República Popular;SITA;AKH602;Material: PP, Ferro e Poliester - Dimensões: 655 mm X 560mm X 500 mm - Sistema de Travamento: Travamento automatico com liberação em duas ações consecutivas - Sistema de Montagem e Ferragem: MANUAL;;Incluido;01/12/2021
706402/1987;Ativo;;03/04/2023;;;PLANETA - IMPORTACAO E DISTRIBUICAO DE BRINQUEDOS LTDA;13434272000141;1138951572;AV VASCO MASSAFELI;1000;G1A M1-21;06703600;JARDIM MARIA TEREZA;COTIA;SP;admin@planetadobebe.com.br;HEBEI WANXIN CHILDREN TOYS CO.,LTD.;Andadores Infantis;Portaria Inmetro nº 129 de 19/03/2021;;IN1765923;Modelo 5;;S;China, República Popular;MAXI BABY;ANDADOR LA BAMBA - NW-01 - AZUL #21537/ROSA #21538/VERMELHO #75268;MAT: PP E PAR. ABS, AÇO DE ALT. CARB.-RODA ELAST. TERM.,PVC/DIM:580X680X550(LXCXH)/SIS_TRAV:LIBE.EMDUAS AÇÕES CONS./SIS_MONT E FER:MAN.(S/FER.)/ACES:BAND C BRINQ./CARAC.DO MOD:ANDADOR C BRI.(BAD. MUS.;7898975752689|7899403215370|7899403215387;Excluido;18/03/2026
269653/1993;Inativo;;07/10/2019;;;Galzerano Indústria de Carrinhos e Berços Ltda;43594977000197;1934043030;Via Prefeito Jurandyr Paixão;700;;13481149;Jd. Campo Belo;Limeira;SP;luisfernando.camargo@galzerano.com.br;GUANGDONG ZHIHUI CHILDREN?S PRODUCTS CO.,LTD;Andadores Infantis;Portaria Inmetro nº 42 de 19/01/2018;;CE-AND/IQB 000006 53503/20-001;;;S;China, República Popular;GALZERANO;Andador de bebê Magic - Versão: Cinza (CZ), Preto (PT);Mat Tec poli Espum Resin plást Tint Ferrag 70Cx65Lx54A cm Travam trilho plást com botão de destrav e regul alt Mont/frenag manual Andador com pçs girat e cores diversas Acess Bandej Brinq não removív.;7898089221590|7898089222283;Incluido;07/10/2019
679757/1987;Inativo;;11/11/2022;;;COMPANHIA DOREL BRASIL PRODUTOS INFANTIS;10659948000883;2135547024;Av. Nilo Peçanha;1516 /1582;Galpão 3 ;28030035;Pq dos Rodoviários;Campos dos Goytacaze;RJ;standard@dorel.com.br;Jin Sun Gee Plastics Co., Ltd;Andadores Infantis;Portaria Inmetro nº 129 de 19/03/2021;;IN1701622-1;;;S;Formosa (Taiwan);Cosco;BG-2023. Nome comercial: Goal Walker 4 em 1. Versões: Rosa e Azul.;Ferro, PP, PU e Pol, 74x44x66,5cm.Trav.real.único acion.,Mont: Manual(c/chave phil,n/inclusa). Aces: Brinq.;7898509478375|7898509478665;Incluido;11/11/2022
000406/2014;Ativo;;09/12/2019;;;TAPUZIM COMERCIAL LTDA;00513418000100;1138569063;Av. Monte Celeste;230;250;02561000;Vila S. Maria;São Paulo;SP;ehs0770@hotmail.com;SHEN ZHEN WEI MEI CHILDCARE PRODUCT LIMITED COMPANY;Andadores Infantis;Portaria Inmetro nº 42 de 19/01/2018;;OCAN-AND.165/19-3;;;S;China, República Popular;baby style;CENTRO DE ATIVIDADES;VERSÕES: Andador play - Ref.5821 Andador meninos - Ref. 515211 Andador meninas - Ref. 51522. Material: Plástico, metal e tecido. Dimensões: 74 x 75 x 18 cm Sistema de Travamento: Stoper Sistema de Mon;4079515211993|4079515222999|4532582122994;Incluido;09/12/2019
294421/1940;Ativo;;05/08/2021;;;GALZERANO INDUSTRIA DE CARRINHOS E BERCOS LTDA;43594977000197;19999947357;Via Prefeito Jurandyr Paixão;700;;13481149;Jd. Campo Belo;Limeira;SP;luisfernando.camargo@galzerano.com.br;GALZERANO INDUSTRIA DE CARRINHOS E BERCOS LTDA;Andadores Infantis;Portaria Inmetro nº 129 de 19/03/2021;;CE-AND/IQB 000006 54618/21-001;;;N;Brasil;GALZERANO;Ref.: 4050-Andador Torino. Versões: 4050PTR (Preto Rosa), 4050PTT (Preto Terracota);Mat Tec poliest Espum PP PA6 Master Tint Tub aço Itens fix/aviam CxLxA(cm) 71x62,5x51,5 Trav Trilh plást c/ botão destrav e reg alt Acess Band brinq não remove retrov Caract Tec Pçs plást Tint Ferrage;7908200102193|7908200102209;Excluido;01/09/2021
588425/1966;Inativo;;19/04/2021;;;COMPANHIA DOREL BRASIL PRODUTOS INFANTIS;10659948000107;02135547024;Av. Nilo Peçanha;1516 /1582;Térreo;28030035;Pq dos Rodoviários;Campos dos Goytacaze;RJ;mariana.magalhaes@dorel.com.br;Jin Sun Gee Plastic Co.,Ltd;Andadores Infantis;Portaria Inmetro nº 42 de 19/01/2018;;OCAN-AND.145/21-5;;;S;Formosa (Taiwan);Safety 1st;HE001. Andador Spacewalker. Cores: Grey e Orange.;PP, Ferro, ABS. 58x65.5x71.5cm.Trav.Manual.Sist.Mont.Fren.Manual. Bandeja de Brinquedos.;7908238803932|7908283803949;Incluido;19/04/2021
438320/1991;Inativo;;12/12/2022;;;COMPANHIA DOREL BRASIL PRODUTOS INFANTIS;10659948000883;2135547024;Av. Nilo Peçanha;1516 ;Galpão 3 ;28030035;Pq dos Rodoviários;Campos dos Goytacaze;RJ;standard@dorel.com.br;Dongguan Xinyeda Hardware Plastic Products Co., Ltd;Andadores Infantis;Portaria Inmetro nº 129 de 19/03/2021;;IN1715922;;;S;China, República Popular;Safety 1st;11389.  Melody Garden;ABS,PP.PVC.Pol.Esp, 64x55x66cm,Trav.Lib.2açoes cons, Mon.Manual. Aces: Brinquedos.;9312541727119;Incluido;12/12/2022
373889/1927;Ativo;;02/09/2026;;;BAGATOLI COMERCIO DE REFRIGERACAO LTDA;00897750000108;47984556257;BR-470;8105;;89058020;FORTALEZA ALTA;BLUMENAU;SC;digitalpriceconsultoria@gmail.com;PINGHU XIAOTIANDI CHILDREN?S PRODUCTS FACTORY;Andadores Infantis;Portaria Inmetro nº 129 de 19/03/2021;;IN3155526;Modelo 5;;S;China, República Popular;BAGATOLI KIDS;MOD: ANDADOR INFANTIL PULSE/ N.COM: PULSE/ V.: ROSA, AZUL, CINZA;MAT.:PP,POLIÉSTER,AÇO/DIM.:51X61X69CM/SIST.TRAV.:LIB.2 AÇÕES CONSEC./SIST.MONT.FERR.:REBITES,PARAF.E ENCAIXE PEÇAS PLÁST./ACESS.:BRINQ.NA BANDEJA/CARACT.MOD.:ANDADOR C/BRINQ.;7901030400859|7901030400866|7901030400873;Incluido;02/09/2026
882429/1992;Ativo;;09/12/2019;;;TAPUZIM COMERCIAL LTDA;00513418000100;1138569063;Av. Monte Celeste;230;250;02561000;Vila S. Maria;São Paulo;SP;ehs0770@hotmail.com;SHEN ZHEN WEI MEI CHILDCARE PRODUCT LIMITED COMPANY;Andadores Infantis;Portaria Inmetro nº 129 de 19/03/2021;;IN2062423;Modelo 5;;S;China, República Popular;Baby Style;ANDADOR PIANINHO ROSA - 33725 / ANDADOR PIANINHO AZUL - 33726;ANDADOR PIANINHO RS E AZ, MATERIAL:PLÁSTICO/62 X 53 X 78 CM/LIBERAÇÃO EM DUAS AÇÕES CONSECUTIVAS/MANUAL (SEM FERRAMENTAS)/BRINQUEDO;4079337251993|4079337261992;Incluido;29/01/2024
176433/2019;Inativo;;24/09/2019;;;Galzerano Indústria de Carrinhos e Berços Ltda;43594977000197;1934043030;Via Prefeito Jurandyr Paixão;700;;13481149;Jd. Campo Belo;Limeira;SP;luisfernando.camargo@galzerano.com.br;SHEN ZHEN WEI MEI CHILDCARE PRODUCT LIMITED COMPANY;Andadores Infantis;Portaria Inmetro nº 42 de 19/01/2018;;CE-AND/IQB 000006 53504/20-001;;;S;China, República Popular;GALZERANO;Andador de bebê 4 em 1 Funny - Versões: Color (CR), Verde Água (VDA);Mat Tec poli Espum Resin plást Itens fix Dimens 75Cx71Lx55A(cm) Sist trav Dobradiç plást c/ botã acion Sist mont frenag Encaix manua Mod Andador c/ módul sonor Pçs girat Cores divers Acess Brinq remov;7898089221477|7898089221996;Incluido;24/09/2019
470448/1945;Ativo;;07/08/2024;;;COMERCIO E IMPORTACAO DENISE LTDA;29963642000178;21997976531;RUA DO MILHO;72;A;21011090;PENHA CIRCULAR;RIO DE JANEIRO;RJ;comerciomybaby@hotmail.com;PING HU BEST CHILDREN?S CARRIER CO.LTD;Andadores Infantis;Portaria Inmetro nº 129 de 19/03/2021;;IN2189524;;;S;China, República Popular;MY BABY;PATO A1 - ROSA LISO, AZUL LISO, ROSA COLORIDO, AZUL COLORIDO - Acessórios: Brinquedos Caracteristicas do modelo: Andador infantil com brinquedo elétrico;Material: Ferro, PP e Poliéster Dimensões: 71 x 62 x 55 cm Sistema de Travamento: Liberação em duas ações consecutivas Sistema de Montagem e Ferragem: Manual (com auxílio de ferramenta);6294013738218|6294013738225|6294013738287|6294013738294;Incluido;07/08/2024
764452/1971;Ativo;;12/11/2024;;;CACANDO OFERTAS LTDA;23230465000134;11976586700;Rua José Ferreira Crespo;752;Sala 1;08021480;Jardim São Vicente;São Paulo;SP;diegofrancisco22@bol.com.br;STYLL ADMINISTRACAO, INVESTIMENTOS, LOCACOES & SERVICOS LIMITADA;Andadores Infantis;Portaria Inmetro nº 129 de 19/03/2021;;IN2382924;;;N;Brasil;ClickBaby's;Andador Happy baby - Versões AZUL-HAPPY BABY ROSA-HAPPY BABY LARANJA-HAPPY BABY;Mat.Aço Polipropileno.Dim:640x570x470cm.Sist.Trav. Liberação duas ações consecutivas.Sist de Mont e Ferrag:Manual sem ferramenta.Acess: Bandeja c/Brinquedo.Caract/modelo:Andador c/brinquedo na bandeja;7898975097001|7898975097018|7898975097025;Incluido;12/11/2024
058456/1998;Ativo;;06/05/2025;;;KAVOD BRASIL COMERCIO E IMPORTACAO DE PRODUTOS DE USO DOMESTICO LTDA;12389993000114;1136612389;Avenida Marquês de São Vicente;2219;Conj 1001;05036040;Água Branca;São Paulo;SP;adm@kababy.com.br;Tengzhou Lebeir Baby Carriage Co., Ltd.;Andadores Infantis;Portaria Inmetro nº 129 de 19/03/2021;;IN2610825;;;S;China, República Popular;KaBaby;DESIGNAÇÃO COMERCIAL: ANDADOR DE EMPURRAR STEP-UP KABABY CINZA/CÓDIGO DE REFERÊNCIA COMERCIAL: ANDADOR/QUANTIDADE: -/;MAT:PP/DIM:799x660x715mm/SIS_TRAV:LIBERAÇÃO EM DUAS AÇÕES CONSECUTIVAS/SIS_MONTAGEM/FERRAGEM:MANUAL SEM AUXILIO DE FERRAMENTA/ACESSORIOS:N/A/CARACT_DO_MODELO:ANDADOR COM BRINQUEDO ACOPLADO;7898605218394;Incluido;06/05/2025
398936/1932;Ativo;;30/09/2019;;;BURIGOTTO SA INDUSTRIA E COMERCIO;51460277000138;1934042000;Rua Martino Dragone;280;;13480308;Jardim Santa Barbara;Limeira;SP;carlos.riva@burigotto.com;JIN SUN GEE PLASTICS. CO., LTD.;Andadores Infantis;Portaria Inmetro nº 42 de 19/01/2018;;CE-AND/IQB 000004 53005/19-001;;;S;Formosa (Taiwan);Burigotto;Andador Baby Coupe (ref. com. IXAN3034PK10-Rosa, IXAN3034AZ19-Azul, IXAN3034CL-CL);Andador Infantil, Mat.: Polipropileno, Nylon, Aço, Tecido e Espuma, Dim: 760X650X640mm, Sist. Trav. Automático, Sistema Montagem/Ferragem Rebites, parafusos e Encaixe de peças plásticas, Acessorio: Ba;7896502916146|7896502916160|7896502935550;Incluido;30/09/2019
058211/1941;Ativo;;09/12/2019;;;TAPUZIM COMERCIAL LTDA;00513418000100;1138569063;Av. Monte Celeste;230;250;02561000;Vila S. Maria;São Paulo;SP;ehs0770@hotmail.com;SHEN ZHEN WEI MEI CHILDCARE PRODUCT LIMITED COMPANY;Andadores Infantis;Portaria Inmetro nº 129 de 19/03/2021;;IN2062423;Modelo 5;;S;China, República Popular;Baby Style;MODELO: ANIMAIS VERSÕES: Andador cachorro vermelho - Ref. 33721 Andador cachorro azul - Ref. 33722 Andador abelha rosa - Ref. 33723 Andador abelha azul - Ref. 33724 Andador pianinho rosa Ref: 33725 Andador pianinho azul Ref: 33726;Material: Plástico, metal e tecido, Dimensões: 50 x 70 x 60 cm, Sistema de Travamento: Stoper, Sistema deMontagem e Ferragem: Tesoura, Acessórios: Bandeja musical;4079337218996|4079337228995|4079337238994|4079337248993|4079337251993|4079337261992;Excluido;29/01/2024
091459/1977;Ativo;;07/03/2024;;;MADHULA COMERCIO DE ARTIGOS ELETROELETRONICOS LTDA;03838532000190;63881924131;Rua Marcilio Dias;166;;69005270;Centro;Manaus;AM;ltdamcg@gmail.com;PINGHU SHI XIAOTIANDI CHILDREN''S PRODUCTS FACTORY;Andadores Infantis;Portaria Inmetro nº 129 de 19/03/2021;;IN2088024;;;S;China, República Popular;BENMEK;ANDADOR MADHULA - MA101 - ROSA-MA101R/AZUL-MA101A/VERDE-MA101V/LARANJA-MA101L;MAT.:PP,FERRO E POLIÉSTER/DIM.:63X57X53CM/SIST.TRAVA.:LIBERAÇÃO EM DUAS AÇÕES CONSECUTIVAS/SIST.MONT.FERRA.:MANUAL(SEM FERRAMENTA)/ACESSÓRIOS:N/A/CARACTERISTICAS DO MODELO: ANDADOR COM BRINQUEDO;6901031000158;Incluido;07/03/2024
124530/1958;Ativo;;12/04/2021;;;TUTTI BABY INDUSTRIA E COMERCIO DE ARTIGOS INFANT;06981862000129;4733794000;Rod. Guilherme Jensen;0;Galpão 01;89108000;Distrito Industrial;Massaranduba;SC;qualidade@tuttibaby.com.br;TUTTI BABY INDUSTRIA E COMERCIO DE ARTIGOS INFANT;Andadores Infantis;Portaria Inmetro nº 129 de 19/03/2021;;CE-AND/IQB 000005 54149/20-001;Modelo 5;;N;Brasil;Tutti Baby;Andador 40.001;ESTRUT.MET. DE AÇO TUB.PLÁST. DE ENG.ALGODÃO.48CM X60,5CMX70CM,COM DUAS AÇÕESCONSEC PARA LIB.REB.E PARAF.BRINQ. E ADES.BASE SUP.BASE INF.FREIO ANTI-QUEDA E CONJ.DE RODAS,PNEU DA RODA TRAS. E TRAVA ANT;7898431501219|7898431501226|7898431501233;Incluido;12/04/2021
352460/2024;Ativo;;15/11/2024;;;HCM INDUSTRIA E IMPORTACAO LTDA;12538691000160;37998767200;RUA SERGIPE ;1963;;35591096;SANTA ALEXANDRINA;LAGOA DA PRATA;MG;compras.hcmmalta@gmail.com;HCM INDUSTRIA E IMPORTACAO LTDA;Andadores Infantis;Portaria Inmetro nº 129 de 19/03/2021;;IN2431224-2;;;N;Brasil;JUMBO BABY;ANDADOR MUSICAL MEGALUXO JUMBO BABY/AZUL/ROSA/VERMELHO/LARANJA, CARAC.D/MODEL:ANDADOR COM BRINQUEDO NA BANDEJA;MAT.:POLIPROPILENO(PP)/ACO CARBONO(FERRAGENS)/TECIDO(POLIÉSTER)/DIM:69,5X58,5X14,5/SIS.D/TRAV.:LIB.EM 2AS.CON./SIS.D/MONT.E FERR.:MAN.(S/FERR.)/ACESS.:ASSE/FORR.P/OS PÉS/EMP./PAI.MUS;7898947715063|7898947715070|7898947715087|7898947715094;Incluido;15/11/2024
646475/1950;Ativo;;29/01/2025;;;MD COMERCIO DE FERRAGENS LTDA;55274701000100;92981285408;AVENIDA JOAQUIM NABUCO, ;1094;A;69020030;CENTRO;MANAUS;AM;monadowlani@gmail.com;Hebei Zhongtai Bicycle manufacturing Co,. Ltd;Andadores Infantis;Portaria Inmetro nº 129 de 19/03/2021;;IN2520425;;;S;China, República Popular;ULTRA BABY;ANDADOR INFANTIL MUSICAL PARA BEBÊ/REF.:UBW-1026/PINK/GREEN/BLUE;MAT:PU,PP,AÇO,POLIÉSTER,ABS/DIM:70X60X55CM/SIST.DE TRAV.:LIB.EM DUAS AÇÕ.CONS./SIS.DE MONT.E FER.:MAN.(S/FERR.)/ACESS.:BANDE.COM BRINQ./CARAC.DO MODE.:ANDAD.C/BRINQ;7890012365050|7890012366064|7890012367078;Incluido;29/01/2025
348092/2001;Ativo;;07/02/2022;;;TUTTI BABY INDUSTRIA E COMERCIO DE ARTIGOS INFANTIS LTDA;06981862000129;4733794000;Rod. Guilherme Jensen, SC413, km13;0;;89108000;Distrito Industrial;Massaranduba;SC;certificacao@tuttibaby.com.br;TUTTI BABY INDUSTRIA E COMERCIO DE ARTIGOS INFANTIS LTDA;Andadores Infantis;Portaria Inmetro nº 129 de 19/03/2021;;IN2869325;Modelo 5;;N;Brasil;TUTTI BABY;DESIGNAÇÃO COMERC SAFARI II (AZUL/ROSA/VERMELHO),PRINCESA ROSA COROA,ACQUA,EXPLORADOR (CINZA/ ROXO) CÓD D REF COMERC:ANDAD 40.002/40002003/40002004/40002007/40003004/40004002/40004003 CARACT DO MODELO:ANDADOR C BRINQUEDO;MAT:ESTRUTURA METALICA - AÇO TUBULAR/DIM:48X60,5X70CM/SIST DE TRAVA:LIBERAÇ EM 2AÇÕES CONSECUT/SIST DE MONTAGEM E FERRAGEM:PARAFUSOS E REBITES/ACESSÓ:BRINQUEDOS E ADESIVOS;7898431501615|7898431501622|7898431501639|7898431501684|7898431501691|7898431501707;Excluido;10/12/2025
376938/2013;Ativo;;29/01/2025;;;HCM INDUSTRIA E IMPORTACAO LTDA;12538691000160;3798753533;RUA SERGIPE ;1963;;35591096;SANTA ALEXANDRINA;LAGOA DA PRATA;MG;compras@hcmmalta.com.br;HCM INDUSTRIA E IMPORTACAO LTDA;Andadores Infantis;Portaria Inmetro nº 129 de 19/03/2021;;IN2431224-1;;;N;Brasil;JUMBO BABY;ANDADOR MUSICAL SUPERLUXO JUMBO BABY/Acessórios:Assento,Empurrador,Painel Musical/Caracteristicas do modelo:Andador com brinquedo na bandeja/Versões:AZUL,ROSA,VERMELHO,LARANJA;Mat:POLIPROPILENO (PP)/ACO CARBONO(FERRAGENS)/TECIDO(POLIÉSTER)/Dim:69,5X58,5X14,5/Sist de Trav:Liberação em duas ações consecutivas/Sist de Mont e Fer:Manual(sem ferramenta);7898947715025|7898947715032|7898947715049|7898947715056;Incluido;29/01/2025
972657/1982;Ativo;;07/03/2024;;;JASSUMAL LTDA;04214425000154;63881924131;AV SETE SETEMBRO;852;;69005140;CENTRO;MANAUS;AM;dgjohnny@gmail.com;PINGHU SHI XIAOTIANDI CHILDREN''S PRODUCTS FACTORY;Andadores Infantis;Portaria Inmetro nº 129 de 19/03/2021;;IN2087524;;;S;China, República Popular;BABY SPORTS;ANDADOR JASSUMAL - BS104 - AZUL CLARO E ESCURO-BS104A/ROSA CLARO E ESCURO-BS104R/VERMELHO E PRETO-BS104VP/ROXO E ROSA ESCURO-BS104RR;MAT.:PP,FERRO E POLIÉSTER/DIM.:63X57X53CM/SIST.TRAVA.:LIBERAÇÃO EM DUAS AÇÕES CONSECUTIVAS/SIST.MONT.FERRA.:MANUAL(SEM FERRAMENTA)/ACESSÓRIOS:N/A/CARACTERISTICAS DO MODELO: ANDADOR COM BRINQUEDO;6901041000155;Incluido;07/03/2024
940479/1976;Inativo;;11/11/2022;;;COMPANHIA DOREL BRASIL PRODUTOS INFANTIS;10659948000883;2135547024;Av. Nilo Peçanha;1516 ;Galpão 3 ;28030035;Pq dos Rodoviários;Campos dos Goytacaze;RJ;standard@dorel.com.br;Jin Sun Gee Plastics Co., Ltd;Andadores Infantis;Portaria Inmetro nº 129 de 19/03/2021;;IN1701622-2;;;S;Formosa (Taiwan);Voyage;BG-1518. Nome comercial: Baby Step. Versões: Rosa e Azul.;Ferro,PP e poliéster. 60x49x68cm.Trav:Lib.2 ações consec.,Mont:Encaixe. Aces:Brinquedos;7908238801280|7908238801297;Incluido;11/11/2022
092767/2014;Inativo;;23/05/2025;;;MD COMERCIO DE FERRAGENS LTDA;55274701000100;92981285408;AVENIDA JOAQUIM NABUCO;1094;A;69020030;Centro;Manaus;AM;mdcomerciodeferragensltda@gmail.com;Xingtai Pandelo Technology Co.,Ltd;Andadores Infantis;Portaria Inmetro nº 129 de 19/03/2021;;IN2611025;Modelo 5;;S;China, República Popular;ULTRA BABY;REF: UBW-801H - ANDADOR INFANTIL MUSICAL PARA BEBÊ - BABY PINK / BARBIE PINK, RED / WHITE, ROYAL BLUE / ORANGE / WHITE, GREEN / WHITE;MAT:PP,FERRO E POLIÉSTER/DIM:68X59X52CM/SIS_TRAV:LIBERAÇÃO EM 2 AÇÕES CONSECUTIVAS/SIS_MONTAGEM_E_FERRAGEM:MANUAL(SEM FERRAMENTA)/ACESSÓRIOS: N/A/CARACTERISTICAS_MODELO:ANDADOR COM BRINQUEDO ACOPLADO;7890012361007|7890012361113|7890012368082|7890012369096;Incluido;23/05/2025
432678/1932;Cancelado;;24/08/2020;;14/07/2025;Dardara Comercio Importacao e Exportacao Ltda.;07774907000157;1147447248;R VALENTIM MAGALHAES;95;***;03184090;ALTO DA MOOCA;SÃO PAULO;SP;dardara@yescert.com.br;FOSHAN BAOLIMEI CHILD?S VEHICLE CO.LTD;Andadores Infantis;Portaria Inmetro nº 42 de 19/01/2018;;OCAN-AND.134/20-5;;;S;China, República Popular;DARDARA;ANDADOR CARRO (FD-2407);Material: Moldes e peças em plástico P.P.(polipropileno) Adesivos (papel colante) Painel - parte interna: sistema eletrônico (placa, fio colorido, alto falante). Estrutura em metal, Dimensões: 74 x 63;;Incluido;24/08/2020
670799/1985;Ativo;;17/06/2024;;;MEGA COMPRAS PRESENTES.COM LTDA;02561195000174;4191284769;RUA ELDORADO;511;511;09550720;PROSPERIDADE;SÃO CAETANO DO SUL;SP;contabilidade@grupogmac.com;HEBEI HAOKU CHILDREN TOYS CO., LTD;Andadores Infantis;Portaria Inmetro nº 129 de 19/03/2021;;IN2152424;;;S;China, República Popular;MEGA COMPRAS;ANDADOR PARA BEBÊS-PREMIUM-REF:MC923/MC923AZ/MC923RS/MC923CZ/MATERIAL:PP E POLIÉSTER/DIMENSÕES:65X 48X46 CM/ CONT: ANDADOR COM BRINQUEDO ACOPLADO;SISTEMA DE TRAVAMENTO:DOIS DISPOSITIVOS DE TRAVAMENTO INDEPENDENTES SENDO OPERADOS SIMULTÂNEAMENTE/SISTEMA DE MONTAGEM E FERRAGEM:MANUAL (SEM FERRAMENTA)/ACESSÓRIOS:BRINQUEDO/CARACTERISTICAS DO MODELO;7898692799028|7898692799578|7898692799585;Incluido;17/06/2024
234483/2003;Ativo;;29/04/2024;;;TAPUZIM COMERCIAL LTDA;00513418000100;113856906;Av. Monte Celeste;230;250;02561000;Vila S. Maria;São Paulo;SP;sergio@babystylebrasil.com.br;SHEN ZHEN WEI MEI CHILDCARE PRODUCT LIMITED COMPANY;Andadores Infantis;Portaria Inmetro nº 129 de 19/03/2021;;IN2118124-2;;;S;China, República Popular;Baby Style;ANDADOR FOGUETE - FOGUETE CINZA E FOGUETE ROSA;MATERIAL:PP/DIM:62X53X78CM/SISTEMA DE TRAVAME:LIBERA EM 2 AÇÕES CONSECUTIVAS/MANUAL/ACESSÓRIOS:N/A/CARACT DO MODELO:ANDADOR C BRINQUEDO NA BANDEJA;4079337285219|4079337296543;Incluido;29/04/2024
525506/1945;Ativo;;29/04/2025;;;MD COMERCIO DE FERRAGENS LTDA;55274701000100;92981285408;AVENIDA JOAQUIM NABUCO;1094;A;69020030;Centro;Manaus;AM;mdcomerciodeferragensltda@gmail.com;PINGHU XIAOTIANDI CHILDREN''S PRODUCTS FACTORY;Andadores Infantis;Portaria Inmetro nº 129 de 19/03/2021;;IN2610925;Modelo 5;;S;China, República Popular;ULTRA BABY;REF: UBW-601 - ANDADOR INFANTIL MUSICAL PARA BEBÊ - NAVY BLUE / RED, GREEN / BLUE, ROYAL BLUE / TEAL, LIGHT PINK / LAVANDER, DARK PURPLE / PINK;MAT:PP,FERRO E POLIÉSTER/DIM:70X62,5X55CM/SIS_TRAV:LIBERAÇÃO EM 2 AÇÕES CONSECUTIVAS/SIS_MONT.E_FERRAGEM:MANUAL(SEM FERRAMENTA)/ACESSÓRIOS: N/A/CARACTERISTICAS_MODELO:ANDADOR COM BRINQUEDO ACOPLADO;7890012361120|7890012361137|7890012361144|7890012361151|7890012361168;Incluido;29/04/2025
528498/1929;Ativo;;17/06/2024;;;MEGA COMPRAS PRESENTES.COM LTDA;02561195000174;4191284769;RUA ELDORADO;511;511;09550720;PROSPERIDADE;SÃO CAETANO DO SUL;SP;contabilidade@grupogmac.com;HEBEI HAOKU CHILDREN TOYS CO., LTD;Andadores Infantis;Portaria Inmetro nº 129 de 19/03/2021;;IN2152424;;;S;China, República Popular;MEGA COMPRAS;ANDADOR PARA BEBÊS-PREMIUM-REF:MC923/MC923AZ/MC923RS/MC923CZ/MATERIAL:PP E POLIÉSTER/DIMENSÕES:65X 48X46 CM/ CONT: ANDADOR COM BRINQUEDO ACOPLADO;SISTEMA DE TRAVAMENTO:DOIS DISPOSITIVOS DE TRAVAMENTO INDEPENDENTES SENDO OPERADOS SIMULTÂNEAMENTE/SISTEMA DE MONTAGEM E FERRAGEM:MANUAL (SEM FERRAMENTA)/ACESSÓRIOS:BRINQUEDO/CARACTERISTICAS DO MODELO;7898692799028|7898692799578|7898692799585;Incluido;17/06/2024
822502/1955;Ativo;;14/08/2019;;;BAMBOO COMERCIO, IMPORTAÇÃO E EXPORTAÇÃO EIRELI-EPP;27115224000103;8132419265;Rua. Alegre;154;Galpão A;52120125;Arruda;Recife;PE;bamboo@yescert.com.br;ZHEJIANG KINTEX INTERNATIONAL TRADING CO., LTD;Andadores Infantis;Portaria Inmetro nº 129 de 19/03/2021;;IN1632922;;;S;China, República Popular;BAMBOO;MODELO:MD-18NOME COMERCIAL:ANDAJAR GUGUVERSÕES: Azul (Ref.: MD18.1)Rosa (Ref.: MD18.2)Verde (Ref.: MD18.3)Vermelho (Ref.: MD18.4);Mat: PLAST / MET/FIB TEXTIL,DIM:ABRT:62X56X52CM,FECH:62X56X16,SIST TRAV:LIBER EM 2 ACOES CONSEC,SIST MONT FERRAG: MANUAL(S/FERRAMENTA),ACESS:BANDEJ C/BRINQ E HAST C/PUXADOR;7909312341029;Incluido;22/07/2022
116506/1982;Inativo;;14/08/2019;;;Companhia Dorel Brasil Produtos Infantis;10659948000107;2135633602;Av. Nilo Peçanha;1516 /1582;Térreo;28030035;Pq dos Rodoviários;Campos dos Goytacaze;RJ;mariana.magalhaes@dorel.com.br;Hua Song Plastic Products Co Ltd;Andadores Infantis;Portaria Inmetro nº 42 de 19/01/2018;;OCAN-AND.145/19-3;;;S;China, República Popular;Safety 1st;11389;Nome Fantasia: Melody Garden. Cor única. Material: Ferro, plástico e PP. 64x55x66 cm. Sistema de Travamento e Montagem: Manual. Acessórios: Bandeja.;9312541727119;Incluido;14/08/2019
410510/2008;Inativo;;14/08/2019;;;Companhia Dorel Brasil Produtos Infantis;10659948000107;2135633602;Av. Nilo Peçanha;1516 /1582;Térreo;28030035;Pq dos Rodoviários;Campos dos Goytacaze;RJ;mariana.magalhaes@dorel.com.br;JIN SUN GEE PLASTIC CO.,LTD;Andadores Infantis;Portaria Inmetro nº 42 de 19/01/2018;;OCAN-AND.145/19-4;;;S;Formosa (Taiwan);Voyage;BG1401;Nome Fantasia: Buggy. Cores: Rosa e Azul. Material: Ferro, plástico, PP e PU. 42 x 58.5 x 65 cm. Sistema de Travamento e Montagem: Manual. Acessórios: Bandeja;7898509475206|7898509475213;Incluido;14/08/2019
048605/2021;Ativo;;07/02/2022;;;TUTTI BABY INDUSTRIA E COMERCIO DE ARTIGOS INFANTIS LTDA;06981862000129;4733794000;Rod. Guilherme Jensen, SC413, km13;0;;89108000;Distrito Industrial;Massaranduba;SC;certificacao@tuttibaby.com.br;TUTTI BABY INDUSTRIA E COMERCIO DE ARTIGOS INFANTIS LTDA;Andadores Infantis;Portaria Inmetro nº 129 de 19/03/2021;;IN2869325;Modelo 5;;N;Brasil;TUTTI BABY;ANDADOR SAFARI II-ANDADOR 40.002-40002003/40002004/40002007/40003004/40004002/40004003;MAT:PP E ALGODAO/DIM:51X61X70CM/SIS_TRAV:DOIS DISPOS TRAV INDEPEND SENDO OPER SIMULTÂNEAM./SIS_MONT/FERRG:REBITES,PARAFUSOS E ENCAIXE DE PÇS PLAST/ACESS:BAND. COM BRINQ/CARAC. DO MOD.:AND. C/ BRINQ NA;7898431501615|7898431501622|7898431501639|7898431501684|7898431501691|7898431501707;Excluido;27/02/2026
704525/1934;Ativo;;01/08/2023;;;COMPANHIA DOREL BRASIL PRODUTOS INFANTIS;10659948000883;2135547024;Av. DR  Nilo Peçanha;1516;Galpão 3 ;28030035;Pq dos Rodoviários;Campos dos Goytacaze;RJ;standard@dorel.com.br;ZHONG SHAN SUN LUEN CHONG COMMODITY COMPANY LIMITED;Andadores Infantis;Portaria Inmetro nº 129 de 19/03/2021;;CE-AND/IQB 000011 55435/22-001;Modelo 5;;S;China, República Popular;TINY LOVE;4-in-1 Here I Grow Mobile Activity Center. Ref. 1806501211. ABS, Alumínio, Aço, Poliéster, PP. 70x57x44cm.Sist. de mont.:Manual (s/ ferragem).;Sist. de Trav.:2 disp. de travamento independentes, devem ser operados simultaneamente. Aces.: Brinq. acoplado.;7290108862973;Incluido;01/08/2023
297361/1973;Ativo;;24/01/2025;;;PLANETA - IMPORTACAO E DISTRIBUICAO DE BRINQUEDOS LTDA;13434272000141;1138951572;AV VASCO MASSAFELI - GALPAO1 RUA A LADO IMPAR ANEXO;1000;MODULO1/21;06703600;JARDIM MARIA TEREZA;COTIA;SP;admin@planetadobebe.com.br;PLANETA - IMPORTACAO E DISTRIBUICAO DE BRINQUEDOS LTDA;Andadores Infantis;Portaria Inmetro nº 129 de 19/03/2021;;IN2476224;;;N;Brasil;REPLAY KIDS;ANDADOR QUICK/21680 / BELLA/21681 / PUPPY/21682 / ZOO/21683 / SPACE/21684 / RACING;M:POLIPROPILENO, ABS, AÇO,ELASTÔMERO TERMOPLÁSTICO E PVC/D:58X68X55CM/S.D/TRV:MANUAL (SEM FERRAMENTA)/ACS:N/A/CARACTERISTICAS DO MODELO:BANDEJA COM BRINQUEDO/ PLACA MUSICAL/PLACA ANTIDERRAPANTE;7899403216803|7899403216810|7899403216827|7899403216834|7899403216841;Incluido;24/01/2025
424654/1956;Ativo;;07/08/2024;;;AMAZONAS IMPORTADOS LTDA;07269201000138;9691131654;Rua Independência;175;;68900090;Central;Macapa;AP;adriana.abreu@amazonasimportados.com.br;YIWU BALBIAN ELECTRONIC TECHNOLOGICAL CO., LTD;Andadores Infantis;Portaria Inmetro nº 129 de 19/03/2021;;IN2086424-4;;;S;China, República Popular;LÉ PETIT;MODE:BABY WALKER/REF:LP-9917/ CONT: ANDADOR COM BRINQUEDO ACOPLADO/VERSÕES:AZUL,VERMELHO,AMARELO,ROSA.;MAT:PP E POLIÉSTER/DIM:65X54X49CM/SIST DE TRAV:LIBERAÇÃO EM DUAS AÇÕES CONSECUTIVAS/SIST DE MONT E FERRA :MANUAL (SEM FERRAMENTA)/ACES:N/A.CARACTERISTICAS DO MODELO:;7453116024706;Incluido;07/08/2024
998529/1960;Ativo;;13/04/2026;;;VG SHOP COMERCIO ON LINE LTDA;16857384000365;1149690505;RUA PROJETADA SN KM 15 NUCLEO AGUA COMPRIDA;0;KM 15;37600000;AGUA COMPRIDA;CAMBUI;MG;gilson@vgshop.com.br;YONGXING SPORTS LIMITED;Andadores Infantis;Portaria Inmetro nº 129 de 19/03/2021;;IN2982826;Modelo 5;;S;China, República Popular;MULTMAXX;Desig. Com. andador infantil com empurrador Cod. Ref. MTX150 / MTX151 Quant. (aplic. para mod. 1b) n/a Mat: poliéster, abs, pp e borracha Dim. 76x65x65cm Sis. Trav. dois dispositivos independentes sendo operador simultaneamente;Sis. de Mont. e Ferragem: manual (com ferramenta) acess: N/A Car.do mod: andador ccom empurrador e brinquedo musical Vers. MTX150 cinza MTX151 rosa;7898758400394|7898758400400;Incluido;13/04/2026
545639/2012;Ativo;;01/12/2021;;;HEMNANI COMERCIO DE VARIEDADES LTDA.;05469291000185;1124143633;Rua Marcílio Dias;304;N/A;69005270;Centro;Manaus;AM;papush@uol.com.br;China Zhejiang Techincal Co. Ltd;Andadores Infantis;Portaria Inmetro nº 42 de 19/01/2018;;OCAN-AND.189/21-1;;;S;China, República Popular;SITA;AKH602;Material: PP, Ferro e Poliester - Dimensões: 655 mm X 560mm X 500 mm - Sistema de Travamento: Travamento automatico com liberação em duas ações consecutivas - Sistema de Montagem e Ferragem: MANUAL;;Incluido;01/12/2021
661893/1934;Inativo;;14/08/2019;;;Companhia Dorel Brasil Produtos Infantis;10659948000107;2135633602;Av. Nilo Peçanha;1516 /1582;Térreo;28030035;Pq dos Rodoviários;Campos dos Goytacaze;RJ;mariana.magalhaes@dorel.com.br;JIN SUN GEE PLASTIC CO.,LTD;Andadores Infantis;Portaria Inmetro nº 42 de 19/01/2018;;OCAN-AND.145/19-1;;;S;Formosa (Taiwan);Voyage;BG-1518;Nome Fantasia: Baby Step. Cores: Rosa e Azul. Material: Ferro, Plástico e Polipropileno. 60x49x68cm. Sistema Travamento e Montagem:Manual. Acessórios: Bandeja.;7908238801280|7908238801297;Incluido;14/08/2019
292533/1987;Ativo;;30/06/2026;;;MARKETGOOL TRADING IMPORTACAO E EXPORTACAO LTDA;18787076000174;11947652325;ROD RODOLFO JAHN;326;ANEXO 92;89237680; VILA NOVA;JOINVILLE;SC;alexandre.morroni@hotmail.com;PINGHU XIAOTIANDI CHILDREN''S PRODUCTS FACTORY;Andadores Infantis;Portaria Inmetro nº 129 de 19/03/2021;;IN3048926;Modelo 5;;S;China, República Popular;MARKETGOOL;Designação Comercial: Andador Marketgool / Código de referência comercial / MKG-010 / ROSA;Mat: PP, FERRO E POLIÉSTER / Dim: 65X55X45 CM/ SIST DE TRAV: Liberação em duas ações consecutivas/ Acess: Brinquedo do andador/ Caract do mod: Andador com Brinquedo;0070341132777;Incluido;30/06/2026
586537/2013;Inativo;;14/08/2019;;;Companhia Dorel Brasil Produtos Infantis;10659948000107;2135633602;Av. Nilo Peçanha;1516 /1582;Térreo;28030035;Pq dos Rodoviários;Campos dos Goytacaze;RJ;mariana.magalhaes@dorel.com.br;JIN SUN GEE PLASTIC CO.,LTD;Andadores Infantis;Portaria Inmetro nº 42 de 19/01/2018;;OCAN-AND.145/19-2;;;S;Formosa (Taiwan);Cosco;BG-2023;Nome Fantasia: Goal Walker 4 em 1. Cores: Rosa e Azul. Material: Ferro, Plástico, PP e PU. 74 x 44x 66.5 cm. Sistema de Travamento e Montagem: Manual. Acessórios: Bandeja de Brinquedos.;7898509478375|7898509478665;Incluido;14/08/2019
168658/1950;Ativo;;03/04/2023;;;PLANETA - IMPORTACAO E DISTRIBUICAO DE BRINQUEDOS LTDA;13434272000141;1138951572;AV VASCO MASSAFELI;1000;G1A M1-21;06703600;JARDIM MARIA TEREZA;COTIA;SP;admin@planetadobebe.com.br;HEBEI WANXIN CHILDREN TOYS CO.,LTD.;Andadores Infantis;Portaria Inmetro nº 129 de 19/03/2021;;IN1765923;Modelo 5;;S;China, República Popular;MAXI BABY;NW-01 - ANDADOR LA BAMBA;MAT:PP PARTES EM ABS, AÇO DE ALTO CARB RODA ELAST.TERMO., PVC/DIM:580X680X550/SIS TRA:LIBERA.EM 2 AÇÕES CONSEC. SIS DE MON E FER:MAN.(S/ FER)/ACE:BANDEJA COM BRINQ/CAR MOD:AND COM BRINQ(BAND.A MUS.);7899403215370|7899403215387;Excluido;22/12/2025
880552/1939;Ativo;;07/02/2022;;;TUTTI BABY INDUSTRIA E COMERCIO DE ARTIGOS INFANTIS LTDA;06981862000129;4733794000;Rod. Guilherme Jensen, SC413, km13;0;;89108000;Distrito Industrial;Massaranduba;SC;certificacao@tuttibaby.com.br;TUTTI BABY INDUSTRIA E COMERCIO DE ARTIGOS INFANTIS LTDA;Andadores Infantis;Portaria Inmetro nº 129 de 19/03/2021;;IN2869325;Modelo 5;;N;Brasil;Tutti Baby;Andador Safari II Azul/Rosa/Vermelho/Andador Princesa Rosa Coroa/Andador Acqua Explorador Cinza/Roxo;ESTRUT. MET.AÇO.TUBULAR/48x60,5x70CM/SIST.DE TRAV. COM.DUAS.AÇÕES.CONSECUT.PARA.LIBER./PARAFUSOS.E. REBITES/BRINQUEDOS.E.ADESIVOS;7898431501615|7898431501622|7898431501639|7898431501684|7898431501691|7898431501707;Excluido;12/01/2024
174556/1966;Ativo;;06/03/2023;;;BURIGOTTO S A INDUSTRIA E COMERCIO;51460277000138;1934464813;Rua Martino Dragone;280;;13480308;Jardim Santa Barbara;Liemira;SP;alison.smanioto@burigotto.com;JIN SUN GEE PLASTICS CO., LTD;Andadores Infantis;Portaria Inmetro nº 129 de 19/03/2021;;CE-AND/IQB 000004 55573/23-001;Modelo 5;;S;Formosa (Taiwan);BURIGOTTO;ANDADOR OLÉ CL (REF.COM.  IXAN5143CL);PP, AÇO, TECIDO / 590 X 690 X 550 MM / TRILHO PLÁSTICO COM BOTÃO DE TRAVA/DESTRAVA E REGULAGEM DE ALTURA / REBITES, PARAFUSOS E ENCAIXE DE PEÇAS PLÁSTICAS / BANDEJA COM 2 BRINQUEDOS DE PP E NYLON;7896502944248;Excluido;29/04/2026
468560/1992;Ativo;;29/04/2024;;;TAPUZIM COMERCIAL LTDA;00513418000100;113856906;Av. Monte Celeste;230;250;02561000;Vila S. Maria;São Paulo;SP;sergio@babystylebrasil.com.br;SHEN ZHEN WEI MEI CHILDCARE PRODUCT LIMITED COMPANY;Andadores Infantis;Portaria Inmetro nº 129 de 19/03/2021;;IN2118124-2;;;S;China, República Popular;Baby Style;ANDADOR FOGUETE - FOGUETE CINZA E FOGUETE ROSA;MATERIAL:PP/DIM:62X53X78CM/SISTEMA DE TRAVAME:LIBERA EM 2 AÇÕES CONSECUTIVAS/MANUAL/ACESSÓRIOS:N/A/CARACT DO MODELO:ANDADOR C BRINQUEDO NA BANDEJA;4079337285219|4079337296543;Incluido;29/04/2024
412881/2025;Ativo;;07/03/2024;;;COMPANHIA DOREL BRASIL PRODUTOS INFANTIS;10659948000107;2135547024;Av. Nilo Peçanha;1516;1582;28030035;Pq dos Rodoviários;Campos dos Goytacaze;RJ;standard@dorel.com.br;COMPANHIA DOREL BRASIL PRODUTOS INFANTIS;Andadores Infantis;Portaria Inmetro nº 129 de 19/03/2021;;IN2040823;Modelo 5;;N;Brasil;INFANTI/ COSCO;APPIA/ ZIGGY - HE022 - N/A - AZUL / ROSA / AZUL / ROSA;MAT:PP,PES,PTA,EG,POLIPROPILENO E POLIETILENO/DIM:56,5 X 68 X 60,5 CM/SIST D TRAVAMENTO:LIB EM DUAS AÇÕES CONSEC/SIST DE MNTGM E FERRG:MAN (SEM FER)/ACESS:BAND D BRINQ./CARACT D MODELO:ANDADOR C BRINQ;7908238809774|7908238809781|7908238815812|7908238815829;Incluido;10/04/2026
762564/2018;Ativo;;13/04/2026;;;VG SHOP COMERCIO ON LINE LTDA;16857384000365;1149690505;RUA PROJETADA SN KM 15 NUCLEO AGUA COMPRIDA;0;KM 15;37600000;AGUA COMPRIDA;CAMBUI;MG;gilson@vgshop.com.br;YONGXING SPORTS LIMITED;Andadores Infantis;Portaria Inmetro nº 129 de 19/03/2021;;IN2982826;Modelo 5;;S;China, República Popular;MULTMAXX;Desig. Com. andador infantil com empurrador Cod. Ref. MTX150 / MTX151 Quant. (aplic. para mod. 1b) n/a Mat: poliéster, abs, pp e borracha Dim. 76x65x65cm Sis. Trav. dois dispositivos independentes sendo operador simultaneamente;Sis. de Mont. e Ferragem: manual (com ferramenta) acess: N/A Car.do mod: andador ccom empurrador e brinquedo musical Vers. MTX150 cinza MTX151 rosa;7898758400394|7898758400400;Incluido;13/04/2026
056579/1945;Ativo;;07/02/2022;;;TUTTI BABY INDUSTRIA E COMERCIO DE ARTIGOS INFANTIS LTDA;06981862000129;4733794000;Rod. Guilherme Jensen, SC413, km13;0;;89108000;Distrito Industrial;Massaranduba;SC;certificacao@tuttibaby.com.br;TUTTI BABY INDUSTRIA E COMERCIO DE ARTIGOS INFANTIS LTDA;Andadores Infantis;Portaria Inmetro nº 129 de 19/03/2021;;IN2869325;Modelo 5;;N;Brasil;TUTTI BABY;ANDADOR SAFARI II-ANDADOR 40.002-40002003/40002004/40002007/40003004/40004002/40004003;MAT:PP E ALGODAO/DIM:51X61X70CM/SIS_TRAV:DOIS DISPOS TRAV INDEPEND SENDO OPER SIMULTÂNEAM./SIS_MONT/FERRG:REBITES,PARAFUSOS E ENCAIXE DE PÇS PLAST/ACESS:BAND. COM BRINQ/CARAC. DO MOD.:AND. C/ BRINQ NA;7898431501615|7898431501622|7898431501639|7898431501684|7898431501691|7898431501707;Excluido;27/02/2026
350583/1971;Inativo;;11/01/2023;;;COMPANHIA DOREL BRASIL PRODUTOS INFANTIS;10659948000883;2135547024;Av. Nilo Peçanha;1516 ;Galpão 3 ;28030035;Pq dos Rodoviários;Campos dos Goytacaze;RJ;standard@dorel.com.br;Jin Sun Gee Plastics Co., Ltd;Andadores Infantis;Portaria Inmetro nº 129 de 19/03/2021;;IN1722522;;;S;Formosa (Taiwan);Cosco;BG-1518. Nome comercial: Follow. Versões: Azul e Laranja.;Ferro, plástico, PP,PET, PU e poliéster. 60 x 49 x 68 cm.Trav:Lib.2 ações cons., Encaixe,aces: Brinquedos.;7908238808043|7908238808050;Incluido;11/01/2023
971281/1943;Ativo;;07/02/2022;;;TUTTI BABY INDUSTRIA E COMERCIO DE ARTIGOS INFANTIS LTDA;06981862000129;4733794000;Rod. Guilherme Jensen, SC413, km13;0;;89108000;Distrito Industrial;Massaranduba;SC;certificacao@tuttibaby.com.br;TUTTI BABY INDUSTRIA E COMERCIO DE ARTIGOS INFANTIS LTDA;Andadores Infantis;Portaria Inmetro nº 129 de 19/03/2021;;IN2869325;Modelo 5;;N;Brasil;TUTTI BABY;ANDADOR SAFARI II-ANDADOR 40.002-40002003/40002004/40002007/40003004/40004002/40004003;MAT:PP/ALGODAO/DIM:51X61X70CM/SIS_TRAV:DOIS DISPOS DE TRAV IND. OPER. SIMULTÂNEAMENTE/SIS_MONT/FERRG:REBITES,PARAF,ENCAIXE DE PÇS PLAST/ACESS:BAND. C/ BRINQ/CARAC. DO MOD.:ANDADOR C/ BRINQ NA BAND;7898431501615|7898431501622|7898431501639|7898431501684|7898431501691|7898431501707;Incluido;27/02/2026
644587/1997;Ativo;;07/03/2024;;;JASSUMAL LTDA;04214425000154;63881924131;AV SETE SETEMBRO;852;;69005140;CENTRO;MANAUS;AM;dgjohnny@gmail.com;PINGHU SHI XIAOTIANDI CHILDREN''S PRODUCTS FACTORY;Andadores Infantis;Portaria Inmetro nº 129 de 19/03/2021;;IN2087524;;;S;China, República Popular;BABY SPORTS;ANDADOR JASSUMAL - BS104 - AZUL CLARO E ESCURO-BS104A/ROSA CLARO E ESCURO-BS104R/VERMELHO E PRETO-BS104VP/ROXO E ROSA ESCURO-BS104RR;MAT.:PP,FERRO E POLIÉSTER/DIM.:63X57X53CM/SIST.TRAVA.:LIBERAÇÃO EM DUAS AÇÕES CONSECUTIVAS/SIST.MONT.FERRA.:MANUAL(SEM FERRAMENTA)/ACESSÓRIOS:N/A/CARACTERISTICAS DO MODELO: ANDADOR COM BRINQUEDO;6901041000155;Incluido;07/03/2024
938591/2023;Ativo;;02/09/2026;;;BAGATOLI COMERCIO DE REFRIGERACAO LTDA;00897750000108;47984556257;BR-470;8105;;89058020;FORTALEZA ALTA;BLUMENAU;SC;digitalpriceconsultoria@gmail.com;PINGHU XIAOTIANDI CHILDREN?S PRODUCTS FACTORY;Andadores Infantis;Portaria Inmetro nº 129 de 19/03/2021;;IN3155526;Modelo 5;;S;China, República Popular;BAGATOLI KIDS;MOD: ANDADOR INFANTIL PULSE/ N.COM: PULSE/ V.: ROSA, AZUL, CINZA;MAT.:PP,POLIÉSTER,AÇO/DIM.:51X61X69CM/SIST.TRAV.:LIB.2 AÇÕES CONSEC./SIST.MONT.FERR.:REBITES,PARAF.E ENCAIXE PEÇAS PLÁST./ACESS.:BRINQ.NA BANDEJA/CARACT.MOD.:ANDADOR C/BRINQ.;7901030400859|7901030400866|7901030400873;Incluido;02/09/2026
232606/1950;Ativo;;29/04/2024;;;TAPUZIM COMERCIAL LTDA;00513418000100;113856906;Av. Monte Celeste;230;250;02561000;Vila S. Maria;São Paulo;SP;sergio@babystylebrasil.com.br;SHEN ZHEN WEI MEI CHILDCARE PRODUCT LIMITED COMPANY;Andadores Infantis;Portaria Inmetro nº 129 de 19/03/2021;;IN2118124-2;;;S;China, República Popular;Baby Style;ANDADOR FOGUETE - FOGUETE CINZA E FOGUETE ROSA;MATERIAL:PP/DIM:62X53X78CM/SISTEMA DE TRAVAME:LIBERA EM 2 AÇÕES CONSECUTIVAS/MANUAL/ACESSÓRIOS:N/A/CARACT DO MODELO:ANDADOR C BRINQUEDO NA BANDEJA;4079337285219|4079337296543;Incluido;29/04/2024
813891/2013;Inativo;;19/06/2023;;;VANMAX COMERCIO LTDA;84114198000124;9231337050;RUA CEL SERGIO PESSOA;91;;69005030;CENTRO;MANAUS;AM;GERENTEDEVENDAS@VANMAX.COM.BR;PINGHU SHI XIAOTIANDI CHILDREN´S PRODUCTS FACTORY;Andadores Infantis;Portaria Inmetro nº 129 de 19/03/2021;;IN1811123;;;S;China, República Popular;BRINKMAX;997A/ NOME COMERCIAL: ANDAJÁ/VERSÕES: AZUL - 582597/ROSA - 582596/VERMELHO - 582598/VERMELHO/BRANCO - 582599 - MAT.: FERRO,POLIPROPILENO E POLIÉSTER/DIM.:67X57X54CM;SIST.DE TRAVA.:LIBERAÇÃO EM DUAS AÇÕES CONSECUTIVAS/SIST.DE MONT.E FERR.MAN.(SEM FERRAMENTA)/ACESSÓRIOS: BRINQUEDO/CARACTERISTICAS DO MODELO: ANDADOR INFANTIL COM BRINQUEDO ACOPLADO;7890785825966|7890785825973|7890785825980|7890785825997;Incluido;19/06/2023
526610/1976;Ativo;;17/06/2024;;;MEGA COMPRAS PRESENTES.COM LTDA;02561195000174;4191284769;RUA ELDORADO;511;511;09550720;PROSPERIDADE;SÃO CAETANO DO SUL;SP;contabilidade@grupogmac.com;HEBEI HAOKU CHILDREN TOYS CO., LTD;Andadores Infantis;Portaria Inmetro nº 129 de 19/03/2021;;IN2152424;;;S;China, República Popular;MEGA COMPRAS;ANDADOR PARA BEBÊS-PREMIUM-REF:MC923/MC923AZ/MC923RS/MC923CZ/MATERIAL:PP E POLIÉSTER/DIMENSÕES:65X 48X46 CM/ CONT: ANDADOR COM BRINQUEDO ACOPLADO;SISTEMA DE TRAVAMENTO:DOIS DISPOSITIVOS DE TRAVAMENTO INDEPENDENTES SENDO OPERADOS SIMULTÂNEAMENTE/SISTEMA DE MONTAGEM E FERRAGEM:MANUAL (SEM FERRAMENTA)/ACESSÓRIOS:BRINQUEDO/CARACTERISTICAS DO MODELO;7898692799028|7898692799578|7898692799585;Incluido;17/06/2024
553067/2021;Ativo;;06/09/2024;;;TUTTI BABY INDUSTRIA E COMERCIO DE ARTIGOS INFANTIS LTDA;06981862000129;4733794000;Rod. Guilherme Jensen, SC413, km13;0;Galpão 01;89108000;Distrito Industrial;Massaranduba;SC;certificacao@tuttibaby.com.br;TUTTI BABY INDUSTRIA E COMERCIO DE ARTIGOS INFANTIS LTDA;Andadores Infantis;Portaria Inmetro nº 129 de 19/03/2021;;IN2321524;;;N;Brasil;TUTTI BABY;ANDADOR COMFORT/REF.ANDADOR COMFORT 40.005/40005004/40005003/40005011/40005028/40005007/40005010/40005006/40005029;MAT:PLAST.ENG/ALGODÃO/DIMEN:48X60,5X70CM/SIST.DE TRAV:DOIS DISP.DE TRAV.INDEP.SENDO OP.SIMUL/SIST.DE MONT.FERR:OUTROS:PARAF,MONT.PEÇAS PLAST./ACESS:BANDEIJA C/ BRINQ/CARAC.DO MOD:ANDADOR C/BRINQUEDO;7898431502063|7898431502070|7898431502087|7898431502094|7898431502100|7898431502117|7898431502124|7898431502131;Incluido;06/09/2024
975495/2012;Inativo;;11/01/2023;;;COMPANHIA DOREL BRASIL PRODUTOS INFANTIS;10659948000883;2135547024;Av. Nilo Peçanha;1516 ;Galpão 3 ;28030035;Pq dos Rodoviários;Campos dos Goytacaze;RJ;standard@dorel.com.br;Jin Sun Gee Plastics Co., Ltd;Andadores Infantis;Portaria Inmetro nº 129 de 19/03/2021;;IN1722522;;;S;Formosa (Taiwan);Cosco;BG-1518. Nome comercial: Follow. Versões: Azul e Laranja.;Ferro, plástico, PP,PET, PU e poliéster. 60 x 49 x 68 cm.Trav:Lib.2 ações cons., Encaixe,aces: Brinquedos.;7908238808043|7908238808050;Incluido;11/01/2023
820614/2002;Ativo;;09/12/2019;;;TAPUZIM COMERCIAL LTDA;00513418000100;1138569063;Av. Monte Celeste;230;250;02561000;Vila S. Maria;São Paulo;SP;ehs0770@hotmail.com;SHEN ZHEN WEI MEI CHILDCARE PRODUCT LIMITED COMPANY;Andadores Infantis;Portaria Inmetro nº 129 de 19/03/2021;;IN2062423;Modelo 5;;S;China, República Popular;Baby Style;MODELO: ANIMAIS VERSÕES: Andador cachorro vermelho - Ref. 33721 Andador cachorro azul - Ref. 33722 Andador abelha rosa - Ref. 33723 Andador abelha azul - Ref. 33724 Andador pianinho rosa Ref: 33725 Andador pianinho azul Ref: 33726;Material: Plástico, metal e tecido, Dimensões: 50 x 70 x 60 cm, Sistema de Travamento: Stoper, Sistema deMontagem e Ferragem: Tesoura, Acessórios: Bandeja musical;4079337218996|4079337228995|4079337238994|4079337248993|4079337251993|4079337261992;Excluido;29/01/2024
114629/1929;Ativo;;07/03/2024;;;COMPANHIA DOREL BRASIL PRODUTOS INFANTIS;10659948000107;2135547024;Av. Nilo Peçanha;1516;1582;28030035;Pq dos Rodoviários;Campos dos Goytacaze;RJ;standard@dorel.com.br;COMPANHIA DOREL BRASIL PRODUTOS INFANTIS;Andadores Infantis;Portaria Inmetro nº 129 de 19/03/2021;;IN2040823;Modelo 5;;N;Brasil;Infanti;APPIA - HE022 - AZUL/ROSA - MAT.:PP, POLIÉSTER,PTA, EG, POLIPROPILENO E POLIETILENO.DIMENSÕES:56,5X68X60,5CM/;SIST. DE TRAVAMENTO: LIBERAÇÃO EM 2 AÇÕES CONSECUTIVAS/SIST. DE MONTAGEM E FERRAGEM: MANUAL (S/ FERRAMENTAS)/ACES.: BANDEJA DE BRINQUEDOS/ANDADOR COM BRINQUEDO;7908238809774|7908238809781;Excluido;10/04/2026
408633/1955;Inativo;;14/08/2019;;;Companhia Dorel Brasil Produtos Infantis;10659948000107;2135633602;Av. Nilo Peçanha;1516 /1582;Térreo;28030035;Pq dos Rodoviários;Campos dos Goytacaze;RJ;mariana.magalhaes@dorel.com.br;JIN SUN GEE PLASTIC CO.,LTD;Andadores Infantis;Portaria Inmetro nº 42 de 19/01/2018;;OCAN-AND.145/19-2;;;S;Formosa (Taiwan);Cosco;BG-2023;Nome Fantasia: Goal Walker 4 em 1. Cores: Rosa e Azul. Material: Ferro, Plástico, PP e PU. 74 x 44x 66.5 cm. Sistema de Travamento e Montagem: Manual. Acessórios: Bandeja de Brinquedos.;7898509478375|7898509478665;Incluido;14/08/2019
702637/1981;Ativo;;17/06/2024;;;MEGA COMPRAS PRESENTES.COM LTDA;02561195000174;4191284769;RUA ELDORADO;511;511;09550720;PROSPERIDADE;SÃO CAETANO DO SUL;SP;contabilidade@grupogmac.com;HEBEI HAOKU CHILDREN TOYS CO., LTD;Andadores Infantis;Portaria Inmetro nº 129 de 19/03/2021;;IN2152424;;;S;China, República Popular;MEGA COMPRAS;ANDADOR PARA BEBÊS-PREMIUM-REF:MC923/MC923AZ/MC923RS/MC923CZ/MATERIAL:PP E POLIÉSTER/DIMENSÕES:65X 48X46 CM/ CONT: ANDADOR COM BRINQUEDO ACOPLADO;SISTEMA DE TRAVAMENTO:DOIS DISPOSITIVOS DE TRAVAMENTO INDEPENDENTES SENDO OPERADOS SIMULTÂNEAMENTE/SISTEMA DE MONTAGEM E FERRAGEM:MANUAL (SEM FERRAMENTA)/ACESSÓRIOS:BRINQUEDO/CARACTERISTICAS DO MODELO;7898692799028|7898692799578|7898692799585;Incluido;17/06/2024
053621/1962;Ativo;;07/03/2024;;;COMPANHIA DOREL BRASIL PRODUTOS INFANTIS;10659948000107;2135547024;Av. Nilo Peçanha;1516;1582;28030035;Pq dos Rodoviários;Campos dos Goytacaze;RJ;standard@dorel.com.br;COMPANHIA DOREL BRASIL PRODUTOS INFANTIS;Andadores Infantis;Portaria Inmetro nº 129 de 19/03/2021;;IN2040823;Modelo 5;;N;Brasil;Infanti;APPIA - HE022 - AZUL/ROSA - MAT.:PP, POLIÉSTER,PTA, EG, POLIPROPILENO E POLIETILENO.DIMENSÕES:56,5X68X60,5CM/;SIST. DE TRAVAMENTO: LIBERAÇÃO EM 2 AÇÕES CONSECUTIVAS/SIST. DE MONTAGEM E FERRAGEM: MANUAL (S/ FERRAMENTAS)/ACES.: BANDEJA DE BRINQUEDOS/ANDADOR COM BRINQUEDO;7908238809774|7908238809781;Excluido;10/04/2026
874466/1968;Ativo;;07/02/2022;;;TUTTI BABY INDUSTRIA E COMERCIO DE ARTIGOS INFANTIS LTDA;06981862000129;4733794000;Rod. Guilherme Jensen, SC413, km13;0;;89108000;Distrito Industrial;Massaranduba;SC;certificacao@tuttibaby.com.br;TUTTI BABY INDUSTRIA E COMERCIO DE ARTIGOS INFANTIS LTDA;Andadores Infantis;Portaria Inmetro nº 129 de 19/03/2021;;IN2869325;Modelo 5;;N;Brasil;TUTTI BABY;DESIGNAÇÃO COMERC SAFARI II (AZUL/ROSA/VERMELHO),PRINCESA ROSA COROA,ACQUA,EXPLORADOR (CINZA/ ROXO) CÓD D REF COMERC:ANDAD 40.002/40002003/40002004/40002007/40003004/40004002/40004003 CARACT DO MODELO:ANDADOR C BRINQUEDO;MAT:ESTRUTURA METALICA - AÇO TUBULAR/DIM:48X60,5X70CM/SIST DE TRAVA:LIBERAÇ EM 2AÇÕES CONSECUT/SIST DE MONTAGEM E FERRAGEM:PARAFUSOS E REBITES/ACESSÓ:BRINQUEDOS E ADESIVOS;7898431501615|7898431501622|7898431501639|7898431501684|7898431501691|7898431501707;Excluido;10/12/2025
996641/2007;Ativo;;07/08/2024;;;AMAZONAS IMPORTADOS LTDA;07269201000138;9691131654;Rua Independência;175;;68900090;Central;Macapa;AP;adriana.abreu@amazonasimportados.com.br;YIWU BALBIAN ELECTRONIC TECHNOLOGICAL CO., LTD;Andadores Infantis;Portaria Inmetro nº 129 de 19/03/2021;;IN2086424-3;;;S;China, República Popular;LÉ PETIT;MODE,BABY WALKER/REF:LP-9824/ CONT: ANDADOR COM BRINQUEDO ACOPLADO:/VERSÕES:AZUL,VERDE,ROSA.;MATL:PP E POLIÉSTER/DIM:66X54X52CM/SIST DE TRAV:LIBERAÇÃO EM DUAS AÇÕES CONSECUTIVAS/SIST DE MONT E FERR :MANUAL (SEM FERRAMENTA)/ACESSÓRIOS:N/A.CARACT DO MODELO:;7453116003640;Incluido;07/08/2024
290656/1934;Ativo;;07/03/2024;;;JASSUMAL LTDA;04214425000154;63881924131;AV SETE SETEMBRO;852;;69005140;CENTRO;MANAUS;AM;dgjohnny@gmail.com;PINGHU SHI XIAOTIANDI CHILDREN''S PRODUCTS FACTORY;Andadores Infantis;Portaria Inmetro nº 129 de 19/03/2021;;IN2087524;;;S;China, República Popular;BABY SPORTS;ANDADOR JASSUMAL - BS104 - AZUL CLARO E ESCURO-BS104A/ROSA CLARO E ESCURO-BS104R/VERMELHO E PRETO-BS104VP/ROXO E ROSA ESCURO-BS104RR;MAT.:PP,FERRO E POLIÉSTER/DIM.:63X57X53CM/SIST.TRAVA.:LIBERAÇÃO EM DUAS AÇÕES CONSECUTIVAS/SIST.MONT.FERRA.:MANUAL(SEM FERRAMENTA)/ACESSÓRIOS:N/A/CARACTERISTICAS DO MODELO: ANDADOR COM BRINQUEDO;6901041000155;Incluido;07/03/2024
888889/1974;Ativo;;31/08/2026;;;MADHULA COMERCIO DE ARTIGOS ELETROELETRONICOS LTDA;03838532000190;92994433107;Rua Marcilio Dias;166;;69005270;Centro;Manaus;AM;mayapunjwani@gmail.com;PINGHU XIAOTIANDI CHILDRENS PRODUCTS FACTORY;Andadores Infantis;Portaria Inmetro nº 129 de 19/03/2021;;IN3141126-1;Modelo 5;;S;China, República Popular;BENMEK;MADHULA/ MA100/ Verde e Azul - MA100VA/ Rosa e Roxo - MA100RR/ Branco e Azul Escuro - MA100BAE/ Amarelo e Vermelho - MA100AV;MAT.:PP, FERRO E POLIÉSTER/DIM.:63X57X53 CM/SIST. DE TRAV.: LIBERAÇÃO EM DUAS AÇÕES CONSECUTIVAS/SIST. MONT. E FERR.:MANUAL (SEM FERRAMENTA)/ACESS.:BRINQUEDO/CARACT. DO MOD.: ANDADOR COM BRINQUEDO;6901031000158;Incluido;31/08/2026
978555/1998;Ativo;;29/01/2025;;;MD COMERCIO DE FERRAGENS LTDA;55274701000100;92981285408;AVENIDA JOAQUIM NABUCO, ;1094;A;69020030;CENTRO;MANAUS;AM;monadowlani@gmail.com;Hebei Zhongtai Bicycle manufacturing Co,. Ltd;Andadores Infantis;Portaria Inmetro nº 129 de 19/03/2021;;IN2520425;;;S;China, República Popular;ULTRA BABY;ANDADOR INFANTIL MUSICAL PARA BEBÊ/REF.:UBW-1026/PINK/GREEN/BLUE;MAT:PU,PP,AÇO,POLIÉSTER,ABS/DIM:70X60X55CM/SIST.DE TRAV.:LIB.EM DUAS AÇÕ.CONS./SIS.DE MONT.E FER.:MAN.(S/FERR.)/ACESS.:BANDE.COM BRINQ./CARAC.DO MODE.:ANDAD.C/BRINQ;7890012365050|7890012366064|7890012367078;Incluido;29/01/2025
202543/2004;Ativo;;04/08/2025;;;BAMBINO COMERCIAL LTDA;06006481000129;81987347022;R. 23;175;;53090190;RIO DOCE;OLINDA;PE;bambino.souza@terra.com.br;PINGHU XIAOTIANDI CHILDREN?S PRODUCTS FACTORY;Andadores Infantis;Portaria Inmetro nº 129 de 19/03/2021;;IN2750125;Modelo 5;;S;China, República Popular;BAMBINO;ANDADOR - BA01 - ROSA/AZUL;MAT:PP,FERRO E POLIÉSTER/DIM:70X62.5X51CM/SIS_TRAV:LIBERAÇÃO EM DUAS AÇÕES CONSECUTIVAS/SIS_MONT E FERRG:MANUAL(S/FERRAM.)/ACESS.:BRINQ.CEN.DE ATIVI./CARACT.DO MODELO:ANDADOR COM BANDEJA MUSICAL;7898576907150|7898576907167;Incluido;04/08/2025
560819/1989;Ativo;;30/09/2019;;;BURIGOTTO SA INDUSTRIA E COMERCIO;51460277000138;1934042000;Rua Martino Dragone;280;;13480308;Jardim Santa Barbara;Limeira;SP;carlos.riva@burigotto.com;JIN SUN GEE PLASTICS. CO., LTD.;Andadores Infantis;Portaria Inmetro nº 42 de 19/01/2018;;CE-AND/IQB 000004 53005/19-001;;;S;Formosa (Taiwan);Burigotto;Andador Baby Coupe (ref. com. IXAN3034PK10-Rosa, IXAN3034AZ19-Azul, IXAN3034CL-CL);Andador Infantil, Mat.: Polipropileno, Nylon, Aço, Tecido e Espuma, Dim: 760X650X640mm, Sist. Trav. Automático, Sistema Montagem/Ferragem Rebites, parafusos e Encaixe de peças plásticas, Acessorio: Ba;7896502916146|7896502916160|7896502935550;Incluido;30/09/2019
584660/1960;Inativo;;11/01/2023;;;COMPANHIA DOREL BRASIL PRODUTOS INFANTIS;10659948000883;2135547024;Av. Nilo Peçanha;1516 ;Galpão 3 ;28030035;Pq dos Rodoviários;Campos dos Goytacaze;RJ;standard@dorel.com.br;Jin Sun Gee Plastics Co., Ltd;Andadores Infantis;Portaria Inmetro nº 129 de 19/03/2021;;IN1701622-4;;;S;Formosa (Taiwan);Voyage;BG1401. Nome comercial: Buggy. Versões: Azul, Rosa.;PP,PVC,Ferro,POM,PU,Pol, 42x58.5x65cm. Trav:Lib.2 ações cons,Mont:Manual, Aces. Brinq.;7898509475206|7898509475213;Incluido;11/01/2023
878664/1986;Ativo;;30/09/2019;;;BURIGOTTO SA INDUSTRIA E COMERCIO;51460277000138;1934042000;Rua Martino Dragone;280;;13480308;Jardim Santa Barbara;Limeira;SP;carlos.riva@burigotto.com;JIN SUN GEE PLASTICS. CO., LTD.;Andadores Infantis;Portaria Inmetro nº 42 de 19/01/2018;;CE-AND/IQB 000004 53005/19-001;;;S;Formosa (Taiwan);Burigotto;Andador Baby Coupe (ref. com. IXAN3034PK10-Rosa, IXAN3034AZ19-Azul, IXAN3034CL-CL);Andador Infantil, Mat.: Polipropileno, Nylon, Aço, Tecido e Espuma, Dim: 760X650X640mm, Sist. Trav. Automático, Sistema Montagem/Ferragem Rebites, parafusos e Encaixe de peças plásticas, Acessorio: Ba;7896502916146|7896502916160|7896502935550;Incluido;30/09/2019
172668/2013;Ativo;;19/06/2026;;;LILI FLORES ARTESANAIS LTDA;50509301000113;2199999999;R SANTO SEPULCRO;00279;;21350220;MADUREIRA;RIO DE JANEIRO;RJ;xiaoweiliu663@gmail.com;PINGHU XIAOTIANDI CHILDREN''S PRODUCTS FACTORY ;Andadores Infantis;Portaria Inmetro nº 129 de 19/03/2021;;IN3051726;Modelo 5;;S;China, República Popular;LILI;MOD:ANDADOR LL-2931 / CÓD. DE REFERÊNCIA COMERCIAL: LL-2931 / AZUL,ROSA,VERDE;MAT.:PP, POLIÉSTER E POLIETILENO/DIM:56,5X68X60,5CM/ SIST.TRAV.:LIBERAÇÃO EM DUAS AÇÕES CONSECUTIVAS/SIST. MONT.:LIBERAÇÃO EM DUAS AÇÕES CONSECUTIVAS/SEM ACESSÓRIOS/ANDADOR COM BRINQUEDO INTERATIVO;;Incluido;19/06/2026
466683/1939;Ativo;;20/12/2019;;;TAPUZIM COMERCIAL LTDA;00513418000100;1138569063;Av. Monte Celeste;230;250;02561000;Vila S. Maria;São Paulo;SP;ehs0770@hotmail.com;SHEN ZHEN WEI MEI CHILDCARE PRODUCT LIMITED COMPANY;Andadores Infantis;Portaria Inmetro nº 42 de 19/01/2018;;OCAN-AND.165/19-2;;;S;China, República Popular;baby style;SPACECAR - VERSÕES: Andador car - Ref. 21302 / Andador space - Ref. 33117;Material: Plástico, metal e tecido. Dimensões: 59 x 59 x 69 cm , Sistema de Travamento: Stoper, Sistema de Montagem e Ferragem: Tesoura, Acessórios: Bandeja musical;4532213022990|4532331172997;Incluido;20/12/2019
760687/1965;Ativo;;06/09/2024;;;TUTTI BABY INDUSTRIA E COMERCIO DE ARTIGOS INFANTIS LTDA;06981862000129;4733794000;Rod. Guilherme Jensen, SC413, km13;0;Galpão 01;89108000;Distrito Industrial;Massaranduba;SC;certificacao@tuttibaby.com.br;TUTTI BABY INDUSTRIA E COMERCIO DE ARTIGOS INFANTIS LTDA;Andadores Infantis;Portaria Inmetro nº 129 de 19/03/2021;;IN2321524;;;N;Brasil;TUTTI BABY;ANDADOR COMFORT/REF.ANDADOR COMFORT 40.005/40005004/40005003/40005011/40005028/40005007/40005010/40005006/40005029;MAT:PLAST.ENG/ALGODÃO/DIMEN:48X60,5X70CM/SIST.DE TRAV:DOIS DISP.DE TRAV.INDEP.SENDO OP.SIMUL/SIST.DE MONT.FERR:OUTROS:PARAF,MONT.PEÇAS PLAST./ACESS:BANDEIJA C/ BRINQ/CARAC.DO MOD:ANDADOR C/BRINQUEDO;7898431502063|7898431502070|7898431502087|7898431502094|7898431502100|7898431502117|7898431502124|7898431502131;Incluido;06/09/2024
054691/1992;Inativo;;14/01/2021;;;GALZERANO INDUSTRIA DE CARRINHOS E BERCOS LTDA;43594977000197;1934043030;Via Prefeito Jurandyr Paixão;700;;13481149;Jd. Campo Belo;Limeira;SP;luisfernando.camargo@galzerano.com.br;WEIMEI MEI CHILDCARE PRODUCT (HUIZHOU) LTD., CO;Andadores Infantis;Portaria Inmetro nº 42 de 19/01/2018;;CE-AND/IQB 000006 54025/20-001;;;S;China, República Popular;GALZERANO;Ref.: 4030-Andador 4 em 1 Funny. Versões: 4030CR (Color), 4030VDA (Verde Água);Mat Tec polié Espuma Resina plást Itens fixação Dimens 75x71x55(cm) Sist travament dobradiça plást c/ botão acionament Sist montagem/ferragem encaixe manual Acessórios manuais brinquedos removíveis;7898089221477|7898089221996;Incluido;14/01/2021
348695/2018;Ativo;;05/08/2021;;;GALZERANO INDUSTRIA DE CARRINHOS E BERCOS LTDA;43594977000197;19999947357;Via Prefeito Jurandyr Paixão;700;;13481149;Jd. Campo Belo;Limeira;SP;luisfernando.camargo@galzerano.com.br;GALZERANO INDUSTRIA DE CARRINHOS E BERCOS LTDA;Andadores Infantis;Portaria Inmetro nº 129 de 19/03/2021;;CE-AND/IQB 000006 54618/21-001;;;N;Brasil;GALZERANO;Ref.: 4050-Andador Torino. Versões: 4050PTR (Preto Rosa), 4050PTT (Preto Terracota);Mat Tec poliest Espum PP PA6 Master Tint Tub aço Itens fix/aviam CxLxA(cm) 71x62,5x51,5 Trav Trilh plást c/ botão destrav e reg alt Acess Band brinq não remove retrov Caract Tec Pçs plást Tint Ferrage;7908200102193|7908200102209;Excluido;01/09/2021
642710/1944;Ativo;;09/12/2019;;;TAPUZIM COMERCIAL LTDA;00513418000100;1138569063;Av. Monte Celeste;230;250;02561000;Vila S. Maria;São Paulo;SP;ehs0770@hotmail.com;SHEN ZHEN WEI MEI CHILDCARE PRODUCT LIMITED COMPANY;Andadores Infantis;Portaria Inmetro nº 42 de 19/01/2018;;OCAN-AND.165/19-3;;;S;China, República Popular;baby style;CENTRO DE ATIVIDADES;VERSÕES: Andador play - Ref.5821 Andador meninos - Ref. 515211 Andador meninas - Ref. 51522. Material: Plástico, metal e tecido. Dimensões: 74 x 75 x 18 cm Sistema de Travamento: Stoper Sistema de Mon;4079515211993|4079515222999|4532582122994;Incluido;09/12/2019
177428/1997;Ativo;;29/04/2024;;;TAPUZIM COMERCIAL LTDA;00513418000100;113856906;Av. Monte Celeste;230;250;02561000;Vila S. Maria;São Paulo;SP;sergio@babystylebrasil.com.br;SHEN ZHEN WEI MEI CHILDCARE PRODUCT LIMITED COMPANY;Andadores Infantis;Portaria Inmetro nº 129 de 19/03/2021;;IN2118124-2;;;S;China, República Popular;Baby Style;ANDADOR FOGUETE - FOGUETE CINZA E FOGUETE ROSA;MATERIAL:PP/DIM:62X53X78CM/SISTEMA DE TRAVAME:LIBERA EM 2 AÇÕES CONSECUTIVAS/MANUAL/ACESSÓRIOS:N/A/CARACT DO MODELO:ANDADOR C BRINQUEDO NA BANDEJA;4079337285219|4079337296543;Incluido;29/04/2024
936714/1970;Inativo;;11/11/2022;;;COMPANHIA DOREL BRASIL PRODUTOS INFANTIS;10659948000883;2135547024;Av. Nilo Peçanha;1516 ;Galpão 3 ;28030035;Pq dos Rodoviários;Campos dos Goytacaze;RJ;standard@dorel.com.br;Jin Sun Gee Plastics Co., Ltd;Andadores Infantis;Portaria Inmetro nº 129 de 19/03/2021;;IN1701622-2;;;S;Formosa (Taiwan);Voyage;BG-1518. Nome comercial: Baby Step. Versões: Rosa e Azul.;Ferro,PP e poliéster. 60x49x68cm.Trav:Lib.2 ações consec.,Mont:Encaixe. Aces:Brinquedos;7908238801280|7908238801297;Incluido;11/11/2022
230718/1997;Ativo;;20/12/2019;;;TAPUZIM COMERCIAL LTDA;00513418000100;1138569063;Av. Monte Celeste;230;250;02561000;Vila S. Maria;São Paulo;SP;ehs0770@hotmail.com;SHEN ZHEN WEI MEI CHILDCARE PRODUCT LIMITED COMPANY;Andadores Infantis;Portaria Inmetro nº 42 de 19/01/2018;;OCAN-AND.165/19-2;;;S;China, República Popular;baby style;SPACECAR - VERSÕES: Andador car - Ref. 21302 / Andador space - Ref. 33117;Material: Plástico, metal e tecido. Dimensões: 59 x 59 x 69 cm , Sistema de Travamento: Stoper, Sistema de Montagem e Ferragem: Tesoura, Acessórios: Bandeja musical;4532213022990|4532331172997;Incluido;20/12/2019
524722/2023;Ativo;;15/11/2024;;;HCM INDUSTRIA E IMPORTACAO LTDA;12538691000160;37998767200;RUA SERGIPE ;1963;;35591096;SANTA ALEXANDRINA;LAGOA DA PRATA;MG;compras.hcmmalta@gmail.com;HCM INDUSTRIA E IMPORTACAO LTDA;Andadores Infantis;Portaria Inmetro nº 129 de 19/03/2021;;IN2431224-2;;;N;Brasil;JUMBO BABY;ANDADOR MUSICAL MEGALUXO JUMBO BABY/AZUL/ROSA/VERMELHO/LARANJA, CARAC.D/MODEL:ANDADOR COM BRINQUEDO NA BANDEJA;MAT.:POLIPROPILENO(PP)/ACO CARBONO(FERRAGENS)/TECIDO(POLIÉSTER)/DIM:69,5X58,5X14,5/SIS.D/TRAV.:LIB.EM 2AS.CON./SIS.D/MONT.E FERR.:MAN.(S/FERR.)/ACESS.:ASSE/FORR.P/OS PÉS/EMP./PAI.MUS;7898947715063|7898947715070|7898947715087|7898947715094;Incluido;15/11/2024
818737/1949;Ativo;;07/02/2022;;;TUTTI BABY INDUSTRIA E COMERCIO DE ARTIGOS INFANTIS LTDA;06981862000129;4733794000;Rod. Guilherme Jensen, SC413, km13;0;;89108000;Distrito Industrial;Massaranduba;SC;certificacao@tuttibaby.com.br;TUTTI BABY INDUSTRIA E COMERCIO DE ARTIGOS INFANTIS LTDA;Andadores Infantis;Portaria Inmetro nº 129 de 19/03/2021;;IN2869325;Modelo 5;;N;Brasil;Tutti Baby;Andador Safari II Azul/Rosa/Vermelho/Andador Princesa Rosa Coroa/Andador Acqua Explorador Cinza/Roxo;ESTRUT. MET.AÇO.TUBULAR/48x60,5x70CM/SIST.DE TRAV. COM.DUAS.AÇÕES.CONSECUT.PARA.LIBER./PARAFUSOS.E. REBITES/BRINQUEDOS.E.ADESIVOS;7898431501615|7898431501622|7898431501639|7898431501684|7898431501691|7898431501707;Excluido;12/01/2024
951665/1941;Ativo;;07/02/2022;;;TUTTI BABY INDUSTRIA E COMERCIO DE ARTIGOS INFANTIS LTDA;06981862000129;4733794000;Rod. Guilherme Jensen, SC413, km13;0;;89108000;Distrito Industrial;Massaranduba;SC;certificacao@tuttibaby.com.br;TUTTI BABY INDUSTRIA E COMERCIO DE ARTIGOS INFANTIS LTDA;Andadores Infantis;Portaria Inmetro nº 129 de 19/03/2021;;IN2869325;Modelo 5;;N;Brasil;Tutti Baby;Andador: VERSÕES: Safari II (Azul/Rosa/Vermelho), Princesa Rosa Coroa, Acqua Explorador (Cinza/Roxo);ESTRUTURA METÁLICA , AÇO TUBULAR / 48 x 60,5 x 70CM / SISTEMA DE TRAVAMENTO COM DUAS AÇÕES CONSECUTIVAS PARA LIBERAÇÃO /SISTEMA DE MONTAGEM/FERRAGEM: PARAFUSOS E REBITES ACESSÓRIOS: BRINQUEDOS E ADESI;7898431501615|7898431501622|7898431501639|7898431501684|7898431501691|7898431501707;Excluido;15/03/2024
556730/2024;Ativo;;01/07/2026;;;APS IMPORTACAO EXPORTACAO DISTRIBUICAO LTDA;44540981000135;11974642778;EST GERAL DE MEDEIROS;20;SALA 05;88390000;MEDEIROS;BARRA VELHA;SC;orquestra@yescert.com.br;Tengzhou Lebeir Baby Carriage Co., Ltd.;Andadores Infantis;Portaria Inmetro nº 129 de 19/03/2021;;IN3076626;Modelo 5;;S;China, República Popular;TOYS&TOYS;MOD:ANDADOR MUSICAL PARA BEBES/INFANTIL/CÓD DE REFERÊNCIA COMERCIAL: ANDADOR MUSICAL V:CINZA - 310552,MARROM - 310569,AZUL - 310576,ROSA 310583;Mat:PP/Dim:799x660x715mm/Sist de Travam: Dois dispositivos de travam independentes sendo operados simult/Sist de Mont e Ferr:Manual (sem ferram)/Acess:N/A/Caract do modelo:ANDADOR COM BRINQ.MUSICAL AC;7908888310552|7908888310569|7908888310576|7908888310583;Incluido;01/07/2026
730948/1978;Ativo;;07/08/2024;;;AMAZONAS IMPORTADOS LTDA;07269201000138;9691131654;Rua Independência;175;;68900090;Central;Macapa;AP;adriana.abreu@amazonasimportados.com.br;YIWU BALBIAN ELECTRONIC TECHNOLOGICAL CO., LTD;Andadores Infantis;Portaria Inmetro nº 129 de 19/03/2021;;IN2086424-3;;;S;China, República Popular;LÉ PETIT;MODE,BABY WALKER/REF:LP-9824/ CONT: ANDADOR COM BRINQUEDO ACOPLADO:/VERSÕES:AZUL,VERDE,ROSA.;MATL:PP E POLIÉSTER/DIM:66X54X52CM/SIST DE TRAV:LIBERAÇÃO EM DUAS AÇÕES CONSECUTIVAS/SIST DE MONT E FERR :MANUAL (SEM FERRAMENTA)/ACESSÓRIOS:N/A.CARACT DO MODELO:;7453116003640;Incluido;07/08/2024
112741/1976;Ativo;;07/02/2022;;;TUTTI BABY INDUSTRIA E COMERCIO DE ARTIGOS INFANTIS LTDA;06981862000129;4733794000;Rod. Guilherme Jensen, SC413, km13;0;;89108000;Distrito Industrial;Massaranduba;SC;certificacao@tuttibaby.com.br;TUTTI BABY INDUSTRIA E COMERCIO DE ARTIGOS INFANTIS LTDA;Andadores Infantis;Portaria Inmetro nº 129 de 19/03/2021;;IN2869325;Modelo 5;;N;Brasil;Tutti Baby;Andador Safari II Azul/Rosa/Vermelho/Andador Princesa Rosa Coroa/Andador Acqua Explorador Cinza/Roxo;ESTRUT. MET.AÇO.TUBULAR/48x60,5x70CM/SIST.DE TRAV. COM.DUAS.AÇÕES.CONSECUT.PARA.LIBER./PARAFUSOS.E. REBITES/BRINQUEDOS.E.ADESIVOS;7898431501615|7898431501622|7898431501639|7898431501684|7898431501691|7898431501707;Excluido;12/01/2024
406745/2002;Ativo;;13/04/2026;;;VG SHOP COMERCIO ON LINE LTDA;16857384000365;1149690505;RUA PROJETADA SN KM 15 NUCLEO AGUA COMPRIDA;0;KM 15;37600000;AGUA COMPRIDA;CAMBUI;MG;gilson@vgshop.com.br;YONGXING SPORTS LIMITED;Andadores Infantis;Portaria Inmetro nº 129 de 19/03/2021;;IN2982826;Modelo 5;;S;China, República Popular;MULTMAXX;Desig. Com. andador infantil com empurrador Cod. Ref. MTX150 / MTX151 Quant. (aplic. para mod. 1b) n/a Mat: poliéster, abs, pp e borracha Dim. 76x65x65cm Sis. Trav. dois dispositivos independentes sendo operador simultaneamente;Sis. de Mont. e Ferragem: manual (com ferramenta) acess: N/A Car.do mod: andador ccom empurrador e brinquedo musical Vers. MTX150 cinza MTX151 rosa;7898758400394|7898758400400;Incluido;13/04/2026
700760/1928;Ativo;;06/05/2025;;;KAVOD BRASIL COMERCIO E IMPORTACAO DE PRODUTOS DE USO DOMESTICO LTDA;12389993000114;1136612389;Avenida Marquês de São Vicente;2219;Conj 1001;05036040;Água Branca;São Paulo;SP;adm@kababy.com.br;Tengzhou Lebeir Baby Carriage Co., Ltd.;Andadores Infantis;Portaria Inmetro nº 129 de 19/03/2021;;IN2610825;;;S;China, República Popular;KaBaby;DESIGNAÇÃO COMERCIAL: ANDADOR DE EMPURRAR STEP-UP KABABY CINZA/CÓDIGO DE REFERÊNCIA COMERCIAL: ANDADOR/QUANTIDADE: -/;MAT:PP/DIM:799x660x715mm/SIS_TRAV:LIBERAÇÃO EM DUAS AÇÕES CONSECUTIVAS/SIS_MONTAGEM/FERRAGEM:MANUAL SEM AUXILIO DE FERRAMENTA/ACESSORIOS:N/A/CARACT_DO_MODELO:ANDADOR COM BRINQUEDO ACOPLADO;7898605218394;Incluido;06/05/2025
994764/1954;Ativo;;07/02/2022;;;TUTTI BABY INDUSTRIA E COMERCIO DE ARTIGOS INFANTIS LTDA;06981862000129;4733794000;Rod. Guilherme Jensen, SC413, km13;0;;89108000;Distrito Industrial;Massaranduba;SC;certificacao@tuttibaby.com.br;TUTTI BABY INDUSTRIA E COMERCIO DE ARTIGOS INFANTIS LTDA;Andadores Infantis;Portaria Inmetro nº 129 de 19/03/2021;;IN2869325;Modelo 5;;N;Brasil;TUTTI BABY;DESIGNAÇÃO COMERC SAFARI II (AZUL/ROSA/VERMELHO),PRINCESA ROSA COROA,ACQUA,EXPLORADOR (CINZA/ ROXO) CÓD D REF COMERC:ANDAD 40.002/40002003/40002004/40002007/40003004/40004002/40004003 CARACT DO MODELO:ANDADOR C BRINQUEDO;MAT:ESTRUTURA METALICA - AÇO TUBULAR/DIM:48X60,5X70CM/SIST DE TRAVA:LIBERAÇ EM 2AÇÕES CONSECUT/SIST DE MONTAGEM E FERRAGEM:PARAFUSOS E REBITES/ACESSÓ:BRINQUEDOS E ADESIVOS;7898431501615|7898431501622|7898431501639|7898431501684|7898431501691|7898431501707;Excluido;10/12/2025
926693/1988;Ativo;;06/03/2023;;;BURIGOTTO S A INDUSTRIA E COMERCIO;51460277000138;1934464813;Rua Martino Dragone;280;;13480308;Jardim Santa Barbara;Liemira;SP;alison.smanioto@burigotto.com;JIN SUN GEE PLASTICS CO., LTD;Andadores Infantis;Portaria Inmetro nº 129 de 19/03/2021;;CE-AND/IQB 000004 55573/23-001;Modelo 5;;S;Formosa (Taiwan);BURIGOTTO;ANDADOR OLÉ CL - REF. IXAN5143CL;PP, AÇO, TECIDO / 590 X 690 X 550 MM / TRILHO PLÁSTICO COM BOTÃO DE TRAVA/DESTRAVA E REGULAGEM DE ALTURA / REBITES, PARAFUSOS E ENCAIXE DE PEÇAS PLÁSTICAS / BANDEJA COM 2 BRINQUEDOS DE PP E NYLON;7896502944248;Incluido;29/04/2026
623407/2001;Ativo;;07/03/2024;;;COMPANHIA DOREL BRASIL PRODUTOS INFANTIS;10659948000107;2135547024;Av. Nilo Peçanha;1516;1582;28030035;Pq dos Rodoviários;Campos dos Goytacaze;RJ;standard@dorel.com.br;COMPANHIA DOREL BRASIL PRODUTOS INFANTIS;Andadores Infantis;Portaria Inmetro nº 129 de 19/03/2021;;IN2040823;Modelo 5;;N;Brasil;INFANTI/ COSCO;APPIA/ ZIGGY - HE022 - N/A - AZUL / ROSA / AZUL / ROSA;MAT:PP,PES,PTA,EG,POLIPROPILENO E POLIETILENO/DIM:56,5 X 68 X 60,5 CM/SIST D TRAVAMENTO:LIB EM DUAS AÇÕES CONSEC/SIST DE MNTGM E FERRG:MAN (SEM FER)/ACESS:BAND D BRINQ./CARACT D MODELO:ANDADOR C BRINQ;7908238809774|7908238809781|7908238815812|7908238815829;Incluido;10/04/2026
872834/1972;Inativo;;11/01/2023;;;COMPANHIA DOREL BRASIL PRODUTOS INFANTIS;10659948000883;2135547024;Av. Nilo Peçanha;1516 ;Galpão 3 ;28030035;Pq dos Rodoviários;Campos dos Goytacaze;RJ;standard@dorel.com.br;Jin Sun Gee Plastics Co., Ltd;Andadores Infantis;Portaria Inmetro nº 129 de 19/03/2021;;IN1722522;;;S;Formosa (Taiwan);Cosco;BG-1518. Nome comercial: Follow. Versões: Azul e Laranja.;Ferro, plástico, PP,PET, PU e poliéster. 60 x 49 x 68 cm.Trav:Lib.2 ações cons., Encaixe,aces: Brinquedos.;7908238808043|7908238808050;Incluido;11/01/2023
288768/1981;Inativo;;14/08/2019;;;Companhia Dorel Brasil Produtos Infantis;10659948000107;2135633602;Av. Nilo Peçanha;1516 /1582;Térreo;28030035;Pq dos Rodoviários;Campos dos Goytacaze;RJ;mariana.magalhaes@dorel.com.br;JIN SUN GEE PLASTIC CO.,LTD;Andadores Infantis;Portaria Inmetro nº 42 de 19/01/2018;;OCAN-AND.145/19-4;;;S;Formosa (Taiwan);Voyage;BG1401;Nome Fantasia: Buggy. Cores: Rosa e Azul. Material: Ferro, plástico, PP e PU. 42 x 58.5 x 65 cm. Sistema de Travamento e Montagem: Manual. Acessórios: Bandeja;7898509475206|7898509475213;Incluido;14/08/2019
582772/2007;Inativo;;11/01/2023;;;COMPANHIA DOREL BRASIL PRODUTOS INFANTIS;10659948000883;2135547024;Av. Nilo Peçanha;1516 ;Galpão 3 ;28030035;Pq dos Rodoviários;Campos dos Goytacaze;RJ;standard@dorel.com.br;Jin Sun Gee Plastics Co., Ltd;Andadores Infantis;Portaria Inmetro nº 129 de 19/03/2021;;IN1701622-4;;;S;Formosa (Taiwan);Voyage;BG1401. Nome comercial: Buggy. Versões: Azul, Rosa.;PP,PVC,Ferro,POM,PU,Pol, 42x58.5x65cm. Trav:Lib.2 ações cons,Mont:Manual, Aces. Brinq.;7898509475206|7898509475213;Incluido;11/01/2023
876787/1933;Cancelado;;28/02/2020;;14/07/2025;COMÉRCIO E IMPORTAÇÃO DENISE LTDA;29963642000178;2125843843;RUA DO MILHO;72;A;21011090;PENHA CIRCULAR;RIO DE JANEIRO;RJ;comerciomybaby@hotmail.com;PING HU BEST CHILDREN'S CARRIER CO.LTD;Andadores Infantis;Portaria Inmetro nº 42 de 19/01/2018;;OCAN-AND.329/20-1;;;S;China, República Popular;MY BABY;A-1;VERSÕES: ROSA, AZUL, AZUL COM VERDE, AZUL COM VERMELHO, ROSA COM LILÁS, ROSA COM ROSA ESCURO;;Incluido;28/02/2020
686428/2025;Ativo;;17/06/2024;;;MEGA COMPRAS PRESENTES.COM LTDA;02561195000174;4191284769;RUA ELDORADO;511;511;09550720;PROSPERIDADE;SÃO CAETANO DO SUL;SP;contabilidade@grupogmac.com;HEBEI HAOKU CHILDREN TOYS CO., LTD;Andadores Infantis;Portaria Inmetro nº 129 de 19/03/2021;;IN2152424;;;S;China, República Popular;MEGA COMPRAS;ANDADOR PARA BEBÊS-PREMIUM-REF:MC923/MC923AZ/MC923RS/MC923CZ/MATERIAL:PP E POLIÉSTER/DIMENSÕES:65X 48X46 CM/ CONT: ANDADOR COM BRINQUEDO ACOPLADO;SISTEMA DE TRAVAMENTO:DOIS DISPOSITIVOS DE TRAVAMENTO INDEPENDENTES SENDO OPERADOS SIMULTÂNEAMENTE/SISTEMA DE MONTAGEM E FERRAGEM:MANUAL (SEM FERRAMENTA)/ACESSÓRIOS:BRINQUEDO/CARACTERISTICAS DO MODELO;7898692799028|7898692799578|7898692799585;Incluido;17/06/2024
170791/1960;Ativo;;16/07/2025;;;KIDDO INDUSTRIA E COMERCIO LTDA;60688090000187;1147870744;Rodovia Regis Bittencourt ;3666;;06793000;Jardim Três Marias ;Taboão da Serra;SP;m.nascimento@kiddo.com.br;JIN SUN GEE PLASTIC CO., LTD;Andadores Infantis;Portaria Inmetro nº 129 de 19/03/2021;;IN2735125;Modelo 5;;S;China, República Popular;Whoop;ANDADOR PASSINHOS 2 EM 1 REF. 8701/CINZA/ROSA/AZUL;MATERIAL:PP. POLIES/DIMENSÕES:59,5X68X53CM/SIST.DE.TRAVAM.:LIBER.EM DUAS AÇÕES CONSECUTIVAS/SIST.DE.MONTAG.E.FERRAGEM:MANUAL (SEM AUX. DE FERRAM)/ACESSÓRIOS:BRINQ./CARACT. DO MODELO:ANDADOR C/ BRINQ.;7896517223871|7896517223888|7896517223895;Incluido;16/07/2025
464795/1986;Ativo;;17/06/2024;;;MEGA COMPRAS PRESENTES.COM LTDA;02561195000174;4191284769;RUA ELDORADO;511;511;09550720;PROSPERIDADE;SÃO CAETANO DO SUL;SP;contabilidade@grupogmac.com;HEBEI HAOKU CHILDREN TOYS CO., LTD;Andadores Infantis;Portaria Inmetro nº 129 de 19/03/2021;;IN2152424;;;S;China, República Popular;MEGA COMPRAS;ANDADOR PARA BEBÊS-PREMIUM-REF:MC923/MC923AZ/MC923RS/MC923CZ/MATERIAL:PP E POLIÉSTER/DIMENSÕES:65X 48X46 CM/ CONT: ANDADOR COM BRINQUEDO ACOPLADO;SISTEMA DE TRAVAMENTO:DOIS DISPOSITIVOS DE TRAVAMENTO INDEPENDENTES SENDO OPERADOS SIMULTÂNEAMENTE/SISTEMA DE MONTAGEM E FERRAGEM:MANUAL (SEM FERRAMENTA)/ACESSÓRIOS:BRINQUEDO/CARACTERISTICAS DO MODELO;7898692799028|7898692799578|7898692799585;Incluido;17/06/2024
760891/1971;Cancelado;;24/08/2020;;14/07/2025;Dardara Comercio Importacao e Exportacao Ltda.;07774907000157;1147447248;R VALENTIM MAGALHAES;95;***;03184090;ALTO DA MOOCA;SÃO PAULO;SP;dardara@yescert.com.br;FOSHAN BAOLIMEI CHILD?S VEHICLE CO.LTD;Andadores Infantis;Portaria Inmetro nº 42 de 19/01/2018;;OCAN-AND.134/20-5;;;S;China, República Popular;DARDARA;ANDADOR CARRO (FD-2407);Material: Moldes e peças em plástico P.P.(polipropileno) Adesivos (papel colante) Painel - parte interna: sistema eletrônico (placa, fio colorido, alto falante). Estrutura em metal, Dimensões: 74 x 63;;Incluido;24/08/2020
532934/1954;Inativo;;07/10/2019;;;Galzerano Indústria de Carrinhos e Berços Ltda;43594977000197;1934043030;Via Prefeito Jurandyr Paixão;700;;13481149;Jd. Campo Belo;Limeira;SP;luisfernando.camargo@galzerano.com.br;GUANGDONG ZHIHUI CHILDREN?S PRODUCTS CO.,LTD;Andadores Infantis;Portaria Inmetro nº 42 de 19/01/2018;;CE-AND/IQB 000006 53503/20-001;;;S;China, República Popular;GALZERANO;Andador de bebê Magic - Versão: Cinza (CZ), Preto (PT);Mat Tec poli Espum Resin plást Tint Ferrag 70Cx65Lx54A cm Travam trilho plást com botão de destrav e regul alt Mont/frenag manual Andador com pçs girat e cores diversas Acess Bandej Brinq não removív.;7898089221590|7898089222283;Incluido;07/10/2019
758799/2012;Ativo;;19/02/2026;;;RGM  COMERCIO E SERVICOS LTDA;18007664000148;11996294240;Avenida Angélica;511;Cj. 904;01227100;Santa Cecilia;São Paulo;SP;papush@uol.com.br;PINGHU XIAOTIANDI CHILDREN?S PRODUCTS FACTORY;Andadores Infantis;Portaria Inmetro nº 129 de 19/03/2021;;IN2911726;Modelo 5;;S;China, República Popular;RGM;ANDADOR DREUX - R602 - AVIÃO - AVIAO;MAT:PP,FERRO E POLIÉ./DIM:70X62.5X51 CM/SIST.DE TRAV.:LIB.EM DUAS AÇÕES CONSECU./SIST.DE MONT.E FERR.:MANUAL (SEM FERRAMENTA)/ACESS:BANDEJA MUSICAL/CARACT.DO MODELO:ANDADOR COM BANDEJA MUSICAL;7898926505616;Incluido;19/02/2026
965383/1927;Inativo;;11/01/2023;;;COMPANHIA DOREL BRASIL PRODUTOS INFANTIS;10659948000883;2135547024;Av. Nilo Peçanha;1516 ;Galpão 3 ;28030035;Pq dos Rodoviários;Campos dos Goytacaze;RJ;standard@dorel.com.br;Jin Sun Gee Plastics Co., Ltd;Andadores Infantis;Portaria Inmetro nº 129 de 19/03/2021;;IN1722522;;;S;Formosa (Taiwan);Cosco;BG-1518. Nome comercial: Follow. Versões: Azul e Laranja.;Ferro, plástico, PP,PET, PU e poliéster. 60 x 49 x 68 cm.Trav:Lib.2 ações cons., Encaixe,aces: Brinquedos.;7908238808043|7908238808050;Incluido;11/01/2023
531472/1963;Ativo;;15/11/2024;;;HCM INDUSTRIA E IMPORTACAO LTDA;12538691000160;37998767200;RUA SERGIPE ;1963;;35591096;SANTA ALEXANDRINA;LAGOA DA PRATA;MG;compras.hcmmalta@gmail.com;HCM INDUSTRIA E IMPORTACAO LTDA;Andadores Infantis;Portaria Inmetro nº 129 de 19/03/2021;;IN2431224-2;;;N;Brasil;JUMBO BABY;ANDADOR MUSICAL MEGALUXO JUMBO BABY/AZUL/ROSA/VERMELHO/LARANJA, CARAC.D/MODEL:ANDADOR COM BRINQUEDO NA BANDEJA;MAT.:POLIPROPILENO(PP)/ACO CARBONO(FERRAGENS)/TECIDO(POLIÉSTER)/DIM:69,5X58,5X14,5/SIS.D/TRAV.:LIB.EM 2AS.CON./SIS.D/MONT.E FERR.:MAN.(S/FERR.)/ACESS.:ASSE/FORR.P/OS PÉS/EMP./PAI.MUS;7898947715063|7898947715070|7898947715087|7898947715094;Incluido;15/11/2024
052814/1939;Inativo;;14/08/2019;;;Companhia Dorel Brasil Produtos Infantis;10659948000107;2135633602;Av. Nilo Peçanha;1516 /1582;Térreo;28030035;Pq dos Rodoviários;Campos dos Goytacaze;RJ;mariana.magalhaes@dorel.com.br;JIN SUN GEE PLASTIC CO.,LTD;Andadores Infantis;Portaria Inmetro nº 42 de 19/01/2018;;OCAN-AND.145/19-2;;;S;Formosa (Taiwan);Cosco;BG-2023;Nome Fantasia: Goal Walker 4 em 1. Cores: Rosa e Azul. Material: Ferro, Plástico, PP e PU. 74 x 44x 66.5 cm. Sistema de Travamento e Montagem: Manual. Acessórios: Bandeja de Brinquedos.;7898509478375|7898509478665;Incluido;14/08/2019
851194/2013;Ativo;;30/08/2021;;;TA TE TI INDUSTRIA E COMERCIO DE BRINQUEDOS EDUCATIVOS LTDA;30261120000103;4732422225;RUA TIRADENTES;230;;89107000;CENTRO;POMERODE;SC;qualidade3@grupocalesita.com.br;TA TE TI INDUSTRIA E COMERCIO DE BRINQUEDOS EDUCATIVOS LTDA;Andadores Infantis;Portaria Inmetro nº 129 de 19/03/2021;;CE-AND/IQB 000010 55962/23-001;Modelo 5;;N;Brasil;Tateti;Ref.915 - Move Baby Rosa;PP, METAL, TECIDO POLIESTER. DIMENSAO: 70,20X59,83X49,12CM. SIST. TRAVAMENTO:FREIO DIANTEIRO E TRASEIRO. SIST DE MONTAGEM: MANUAL/PARAFUSOS PP. ACESSORIOS:BANDEJA DE BRINQUEDOS;7898664632247;Incluido;02/03/2026
677123/1963;Ativo;;01/07/2026;;;APS IMPORTACAO EXPORTACAO DISTRIBUICAO LTDA;44540981000135;11974642778;EST GERAL DE MEDEIROS;20;SALA 05;88390000;MEDEIROS;BARRA VELHA;SC;orquestra@yescert.com.br;Tengzhou Lebeir Baby Carriage Co., Ltd.;Andadores Infantis;Portaria Inmetro nº 129 de 19/03/2021;;IN3076626;Modelo 5;;S;China, República Popular;TOYS&TOYS;MOD:ANDADOR MUSICAL PARA BEBES/INFANTIL/CÓD DE REFERÊNCIA COMERCIAL: ANDADOR MUSICAL V:CINZA - 310552,MARROM - 310569,AZUL - 310576,ROSA 310583;Mat:PP/Dim:799x660x715mm/Sist de Travam: Dois dispositivos de travam independentes sendo operados simult/Sist de Mont e Ferr:Manual (sem ferram)/Acess:N/A/Caract do modelo:ANDADOR COM BRINQ.MUSICAL AC;7908888310552|7908888310569|7908888310576|7908888310583;Incluido;01/07/2026
553135/2023;Inativo;;12/01/2023;;;COMPANHIA DOREL BRASIL PRODUTOS INFANTIS;10659948000883;2135547024;Av. Nilo Peçanha;1516 ;Galpão 3 ;28030035;Pq dos Rodoviários;Campos dos Goytacaze;RJ;standard@dorel.com.br;Jin Sun Gee Plastics Co., Ltd;Andadores Infantis;Portaria Inmetro nº 129 de 19/03/2021;;IN1701622-3;;;S;Formosa (Taiwan);Safety 1st;HE001. Nome comercial: Spacewalker 3 em 1. Versões: Grey, Orange.;PP,Ferro,Aço,ABS,PVC,POM,TPR,MB475,Pol,65.5x50x71.5cm.Trav:Lib.2ações cons.,Mont:Manual.Aces.Brinq.;7908238803932|7908238803949;Incluido;12/01/2023
346818/1965;Inativo;;14/01/2021;;;GALZERANO INDUSTRIA DE CARRINHOS E BERCOS LTDA;43594977000197;1934043030;Via Prefeito Jurandyr Paixão;700;;13481149;Jd. Campo Belo;Limeira;SP;luisfernando.camargo@galzerano.com.br;WEIMEI MEI CHILDCARE PRODUCT (HUIZHOU) LTD., CO;Andadores Infantis;Portaria Inmetro nº 42 de 19/01/2018;;CE-AND/IQB 000006 54025/20-001;;;S;China, República Popular;GALZERANO;Ref.: 4030-Andador 4 em 1 Funny. Versões: 4030CR (Color), 4030VDA (Verde Água);Mat Tec polié Espuma Resina plást Itens fixação Dimens 75x71x55(cm) Sist travament dobradiça plást c/ botão acionament Sist montagem/ferragem encaixe manual Acessórios manuais brinquedos removíveis;7898089221477|7898089221996;Incluido;14/01/2021
640822/1991;Ativo;;14/08/2019;;;BAMBOO COMERCIO, IMPORTAÇÃO E EXPORTAÇÃO EIRELI-EPP;27115224000103;8132419265;Rua. Alegre;154;Galpão A;52120125;Arruda;Recife;PE;bamboo@yescert.com.br;ZHEJIANG KINTEX INTERNATIONAL TRADING CO., LTD;Andadores Infantis;Portaria Inmetro nº 129 de 19/03/2021;;IN1632922;;;S;China, República Popular;BAMBOO;MODELO:MD-18NOME COMERCIAL:ANDAJAR GUGUVERSÕES: Azul (Ref.: MD18.1)Rosa (Ref.: MD18.2)Verde (Ref.: MD18.3)Vermelho (Ref.: MD18.4);Mat: PLAST / MET/FIB TEXTIL,DIM:ABRT:62X56X52CM,FECH:62X56X16,SIST TRAV:LIBER EM 2 ACOES CONSEC,SIST MONT FERRAG: MANUAL(S/FERRAMENTA),ACESS:BANDEJ C/BRINQ E HAST C/PUXADOR;7909312341029;Incluido;22/07/2022
719152/1946;Ativo;;29/01/2025;;;HCM INDUSTRIA E IMPORTACAO LTDA;12538691000160;3798753533;RUA SERGIPE ;1963;;35591096;SANTA ALEXANDRINA;LAGOA DA PRATA;MG;compras@hcmmalta.com.br;HCM INDUSTRIA E IMPORTACAO LTDA;Andadores Infantis;Portaria Inmetro nº 129 de 19/03/2021;;IN2431224-1;;;N;Brasil;JUMBO BABY;ANDADOR MUSICAL SUPERLUXO JUMBO BABY/Acessórios:Assento,Empurrador,Painel Musical/Caracteristicas do modelo:Andador com brinquedo na bandeja/Versões:AZUL,ROSA,VERMELHO,LARANJA;Mat:POLIPROPILENO (PP)/ACO CARBONO(FERRAGENS)/TECIDO(POLIÉSTER)/Dim:69,5X58,5X14,5/Sist de Trav:Liberação em duas ações consecutivas/Sist de Mont e Fer:Manual(sem ferramenta);7898947715025|7898947715032|7898947715049|7898947715056;Incluido;29/01/2025
934826/2017;Ativo;;07/02/2022;;;TUTTI BABY INDUSTRIA E COMERCIO DE ARTIGOS INFANTIS LTDA;06981862000129;4733794000;Rod. Guilherme Jensen, SC413, km13;0;;89108000;Distrito Industrial;Massaranduba;SC;certificacao@tuttibaby.com.br;TUTTI BABY INDUSTRIA E COMERCIO DE ARTIGOS INFANTIS LTDA;Andadores Infantis;Portaria Inmetro nº 129 de 19/03/2021;;IN2869325;Modelo 5;;N;Brasil;TUTTI BABY;DESIGNAÇÃO COMERC SAFARI II (AZUL/ROSA/VERMELHO),PRINCESA ROSA COROA,ACQUA,EXPLORADOR (CINZA/ ROXO) CÓD D REF COMERC:ANDAD 40.002/40002003/40002004/40002007/40003004/40004002/40004003;MAT:ESTRUTURA METALICA - AÇO TUBULAR/DIM:48X60,5X70CM/SIST DE TRAVA:LIBERAÇ EM 2AÇÕES CONSECUT/SIST DE MONTAGEM E FERRAGEM:PARAFUSOS E REBITES/ACESSÓ:BRINQUEDOS E ADESIVOS/CARACT DO MODELO:ANDADOR C B;7898431501615|7898431501622|7898431501639|7898431501684|7898431501691|7898431501707;Excluido;26/04/2024
860510/1975;Ativo;;07/02/2022;;;TUTTI BABY INDUSTRIA E COMERCIO DE ARTIGOS INFANTIS LTDA;06981862000129;4733794000;Rod. Guilherme Jensen, SC413, km13;0;;89108000;Distrito Industrial;Massaranduba;SC;certificacao@tuttibaby.com.br;TUTTI BABY INDUSTRIA E COMERCIO DE ARTIGOS INFANTIS LTDA;Andadores Infantis;Portaria Inmetro nº 129 de 19/03/2021;;IN2869325;Modelo 5;;N;Brasil;Tutti Baby;Andador Safari II Azul/Rosa/Vermelho/Andador Princesa Rosa Coroa/Andador Acqua Explorador Cinza/Roxo;ESTRUT. MET.AÇO.TUBULAR/48x60,5x70CM/SIST.DE TRAV. COM.DUAS.AÇÕES.CONSECUT.PARA.LIBER./PARAFUSOS.E. REBITES/BRINQUEDOS.E.ADESIVOS;7898431501615|7898431501622|7898431501639|7898431501684|7898431501691|7898431501707;Excluido;12/01/2024
228841/1944;Ativo;;29/01/2025;;;MD COMERCIO DE FERRAGENS LTDA;55274701000100;92981285408;AVENIDA JOAQUIM NABUCO, ;1094;A;69020030;CENTRO;MANAUS;AM;monadowlani@gmail.com;Hebei Zhongtai Bicycle manufacturing Co,. Ltd;Andadores Infantis;Portaria Inmetro nº 129 de 19/03/2021;;IN2520425;;;S;China, República Popular;ULTRA BABY;ANDADOR INFANTIL MUSICAL PARA BEBÊ/REF.:UBW-1026/PINK/GREEN/BLUE;MAT:PU,PP,AÇO,POLIÉSTER,ABS/DIM:70X60X55CM/SIST.DE TRAV.:LIB.EM DUAS AÇÕ.CONS./SIS.DE MONT.E FER.:MAN.(S/FERR.)/ACESS.:BANDE.COM BRINQ./CARAC.DO MODE.:ANDAD.C/BRINQ;7890012365050|7890012366064|7890012367078;Incluido;29/01/2025
522845/1970;Ativo;;16/07/2025;;;KIDDO INDUSTRIA E COMERCIO LTDA;60688090000187;1147870744;Rodovia Regis Bittencourt ;3666;;06793000;Jardim Três Marias ;Taboão da Serra;SP;m.nascimento@kiddo.com.br;JIN SUN GEE PLASTIC CO., LTD;Andadores Infantis;Portaria Inmetro nº 129 de 19/03/2021;;IN2735125;Modelo 5;;S;China, República Popular;Whoop;ANDADOR PASSINHOS 2 EM 1 REF. 8701/CINZA/ROSA/AZUL;MATERIAL:PP. POLIES/DIMENSÕES:59,5X68X53CM/SIST.DE.TRAVAM.:LIBER.EM DUAS AÇÕES CONSECUTIVAS/SIST.DE.MONTAG.E.FERRAGEM:MANUAL (SEM AUX. DE FERRAM)/ACESSÓRIOS:BRINQ./CARACT. DO MODELO:ANDADOR C/ BRINQ.;7896517223871|7896517223888|7896517223895;Incluido;16/07/2025
816849/1996;Ativo;;14/08/2019;;;BAMBOO COMERCIO, IMPORTAÇÃO E EXPORTAÇÃO EIRELI-EPP;27115224000103;8132419265;Rua. Alegre;154;Galpão A;52120125;Arruda;Recife;PE;bamboo@yescert.com.br;ZHEJIANG KINTEX INTERNATIONAL TRADING CO., LTD;Andadores Infantis;Portaria Inmetro nº 129 de 19/03/2021;;IN1632922;;;S;China, República Popular;BAMBOO;NOME FANTASIA: ANDAJAR GUGU MODELO: MD-18 CORES: VERDE;PLÁSTICO, METAL E FIBRA TÊXTIL,520 x 560 x 620 mm,MANUAL,MANUAL,BANDEJA, VOLANTE DO PUXADOR.;7909312341029;Excluido;22/07/2022
406312/1990;Ativo;;07/03/2024;;;COMPANHIA DOREL BRASIL PRODUTOS INFANTIS;10659948000107;2135547024;Av. Nilo Peçanha;1516;1582;28030035;Pq dos Rodoviários;Campos dos Goytacaze;RJ;standard@dorel.com.br;COMPANHIA DOREL BRASIL PRODUTOS INFANTIS;Andadores Infantis;Portaria Inmetro nº 129 de 19/03/2021;;IN2040823;Modelo 5;;N;Brasil;INFANTI/ COSCO;APPIA/ ZIGGY - HE022 - N/A - AZUL / ROSA / AZUL / ROSA;MAT:PP,PES,PTA,EG,POLIPROPILENO E POLIETILENO/DIM:56,5 X 68 X 60,5 CM/SIST D TRAVAMENTO:LIB EM DUAS AÇÕES CONSEC/SIST DE MNTGM E FERRG:MAN (SEM FER)/ACESS:BAND D BRINQ./CARACT D MODELO:ANDADOR C BRINQ;7908238809774|7908238809781|7908238815812|7908238815829;Incluido;10/04/2026
837562/1979;Ativo;;07/02/2022;;;TUTTI BABY INDUSTRIA E COMERCIO DE ARTIGOS INFANTIS LTDA;06981862000129;4733794000;Rod. Guilherme Jensen, SC413, km13;0;;89108000;Distrito Industrial;Massaranduba;SC;certificacao@tuttibaby.com.br;TUTTI BABY INDUSTRIA E COMERCIO DE ARTIGOS INFANTIS LTDA;Andadores Infantis;Portaria Inmetro nº 129 de 19/03/2021;;IN2869325;Modelo 5;;N;Brasil;TUTTI BABY;DESIGNAÇÃO COMERC SAFARI II (AZUL/ROSA/VERMELHO),PRINCESA ROSA COROA,ACQUA,EXPLORADOR (CINZA/ ROXO) CÓD D REF COMERC:ANDAD 40.002/40002003/40002004/40002007/40003004/40004002/40004003 CARACT DO MODELO:ANDADOR C BRINQUEDO;MAT:ESTRUTURA METALICA - AÇO TUBULAR/DIM:48X60,5X70CM/SIST DE TRAVA:LIBERAÇ EM 2AÇÕES CONSECUT/SIST DE MONTAGEM E FERRAGEM:PARAFUSOS E REBITES/ACESSÓ:BRINQUEDOS E ADESIVOS;7898431501615|7898431501622|7898431501639|7898431501684|7898431501691|7898431501707;Excluido;10/12/2025
110853/2023;Cancelado;;24/08/2020;;14/07/2025;Dardara Comercio Importacao e Exportacao Ltda.;07774907000157;1147447248;R VALENTIM MAGALHAES;95;***;03184090;ALTO DA MOOCA;SÃO PAULO;SP;dardara@yescert.com.br;FOSHAN BAOLIMEI CHILD?S VEHICLE CO.LTD;Andadores Infantis;Portaria Inmetro nº 42 de 19/01/2018;;OCAN-AND.134/20-5;;;S;China, República Popular;DARDARA;ANDADOR CARRO (FD-2407);Material: Moldes e peças em plástico P.P.(polipropileno) Adesivos (papel colante) Painel - parte interna: sistema eletrônico (placa, fio colorido, alto falante). Estrutura em metal, Dimensões: 74 x 63;;Incluido;24/08/2020
404868/1949;Inativo;;12/12/2022;;;COMPANHIA DOREL BRASIL PRODUTOS INFANTIS;10659948000883;2135547024;Av. Nilo Peçanha;1516 ;Galpão 3 ;28030035;Pq dos Rodoviários;Campos dos Goytacaze;RJ;standard@dorel.com.br;Dongguan Xinyeda Hardware Plastic Products Co., Ltd;Andadores Infantis;Portaria Inmetro nº 129 de 19/03/2021;;IN1715922;;;S;China, República Popular;Safety 1st;11389.  Melody Garden;ABS,PP.PVC.Pol.Esp, 64x55x66cm,Trav.Lib.2açoes cons, Mon.Manual. Aces: Brinquedos.;9312541727119;Incluido;12/12/2022
918662/1962;Inativo;;12/12/2022;;;COMPANHIA DOREL BRASIL PRODUTOS INFANTIS;10659948000883;2135547024;Av. Nilo Peçanha;1516 ;Galpão 3 ;28030035;Pq dos Rodoviários;Campos dos Goytacaze;RJ;standard@dorel.com.br;Dongguan Xinyeda Hardware Plastic Products Co., Ltd;Andadores Infantis;Portaria Inmetro nº 129 de 19/03/2021;;IN1715922;;;S;China, República Popular;Safety 1st;11389.  Melody Garden;ABS,PP.PVC.Pol.Esp, 64x55x66cm,Trav.Lib.2açoes cons, Mon.Manual. Aces: Brinquedos.;9312541727119;Incluido;12/12/2022
698872/1975;Ativo;;02/09/2026;;;BAGATOLI COMERCIO DE REFRIGERACAO LTDA;00897750000108;47984556257;BR-470;8105;;89058020;FORTALEZA ALTA;BLUMENAU;SC;digitalpriceconsultoria@gmail.com;PINGHU XIAOTIANDI CHILDREN?S PRODUCTS FACTORY;Andadores Infantis;Portaria Inmetro nº 129 de 19/03/2021;;IN3155526;Modelo 5;;S;China, República Popular;BAGATOLI KIDS;MOD: ANDADOR INFANTIL PULSE/ N.COM: PULSE/ V.: ROSA, AZUL, CINZA;MAT.:PP,POLIÉSTER,AÇO/DIM.:51X61X69CM/SIST.TRAV.:LIB.2 AÇÕES CONSEC./SIST.MONT.FERR.:REBITES,PARAF.E ENCAIXE PEÇAS PLÁST./ACESS.:BRINQ.NA BANDEJA/CARACT.MOD.:ANDADOR C/BRINQ.;7901030400859|7901030400866|7901030400873;Incluido;02/09/2026
992876/2001;Ativo;;30/09/2019;;;BURIGOTTO SA INDUSTRIA E COMERCIO;51460277000138;1934042000;Rua Martino Dragone;280;;13480308;Jardim Santa Barbara;Limeira;SP;carlos.riva@burigotto.com;JIN SUN GEE PLASTICS. CO., LTD.;Andadores Infantis;Portaria Inmetro nº 42 de 19/01/2018;;CE-AND/IQB 000004 53005/19-001;;;S;Formosa (Taiwan);Burigotto;Andador Baby Coupe (ref. com. IXAN3034PK10-Rosa, IXAN3034AZ19-Azul, IXAN3034CL-CL);Andador Infantil, Mat.: Polipropileno, Nylon, Aço, Tecido e Espuma, Dim: 760X650X640mm, Sist. Trav. Automático, Sistema Montagem/Ferragem Rebites, parafusos e Encaixe de peças plásticas, Acessorio: Ba;7896502916146|7896502916160|7896502935550;Incluido;30/09/2019
286891/1928;Ativo;;31/08/2026;;;MADHULA COMERCIO DE ARTIGOS ELETROELETRONICOS LTDA;03838532000190;92994433107;Rua Marcilio Dias;166;;69005270;Centro;Manaus;AM;mayapunjwani@gmail.com;PINGHU XIAOTIANDI CHILDRENS PRODUCTS FACTORY;Andadores Infantis;Portaria Inmetro nº 129 de 19/03/2021;;IN3141126-1;Modelo 5;;S;China, República Popular;BENMEK;MADHULA/ MA100/ Verde e Azul - MA100VA/ Rosa e Roxo - MA100RR/ Branco e Azul Escuro - MA100BAE/ Amarelo e Vermelho - MA100AV;MAT.:PP, FERRO E POLIÉSTER/DIM.:63X57X53 CM/SIST. DE TRAV.: LIBERAÇÃO EM DUAS AÇÕES CONSECUTIVAS/SIST. MONT. E FERR.:MANUAL (SEM FERRAMENTA)/ACESS.:BRINQUEDO/CARACT. DO MOD.: ANDADOR COM BRINQUEDO;6901031000158;Incluido;31/08/2026
580895/1954;Ativo;;06/05/2025;;;KAVOD BRASIL COMERCIO E IMPORTACAO DE PRODUTOS DE USO DOMESTICO LTDA;12389993000114;1136612389;Avenida Marquês de São Vicente;2219;Conj 1001;05036040;Água Branca;São Paulo;SP;adm@kababy.com.br;Tengzhou Lebeir Baby Carriage Co., Ltd.;Andadores Infantis;Portaria Inmetro nº 129 de 19/03/2021;;IN2610825;;;S;China, República Popular;KaBaby;DESIGNAÇÃO COMERCIAL: ANDADOR DE EMPURRAR STEP-UP KABABY CINZA/CÓDIGO DE REFERÊNCIA COMERCIAL: ANDADOR/QUANTIDADE: -/;MAT:PP/DIM:799x660x715mm/SIS_TRAV:LIBERAÇÃO EM DUAS AÇÕES CONSECUTIVAS/SIS_MONTAGEM/FERRAGEM:MANUAL SEM AUXILIO DE FERRAMENTA/ACESSORIOS:N/A/CARACT_DO_MODELO:ANDADOR COM BRINQUEDO ACOPLADO;7898605218394;Incluido;06/05/2025
874899/1980;Ativo;;29/04/2024;;;TAPUZIM COMERCIAL LTDA;00513418000100;1138569063;Av. Monte Celeste;230;250;02561000;Vila S. Maria;São Paulo;SP;sergio@babystylebrasil.com.br;SHEN ZHEN WEI MEI CHILDCARE PRODUCT LIMITED COMPANY;Andadores Infantis;Portaria Inmetro nº 129 de 19/03/2021;;IN2118124-1;;;S;China, República Popular;Baby Style;ANDADOR SMART - SMART AZUL E SMART ROSA;PP,62 X 53 X 78CM,LIBERAÇÃO EM DUAS AÇÕES CONSECUTIVAS,MANUAL (SEM FERRAMENTA),ACESSÓRIOS:N/A/CARAC MODELO:ANDADOR C BRINQUEDO NA BANDEJA;4079337307416|4079337313325;Incluido;29/04/2024
168903/2007;Ativo;;06/05/2025;;;KAVOD BRASIL COMERCIO E IMPORTACAO DE PRODUTOS DE USO DOMESTICO LTDA;12389993000114;1136612389;Avenida Marquês de São Vicente;2219;Conj 1001;05036040;Água Branca;São Paulo;SP;adm@kababy.com.br;Tengzhou Lebeir Baby Carriage Co., Ltd.;Andadores Infantis;Portaria Inmetro nº 129 de 19/03/2021;;IN2610825;;;S;China, República Popular;KaBaby;DESIGNAÇÃO COMERCIAL: ANDADOR DE EMPURRAR STEP-UP KABABY CINZA/CÓDIGO DE REFERÊNCIA COMERCIAL: ANDADOR/QUANTIDADE: -/;MAT:PP/DIM:799x660x715mm/SIS_TRAV:LIBERAÇÃO EM DUAS AÇÕES CONSECUTIVAS/SIS_MONTAGEM/FERRAGEM:MANUAL SEM AUXILIO DE FERRAMENTA/ACESSORIOS:N/A/CARACT_DO_MODELO:ANDADOR COM BRINQUEDO ACOPLADO;7898605218394;Incluido;06/05/2025
588425/1966;Inativo;;14/08/2019;;;Companhia Dorel Brasil Produtos Infantis;10659948000107;2135633602;Av. Nilo Peçanha;1516 /1582;Térreo;28030035;Pq dos Rodoviários;Campos dos Goytacaze;RJ;mariana.magalhaes@dorel.com.br;JIN SUN GEE PLASTIC CO.,LTD;Andadores Infantis;Portaria Inmetro nº 42 de 19/01/2018;;OCAN-AND.145/19-1;;;S;Formosa (Taiwan);Voyage;BG-1518;Nome Fantasia: Baby Step. Cores: Rosa e Azul. Material: Ferro, Plástico e Polipropileno. 60x49x68cm. Sistema Travamento e Montagem:Manual. Acessórios: Bandeja.;7908238801280|7908238801297;Incluido;14/08/2019
926693/1988;Inativo;;09/02/2022;;;COMPANHIA DOREL BRASIL PRODUTOS INFANTIS;10659948000107;02135547024;Av. Nilo Peçanha;1516 /1582;Térreo;28030035;Pq dos Rodoviários;Campos dos Goytacaze;RJ;mariana.magalhaes@dorel.com.br;Dong Guan Hua Song Plastic Products Co.Ltd;Andadores Infantis;Portaria Inmetro nº 42 de 19/01/2018;;IN1512522;;;S;China, República Popular;Safety 1st;11389.  Melody Garden;Pol.,PP,Aço. 65x55x66cm. Aut.c/lib.em 2 ações consec.,Manual. Acessórios: Brinquedo(centro de atividades);9312541727119;Incluido;09/02/2022
070535/1938;Ativo;;19/06/2023;;;KCARVALHUS COMERCIO E SERVICOS EIRELI;24633386000137;1143798430;Rua Poeta João Cabral De Melo Neto,  Santa Maria - Osasco - SP;77;;06147020; Santa Maria ;Osasco ;SP;carlos.carvalho@kkbebe.com.br;PINGHU SHI XIAOTIANDI CHILDREN?S PRODUCTS FACTORY;Andadores Infantis;Portaria Inmetro nº 129 de 19/03/2021;;IN1823223;;;S;China, República Popular;KK bebê;ANDADOR INFANTIL PASSINHO FORTE / AZUL /ROSA , MATERIAL:PP,FERRO E POLIÉSTER/DIMENSÕES:63X57X53CM;SISTEMA DE TRAVAMENTO:LIBERAÇÃO EM DUAS AÇÕES CONSECUTIVAS/SISTEMA DE MONTAGEM E FERRAGEM: MANUAL (SEM FERRAMENTA)/ACESSÓRIOS:BRINQUEDOS/CARACTERISTICAS DO MODELO: ANDADOR COM BRINQUEDO FIXO ACOPLADO;7898711750108|7898711750115;Incluido;19/06/2023
652577/1972;Inativo;;11/01/2023;;;COMPANHIA DOREL BRASIL PRODUTOS INFANTIS;10659948000883;2135547024;Av. Nilo Peçanha;1516 ;Galpão 3 ;28030035;Pq dos Rodoviários;Campos dos Goytacaze;RJ;standard@dorel.com.br;Jin Sun Gee Plastics Co., Ltd;Andadores Infantis;Portaria Inmetro nº 129 de 19/03/2021;;IN1701622-4;;;S;Formosa (Taiwan);Voyage;BG1401. Nome comercial: Buggy. Versões: Azul, Rosa.;PP,PVC,Ferro,POM,PU,Pol, 42x58.5x65cm. Trav:Lib.2 ações cons,Mont:Manual, Aces. Brinq.;7898509475206|7898509475213;Incluido;11/01/2023
462918/1933;Ativo;;12/11/2024;;;CACANDO OFERTAS LTDA;23230465000134;11976586700;Rua José Ferreira Crespo;752;Sala 1;08021480;Jardim São Vicente;São Paulo;SP;diegofrancisco22@bol.com.br;STYLL ADMINISTRACAO, INVESTIMENTOS, LOCACOES & SERVICOS LIMITADA;Andadores Infantis;Portaria Inmetro nº 129 de 19/03/2021;;IN2382924;;;N;Brasil;ClickBaby's;Andador Happy baby - Versões AZUL-HAPPY BABY ROSA-HAPPY BABY LARANJA-HAPPY BABY;Mat.Aço Polipropileno.Dim:640x570x470cm.Sist.Trav. Liberação duas ações consecutivas.Sist de Mont e Ferrag:Manual sem ferramenta.Acess: Bandeja c/Brinquedo.Caract/modelo:Andador c/brinquedo na bandeja;7898975097001|7898975097018|7898975097025;Incluido;12/11/2024
756922/1959;Ativo;;19/06/2026;;;LILI FLORES ARTESANAIS LTDA;50509301000113;2199999999;R SANTO SEPULCRO;00279;;21350220;MADUREIRA;RIO DE JANEIRO;RJ;xiaoweiliu663@gmail.com;PINGHU XIAOTIANDI CHILDREN''S PRODUCTS FACTORY ;Andadores Infantis;Portaria Inmetro nº 129 de 19/03/2021;;IN3051726;Modelo 5;;S;China, República Popular;LILI;MOD:ANDADOR LL-2931 / CÓD. DE REFERÊNCIA COMERCIAL: LL-2931 / AZUL,ROSA,VERDE;MAT.:PP, POLIÉSTER E POLIETILENO/DIM:56,5X68X60,5CM/ SIST.TRAV.:LIBERAÇÃO EM DUAS AÇÕES CONSECUTIVAS/SIST. MONT.:LIBERAÇÃO EM DUAS AÇÕES CONSECUTIVAS/SEM ACESSÓRIOS/ANDADOR COM BRINQUEDO INTERATIVO;;Incluido;19/06/2026
143992/2006;Ativo;;20/12/2019;;;TAPUZIM COMERCIAL LTDA;00513418000100;1138569063;Av. Monte Celeste;230;250;02561000;Vila S. Maria;São Paulo;SP;ehs0770@hotmail.com;SHEN ZHEN WEI MEI CHILDCARE PRODUCT LIMITED COMPANY;Andadores Infantis;Portaria Inmetro nº 42 de 19/01/2018;;OCAN-AND.165/19-2;;;S;China, República Popular;baby style;SPACECAR - VERSÕES: Andador car - Ref. 21302 / Andador space - Ref. 33117;Material: Plástico, metal e tecido. Dimensões: 59 x 59 x 69 cm , Sistema de Travamento: Stoper, Sistema de Montagem e Ferragem: Tesoura, Acessórios: Bandeja musical;4532213022990|4532331172997;Incluido;20/12/2019
464226/1970;Inativo;;12/12/2022;;;COMPANHIA DOREL BRASIL PRODUTOS INFANTIS;10659948000883;2135547024;Av. Nilo Peçanha;1516 ;Galpão 3 ;28030035;Pq dos Rodoviários;Campos dos Goytacaze;RJ;standard@dorel.com.br;Dongguan Xinyeda Hardware Plastic Products Co., Ltd;Andadores Infantis;Portaria Inmetro nº 129 de 19/03/2021;;IN1715922;;;S;China, República Popular;Safety 1st;11389.  Melody Garden;ABS,PP.PVC.Pol.Esp, 64x55x66cm,Trav.Lib.2açoes cons, Mon.Manual. Aces: Brinquedos.;9312541727119;Incluido;12/12/2022
211460/1955;Ativo;;19/06/2026;;;LILI FLORES ARTESANAIS LTDA;50509301000113;2199999999;R SANTO SEPULCRO;00279;;21350220;MADUREIRA;RIO DE JANEIRO;RJ;xiaoweiliu663@gmail.com;PINGHU XIAOTIANDI CHILDREN''S PRODUCTS FACTORY ;Andadores Infantis;Portaria Inmetro nº 129 de 19/03/2021;;IN3051726;Modelo 5;;S;China, República Popular;LILI;MOD:ANDADOR LL-2931 / CÓD. DE REFERÊNCIA COMERCIAL: LL-2931 / AZUL,ROSA,VERDE;MAT.:PP, POLIÉSTER E POLIETILENO/DIM:56,5X68X60,5CM/ SIST.TRAV.:LIBERAÇÃO EM DUAS AÇÕES CONSECUTIVAS/SIST. MONT.:LIBERAÇÃO EM DUAS AÇÕES CONSECUTIVAS/SEM ACESSÓRIOS/ANDADOR COM BRINQUEDO INTERATIVO;;Incluido;19/06/2026
050926/1986;Ativo;;09/12/2019;;;TAPUZIM COMERCIAL LTDA;00513418000100;1138569063;Av. Monte Celeste;230;250;02561000;Vila S. Maria;São Paulo;SP;ehs0770@hotmail.com;SHEN ZHEN WEI MEI CHILDCARE PRODUCT LIMITED COMPANY;Andadores Infantis;Portaria Inmetro nº 129 de 19/03/2021;;IN2062423;Modelo 5;;S;China, República Popular;Baby Style;ANDADOR PIANINHO ROSA - 33725 / ANDADOR PIANINHO AZUL - 33726;ANDADOR PIANINHO RS E AZ, MATERIAL:PLÁSTICO/62 X 53 X 78 CM/LIBERAÇÃO EM DUAS AÇÕES CONSECUTIVAS/MANUAL (SEM FERRAMENTAS)/BRINQUEDO;4079337251993|4079337261992;Incluido;29/01/2024
344930/2012;Ativo;;07/03/2024;;;COMPANHIA DOREL BRASIL PRODUTOS INFANTIS;10659948000107;2135547024;Av. Nilo Peçanha;1516;1582;28030035;Pq dos Rodoviários;Campos dos Goytacaze;RJ;standard@dorel.com.br;COMPANHIA DOREL BRASIL PRODUTOS INFANTIS;Andadores Infantis;Portaria Inmetro nº 129 de 19/03/2021;;IN2040823;Modelo 5;;N;Brasil;Infanti;APPIA - HE022 - AZUL/ROSA - MAT.:PP, POLIÉSTER,PTA, EG, POLIPROPILENO E POLIETILENO.DIMENSÕES:56,5X68X60,5CM/;SIST. DE TRAVAMENTO: LIBERAÇÃO EM 2 AÇÕES CONSECUTIVAS/SIST. DE MONTAGEM E FERRAGEM: MANUAL (S/ FERRAMENTAS)/ACES.: BANDEJA DE BRINQUEDOS/ANDADOR COM BRINQUEDO;7908238809774|7908238809781;Excluido;10/04/2026
236149/2000;Ativo;;03/04/2023;;;PLANETA - IMPORTACAO E DISTRIBUICAO DE BRINQUEDOS LTDA;13434272000141;1138951572;AV VASCO MASSAFELI;1000;G1A M1-21;06703600;JARDIM MARIA TEREZA;COTIA;SP;admin@planetadobebe.com.br;HEBEI WANXIN CHILDREN TOYS CO.,LTD.;Andadores Infantis;Portaria Inmetro nº 129 de 19/03/2021;;IN1765923;Modelo 5;;S;China, República Popular;MAXI BABY;ANDADOR LA BAMBA - NW-01 - AZUL #21537/ROSA #21538/VERMELHO #75268;MAT: PP E PAR. ABS, AÇO DE ALT. CARB.-RODA ELAST. TERM.,PVC/DIM:580X680X550(LXCXH)/SIS_TRAV:LIBE.EMDUAS AÇÕES CONS./SIS_MONT E FER:MAN.(S/FER.)/ACES:BAND C BRINQ./CARAC.DO MOD:ANDADOR C BRI.(BAD. MUS.;7898975752689|7899403215370|7899403215387;Excluido;18/03/2026
983884/1998;Inativo;;24/09/2019;;;Galzerano Indústria de Carrinhos e Berços Ltda;43594977000197;1934043030;Via Prefeito Jurandyr Paixão;700;;13481149;Jd. Campo Belo;Limeira;SP;luisfernando.camargo@galzerano.com.br;SHEN ZHEN WEI MEI CHILDCARE PRODUCT LIMITED COMPANY;Andadores Infantis;Portaria Inmetro nº 42 de 19/01/2018;;CE-AND/IQB 000006 53504/20-001;;;S;China, República Popular;GALZERANO;Andador de bebê 4 em 1 Funny - Versões: Color (CR), Verde Água (VDA);Mat Tec poli Espum Resin plást Itens fix Dimens 75Cx71Lx55A(cm) Sist trav Dobradiç plást c/ botã acion Sist mont frenag Encaix manua Mod Andador c/ módul sonor Pçs girat Cores divers Acess Brinq remov;7898089221477|7898089221996;Incluido;24/09/2019
977383/1965;Inativo;;14/08/2019;;;Companhia Dorel Brasil Produtos Infantis;10659948000107;2135633602;Av. Nilo Peçanha;1516 /1582;Térreo;28030035;Pq dos Rodoviários;Campos dos Goytacaze;RJ;mariana.magalhaes@dorel.com.br;JIN SUN GEE PLASTIC CO.,LTD;Andadores Infantis;Portaria Inmetro nº 42 de 19/01/2018;;OCAN-AND.145/19-2;;;S;Formosa (Taiwan);Cosco;BG-2023;Nome Fantasia: Goal Walker 4 em 1. Cores: Rosa e Azul. Material: Ferro, Plástico, PP e PU. 74 x 44x 66.5 cm. Sistema de Travamento e Montagem: Manual. Acessórios: Bandeja de Brinquedos.;7898509478375|7898509478665;Incluido;14/08/2019
529516/2008;Ativo;;12/11/2024;;;CACANDO OFERTAS LTDA;23230465000134;11976586700;Rua José Ferreira Crespo;752;Sala 1;08021480;Jardim São Vicente;São Paulo;SP;diegofrancisco22@bol.com.br;STYLL ADMINISTRACAO, INVESTIMENTOS, LOCACOES & SERVICOS LIMITADA;Andadores Infantis;Portaria Inmetro nº 129 de 19/03/2021;;IN2382924;;;N;Brasil;ClickBaby's;Andador Happy baby - Versões AZUL-HAPPY BABY ROSA-HAPPY BABY LARANJA-HAPPY BABY;Mat.Aço Polipropileno.Dim:640x570x470cm.Sist.Trav. Liberação duas ações consecutivas.Sist de Mont e Ferrag:Manual sem ferramenta.Acess: Bandeja c/Brinquedo.Caract/modelo:Andador c/brinquedo na bandeja;7898975097001|7898975097018|7898975097025;Incluido;12/11/2024
671624/1958;Ativo;;13/04/2026;;;VG SHOP COMERCIO ON LINE LTDA;16857384000365;1149690505;RUA PROJETADA SN KM 15 NUCLEO AGUA COMPRIDA;0;KM 15;37600000;AGUA COMPRIDA;CAMBUI;MG;gilson@vgshop.com.br;YONGXING SPORTS LIMITED;Andadores Infantis;Portaria Inmetro nº 129 de 19/03/2021;;IN2982826;Modelo 5;;S;China, República Popular;MULTMAXX;Desig. Com. andador infantil com empurrador Cod. Ref. MTX150 / MTX151 Quant. (aplic. para mod. 1b) n/a Mat: poliéster, abs, pp e borracha Dim. 76x65x65cm Sis. Trav. dois dispositivos independentes sendo operador simultaneamente;Sis. de Mont. e Ferragem: manual (com ferramenta) acess: N/A Car.do mod: andador ccom empurrador e brinquedo musical Vers. MTX150 cinza MTX151 rosa;7898758400394|7898758400400;Incluido;13/04/2026
357220/2008;Ativo;;01/12/2021;;;FAST TRADING IMPORTACAO, EXPORTACAO E COMERCIO DE BEBIDAS EIRELI;34076058000130;8130191960;AV. GOVERNADOR AGAMENON MAGALHÃES,  EDF. EMPRESSARIAL RENATO DIAS - ANDAR 15º, SALA 1502 ;4318;SALA 1502;52010075;PAISSANDU; RECIFE;PE;ricardo.ferreira@fasttradingimport.com.br;China Zhejiang Techincal Co. Ltd;Andadores Infantis;Portaria Inmetro nº 42 de 19/01/2018;;OCAN-AND.514/21-1;;;S;China, República Popular;Fast;602;Material:	PP, Ferro e Poliester/ Dimensões:	63 x 57 x 53 cm/ Sistema de Travamento: Travamento automático com liberação em duas ações consecutivas/ Sistema de Montagem e Ferragem: Manual	/Acessórios: ;;Incluido;01/12/2021
638945/1938;Cancelado;;24/08/2020;;14/07/2025;Dardara Comercio Importacao e Exportacao Ltda.;07774907000157;1147447248;R VALENTIM MAGALHAES;95;***;03184090;ALTO DA MOOCA;SÃO PAULO;SP;dardara@yescert.com.br;FOSHAN BAOLIMEI CHILD?S VEHICLE CO.LTD;Andadores Infantis;Portaria Inmetro nº 42 de 19/01/2018;;OCAN-AND.134/20-5;;;S;China, República Popular;DARDARA;ANDADOR CARRO (FD-2407);Material: Moldes e peças em plástico P.P.(polipropileno) Adesivos (papel colante) Painel - parte interna: sistema eletrônico (placa, fio colorido, alto falante). Estrutura em metal, Dimensões: 74 x 63;;Incluido;24/08/2020
042360/1945;Inativo;;11/01/2023;;;COMPANHIA DOREL BRASIL PRODUTOS INFANTIS;10659948000883;2135547024;Av. Nilo Peçanha;1516 ;Galpão 3 ;28030035;Pq dos Rodoviários;Campos dos Goytacaze;RJ;standard@dorel.com.br;Jin Sun Gee Plastics Co., Ltd;Andadores Infantis;Portaria Inmetro nº 129 de 19/03/2021;;IN1722522;;;S;Formosa (Taiwan);Cosco;BG-1518. Nome comercial: Follow. Versões: Azul e Laranja.;Ferro, plástico, PP,PET, PU e poliéster. 60 x 49 x 68 cm.Trav:Lib.2 ações cons., Encaixe,aces: Brinquedos.;7908238808043|7908238808050;Incluido;11/01/2023
932949/1964;Ativo;;09/12/2019;;;TAPUZIM COMERCIAL LTDA;00513418000100;1138569063;Av. Monte Celeste;230;250;02561000;Vila S. Maria;São Paulo;SP;ehs0770@hotmail.com;SHEN ZHEN WEI MEI CHILDCARE PRODUCT LIMITED COMPANY;Andadores Infantis;Portaria Inmetro nº 129 de 19/03/2021;;IN2062423;Modelo 5;;S;China, República Popular;Baby Style;MODELO: ANIMAIS VERSÕES: Andador cachorro vermelho - Ref. 33721 Andador cachorro azul - Ref. 33722 Andador abelha rosa - Ref. 33723 Andador abelha azul - Ref. 33724 Andador pianinho rosa Ref: 33725 Andador pianinho azul Ref: 33726;Material: Plástico, metal e tecido, Dimensões: 50 x 70 x 60 cm, Sistema de Travamento: Stoper, Sistema deMontagem e Ferragem: Tesoura, Acessórios: Bandeja musical;4079337218996|4079337228995|4079337238994|4079337248993|4079337251993|4079337261992;Excluido;29/01/2024
682060/2002;Ativo;;29/04/2024;;;TAPUZIM COMERCIAL LTDA;00513418000100;1138569063;Av. Monte Celeste;230;250;02561000;Vila S. Maria;São Paulo;SP;sergio@babystylebrasil.com.br;SHEN ZHEN WEI MEI CHILDCARE PRODUCT LIMITED COMPANY;Andadores Infantis;Portaria Inmetro nº 129 de 19/03/2021;;IN2118124-1;;;S;China, República Popular;Baby Style;ANDADOR SMART - SMART AZUL E SMART ROSA;PP,62 X 53 X 78CM,LIBERAÇÃO EM DUAS AÇÕES CONSECUTIVAS,MANUAL (SEM FERRAMENTA),ACESSÓRIOS:N/A/CARAC MODELO:ANDADOR C BRINQUEDO NA BANDEJA;4079337307416|4079337313325;Incluido;29/04/2024
598929/2012;Ativo;;31/08/2026;;;MADHULA COMERCIO DE ARTIGOS ELETROELETRONICOS LTDA;03838532000190;92994433107;Rua Marcilio Dias;166;;69005270;Centro;Manaus;AM;mayapunjwani@gmail.com;PINGHU XIAOTIANDI CHILDRENS PRODUCTS FACTORY;Andadores Infantis;Portaria Inmetro nº 129 de 19/03/2021;;IN3141126-1;Modelo 5;;S;China, República Popular;BENMEK;MADHULA/ MA100/ Verde e Azul - MA100VA/ Rosa e Roxo - MA100RR/ Branco e Azul Escuro - MA100BAE/ Amarelo e Vermelho - MA100AV;MAT.:PP, FERRO E POLIÉSTER/DIM.:63X57X53 CM/SIST. DE TRAV.: LIBERAÇÃO EM DUAS AÇÕES CONSECUTIVAS/SIST. MONT. E FERR.:MANUAL (SEM FERRAMENTA)/ACESS.:BRINQUEDO/CARACT. DO MOD.: ANDADOR COM BRINQUEDO;6901031000158;Incluido;31/08/2026
535101/1965;Ativo;;31/08/2026;;;MADHULA COMERCIO DE ARTIGOS ELETROELETRONICOS LTDA;03838532000190;92994433107;Rua Marcilio Dias;166;;69005270;Centro;Manaus;AM;mayapunjwani@gmail.com;PINGHU XIAOTIANDI CHILDRENS PRODUCTS FACTORY;Andadores Infantis;Portaria Inmetro nº 129 de 19/03/2021;;IN3141126-1;Modelo 5;;S;China, República Popular;BENMEK;MADHULA/ MA100/ Verde e Azul - MA100VA/ Rosa e Roxo - MA100RR/ Branco e Azul Escuro - MA100BAE/ Amarelo e Vermelho - MA100AV;MAT.:PP, FERRO E POLIÉSTER/DIM.:63X57X53 CM/SIST. DE TRAV.: LIBERAÇÃO EM DUAS AÇÕES CONSECUTIVAS/SIST. MONT. E FERR.:MANUAL (SEM FERRAMENTA)/ACESS.:BRINQUEDO/CARACT. DO MOD.: ANDADOR COM BRINQUEDO;6901031000158;Incluido;31/08/2026
226953/1991;Inativo;;19/06/2023;;;VANMAX COMERCIO LTDA;84114198000124;9231337050;RUA CEL SERGIO PESSOA;91;;69005030;CENTRO;MANAUS;AM;GERENTEDEVENDAS@VANMAX.COM.BR;PINGHU SHI XIAOTIANDI CHILDREN´S PRODUCTS FACTORY;Andadores Infantis;Portaria Inmetro nº 129 de 19/03/2021;;IN1811123;;;S;China, República Popular;BRINKMAX;997A/ NOME COMERCIAL: ANDAJÁ/VERSÕES: AZUL - 582597/ROSA - 582596/VERMELHO - 582598/VERMELHO/BRANCO - 582599 - MAT.: FERRO,POLIPROPILENO E POLIÉSTER/DIM.:67X57X54CM;SIST.DE TRAVA.:LIBERAÇÃO EM DUAS AÇÕES CONSECUTIVAS/SIST.DE MONT.E FERR.MAN.(SEM FERRAMENTA)/ACESSÓRIOS: BRINQUEDO/CARACTERISTICAS DO MODELO: ANDADOR INFANTIL COM BRINQUEDO ACOPLADO;7890785825966|7890785825973|7890785825980|7890785825997;Incluido;19/06/2023
520957/2017;Ativo;;07/03/2024;;;COMPANHIA DOREL BRASIL PRODUTOS INFANTIS;10659948000107;2135547024;Av. Nilo Peçanha;1516;1582;28030035;Pq dos Rodoviários;Campos dos Goytacaze;RJ;standard@dorel.com.br;COMPANHIA DOREL BRASIL PRODUTOS INFANTIS;Andadores Infantis;Portaria Inmetro nº 129 de 19/03/2021;;IN2040823;Modelo 5;;N;Brasil;Infanti;APPIA - HE022 - AZUL/ROSA - MAT.:PP, POLIÉSTER,PTA, EG, POLIPROPILENO E POLIETILENO.DIMENSÕES:56,5X68X60,5CM/;SIST. DE TRAVAMENTO: LIBERAÇÃO EM 2 AÇÕES CONSECUTIVAS/SIST. DE MONTAGEM E FERRAGEM: MANUAL (S/ FERRAMENTAS)/ACES.: BANDEJA DE BRINQUEDOS/ANDADOR COM BRINQUEDO;7908238809774|7908238809781;Excluido;10/04/2026
978242/1939;Ativo;;12/04/2021;;;TUTTI BABY INDUSTRIA E COMERCIO DE ARTIGOS INFANT;06981862000129;4733794000;Rod. Guilherme Jensen;0;Galpão 01;89108000;Distrito Industrial;Massaranduba;SC;qualidade@tuttibaby.com.br;TUTTI BABY INDUSTRIA E COMERCIO DE ARTIGOS INFANT;Andadores Infantis;Portaria Inmetro nº 129 de 19/03/2021;;CE-AND/IQB 000005 54149/20-001;Modelo 5;;N;Brasil;Tutti Baby;Andador 40.001;ESTRUT.MET. DE AÇO TUB.PLÁST. DE ENG.ALGODÃO.48CM X60,5CMX70CM,COM DUAS AÇÕESCONSEC PARA LIB.REB.E PARAF.BRINQ. E ADES.BASE SUP.BASE INF.FREIO ANTI-QUEDA E CONJ.DE RODAS,PNEU DA RODA TRAS. E TRAVA ANT;7898431501219|7898431501226|7898431501233;Incluido;12/04/2021
814972/1943;Ativo;;07/03/2024;;;COMPANHIA DOREL BRASIL PRODUTOS INFANTIS;10659948000107;2135547024;Av. Nilo Peçanha;1516;1582;28030035;Pq dos Rodoviários;Campos dos Goytacaze;RJ;standard@dorel.com.br;COMPANHIA DOREL BRASIL PRODUTOS INFANTIS;Andadores Infantis;Portaria Inmetro nº 129 de 19/03/2021;;IN2040823;Modelo 5;;N;Brasil;Infanti;APPIA - HE022 - AZUL/ROSA - MAT.:PP, POLIÉSTER,PTA, EG, POLIPROPILENO E POLIETILENO.DIMENSÕES:56,5X68X60,5CM/;SIST. DE TRAVAMENTO: LIBERAÇÃO EM 2 AÇÕES CONSECUTIVAS/SIST. DE MONTAGEM E FERRAGEM: MANUAL (S/ FERRAMENTAS)/ACES.: BANDEJA DE BRINQUEDOS/ANDADOR COM BRINQUEDO;7908238809774|7908238809781;Excluido;10/04/2026
108976/1970;Inativo;;09/02/2022;;;COMPANHIA DOREL BRASIL PRODUTOS INFANTIS;10659948000107;02135547024;Av. Nilo Peçanha;1516 /1582;Térreo;28030035;Pq dos Rodoviários;Campos dos Goytacaze;RJ;mariana.magalhaes@dorel.com.br;Dong Guan Hua Song Plastic Products Co.Ltd;Andadores Infantis;Portaria Inmetro nº 42 de 19/01/2018;;IN1512522;;;S;China, República Popular;Safety 1st;11389.  Melody Garden;Pol.,PP,Aço. 65x55x66cm. Aut.c/lib.em 2 ações consec.,Manual. Acessórios: Brinquedo(centro de atividades);9312541727119;Incluido;09/02/2022
402980/1996;Cancelado;;24/08/2020;;14/07/2025;Dardara Comercio Importacao e Exportacao Ltda.;07774907000157;1147447248;R VALENTIM MAGALHAES;95;***;03184090;ALTO DA MOOCA;SÃO PAULO;SP;dardara@yescert.com.br;FOSHAN BAOLIMEI CHILD?S VEHICLE CO.LTD;Andadores Infantis;Portaria Inmetro nº 42 de 19/01/2018;;OCAN-AND.134/20-5;;;S;China, República Popular;DARDARA;ANDADOR CARRO (FD-2407);Material: Moldes e peças em plástico P.P.(polipropileno) Adesivos (papel colante) Painel - parte interna: sistema eletrônico (placa, fio colorido, alto falante). Estrutura em metal, Dimensões: 74 x 63;;Incluido;24/08/2020
258170/2020;Ativo;;01/12/2021;;;HEMNANI COMERCIO DE VARIEDADES LTDA.;05469291000185;1124143633;Rua Marcílio Dias;304;N/A;69005270;Centro;Manaus;AM;papush@uol.com.br;China Zhejiang Techincal Co. Ltd;Andadores Infantis;Portaria Inmetro nº 42 de 19/01/2018;;OCAN-AND.189/21-1;;;S;China, República Popular;SITA;AKH602;Material: PP, Ferro e Poliester - Dimensões: 655 mm X 560mm X 500 mm - Sistema de Travamento: Travamento automatico com liberação em duas ações consecutivas - Sistema de Montagem e Ferragem: MANUAL;;Incluido;01/12/2021
696984/2022;Ativo;;31/08/2026;;;TUTTI BABY INDUSTRIA E COMERCIO DE ARTIGOS INFANTIS LTDA;06981862000129;4733794000;Rod. Guilherme Jensen, SC413, km13;0;Galpão 01;89108000;Distrito Industrial;Massaranduba;SC;heloiza.souza@tuttibaby.com.br;TUTTI BABY INDUSTRIA E COMERCIO DE ARTIGOS INFANTIS LTDA;Andadores Infantis;Portaria Inmetro nº 129 de 19/03/2021;;CE-AND/IQB 000013 57036/26-002;Modelo 5;;N;Brasil;TUTTI BABY;ANDADOR COMFORT - 40005004,40005003,40005011,40005028,40005007,40005010,40005006,40005029;ESTRU.METALICA:ACO TUBULAR,BRINQ:PLAST.DE ENG.,REVEST. TEXTIL: ALGODAO/48X60,5X70 CM/DOIS DISP. DE TRAV. INDEP. SENDO OP. SIMULT./PARAFUSOS E MONT. DE PÇS PLAST./BRINQ. CERT. E ADESIVO-57036/26;7898431502063|7898431502070|7898431502087|7898431502094|7898431502100|7898431502117|7898431502124|7898431502131;Incluido;31/08/2026
990999/1948;Ativo;;07/03/2024;;;MADHULA COMERCIO DE ARTIGOS ELETROELETRONICOS LTDA;03838532000190;63881924131;Rua Marcilio Dias;166;;69005270;Centro;Manaus;AM;ltdamcg@gmail.com;PINGHU SHI XIAOTIANDI CHILDREN''S PRODUCTS FACTORY;Andadores Infantis;Portaria Inmetro nº 129 de 19/03/2021;;IN2088024;;;S;China, República Popular;BENMEK;ANDADOR MADHULA - MA101 - ROSA-MA101R/AZUL-MA101A/VERDE-MA101V/LARANJA-MA101L;MAT.:PP,FERRO E POLIÉSTER/DIM.:63X57X53CM/SIST.TRAVA.:LIBERAÇÃO EM DUAS AÇÕES CONSECUTIVAS/SIST.MONT.FERRA.:MANUAL(SEM FERRAMENTA)/ACESSÓRIOS:N/A/CARACTERISTICAS DO MODELO: ANDADOR COM BRINQUEDO;6901031000158;Incluido;07/03/2024
285003/1975;Ativo;;15/12/2023;;;MADHULA COMERCIO DE ARTIGOS ELETROELETRONICOS LTDA;03838532000190;62811924131;Rua Marcilio Dias;166;;69005270;Centro;Manaus;AM;dgjohnny@gmail.com;PINGHU SHI XIAOTIANDI CHILDREN''S PRODUCTS FACTORY;Andadores Infantis;Portaria Inmetro nº 129 de 19/03/2021;;IN1983523;;;S;China, República Popular;BENMEK;ANDADOR MADHULA/REF.: MA100/VERSÕES:Verde e Azul - MA100VA,Rosa e Roxo - MA100RR,Branco e Azul Escuro - MA100BAE,Amarelo e Vermelho - MA100AV;MAT:PP, FERRO E POLIÉSTER/DIMEN.:63 X 57 X 53 CM/SIST. TRAVAMENTO:Liberação em duas ações consecutivas/SIST. MONTAGEM E FERRAGEM:MANUAL(SEM FERRAMENTA)/ACESS.:n/a/CARACTERÍSTICAS: ANDADOR COM BRINQUED;6901031000158;Incluido;15/12/2023
579007/2001;Ativo;;09/12/2019;;;TAPUZIM COMERCIAL LTDA;00513418000100;1138569063;Av. Monte Celeste;230;250;02561000;Vila S. Maria;São Paulo;SP;ehs0770@hotmail.com;SHEN ZHEN WEI MEI CHILDCARE PRODUCT LIMITED COMPANY;Andadores Infantis;Portaria Inmetro nº 129 de 19/03/2021;;IN2062423;Modelo 5;;S;China, República Popular;baby style;ANDADOR ANIMAIS;ANIMAISVERSÕES: Andador cachorro vermelho - Ref. 33721 Andador cachorro azul - Ref. 33722 Andador abelha rosa - Ref. 33723 Andador abelha azul - Ref. 33724 . Material: Plástico, metal e tecido. Dimen;4079337218996|4079337228995|4079337238994|4079337248993;Excluido;21/12/2020
693042/1961;Ativo;;01/07/2026;;;APS IMPORTACAO EXPORTACAO DISTRIBUICAO LTDA;44540981000135;11974642778;EST GERAL DE MEDEIROS;20;SALA 05;88390000;MEDEIROS;BARRA VELHA;SC;orquestra@yescert.com.br;Tengzhou Lebeir Baby Carriage Co., Ltd.;Andadores Infantis;Portaria Inmetro nº 129 de 19/03/2021;;IN3076626;Modelo 5;;S;China, República Popular;TOYS&TOYS;MOD:ANDADOR MUSICAL PARA BEBES/INFANTIL/CÓD DE REFERÊNCIA COMERCIAL: ANDADOR MUSICAL V:CINZA - 310552,MARROM - 310569,AZUL - 310576,ROSA 310583;Mat:PP/Dim:799x660x715mm/Sist de Travam: Dois dispositivos de travam independentes sendo operados simult/Sist de Mont e Ferr:Manual (sem ferram)/Acess:N/A/Caract do modelo:ANDADOR COM BRINQ.MUSICAL AC;7908888310552|7908888310569|7908888310576|7908888310583;Incluido;01/07/2026
527281/1995;Inativo;;19/06/2023;;;VANMAX COMERCIO LTDA;84114198000124;9231337050;RUA CEL SERGIO PESSOA;91;;69005030;CENTRO;MANAUS;AM;GERENTEDEVENDAS@VANMAX.COM.BR;PINGHU SHI XIAOTIANDI CHILDREN´S PRODUCTS FACTORY;Andadores Infantis;Portaria Inmetro nº 129 de 19/03/2021;;IN1811123;;;S;China, República Popular;BRINKMAX;997A/ NOME COMERCIAL: ANDAJÁ/VERSÕES: AZUL - 582597/ROSA - 582596/VERMELHO - 582598/VERMELHO/BRANCO - 582599 - MAT.: FERRO,POLIPROPILENO E POLIÉSTER/DIM.:67X57X54CM;SIST.DE TRAVA.:LIBERAÇÃO EM DUAS AÇÕES CONSECUTIVAS/SIST.DE MONT.E FERR.MAN.(SEM FERRAMENTA)/ACESSÓRIOS: BRINQUEDO/CARACTERISTICAS DO MODELO: ANDADOR INFANTIL COM BRINQUEDO ACOPLADO;7890785825966|7890785825973|7890785825980|7890785825997;Incluido;19/06/2023
533605/1973;Ativo;;14/08/2019;;;BAMBOO COMERCIO, IMPORTAÇÃO E EXPORTAÇÃO EIRELI-EPP;27115224000103;8132419265;Rua. Alegre;154;Galpão A;52120125;Arruda;Recife;PE;bamboo@yescert.com.br;ZHEJIANG KINTEX INTERNATIONAL TRADING CO., LTD;Andadores Infantis;Portaria Inmetro nº 129 de 19/03/2021;;IN1632922;;;S;China, República Popular;BAMBOO;NOME FANTASIA: ANDAJAR GUGU MODELO: MD-18 CORES: VERDE;PLÁSTICO, METAL E FIBRA TÊXTIL,520 x 560 x 620 mm,MANUAL,MANUAL,BANDEJA, VOLANTE DO PUXADOR.;7909312341029;Excluido;22/07/2022
465466/2005;Ativo;;07/08/2024;;;AMAZONAS IMPORTADOS LTDA;07269201000138;9691131654;Rua Independência;175;;68900090;Central;Macapa;AP;adriana.abreu@amazonasimportados.com.br;YIWU BALBIAN ELECTRONIC TECHNOLOGICAL CO., LTD;Andadores Infantis;Portaria Inmetro nº 129 de 19/03/2021;;IN2086424-3;;;S;China, República Popular;LÉ PETIT;MODE,BABY WALKER/REF:LP-9824/ CONT: ANDADOR COM BRINQUEDO ACOPLADO:/VERSÕES:AZUL,VERDE,ROSA.;MATL:PP E POLIÉSTER/DIM:66X54X52CM/SIST DE TRAV:LIBERAÇÃO EM DUAS AÇÕES CONSECUTIVAS/SIST DE MONT E FERR :MANUAL (SEM FERRAMENTA)/ACESSÓRIOS:N/A.CARACT DO MODELO:;7453116003640;Incluido;07/08/2024
873022/1927;Ativo;;07/02/2022;;;TUTTI BABY INDUSTRIA E COMERCIO DE ARTIGOS INFANTIS LTDA;06981862000129;4733794000;Rod. Guilherme Jensen, SC413, km13;0;;89108000;Distrito Industrial;Massaranduba;SC;certificacao@tuttibaby.com.br;TUTTI BABY INDUSTRIA E COMERCIO DE ARTIGOS INFANTIS LTDA;Andadores Infantis;Portaria Inmetro nº 129 de 19/03/2021;;IN2869325;Modelo 5;;N;Brasil;TUTTI BABY;DESIGNAÇÃO COMERC SAFARI II (AZUL/ROSA/VERMELHO),PRINCESA ROSA COROA,ACQUA,EXPLORADOR (CINZA/ ROXO) CÓD D REF COMERC:ANDAD 40.002/40002003/40002004/40002007/40003004/40004002/40004003;MAT:ESTRUTURA METALICA - AÇO TUBULAR/DIM:48X60,5X70CM/SIST DE TRAVA:LIBERAÇ EM 2AÇÕES CONSECUT/SIST DE MONTAGEM E FERRAGEM:PARAFUSOS E REBITES/ACESSÓ:BRINQUEDOS E ADESIVOS/CARACT DO MODELO:ANDADOR C B;7898431501615|7898431501622|7898431501639|7898431501684|7898431501691|7898431501707;Excluido;26/04/2024
570339/1957;Ativo;;07/08/2024;;;COMERCIO E IMPORTACAO DENISE LTDA;29963642000178;21997976531;RUA DO MILHO;72;A;21011090;PENHA CIRCULAR;RIO DE JANEIRO;RJ;comerciomybaby@hotmail.com;PING HU BEST CHILDREN?S CARRIER CO.LTD;Andadores Infantis;Portaria Inmetro nº 129 de 19/03/2021;;IN2189524;;;S;China, República Popular;MY BABY;PATO A1 - ROSA LISO, AZUL LISO, ROSA COLORIDO, AZUL COLORIDO - Acessórios: Brinquedos Caracteristicas do modelo: Andador infantil com brinquedo elétrico;Material: Ferro, PP e Poliéster Dimensões: 71 x 62 x 55 cm Sistema de Travamento: Liberação em duas ações consecutivas Sistema de Montagem e Ferragem: Manual (com auxílio de ferramenta);6294013738218|6294013738225|6294013738287|6294013738294;Incluido;07/08/2024
030571/1963;Ativo;;06/05/2025;;;KAVOD BRASIL COMERCIO E IMPORTACAO DE PRODUTOS DE USO DOMESTICO LTDA;12389993000114;1136612389;Avenida Marquês de São Vicente;2219;Conj 1001;05036040;Água Branca;São Paulo;SP;adm@kababy.com.br;Tengzhou Lebeir Baby Carriage Co., Ltd.;Andadores Infantis;Portaria Inmetro nº 129 de 19/03/2021;;IN2610825;;;S;China, República Popular;KaBaby;DESIGNAÇÃO COMERCIAL: ANDADOR DE EMPURRAR STEP-UP KABABY CINZA/CÓDIGO DE REFERÊNCIA COMERCIAL: ANDADOR/QUANTIDADE: -/;MAT:PP/DIM:799x660x715mm/SIS_TRAV:LIBERAÇÃO EM DUAS AÇÕES CONSECUTIVAS/SIS_MONTAGEM/FERRAGEM:MANUAL SEM AUXILIO DE FERRAMENTA/ACESSORIOS:N/A/CARACT_DO_MODELO:ANDADOR COM BRINQUEDO ACOPLADO;7898605218394;Incluido;06/05/2025
167026/1954;Ativo;;29/04/2024;;;TAPUZIM COMERCIAL LTDA;00513418000100;113856906;Av. Monte Celeste;230;250;02561000;Vila S. Maria;São Paulo;SP;sergio@babystylebrasil.com.br;SHEN ZHEN WEI MEI CHILDCARE PRODUCT LIMITED COMPANY;Andadores Infantis;Portaria Inmetro nº 129 de 19/03/2021;;IN2118124-2;;;S;China, República Popular;Baby Style;ANDADOR FOGUETE - FOGUETE CINZA E FOGUETE ROSA;MATERIAL:PP/DIM:62X53X78CM/SISTEMA DE TRAVAME:LIBERA EM 2 AÇÕES CONSECUTIVAS/MANUAL/ACESSÓRIOS:N/A/CARACT DO MODELO:ANDADOR C BRINQUEDO NA BANDEJA;4079337285219|4079337296543;Incluido;29/04/2024
112775/1977;Ativo;;06/09/2024;;;TUTTI BABY INDUSTRIA E COMERCIO DE ARTIGOS INFANTIS LTDA;06981862000129;4733794000;Rod. Guilherme Jensen, SC413, km13;0;Galpão 01;89108000;Distrito Industrial;Massaranduba;SC;certificacao@tuttibaby.com.br;TUTTI BABY INDUSTRIA E COMERCIO DE ARTIGOS INFANTIS LTDA;Andadores Infantis;Portaria Inmetro nº 129 de 19/03/2021;;IN2321524;;;N;Brasil;TUTTI BABY;ANDADOR COMFORT/REF.ANDADOR COMFORT 40.005/40005004/40005003/40005011/40005028/40005007/40005010/40005006/40005029;MAT:PLAST.ENG/ALGODÃO/DIMEN:48X60,5X70CM/SIST.DE TRAV:DOIS DISP.DE TRAV.INDEP.SENDO OP.SIMUL/SIST.DE MONT.FERR:OUTROS:PARAF,MONT.PEÇAS PLAST./ACESS:BANDEIJA C/ BRINQ/CARAC.DO MOD:ANDADOR C/BRINQUEDO;7898431502063|7898431502070|7898431502087|7898431502094|7898431502100|7898431502117|7898431502124|7898431502131;Incluido;06/09/2024
461030/1980;Ativo;;05/08/2021;;;GALZERANO INDUSTRIA DE CARRINHOS E BERCOS LTDA;43594977000197;19999947357;Via Prefeito Jurandyr Paixão;700;;13481149;Jd. Campo Belo;Limeira;SP;luisfernando.camargo@galzerano.com.br;GALZERANO INDUSTRIA DE CARRINHOS E BERCOS LTDA;Andadores Infantis;Portaria Inmetro nº 129 de 19/03/2021;;CE-AND/IQB 000006 54618/21-001;;;N;Brasil;GALZERANO;Ref.: 4050-Andador Torino. Versões: 4050RO (Rosa), 4050TER (Terracota);Mat Tec poliest TNT Espum PP PA6 Master Tint Tub aço Item fix/aviam CxLxA(cm) 71x62,5x51,5 Trav Trilh plást c/ botão destrav e reg alt Acess Band brinq não remov retrov Carac Tec Pçs plást Tint Ferrag;7908200102247|7908200102254;Excluido;11/05/2022
755034/2006;Ativo;;06/03/2023;;;BURIGOTTO S A INDUSTRIA E COMERCIO;51460277000138;1934464813;Rua Martino Dragone;280;;13480308;Jardim Santa Barbara;Liemira;SP;alison.smanioto@burigotto.com;JIN SUN GEE PLASTICS CO., LTD;Andadores Infantis;Portaria Inmetro nº 129 de 19/03/2021;;CE-AND/IQB 000004 55573/23-001;Modelo 5;;S;Formosa (Taiwan);BURIGOTTO;ANDADOR OLÉ CL (REF.COM.  IXAN5143CL);PP, AÇO, TECIDO / 590 X 690 X 550 MM / TRILHO PLÁSTICO COM BOTÃO DE TRAVA/DESTRAVA E REGULAGEM DE ALTURA / REBITES, PARAFUSOS E ENCAIXE DE PEÇAS PLÁSTICAS / BANDEJA COM 2 BRINQUEDOS DE PP E NYLON;7896502944248;Excluido;29/04/2026
049049/1933;Ativo;;07/08/2024;;;AMAZONAS IMPORTADOS LTDA;07269201000138;9691131654;Rua Independência;175;;68900090;Central;Macapa;AP;adriana.abreu@amazonasimportados.com.br;YIWU BALBIAN ELECTRONIC TECHNOLOGICAL CO., LTD;Andadores Infantis;Portaria Inmetro nº 129 de 19/03/2021;;IN2086424-2;;;S;China, República Popular;LÉ PETIT;MODE:BABY WALKER/REF:LP-9618/ CONT: ANDADOR COM BRINQUEDO ACOPLADO/VERSÕES:AZUL,VERDE,ROSA,VERMELHO.;MAT:PP E POLIÉSTER/DIM:65X54X49CM/SIST DE TRAV:LIBERAÇÃO EM DUAS AÇÕES CONSECUTIVAS/SIST DE MONT E FERR:MANUAL (SEM FERRAMENTA)ACE:N/A.CARACTERISTICAS DO MODELO:;7453068240131;Incluido;07/08/2024
591331/1998;Inativo;;14/08/2019;;;Companhia Dorel Brasil Produtos Infantis;10659948000107;2135633602;Av. Nilo Peçanha;1516 /1582;Térreo;28030035;Pq dos Rodoviários;Campos dos Goytacaze;RJ;mariana.magalhaes@dorel.com.br;JIN SUN GEE PLASTIC CO.,LTD;Andadores Infantis;Portaria Inmetro nº 42 de 19/01/2018;;OCAN-AND.145/19-1;;;S;Formosa (Taiwan);Voyage;BG-1518;Nome Fantasia: Baby Step. Cores: Rosa e Azul. Material: Ferro, Plástico e Polipropileno. 60x49x68cm. Sistema Travamento e Montagem:Manual. Acessórios: Bandeja.;7908238801280|7908238801297;Incluido;14/08/2019
343053/1959;Ativo;;19/06/2023;;;KCARVALHUS COMERCIO E SERVICOS EIRELI;24633386000137;1143798430;Rua Poeta João Cabral De Melo Neto,  Santa Maria - Osasco - SP;77;;06147020; Santa Maria ;Osasco ;SP;carlos.carvalho@kkbebe.com.br;PINGHU SHI XIAOTIANDI CHILDREN?S PRODUCTS FACTORY;Andadores Infantis;Portaria Inmetro nº 129 de 19/03/2021;;IN1823223;;;S;China, República Popular;KK bebê;ANDADOR INFANTIL PASSINHO FORTE / AZUL /ROSA , MATERIAL:PP,FERRO E POLIÉSTER/DIMENSÕES:63X57X53CM;SISTEMA DE TRAVAMENTO:LIBERAÇÃO EM DUAS AÇÕES CONSECUTIVAS/SISTEMA DE MONTAGEM E FERRAGEM: MANUAL (SEM FERRAMENTA)/ACESSÓRIOS:BRINQUEDOS/CARACTERISTICAS DO MODELO: ANDADOR COM BRINQUEDO FIXO ACOPLADO;7898711750108|7898711750115;Incluido;19/06/2023
200165/1937;Ativo;;01/12/2021;;;HEMNANI COMERCIO DE VARIEDADES LTDA.;05469291000185;1124143633;Rua Marcílio Dias;304;N/A;69005270;Centro;Manaus;AM;papush@uol.com.br;China Zhejiang Techincal Co. Ltd;Andadores Infantis;Portaria Inmetro nº 42 de 19/01/2018;;OCAN-AND.189/21-1;;;S;China, República Popular;SITA;AKH602;Material: PP, Ferro e Poliester - Dimensões: 655 mm X 560mm X 500 mm - Sistema de Travamento: Travamento automatico com liberação em duas ações consecutivas - Sistema de Montagem e Ferragem: MANUAL;;Incluido;01/12/2021
202799/1961;Ativo;;07/08/2024;;;COMERCIO E IMPORTACAO DENISE LTDA;29963642000178;21997976531;RUA DO MILHO;72;A;21011090;PENHA CIRCULAR;RIO DE JANEIRO;RJ;comerciomybaby@hotmail.com;PING HU BEST CHILDREN?S CARRIER CO.LTD;Andadores Infantis;Portaria Inmetro nº 129 de 19/03/2021;;IN2189524;;;S;China, República Popular;MY BABY;PATO A1 - ROSA LISO, AZUL LISO, ROSA COLORIDO, AZUL COLORIDO - Acessórios: Brinquedos Caracteristicas do modelo: Andador infantil com brinquedo elétrico;Material: Ferro, PP e Poliéster Dimensões: 71 x 62 x 55 cm Sistema de Travamento: Liberação em duas ações consecutivas Sistema de Montagem e Ferragem: Manual (com auxílio de ferramenta);6294013738218|6294013738225|6294013738287|6294013738294;Incluido;07/08/2024
637057/1985;Cancelado;;24/08/2020;;14/07/2025;Dardara Comercio Importacao e Exportacao Ltda.;07774907000157;1147447248;R VALENTIM MAGALHAES;95;***;03184090;ALTO DA MOOCA;SÃO PAULO;SP;dardara@yescert.com.br;FOSHAN BAOLIMEI CHILD?S VEHICLE CO.LTD;Andadores Infantis;Portaria Inmetro nº 42 de 19/01/2018;;OCAN-AND.134/20-5;;;S;China, República Popular;DARDARA;ANDADOR CARRO (FD-2407);Material: Moldes e peças em plástico P.P.(polipropileno) Adesivos (papel colante) Painel - parte interna: sistema eletrônico (placa, fio colorido, alto falante). Estrutura em metal, Dimensões: 74 x 63;;Incluido;24/08/2020
931061/2011;Ativo;;27/03/2026;;;HEMNANI COMERCIO DE VARIEDADES LTDA.;05469291000185;9232330121;Rua Marcílio Dias;304;;69005270;Centro;Manaus;AM;hemnanibr@yahoo.com;PINGHU XIAOTIANDI CHILDREN?S PRODUCTS FACTORY;Andadores Infantis;Portaria Inmetro nº 129 de 19/03/2021;;IN2911926;Modelo 5;;S;China, República Popular;SITA;ANDADOR AKH602 - AKH602 - AVIÃO - AVIAO;MAT:PP,FERRO E POLIE./DIM:70 X62.5 X 51 CM/SISTEMA DE TRAVAMENTO:LIBERAÇÃO EM DUAS AÇÕES CONSECUTIVAS/SISTEMA DE MONTAGEM E FERRAGEM:MAN.(S/FERRAM.)/ACESS:BAND.MUSI./CARAC.DO MOD.:AND.COM BAND.MUSI.;0618231660148;Incluido;27/03/2026
669702/2004;Ativo;;14/08/2019;;;BAMBOO COMERCIO, IMPORTAÇÃO E EXPORTAÇÃO EIRELI-EPP;27115224000103;8132419265;Rua. Alegre;154;Galpão A;52120125;Arruda;Recife;PE;bamboo@yescert.com.br;ZHEJIANG KINTEX INTERNATIONAL TRADING CO., LTD;Andadores Infantis;Portaria Inmetro nº 129 de 19/03/2021;;IN1632922;;;S;China, República Popular;BAMBOO;NOME FANTASIA: ANDAJAR GUGU MODELO: MD-18 CORES: VERDE;PLÁSTICO, METAL E FIBRA TÊXTIL,520 x 560 x 620 mm,MANUAL,MANUAL,BANDEJA, VOLANTE DO PUXADOR.;7909312341029;Excluido;22/07/2022
225076/1938;Inativo;;02/04/2020;;;Galzerano Indústria de Carrinhos e Berços Ltda;43594977000197;1934043030;Via Prefeito Jurandyr Paixão;700;;13481149;Jd. Campo Belo;Limeira;SP;luisfernando.camargo@galzerano.com.br;FOSHAN SHUNDE QIJUN TOYS CO., LTD;Andadores Infantis;Portaria Inmetro nº 42 de 19/01/2018;;CE-AND/IQB 000006 53487/19-001;;;S;China, República Popular;GALZERANO;Ref.: 4090 - Liam. Versões: 4090CZ (Cinza), 4090PT (Preto);Mat: Tec poli Espum Resin plást Tinta Ferragens. Dim: 70x65x54(cm). Sist Trav: Trilho plást c/ botão destrav e reg de altura. Sist mont/ferragem: Manual. Acess: Bandej brinq não removív e retrovisores;7908200101431|7908200101448;Incluido;02/04/2020
291708/2014;Ativo;;03/04/2023;;;PLANETA - IMPORTACAO E DISTRIBUICAO DE BRINQUEDOS LTDA;13434272000141;1138951572;AV VASCO MASSAFELI;1000;G1A M1-21;06703600;JARDIM MARIA TEREZA;COTIA;SP;admin@planetadobebe.com.br;HEBEI WANXIN CHILDREN TOYS CO.,LTD.;Andadores Infantis;Portaria Inmetro nº 129 de 19/03/2021;;IN1765923;Modelo 5;;S;China, República Popular;MAXI BABY;NW-01 - ANDADOR LA BAMBA;MAT:PP PARTES EM ABS, AÇO DE ALTO CARB RODA ELAST.TERMO., PVC/DIM:580X680X550/SIS TRA:LIBERA.EM 2 AÇÕES CONSEC. SIS DE MON E FER:MAN.(S/ FER)/ACE:BANDEJA COM BRINQ/CAR MOD:AND COM BRINQ(BAND.A MUS.);7899403215370|7899403215387;Excluido;22/12/2025
310152/1983;Ativo;;05/08/2021;;;GALZERANO INDUSTRIA DE CARRINHOS E BERCOS LTDA;43594977000197;19999947357;Via Prefeito Jurandyr Paixão;700;;13481149;Jd. Campo Belo;Limeira;SP;luisfernando.camargo@galzerano.com.br;GALZERANO INDUSTRIA DE CARRINHOS E BERCOS LTDA;Andadores Infantis;Portaria Inmetro nº 129 de 19/03/2021;;CE-AND/IQB 000006 54618/21-001;;;N;Brasil;GALZERANO;Ref.: 4050-Andador Torino. Versões: 4050RO (Rosa), 4050TER (Terracota), 4050EST (Estrela), 4050SPR (Spring) - Material: Tecido poliéster, TNT, Espuma, PP, PA6, Master, Tinta, Tubo de aço, Itens de fixação e aviamentos. Dimensões: CxLxA (cm) 71x62,5x51,5. Sistema de travamento: Trilho plástico com botão de destrave e regulagem de altura;Sistema de montagem/ferragem: Manual. Acessórios que venham com o produto: Bandeja de brinquedos não removível, Características do modelo: Tecidos, Peças plásticas, Tinta, Ferragens;7908200102247|7908200102254|7908200102520|7908200102537;Excluido;17/01/2024
519080/1964;Ativo;;12/04/2021;;;TUTTI BABY INDUSTRIA E COMERCIO DE ARTIGOS INFANT;06981862000129;4733794000;Rod. Guilherme Jensen;0;Galpão 01;89108000;Distrito Industrial;Massaranduba;SC;qualidade@tuttibaby.com.br;TUTTI BABY INDUSTRIA E COMERCIO DE ARTIGOS INFANT;Andadores Infantis;Portaria Inmetro nº 129 de 19/03/2021;;CE-AND/IQB 000005 54149/20-001;Modelo 5;;N;Brasil;Tutti Baby;Andador 40.001;ESTRUT.MET. DE AÇO TUB.PLÁST. DE ENG.ALGODÃO.48CM X60,5CMX70CM,COM DUAS AÇÕESCONSEC PARA LIB.REB.E PARAF.BRINQ. E ADES.BASE SUP.BASE INF.FREIO ANTI-QUEDA E CONJ.DE RODAS,PNEU DA RODA TRAS. E TRAVA ANT;7898431501219|7898431501226|7898431501233;Incluido;12/04/2021
612971/1957;Ativo;;31/10/2025;;;MD COMERCIO DE FERRAGENS LTDA;55274701000100;92985975259;Avenida Joaquim Nabuco;1094;A;69020030;Centro;Manaus;AM;mdcomerciodeferragensltda@gmail.com;Xingtai Pandelo Technology Co.,Ltd;Andadores Infantis;Portaria Inmetro nº 129 de 19/03/2021;;IN2824825;Modelo 5;;S;China, República Popular;ULTRA BABY;ANDADOR INFANTIL MUSICAL PARA BEBÊ - UBW -305 - N/A - BABY PINK / BARBIE PINK/RED / WHITE/ROYAL BLUE /ORANGE / WHITE/LIGHT BLUE / WHITE;MAT:PP,FERRO E POLIÉ./DIM.:68X59X52 CM/SIST.DE TRAV.:LIB.EM DUAS AÇÕES CONS./SIST.DE MONT. E FERR.:MAN.(S/FERRAM.)/ACESS.:N/A/CARACTERISTICAS DO MODELO:ANDADOR COM BRINQUEDO ACOPLADO;7890012361007|7890012361113|7890012368082|7890012369096;Incluido;31/10/2025
493072/1982;Inativo;;14/08/2019;;;Companhia Dorel Brasil Produtos Infantis;10659948000107;2135633602;Av. Nilo Peçanha;1516 /1582;Térreo;28030035;Pq dos Rodoviários;Campos dos Goytacaze;RJ;mariana.magalhaes@dorel.com.br;Hua Song Plastic Products Co Ltd;Andadores Infantis;Portaria Inmetro nº 42 de 19/01/2018;;OCAN-AND.145/19-3;;;S;China, República Popular;Safety 1st;11389;Nome Fantasia: Melody Garden. Cor única. Material: Ferro, plástico e PP. 64x55x66 cm. Sistema de Travamento e Montagem: Manual. Acessórios: Bandeja.;9312541727119;Incluido;14/08/2019
813084/1990;Ativo;;01/08/2023;;;COMPANHIA DOREL BRASIL PRODUTOS INFANTIS;10659948000883;2135547024;Av. DR  Nilo Peçanha;1516;Galpão 3 ;28030035;Pq dos Rodoviários;Campos dos Goytacaze;RJ;standard@dorel.com.br;ZHONG SHAN SUN LUEN CHONG COMMODITY COMPANY LIMITED;Andadores Infantis;Portaria Inmetro nº 129 de 19/03/2021;;CE-AND/IQB 000011 55435/22-001;Modelo 5;;S;China, República Popular;TINY LOVE;4-in-1 Here I Grow Mobile Activity Center. Ref. 1806501211. ABS, Alumínio, Aço, Poliéster, PP. 70x57x44cm.Sist. de mont.:Manual (s/ ferragem).;Sist. de Trav.:2 disp. de travamento independentes, devem ser operados simultaneamente. Aces.: Brinq. acoplado.;7290108862973;Incluido;01/08/2023
202366/1949;Ativo;;01/07/2026;;;APS IMPORTACAO EXPORTACAO DISTRIBUICAO LTDA;44540981000135;11974642778;EST GERAL DE MEDEIROS;20;SALA 05;88390000;MEDEIROS;BARRA VELHA;SC;orquestra@yescert.com.br;Tengzhou Lebeir Baby Carriage Co., Ltd.;Andadores Infantis;Portaria Inmetro nº 129 de 19/03/2021;;IN3076626;Modelo 5;;S;China, República Popular;TOYS&TOYS;MOD:ANDADOR MUSICAL PARA BEBES/INFANTIL/CÓD DE REFERÊNCIA COMERCIAL: ANDADOR MUSICAL V:CINZA - 310552,MARROM - 310569,AZUL - 310576,ROSA 310583;Mat:PP/Dim:799x660x715mm/Sist de Travam: Dois dispositivos de travam independentes sendo operados simult/Sist de Mont e Ferr:Manual (sem ferram)/Acess:N/A/Caract do modelo:ANDADOR COM BRINQ.MUSICAL AC;7908888310552|7908888310569|7908888310576|7908888310583;Incluido;01/07/2026
107088/2017;Ativo;;19/02/2026;;;RGM  COMERCIO E SERVICOS LTDA;18007664000148;11996294240;Avenida Angélica;511;Cj. 904;01227100;Santa Cecilia;São Paulo;SP;papush@uol.com.br;PINGHU XIAOTIANDI CHILDREN?S PRODUCTS FACTORY;Andadores Infantis;Portaria Inmetro nº 129 de 19/03/2021;;IN2911726;Modelo 5;;S;China, República Popular;RGM;ANDADOR DREUX - R602 - AVIÃO - AVIAO;MAT:PP,FERRO E POLIÉ./DIM:70X62.5X51 CM/SIST.DE TRAV.:LIB.EM DUAS AÇÕES CONSECU./SIST.DE MONT.E FERR.:MANUAL (SEM FERRAMENTA)/ACESS:BANDEJA MUSICAL/CARACT.DO MODELO:ANDADOR COM BANDEJA MUSICAL;7898926505616;Incluido;19/02/2026
019691/2007;Ativo;;13/04/2026;;;VG SHOP COMERCIO ON LINE LTDA;16857384000365;1149690505;RUA PROJETADA SN KM 15 NUCLEO AGUA COMPRIDA;0;KM 15;37600000;AGUA COMPRIDA;CAMBUI;MG;gilson@vgshop.com.br;YONGXING SPORTS LIMITED;Andadores Infantis;Portaria Inmetro nº 129 de 19/03/2021;;IN2982826;Modelo 5;;S;China, República Popular;MULTMAXX;Desig. Com. andador infantil com empurrador Cod. Ref. MTX150 / MTX151 Quant. (aplic. para mod. 1b) n/a Mat: poliéster, abs, pp e borracha Dim. 76x65x65cm Sis. Trav. dois dispositivos independentes sendo operador simultaneamente;Sis. de Mont. e Ferragem: manual (com ferramenta) acess: N/A Car.do mod: andador ccom empurrador e brinquedo musical Vers. MTX150 cinza MTX151 rosa;7898758400394|7898758400400;Incluido;13/04/2026
401103/1943;Cancelado;;28/02/2020;;14/07/2025;COMÉRCIO E IMPORTAÇÃO DENISE LTDA;29963642000178;2125843843;RUA DO MILHO;72;A;21011090;PENHA CIRCULAR;RIO DE JANEIRO;RJ;comerciomybaby@hotmail.com;PING HU BEST CHILDREN'S CARRIER CO.LTD;Andadores Infantis;Portaria Inmetro nº 42 de 19/01/2018;;OCAN-AND.329/20-1;;;S;China, República Popular;MY BABY;A-1;VERSÕES: ROSA, AZUL, AZUL COM VERDE, AZUL COM VERMELHO, ROSA COM LILÁS, ROSA COM ROSA ESCURO;;Incluido;28/02/2020
306387/1977;Ativo;;30/09/2019;;;BURIGOTTO SA INDUSTRIA E COMERCIO;51460277000138;1934042000;Rua Martino Dragone;280;;13480308;Jardim Santa Barbara;Limeira;SP;carlos.riva@burigotto.com;JIN SUN GEE PLASTICS. CO., LTD.;Andadores Infantis;Portaria Inmetro nº 42 de 19/01/2018;;CE-AND/IQB 000004 53005/19-001;;;S;Formosa (Taiwan);Burigotto;Andador Baby Coupe (ref. com. IXAN3034PK10-Rosa, IXAN3034AZ19-Azul, IXAN3034CL-CL);Andador Infantil, Mat.: Polipropileno, Nylon, Aço, Tecido e Espuma, Dim: 760X650X640mm, Sist. Trav. Automático, Sistema Montagem/Ferragem Rebites, parafusos e Encaixe de peças plásticas, Acessorio: Ba;7896502916146|7896502916160|7896502935550;Incluido;30/09/2019
433748/1962;Inativo;;02/04/2020;;;Galzerano Indústria de Carrinhos e Berços Ltda;43594977000197;1934043030;Via Prefeito Jurandyr Paixão;700;;13481149;Jd. Campo Belo;Limeira;SP;luisfernando.camargo@galzerano.com.br;FOSHAN SHUNDE QIJUN TOYS CO., LTD;Andadores Infantis;Portaria Inmetro nº 42 de 19/01/2018;;CE-AND/IQB 000006 53487/19-001;;;S;China, República Popular;GALZERANO;Ref.: 4090 - Liam. Versões: 4090CZ (Cinza), 4090PT (Preto);Mat: Tec poli Espum Resin plást Tinta Ferragens. Dim: 70x65x54(cm). Sist Trav: Trilho plást c/ botão destrav e reg de altura. Sist mont/ferragem: Manual. Acess: Bandej brinq não removív e retrovisores;7908200101431|7908200101448;Incluido;02/04/2020
438508/1946;Ativo;;07/03/2024;;;COMPANHIA DOREL BRASIL PRODUTOS INFANTIS;10659948000107;2135547024;Av. Nilo Peçanha;1516;1582;28030035;Pq dos Rodoviários;Campos dos Goytacaze;RJ;standard@dorel.com.br;COMPANHIA DOREL BRASIL PRODUTOS INFANTIS;Andadores Infantis;Portaria Inmetro nº 129 de 19/03/2021;;IN2040823;Modelo 5;;N;Brasil;INFANTI/ COSCO;APPIA/ ZIGGY - HE022 - N/A - AZUL / ROSA / AZUL / ROSA;MAT:PP,PES,PTA,EG,POLIPROPILENO E POLIETILENO/DIM:56,5 X 68 X 60,5 CM/SIST D TRAVAMENTO:LIB EM DUAS AÇÕES CONSEC/SIST DE MNTGM E FERRG:MAN (SEM FER)/ACESS:BAND D BRINQ./CARACT D MODELO:ANDADOR C BRINQ;7908238809774|7908238809781|7908238815812|7908238815829;Incluido;10/04/2026
695107/1969;Ativo;;27/03/2026;;;HEMNANI COMERCIO DE VARIEDADES LTDA.;05469291000185;9232330121;Rua Marcílio Dias;304;;69005270;Centro;Manaus;AM;hemnanibr@yahoo.com;PINGHU XIAOTIANDI CHILDREN?S PRODUCTS FACTORY;Andadores Infantis;Portaria Inmetro nº 129 de 19/03/2021;;IN2911926;Modelo 5;;S;China, República Popular;SITA;ANDADOR AKH602 - AKH602 - AVIÃO - AVIAO;MAT:PP,FERRO E POLIE./DIM:70 X62.5 X 51 CM/SISTEMA DE TRAVAMENTO:LIBERAÇÃO EM DUAS AÇÕES CONSECUTIVAS/SISTEMA DE MONTAGEM E FERRAGEM:MAN.(S/FERRAM.)/ACESS:BAND.MUSI./CARAC.DO MOD.:AND.COM BAND.MUSI.;0618231660148;Incluido;27/03/2026
753828/1972;Ativo;;20/12/2019;;;TAPUZIM COMERCIAL LTDA;00513418000100;1138569063;Av. Monte Celeste;230;250;02561000;Vila S. Maria;São Paulo;SP;ehs0770@hotmail.com;SHEN ZHEN WEI MEI CHILDCARE PRODUCT LIMITED COMPANY;Andadores Infantis;Portaria Inmetro nº 42 de 19/01/2018;;OCAN-AND.165/19-2;;;S;China, República Popular;baby style;SPACECAR - VERSÕES: Andador car - Ref. 21302 / Andador space - Ref. 33117;Material: Plástico, metal e tecido. Dimensões: 59 x 59 x 69 cm , Sistema de Travamento: Stoper, Sistema de Montagem e Ferragem: Tesoura, Acessórios: Bandeja musical;4532213022990|4532331172997;Incluido;20/12/2019
155543/1981;Ativo;;20/10/2022;;;STYLL ADMINISTRACAO, INVESTIMENTOS, LOCACOES & SERVICOS LIMITADA;22475905000231;11994300960;Rua Marcio Carlim;401;;13849226;Parque Industrial;Mogi Guaçu;SP;alexandre@styll.com.br;STYLL ADMINISTRACAO, INVESTIMENTOS, LOCACOES & SERVICOS LIMITADA;Andadores Infantis;Portaria Inmetro nº 129 de 19/03/2021;;IN1679022;Modelo 5;;N;Brasil;STYLL BABY;ANDADOR SOFT WAY / V:V:AZ.SON.(AND-98.001-05)/RO.SON.(AND-98.002-05)/LAR.SON.(AND-98.003-05)/GUARÁ AZ.(AND-50.022-01)/GUARÁ RO.(AND-50.022-02)/GUARÁ LAR.(AND-50.022-03)/VE.SON.(AND-99.009-68)/AZ.CLÁS.(AND-98.001-04)/RO.CLÁS.(AND-98.002-04))/...;MAT:AÇO,POLIPR. E POLIÉ./DIM:640X570X470MM/SIS.DE TRAV:CATRA.EM BAI.DA BAN.(LIBER. EM DU.AÇÕ.CONS.)/SIST.DE MON.E FERR.:MANUAL(COM CHA.PHI.NÃO INCL.)/ACES:BAND.COM BRIN./ CONT.VERSÔES;7898488590037|7898488590440|7898488590457|7898488590464|7898488590624|7898488599849|7898488599856|7898488599863|7898488599870|7898488599887|789848859994;Incluido;20/10/2022
989111/1995;Inativo;;24/09/2019;;;Galzerano Indústria de Carrinhos e Berços Ltda;43594977000197;1934043030;Via Prefeito Jurandyr Paixão;700;;13481149;Jd. Campo Belo;Limeira;SP;luisfernando.camargo@galzerano.com.br;SHEN ZHEN WEI MEI CHILDCARE PRODUCT LIMITED COMPANY;Andadores Infantis;Portaria Inmetro nº 42 de 19/01/2018;;CE-AND/IQB 000006 53504/20-001;;;S;China, República Popular;GALZERANO;Andador de bebê 4 em 1 Funny - Versões: Color (CR), Verde Água (VDA);Mat Tec poli Espum Resin plást Itens fix Dimens 75Cx71Lx55A(cm) Sist trav Dobradiç plást c/ botã acion Sist mont frenag Encaix manua Mod Andador c/ módul sonor Pçs girat Cores divers Acess Brinq remov;7898089221477|7898089221996;Incluido;24/09/2019
623595/1956;Ativo;;29/04/2024;;;TAPUZIM COMERCIAL LTDA;00513418000100;113856906;Av. Monte Celeste;230;250;02561000;Vila S. Maria;São Paulo;SP;sergio@babystylebrasil.com.br;SHEN ZHEN WEI MEI CHILDCARE PRODUCT LIMITED COMPANY;Andadores Infantis;Portaria Inmetro nº 129 de 19/03/2021;;IN2118124-2;;;S;China, República Popular;Baby Style;ANDADOR FOGUETE - FOGUETE CINZA E FOGUETE ROSA;MATERIAL:PP/DIM:62X53X78CM/SISTEMA DE TRAVAME:LIBERA EM 2 AÇÕES CONSECUTIVAS/MANUAL/ACESSÓRIOS:N/A/CARACT DO MODELO:ANDADOR C BRINQUEDO NA BANDEJA;4079337285219|4079337296543;Incluido;29/04/2024
694037/1939;Ativo;;07/02/2022;;;TUTTI BABY INDUSTRIA E COMERCIO DE ARTIGOS INFANTIS LTDA;06981862000129;4733794000;Rod. Guilherme Jensen, SC413, km13;0;;89108000;Distrito Industrial;Massaranduba;SC;certificacao@tuttibaby.com.br;TUTTI BABY INDUSTRIA E COMERCIO DE ARTIGOS INFANTIS LTDA;Andadores Infantis;Portaria Inmetro nº 129 de 19/03/2021;;IN2869325;Modelo 5;;N;Brasil;Tutti Baby;Andador Safari Plus II (Azul / Rosa / Vermelho);ESTRUT. MET.AÇO.TUBULAR/48x60,5x70CM/SIST.DE TRAV. COM.DUAS.AÇÕES.CONSECUT.PARA.LIBER./PARAFUSOS.E. REBITES/BRINQUEDOS.E.ADESIVOS;7898431501615|7898431501622|7898431501639;Excluido;08/04/2022
283115/2022;Ativo;;31/08/2026;;;TUTTI BABY INDUSTRIA E COMERCIO DE ARTIGOS INFANTIS LTDA;06981862000129;4733794000;Rod. Guilherme Jensen, SC413, km13;0;Galpão 01;89108000;Distrito Industrial;Massaranduba;SC;heloiza.souza@tuttibaby.com.br;TUTTI BABY INDUSTRIA E COMERCIO DE ARTIGOS INFANTIS LTDA;Andadores Infantis;Portaria Inmetro nº 129 de 19/03/2021;;CE-AND/IQB 000013 57036/26-002;Modelo 5;;N;Brasil;TUTTI BABY;ANDADOR COMFORT - 40005004,40005003,40005011,40005028,40005007,40005010,40005006,40005029;ESTRU.METALICA:ACO TUBULAR,BRINQ:PLAST.DE ENG.,REVEST. TEXTIL: ALGODAO/48X60,5X70 CM/DOIS DISP. DE TRAV. INDEP. SENDO OP. SIMULT./PARAFUSOS E MONT. DE PÇS PLAST./BRINQ. CERT. E ADESIVO-57036/26;7898431502063|7898431502070|7898431502087|7898431502094|7898431502100|7898431502117|7898431502124|7898431502131;Incluido;31/08/2026
577130/1948;Ativo;;06/09/2024;;;TUTTI BABY INDUSTRIA E COMERCIO DE ARTIGOS INFANTIS LTDA;06981862000129;4733794000;Rod. Guilherme Jensen, SC413, km13;0;Galpão 01;89108000;Distrito Industrial;Massaranduba;SC;certificacao@tuttibaby.com.br;TUTTI BABY INDUSTRIA E COMERCIO DE ARTIGOS INFANTIS LTDA;Andadores Infantis;Portaria Inmetro nº 129 de 19/03/2021;;IN2321524;;;N;Brasil;TUTTI BABY;ANDADOR COMFORT/REF.ANDADOR COMFORT 40.005/40005004/40005003/40005011/40005028/40005007/40005010/40005006/40005029;MAT:PLAST.ENG/ALGODÃO/DIMEN:48X60,5X70CM/SIST.DE TRAV:DOIS DISP.DE TRAV.INDEP.SENDO OP.SIMUL/SIST.DE MONT.FERR:OUTROS:PARAF,MONT.PEÇAS PLAST./ACESS:BANDEIJA C/ BRINQ/CARAC.DO MOD:ANDADOR C/BRINQUEDO;7898431502063|7898431502070|7898431502087|7898431502094|7898431502100|7898431502117|7898431502124|7898431502131;Incluido;06/09/2024
871134/1974;Ativo;;20/10/2022;;;STYLL ADMINISTRACAO, INVESTIMENTOS, LOCACOES & SERVICOS LIMITADA;22475905000231;11994300960;Rua Marcio Carlim;401;;13849226;Parque Industrial;Mogi Guaçu;SP;alexandre@styll.com.br;STYLL ADMINISTRACAO, INVESTIMENTOS, LOCACOES & SERVICOS LIMITADA;Andadores Infantis;Portaria Inmetro nº 129 de 19/03/2021;;IN1679022;Modelo 5;;N;Brasil;STYLL BABY;ANDADOR SOFT WAY / V:V:AZ.SON.(AND-98.001-05)/RO.SON.(AND-98.002-05)/LAR.SON.(AND-98.003-05)/GUARÁ AZ.(AND-50.022-01)/GUARÁ RO.(AND-50.022-02)/GUARÁ LAR.(AND-50.022-03)/VE.SON.(AND-99.009-68)/AZ.CLÁS.(AND-98.001-04)/RO.CLÁS.(AND-98.002-04))/...;MAT:AÇO,POLIPR. E POLIÉ./DIM:640X570X470MM/SIS.DE TRAV:CATRA.EM BAI.DA BAN.(LIBER. EM DU.AÇÕ.CONS.)/SIST.DE MON.E FERR.:MANUAL(COM CHA.PHI.NÃO INCL.)/ACES:BAND.COM BRIN./ CONT.VERSÔES;7898488590037|7898488590440|7898488590457|7898488590464|7898488590624|7898488599849|7898488599856|7898488599863|7898488599870|7898488599887|789848859994;Incluido;20/10/2022
165138/2001;Ativo;;09/12/2019;;;TAPUZIM COMERCIAL LTDA;00513418000100;1138569063;Av. Monte Celeste;230;250;02561000;Vila S. Maria;São Paulo;SP;ehs0770@hotmail.com;SHEN ZHEN WEI MEI CHILDCARE PRODUCT LIMITED COMPANY;Andadores Infantis;Portaria Inmetro nº 129 de 19/03/2021;;IN2062423;Modelo 5;;S;China, República Popular;baby style;ANDADOR ANIMAIS;ANIMAISVERSÕES: Andador cachorro vermelho - Ref. 33721 Andador cachorro azul - Ref. 33722 Andador abelha rosa - Ref. 33723 Andador abelha azul - Ref. 33724 . Material: Plástico, metal e tecido. Dimen;4079337218996|4079337228995|4079337238994|4079337248993;Excluido;21/12/2020
459153/1927;Ativo;;29/01/2025;;;MD COMERCIO DE FERRAGENS LTDA;55274701000100;92981285408;AVENIDA JOAQUIM NABUCO, ;1094;A;69020030;CENTRO;MANAUS;AM;monadowlani@gmail.com;Hebei Zhongtai Bicycle manufacturing Co,. Ltd;Andadores Infantis;Portaria Inmetro nº 129 de 19/03/2021;;IN2520425;;;S;China, República Popular;ULTRA BABY;ANDADOR INFANTIL MUSICAL PARA BEBÊ/REF.:UBW-1026/PINK/GREEN/BLUE;MAT:PU,PP,AÇO,POLIÉSTER,ABS/DIM:70X60X55CM/SIST.DE TRAV.:LIB.EM DUAS AÇÕ.CONS./SIS.DE MONT.E FER.:MAN.(S/FERR.)/ACESS.:BANDE.COM BRINQ./CARAC.DO MODE.:ANDAD.C/BRINQ;7890012365050|7890012366064|7890012367078;Incluido;29/01/2025
753157/1953;Inativo;;11/01/2023;;;COMPANHIA DOREL BRASIL PRODUTOS INFANTIS;10659948000883;2135547024;Av. Nilo Peçanha;1516 ;Galpão 3 ;28030035;Pq dos Rodoviários;Campos dos Goytacaze;RJ;standard@dorel.com.br;Jin Sun Gee Plastics Co., Ltd;Andadores Infantis;Portaria Inmetro nº 129 de 19/03/2021;;IN1701622-4;;;S;Formosa (Taiwan);Voyage;BG1401. Nome comercial: Buggy. Versões: Azul, Rosa.;PP,PVC,Ferro,POM,PU,Pol, 42x58.5x65cm. Trav:Lib.2 ações cons,Mont:Manual, Aces. Brinq.;7898509475206|7898509475213;Incluido;11/01/2023
222050/1953;Ativo;;07/02/2022;;;TUTTI BABY INDUSTRIA E COMERCIO DE ARTIGOS INFANTIS LTDA;06981862000129;4733794000;Rod. Guilherme Jensen, SC413, km13;0;;89108000;Distrito Industrial;Massaranduba;SC;certificacao@tuttibaby.com.br;TUTTI BABY INDUSTRIA E COMERCIO DE ARTIGOS INFANTIS LTDA;Andadores Infantis;Portaria Inmetro nº 129 de 19/03/2021;;IN2869325;Modelo 5;;N;Brasil;TUTTI BABY;ANDADOR SAFARI II-ANDADOR 40.002-40002003/40002004/40002007/40003004/40004002/40004003;MAT:PP/ALGODAO/DIM:51X61X70CM/SIS_TRAV:DOIS DISPOS DE TRAV IND. OPER. SIMULTÂNEAMENTE/SIS_MONT/FERRG:REBITES,PARAF,ENCAIXE DE PÇS PLAST/ACESS:BAND. C/ BRINQ/CARAC. DO MOD.:ANDADOR C/ BRINQ NA BAND;7898431501615|7898431501622|7898431501639|7898431501684|7898431501691|7898431501707;Incluido;27/02/2026
950881/2019;Ativo;;07/02/2022;;;TUTTI BABY INDUSTRIA E COMERCIO DE ARTIGOS INFANTIS LTDA;06981862000129;4733794000;Rod. Guilherme Jensen, SC413, km13;0;;89108000;Distrito Industrial;Massaranduba;SC;certificacao@tuttibaby.com.br;TUTTI BABY INDUSTRIA E COMERCIO DE ARTIGOS INFANTIS LTDA;Andadores Infantis;Portaria Inmetro nº 129 de 19/03/2021;;IN2869325;Modelo 5;;N;Brasil;Tutti Baby;Andador Safari II Azul/Rosa/Vermelho/Andador Princesa Rosa Coroa/Andador Acqua Explorador Cinza/Roxo;ESTRUT. MET.AÇO.TUBULAR/48x60,5x70CM/SIST.DE TRAV. COM.DUAS.AÇÕES.CONSECUT.PARA.LIBER./PARAFUSOS.E. REBITES/BRINQUEDOS.E.ADESIVOS;7898431501615|7898431501622|7898431501639|7898431501684|7898431501691|7898431501707;Excluido;12/01/2024
153734/1930;Ativo;;05/08/2021;;;GALZERANO INDUSTRIA DE CARRINHOS E BERCOS LTDA;43594977000197;19999947357;Via Prefeito Jurandyr Paixão;700;;13481149;Jd. Campo Belo;Limeira;SP;luisfernando.camargo@galzerano.com.br;GALZERANO INDUSTRIA DE CARRINHOS E BERCOS LTDA;Andadores Infantis;Portaria Inmetro nº 129 de 19/03/2021;;CE-AND/IQB 000006 54618/21-001;;;N;Brasil;GALZERANO;Ref.: 4050-Andador Torino. Versões: 4050RO (Rosa), 4050TER (Terracota), 4050EST (Estrela), 4050SPR (Spring) - Material: Tecido poliéster, TNT, Espuma, PP, PA6, Master, Tinta, Tubo de aço, Itens de fixação e aviamentos. Dimensões: CxLxA (cm) 71x62,5x51,5. Sistema de travamento: Trilho plástico com botão de destrave e regulagem de altura;Sistema de montagem/ferragem: Manual. Acessórios que venham com o produto: Bandeja de brinquedos não removível, Características do modelo: Tecidos, Peças plásticas, Tinta, Ferragens;7908200102247|7908200102254|7908200102520|7908200102537;Excluido;17/01/2024
047161/1980;Ativo;;30/08/2021;;;TA TE TI INDUSTRIA E COMERCIO DE BRINQUEDOS EDUCATIVOS LTDA;30261120000103;4732422225;RUA TIRADENTES;230;;89107000;CENTRO;POMERODE;SC;qualidade3@grupocalesita.com.br;TA TE TI INDUSTRIA E COMERCIO DE BRINQUEDOS EDUCATIVOS LTDA;Andadores Infantis;Portaria Inmetro nº 129 de 19/03/2021;;CE-AND/IQB 000010 55962/23-001;Modelo 5;;N;Brasil;Tateti;Ref.915 - Move Baby Rosa;PP, METAL, TECIDO POLIESTER. DIMENSAO: 70,20X59,83X49,12CM. SIST. TRAVAMENTO:FREIO DIANTEIRO E TRASEIRO. SIST DE MONTAGEM: MANUAL/PARAFUSOS PP. ACESSORIOS:BANDEJA DE BRINQUEDOS;7898664632247;Incluido;02/03/2026
538041/1998;Ativo;;20/10/2022;;;STYLL ADMINISTRACAO, INVESTIMENTOS, LOCACOES & SERVICOS LIMITADA;22475905000231;11994300960;Rua Marcio Carlim;401;;13849226;Parque Industrial;Mogi Guaçu;SP;alexandre@styll.com.br;STYLL ADMINISTRACAO, INVESTIMENTOS, LOCACOES & SERVICOS LIMITADA;Andadores Infantis;Portaria Inmetro nº 129 de 19/03/2021;;IN1679022;Modelo 5;;N;Brasil;STYLL BABY;ANDADOR SOFT WAY / V:V:AZ.SON.(AND-98.001-05)/RO.SON.(AND-98.002-05)/LAR.SON.(AND-98.003-05)/GUARÁ AZ.(AND-50.022-01)/GUARÁ RO.(AND-50.022-02)/GUARÁ LAR.(AND-50.022-03)/VE.SON.(AND-99.009-68)/AZ.CLÁS.(AND-98.001-04)/RO.CLÁS.(AND-98.002-04))/...;MAT:AÇO,POLIPR. E POLIÉ./DIM:640X570X470MM/SIS.DE TRAV:CATRA.EM BAI.DA BAN.(LIBER. EM DU.AÇÕ.CONS.)/SIST.DE MON.E FERR.:MANUAL(COM CHA.PHI.NÃO INCL.)/ACES:BAND.COM BRIN./ CONT.VERSÔES;7898488590037|7898488590440|7898488590457|7898488590464|7898488590624|7898488599849|7898488599856|7898488599863|7898488599870|7898488599887|789848859994;Incluido;20/10/2022
849494/2015;Inativo;;30/09/2019;;;Tutti Baby Indústria e Comércio de Artigos Infantis Ltda;06981862000129;4733794000;Rod. Guilherme Jensen;s/n;Galpão 01;89108000;Distrito Industrial;Massaranduba;SC;qualidade@tuttibaby.com.br;;Andadores Infantis;Portaria Inmetro nº 42 de 19/01/2018;;CE-AND/IQB 000005 53137/19-001;;;N; ;Tutti Baby;Andador 02003;Material: Estrut. metálica de aço tub, plást. de engenharia, algodão. Dim: 52cmx60cmx70,5cm, sist.de trav: com duas ações consecutivas para liber, sist. de mont.ferrag: rebites e parafusos, aces: brin;17898431495966|17898431495980|17898431496000|17898431496024|17898431500660|17898431500677|17898431500684|7898431495952|7898431495969|7898431495976|7898431495983|7898431495990|7898431496006|7898431496010|7898431496027|7898431500601|7898431500618|7898431500625|7898431500632|7898431500649|7898431500656;Incluido;30/09/2019
341165/2006;Inativo;;14/01/2021;;;GALZERANO INDUSTRIA DE CARRINHOS E BERCOS LTDA;43594977000197;1934043030;Via Prefeito Jurandyr Paixão;700;;13481149;Jd. Campo Belo;Limeira;SP;luisfernando.camargo@galzerano.com.br;WEIMEI MEI CHILDCARE PRODUCT (HUIZHOU) LTD., CO;Andadores Infantis;Portaria Inmetro nº 42 de 19/01/2018;;CE-AND/IQB 000006 54025/20-001;;;S;China, República Popular;GALZERANO;Ref.: 4030-Andador 4 em 1 Funny. Versões: 4030CR (Color), 4030VDA (Verde Água);Mat Tec polié Espuma Resina plást Itens fixação Dimens 75x71x55(cm) Sist travament dobradiça plást c/ botão acionament Sist montagem/ferragem encaixe manual Acessórios manuais brinquedos removíveis;7898089221477|7898089221996;Incluido;14/01/2021
001156/1935;Ativo;;26/07/2024;;;DARDARA COMERCIO IMPORTACAO E EXPORTACAO LTDA;07774907000157;11964220291;R VALENTIM MAGALHAES;95;***;03184090;ALTO DA MOOCA;SÃO PAULO;SP;sac@dardara.com.br;FOSHAN BAOLIMEI BABY CARRIER CO., ;Andadores Infantis;Portaria Inmetro nº 129 de 19/03/2021;;IN2255924;;;S;China, República Popular;DARDARA;ANDADOR CARRO FD-2407 / VERSÕES: AZUL E ROSA;MAT:PP,METAL E POLIÉSTER/DIM:740X630X510MM/SIST DE TRAVA:LIB EM 2 AÇÕES CONSECUT/SIST DE MONT/FERRAG:MANUAL(C/FERRAMENTAS)/ACESSÓRIOS: BRINQ/CARACT DO MODELO:ANDADOR C/BRINQ INTEGRADO;7898572462738|7898572462755;Incluido;26/07/2024
635180/1932;Ativo;;02/09/2026;;;BAGATOLI COMERCIO DE REFRIGERACAO LTDA;00897750000108;47984556257;BR-470;8105;;89058020;FORTALEZA ALTA;BLUMENAU;SC;digitalpriceconsultoria@gmail.com;PINGHU XIAOTIANDI CHILDREN?S PRODUCTS FACTORY;Andadores Infantis;Portaria Inmetro nº 129 de 19/03/2021;;IN3155526;Modelo 5;;S;China, República Popular;BAGATOLI KIDS;MOD: ANDADOR INFANTIL PULSE/ N.COM: PULSE/ V.: ROSA, AZUL, CINZA;MAT.:PP,POLIÉSTER,AÇO/DIM.:51X61X69CM/SIST.TRAV.:LIB.2 AÇÕES CONSEC./SIST.MONT.FERR.:REBITES,PARAF.E ENCAIXE PEÇAS PLÁST./ACESS.:BRINQ.NA BANDEJA/CARACT.MOD.:ANDADOR C/BRINQ.;7901030400859|7901030400866|7901030400873;Incluido;02/09/2026
929184/1958;Ativo;;07/02/2022;;;TUTTI BABY INDUSTRIA E COMERCIO DE ARTIGOS INFANTIS LTDA;06981862000129;4733794000;Rod. Guilherme Jensen, SC413, km13;0;;89108000;Distrito Industrial;Massaranduba;SC;certificacao@tuttibaby.com.br;TUTTI BABY INDUSTRIA E COMERCIO DE ARTIGOS INFANTIS LTDA;Andadores Infantis;Portaria Inmetro nº 129 de 19/03/2021;;IN2869325;Modelo 5;;N;Brasil;TUTTI BABY;ANDADOR SAFARI II-ANDADOR 40.002-40002003/40002004/40002007/40003004/40004002/40004003;MAT:PP/ALGODAO/DIM:51X61X70CM/SIS_TRAV:DOIS DISPOS DE TRAV IND. OPER. SIMULTÂNEAMENTE/SIS_MONT/FERRG:REBITES,PARAF,ENCAIXE DE PÇS PLAST/ACESS:BAND. C/ BRINQ/CARAC. DO MOD.:ANDADOR C/ BRINQ NA BAND;7898431501615|7898431501622|7898431501639|7898431501684|7898431501691|7898431501707;Incluido;27/02/2026
431928/2011;Ativo;;03/04/2023;;;PLANETA - IMPORTACAO E DISTRIBUICAO DE BRINQUEDOS LTDA;13434272000141;1138951572;AV VASCO MASSAFELI;1000;G1A M1-21;06703600;JARDIM MARIA TEREZA;COTIA;SP;admin@planetadobebe.com.br;HEBEI WANXIN CHILDREN TOYS CO.,LTD.;Andadores Infantis;Portaria Inmetro nº 129 de 19/03/2021;;IN1765923;Modelo 5;;S;China, República Popular;MAXI BABY;ANDADOR LA BAMBA - NW-01 - AZUL #21537/ROSA #21538/VERMELHO #75268;MAT: PP E PAR. ABS, AÇO DE ALT. CARB.-RODA ELAST. TERM.,PVC/DIM:580X680X550(LXCXH)/SIS_TRAV:LIBE.EMDUAS AÇÕES CONS./SIS_MONT E FER:MAN.(S/FER.)/ACES:BAND C BRINQ./CARAC.DO MOD:ANDADOR C BRI.(BAD. MUS.;7898975752689|7899403215370|7899403215387;Excluido;18/03/2026
126874/2024;Cancelado;;24/08/2020;;14/07/2025;Dardara Comercio Importacao e Exportacao Ltda.;07774907000157;1147447248;R VALENTIM MAGALHAES;95;***;03184090;ALTO DA MOOCA;SÃO PAULO;SP;dardara@yescert.com.br;FOSHAN BAOLIMEI CHILD?S VEHICLE CO.LTD;Andadores Infantis;Portaria Inmetro nº 42 de 19/01/2018;;OCAN-AND.134/20-5;;;S;China, República Popular;DARDARA;ANDADOR CARRO (FD-2407);Material: Moldes e peças em plástico P.P.(polipropileno) Adesivos (papel colante) Painel - parte interna: sistema eletrônico (placa, fio colorido, alto falante). Estrutura em metal, Dimensões: 74 x 63;;Incluido;24/08/2020
223188/1985;Ativo;;30/08/2021;;;TA TE TI INDUSTRIA E COMERCIO DE BRINQUEDOS EDUCATIVOS LTDA;30261120000103;4732422225;RUA TIRADENTES;230;;89107000;CENTRO;POMERODE;SC;qualidade3@grupocalesita.com.br;TA TE TI INDUSTRIA E COMERCIO DE BRINQUEDOS EDUCATIVOS LTDA;Andadores Infantis;Portaria Inmetro nº 129 de 19/03/2021;;CE-AND/IQB 000010 55962/23-001;Modelo 5;;N;Brasil;Tateti;Ref.914 - Move Baby;PP, METAL, TECIDO POLIESTER. DIMENSAO: 70,20X59,83X49,12CM. SIST. TRAVAMENTO:FREIO DIANTEIRO E TRASEIRO. SIST DE MONTAGEM: MANUAL/PARAFUSOS PP. ACESSORIOS:BANDEJA DE BRINQUEDOS;7898664632230;Incluido;02/03/2026
517192/2011;Ativo;;14/05/2026;;;UNI-ART IMPORT LTDA.;68168368000105;11952844300;AV DAS INDUSTRIAS ;755;;13288163;DIST.INDL B. STORANI;VINHEDO;SP; www.unitoys.com.br;QINGYUAN XINGLONG BALL PRODUCING CO., LTD.;Andadores Infantis;Portaria Inmetro nº 129 de 19/03/2021;;IN2985326;Modelo 5;;S;China, República Popular;UNITOYS;ANDADOR COM EMPURRADOR - N/A - 3726 AZUL/3726 ROSA;MAT:PP, POLIÉSTER E AÇO/DIM:50X60X102 CM/SIS_TRAV:LIBERAÇÃO EM DUAS AÇÕES CONSECUTIVAS/SIS_MONT E FERRG:MANUAL (SEM FERRAMENTA)/ACESS:N/A/CARACTERISTICAS DO MODELO:ANDADOR COM BANDEJA MUSICAL;7908901504395|7908901504401;Incluido;14/05/2026
811207/1937;Ativo;;30/09/2019;;;BURIGOTTO SA INDUSTRIA E COMERCIO;51460277000138;1934042000;Rua Martino Dragone;280;;13480308;Jardim Santa Barbara;Limeira;SP;carlos.riva@burigotto.com;JIN SUN GEE PLASTICS. CO., LTD.;Andadores Infantis;Portaria Inmetro nº 42 de 19/01/2018;;CE-AND/IQB 000004 53005/19-001;;;S;Formosa (Taiwan);Burigotto;Andador Baby Coupe (ref. com. IXAN3034PK10-Rosa, IXAN3034AZ19-Azul, IXAN3034CL-CL);Andador Infantil, Mat.: Polipropileno, Nylon, Aço, Tecido e Espuma, Dim: 760X650X640mm, Sist. Trav. Automático, Sistema Montagem/Ferragem Rebites, parafusos e Encaixe de peças plásticas, Acessorio: Ba;7896502916146|7896502916160|7896502935550;Incluido;30/09/2019
105211/1964;Ativo;;05/08/2021;;;GALZERANO INDUSTRIA DE CARRINHOS E BERCOS LTDA;43594977000197;19999947357;Via Prefeito Jurandyr Paixão;700;;13481149;Jd. Campo Belo;Limeira;SP;luisfernando.camargo@galzerano.com.br;GALZERANO INDUSTRIA DE CARRINHOS E BERCOS LTDA;Andadores Infantis;Portaria Inmetro nº 129 de 19/03/2021;;CE-AND/IQB 000006 54618/21-001;;;N;Brasil;GALZERANO;Ref.: 4050-Andador Torino. Versões: 4050RO (Rosa), 4050TER (Terracota), 4050EST (Estrela), 4050SPR (Spring) - Material: Tecido poliéster, TNT, Espuma, PP, PA6, Master, Tinta, Tubo de aço, Itens de fixação e aviamentos. Dimensões: CxLxA (cm) 71x62,5x51,5. Sistema de travamento: Trilho plástico com botão de destrave e regulagem de altura;Sistema de montagem/ferragem: Manual. Acessórios que venham com o produto: Bandeja de brinquedos não removível, Características do modelo: Tecidos, Peças plásticas, Tinta, Ferragens;7908200102247|7908200102254|7908200102520|7908200102537;Excluido;17/01/2024
399215/1990;Ativo;;07/03/2024;;;COMPANHIA DOREL BRASIL PRODUTOS INFANTIS;10659948000107;2135547024;Av. Nilo Peçanha;1516;1582;28030035;Pq dos Rodoviários;Campos dos Goytacaze;RJ;standard@dorel.com.br;COMPANHIA DOREL BRASIL PRODUTOS INFANTIS;Andadores Infantis;Portaria Inmetro nº 129 de 19/03/2021;;IN2040823;Modelo 5;;N;Brasil;INFANTI/ COSCO;APPIA/ ZIGGY - HE022 - N/A - AZUL / ROSA / AZUL / ROSA;MAT:PP,PES,PTA,EG,POLIPROPILENO E POLIETILENO/DIM:56,5 X 68 X 60,5 CM/SIST D TRAVAMENTO:LIB EM DUAS AÇÕES CONSEC/SIST DE MNTGM E FERRG:MAN (SEM FER)/ACESS:BAND D BRINQ./CARACT D MODELO:ANDADOR C BRINQ;7908238809774|7908238809781|7908238815812|7908238815829;Incluido;10/04/2026
693219/2016;Ativo;;29/04/2024;;;TAPUZIM COMERCIAL LTDA;00513418000100;113856906;Av. Monte Celeste;230;250;02561000;Vila S. Maria;São Paulo;SP;sergio@babystylebrasil.com.br;SHEN ZHEN WEI MEI CHILDCARE PRODUCT LIMITED COMPANY;Andadores Infantis;Portaria Inmetro nº 129 de 19/03/2021;;IN2118124-2;;;S;China, República Popular;Baby Style;ANDADOR FOGUETE - FOGUETE CINZA E FOGUETE ROSA;MATERIAL:PP/DIM:62X53X78CM/SISTEMA DE TRAVAME:LIBERA EM 2 AÇÕES CONSECUTIVAS/MANUAL/ACESSÓRIOS:N/A/CARACT DO MODELO:ANDADOR C BRINQUEDO NA BANDEJA;4079337285219|4079337296543;Incluido;29/04/2024
788173/1989;Ativo;;01/07/2026;;;APS IMPORTACAO EXPORTACAO DISTRIBUICAO LTDA;44540981000135;11974642778;EST GERAL DE MEDEIROS;20;SALA 05;88390000;MEDEIROS;BARRA VELHA;SC;orquestra@yescert.com.br;Tengzhou Lebeir Baby Carriage Co., Ltd.;Andadores Infantis;Portaria Inmetro nº 129 de 19/03/2021;;IN3076626;Modelo 5;;S;China, República Popular;TOYS&TOYS;MOD:ANDADOR MUSICAL PARA BEBES/INFANTIL/CÓD DE REFERÊNCIA COMERCIAL: ANDADOR MUSICAL V:CINZA - 310552,MARROM - 310569,AZUL - 310576,ROSA 310583;Mat:PP/Dim:799x660x715mm/Sist de Travam: Dois dispositivos de travam independentes sendo operados simult/Sist de Mont e Ferr:Manual (sem ferram)/Acess:N/A/Caract do modelo:ANDADOR COM BRINQ.MUSICAL AC;7908888310552|7908888310569|7908888310576|7908888310583;Incluido;01/07/2026
617373/1981;Ativo;;05/08/2021;;;GALZERANO INDUSTRIA DE CARRINHOS E BERCOS LTDA;43594977000197;19999947357;Via Prefeito Jurandyr Paixão;700;;13481149;Jd. Campo Belo;Limeira;SP;luisfernando.camargo@galzerano.com.br;GALZERANO INDUSTRIA DE CARRINHOS E BERCOS LTDA;Andadores Infantis;Portaria Inmetro nº 129 de 19/03/2021;;CE-AND/IQB 000006 54618/21-001;;;N;Brasil;GALZERANO;Ref.: 4050-Andador Torino. Versões: 4050EST (Estrela), 4050SPR (Spring);Tecido Pes, TNT, Espuma, PP, PA6, Master, Tinta, Tubo de aço. CxLxA(cm) 71x62,5x51,5 Travamento: Trilho plástico c/ botão de destrave e regulagem de altura. Montagem: Manual. Acess: Brinquedo acoplado;7908200102520|7908200102537;Incluido;17/01/2024
800651/1940;Ativo;;19/02/2026;;;RGM  COMERCIO E SERVICOS LTDA;18007664000148;11996294240;Avenida Angélica;511;Cj. 904;01227100;Santa Cecilia;São Paulo;SP;papush@uol.com.br;PINGHU XIAOTIANDI CHILDREN?S PRODUCTS FACTORY;Andadores Infantis;Portaria Inmetro nº 129 de 19/03/2021;;IN2911726;Modelo 5;;S;China, República Popular;RGM;ANDADOR DREUX - R602 - AVIÃO - AVIAO;MAT:PP,FERRO E POLIÉ./DIM:70X62.5X51 CM/SIST.DE TRAV.:LIB.EM DUAS AÇÕES CONSECU./SIST.DE MONT.E FERR.:MANUAL (SEM FERRAMENTA)/ACESS:BANDEJA MUSICAL/CARACT.DO MODELO:ANDADOR COM BANDEJA MUSICAL;7898926505616;Incluido;19/02/2026
987234/1942;Ativo;;07/08/2024;;;AMAZONAS IMPORTADOS LTDA;07269201000138;9691131654;Rua Independência;175;;68900090;Central;Macapa;AP;adriana.abreu@amazonasimportados.com.br;YIWU BALBIAN ELECTRONIC TECHNOLOGICAL CO., LTD;Andadores Infantis;Portaria Inmetro nº 129 de 19/03/2021;;IN2086424-4;;;S;China, República Popular;LÉ PETIT;MODE:BABY WALKER/REF:LP-9917/ CONT: ANDADOR COM BRINQUEDO ACOPLADO/VERSÕES:AZUL,VERMELHO,AMARELO,ROSA.;MAT:PP E POLIÉSTER/DIM:65X54X49CM/SIST DE TRAV:LIBERAÇÃO EM DUAS AÇÕES CONSECUTIVAS/SIST DE MONT E FERRA :MANUAL (SEM FERRAMENTA)/ACES:N/A.CARACTERISTICAS DO MODELO:;7453116024706;Incluido;07/08/2024
281238/1969;Ativo;;14/05/2026;;;UNI-ART IMPORT LTDA.;68168368000105;11952844300;AV DAS INDUSTRIAS ;755;;13288163;DIST.INDL B. STORANI;VINHEDO;SP; www.unitoys.com.br;QINGYUAN XINGLONG BALL PRODUCING CO., LTD.;Andadores Infantis;Portaria Inmetro nº 129 de 19/03/2021;;IN2985326;Modelo 5;;S;China, República Popular;UNITOYS;ANDADOR COM EMPURRADOR - N/A - 3726 AZUL/3726 ROSA;MAT:PP, POLIÉSTER E AÇO/DIM:50X60X102 CM/SIS_TRAV:LIBERAÇÃO EM DUAS AÇÕES CONSECUTIVAS/SIS_MONT E FERRG:MANUAL (SEM FERRAMENTA)/ACESS:N/A/CARACTERISTICAS DO MODELO:ANDADOR COM BANDEJA MUSICAL;7908901504395|7908901504401;Incluido;14/05/2026
144919/1982;Ativo;;15/11/2024;;;HCM INDUSTRIA E IMPORTACAO LTDA;12538691000160;37998767200;RUA SERGIPE ;1963;;35591096;SANTA ALEXANDRINA;LAGOA DA PRATA;MG;compras.hcmmalta@gmail.com;HCM INDUSTRIA E IMPORTACAO LTDA;Andadores Infantis;Portaria Inmetro nº 129 de 19/03/2021;;IN2431224-2;;;N;Brasil;JUMBO BABY;ANDADOR MUSICAL MEGALUXO JUMBO BABY/AZUL/ROSA/VERMELHO/LARANJA, CARAC.D/MODEL:ANDADOR COM BRINQUEDO NA BANDEJA;MAT.:POLIPROPILENO(PP)/ACO CARBONO(FERRAGENS)/TECIDO(POLIÉSTER)/DIM:69,5X58,5X14,5/SIS.D/TRAV.:LIB.EM 2AS.CON./SIS.D/MONT.E FERR.:MAN.(S/FERR.)/ACESS.:ASSE/FORR.P/OS PÉS/EMP./PAI.MUS;7898947715063|7898947715070|7898947715087|7898947715094;Incluido;15/11/2024
575242/1995;Inativo;;30/09/2019;;;Tutti Baby Indústria e Comércio de Artigos Infantis Ltda;06981862000129;4733794000;Rod. Guilherme Jensen;s/n;Galpão 01;89108000;Distrito Industrial;Massaranduba;SC;qualidade@tuttibaby.com.br;;Andadores Infantis;Portaria Inmetro nº 42 de 19/01/2018;;CE-AND/IQB 000005 53137/19-001;;;N; ;Tutti Baby;Andador 02003;Material: Estrut. metálica de aço tub, plást. de engenharia, algodão. Dim: 52cmx60cmx70,5cm, sist.de trav: com duas ações consecutivas para liber, sist. de mont.ferrag: rebites e parafusos, aces: brin;17898431495966|17898431495980|17898431496000|17898431496024|17898431500660|17898431500677|17898431500684|7898431495952|7898431495969|7898431495976|7898431495983|7898431495990|7898431496006|7898431496010|7898431496027|7898431500601|7898431500618|7898431500625|7898431500632|7898431500649|7898431500656;Incluido;30/09/2019
781246/1994;Ativo;;31/08/2026;;;TUTTI BABY INDUSTRIA E COMERCIO DE ARTIGOS INFANTIS LTDA;06981862000129;4733794000;Rod. Guilherme Jensen, SC413, km13;0;Galpão 01;89108000;Distrito Industrial;Massaranduba;SC;heloiza.souza@tuttibaby.com.br;TUTTI BABY INDUSTRIA E COMERCIO DE ARTIGOS INFANTIS LTDA;Andadores Infantis;Portaria Inmetro nº 129 de 19/03/2021;;CE-AND/IQB 000013 57036/26-002;Modelo 5;;N;Brasil;TUTTI BABY;ANDADOR COMFORT - 40005004,40005003,40005011,40005028,40005007,40005010,40005006,40005029;ESTRU.METALICA:ACO TUBULAR,BRINQ:PLAST.DE ENG.,REVEST. TEXTIL: ALGODAO/48X60,5X70 CM/DOIS DISP. DE TRAV. INDEP. SENDO OP. SIMULT./PARAFUSOS E MONT. DE PÇS PLAST./BRINQ. CERT. E ADESIVO-57036/26;7898431502063|7898431502070|7898431502087|7898431502094|7898431502100|7898431502117|7898431502124|7898431502131;Incluido;31/08/2026
957205/1997;Ativo;;30/08/2021;;;TA TE TI INDUSTRIA E COMERCIO DE BRINQUEDOS EDUCATIVOS LTDA;30261120000103;4732422225;RUA TIRADENTES;230;;89107000;CENTRO;POMERODE;SC;qualidade3@grupocalesita.com.br;TA TE TI INDUSTRIA E COMERCIO DE BRINQUEDOS EDUCATIVOS LTDA;Andadores Infantis;Portaria Inmetro nº 129 de 19/03/2021;;CE-AND/IQB 000010 55962/23-001;Modelo 5;;N;Brasil;Tateti;Ref.915 - Move Baby Rosa;PP, METAL, TECIDO POLIESTER. DIMENSAO: 70,20X59,83X49,12CM. SIST. TRAVAMENTO:FREIO DIANTEIRO E TRASEIRO. SIST DE MONTAGEM: MANUAL/PARAFUSOS PP. ACESSORIOS:BANDEJA DE BRINQUEDOS;7898664632247;Incluido;02/03/2026
869246/2021;Inativo;;14/01/2021;;;GALZERANO INDUSTRIA DE CARRINHOS E BERCOS LTDA;43594977000197;1934043030;Via Prefeito Jurandyr Paixão;700;;13481149;Jd. Campo Belo;Limeira;SP;luisfernando.camargo@galzerano.com.br;HUNGSENG HARDWARE PLASTIC (DG) CORP., LTD;Andadores Infantis;Portaria Inmetro nº 42 de 19/01/2018;;CE-AND/IQB 000006 54018/20-001;;;S;China, República Popular;GALZERANO;Ref.: 4015-Andador 3 em 1 Fênix. Versões: 4015CR (Color);Mat Tec polié Espum Resin plást Itens fixação Dimens 103x103x72(cm) Sist travamento suporte plástico c/ encaixe Sist montagem/ferragem encaixes manuais Acessório: Bandeja de brinquedos não removíveis;7908200101936;Incluido;14/01/2021
501955/1932;Inativo;;11/01/2023;;;COMPANHIA DOREL BRASIL PRODUTOS INFANTIS;10659948000883;2135547024;Av. Nilo Peçanha;1516 ;Galpão 3 ;28030035;Pq dos Rodoviários;Campos dos Goytacaze;RJ;standard@dorel.com.br;Jin Sun Gee Plastics Co., Ltd;Andadores Infantis;Portaria Inmetro nº 129 de 19/03/2021;;IN1722522;;;S;Formosa (Taiwan);Cosco;BG-1518. Nome comercial: Follow. Versões: Azul e Laranja.;Ferro, plástico, PP,PET, PU e poliéster. 60 x 49 x 68 cm.Trav:Lib.2 ações cons., Encaixe,aces: Brinquedos.;7908238808043|7908238808050;Incluido;11/01/2023
945944/1980;Inativo;;23/05/2025;;;MD COMERCIO DE FERRAGENS LTDA;55274701000100;92981285408;AVENIDA JOAQUIM NABUCO;1094;A;69020030;Centro;Manaus;AM;mdcomerciodeferragensltda@gmail.com;Xingtai Pandelo Technology Co.,Ltd;Andadores Infantis;Portaria Inmetro nº 129 de 19/03/2021;;IN2611025;Modelo 5;;S;China, República Popular;ULTRA BABY;REF: UBW-801H - ANDADOR INFANTIL MUSICAL PARA BEBÊ - BABY PINK / BARBIE PINK, RED / WHITE, ROYAL BLUE / ORANGE / WHITE, GREEN / WHITE;MAT:PP,FERRO E POLIÉSTER/DIM:68X59X52CM/SIS_TRAV:LIBERAÇÃO EM 2 AÇÕES CONSECUTIVAS/SIS_MONTAGEM_E_FERRAGEM:MANUAL(SEM FERRAMENTA)/ACESSÓRIOS: N/A/CARACTERISTICAS_MODELO:ANDADOR COM BRINQUEDO ACOPLADO;7890012361007|7890012361113|7890012368082|7890012369096;Incluido;23/05/2025
247165/1960;Ativo;;03/04/2023;;;PLANETA - IMPORTACAO E DISTRIBUICAO DE BRINQUEDOS LTDA;13434272000141;1138951572;AV VASCO MASSAFELI;1000;G1A M1-21;06703600;JARDIM MARIA TEREZA;COTIA;SP;admin@planetadobebe.com.br;HEBEI WANXIN CHILDREN TOYS CO.,LTD.;Andadores Infantis;Portaria Inmetro nº 129 de 19/03/2021;;IN1765923;Modelo 5;;S;China, República Popular;MAXI BABY;NW-01 - ANDADOR LA BAMBA  / (...) COM BRINQUEDOS/CAR MOD:AND COM BRINQUEDO(BANDEJA MUSICAL);MAT:PP E PARTES EM ABS, AÇO DE ALTO CARB RODA ELASTÔMERO TERMOPLÁSTICO, PVC/DIM:580X680X550(LXCXH)/SIS TRA:LIBERAÇÃO EM DUAS AÇÕES CONSECUTIVAS SIS DE MON E FER:MANUAL(S/ FERRAMENTA)/ACE:BANDEJA (...);7899403215370|7899403215387;Excluido;28/02/2025
163261/1948;Ativo;;09/12/2019;;;TAPUZIM COMERCIAL LTDA;00513418000100;1138569063;Av. Monte Celeste;230;250;02561000;Vila S. Maria;São Paulo;SP;ehs0770@hotmail.com;SHEN ZHEN WEI MEI CHILDCARE PRODUCT LIMITED COMPANY;Andadores Infantis;Portaria Inmetro nº 42 de 19/01/2018;;OCAN-AND.165/19-3;;;S;China, República Popular;baby style;CENTRO DE ATIVIDADES;VERSÕES: Andador play - Ref.5821 Andador meninos - Ref. 515211 Andador meninas - Ref. 51522. Material: Plástico, metal e tecido. Dimensões: 74 x 75 x 18 cm Sistema de Travamento: Stoper Sistema de Mon;4079515211993|4079515222999|4532582122994;Incluido;09/12/2019
421628/1971;Inativo;;14/08/2019;;;Companhia Dorel Brasil Produtos Infantis;10659948000107;2135633602;Av. Nilo Peçanha;1516 /1582;Térreo;28030035;Pq dos Rodoviários;Campos dos Goytacaze;RJ;mariana.magalhaes@dorel.com.br;JIN SUN GEE PLASTIC CO.,LTD;Andadores Infantis;Portaria Inmetro nº 42 de 19/01/2018;;OCAN-AND.145/19-4;;;S;Formosa (Taiwan);Voyage;BG1401;Nome Fantasia: Buggy. Cores: Rosa e Azul. Material: Ferro, plástico, PP e PU. 42 x 58.5 x 65 cm. Sistema de Travamento e Montagem: Manual. Acessórios: Bandeja;7898509475206|7898509475213;Incluido;14/08/2019
566284/1993;Ativo;;30/09/2019;;;BURIGOTTO SA INDUSTRIA E COMERCIO;51460277000138;1934042000;Rua Martino Dragone;280;;13480308;Jardim Santa Barbara;Limeira;SP;carlos.riva@burigotto.com;JIN SUN GEE PLASTICS. CO., LTD.;Andadores Infantis;Portaria Inmetro nº 42 de 19/01/2018;;CE-AND/IQB 000004 53005/19-001;;;S;Formosa (Taiwan);Burigotto;Andador Baby Coupe (ref. com. IXAN3034PK10-Rosa, IXAN3034AZ19-Azul, IXAN3034CL-CL);Andador Infantil, Mat.: Polipropileno, Nylon, Aço, Tecido e Espuma, Dim: 760X650X640mm, Sist. Trav. Automático, Sistema Montagem/Ferragem Rebites, parafusos e Encaixe de peças plásticas, Acessorio: Ba;7896502916146|7896502916160|7896502935550;Incluido;30/09/2019
584830/1965;Inativo;;23/05/2025;;;MD COMERCIO DE FERRAGENS LTDA;55274701000100;92981285408;AVENIDA JOAQUIM NABUCO;1094;A;69020030;Centro;Manaus;AM;mdcomerciodeferragensltda@gmail.com;Xingtai Pandelo Technology Co.,Ltd;Andadores Infantis;Portaria Inmetro nº 129 de 19/03/2021;;IN2611025;Modelo 5;;S;China, República Popular;ULTRA BABY;REF: UBW-801H - ANDADOR INFANTIL MUSICAL PARA BEBÊ - BABY PINK / BARBIE PINK, RED / WHITE, ROYAL BLUE / ORANGE / WHITE, GREEN / WHITE;MAT:PP,FERRO E POLIÉSTER/DIM:68X59X52CM/SIS_TRAV:LIBERAÇÃO EM 2 AÇÕES CONSECUTIVAS/SIS_MONTAGEM_E_FERRAGEM:MANUAL(SEM FERRAMENTA)/ACESSÓRIOS: N/A/CARACTERISTICAS_MODELO:ANDADOR COM BRINQUEDO ACOPLADO;7890012361007|7890012361113|7890012368082|7890012369096;Incluido;23/05/2025
457265/1974;Ativo;;05/08/2021;;;GALZERANO INDUSTRIA DE CARRINHOS E BERCOS LTDA;43594977000197;19999947357;Via Prefeito Jurandyr Paixão;700;;13481149;Jd. Campo Belo;Limeira;SP;luisfernando.camargo@galzerano.com.br;GALZERANO INDUSTRIA DE CARRINHOS E BERCOS LTDA;Andadores Infantis;Portaria Inmetro nº 129 de 19/03/2021;;CE-AND/IQB 000006 54618/21-001;;;N;Brasil;GALZERANO;Ref.: 4050-Andador Torino. Versões: 4050RO (Rosa), 4050TER (Terracota);Mat Tec poliest TNT Espum PP PA6 Master Tint Tub aço Item fix/aviam CxLxA(cm) 71x62,5x51,5 Trav Trilh plást c/ botão destrav e reg alt Acess Band brinq não remov retrov Carac Tec Pçs plást Tint Ferrag;7908200102247|7908200102254;Excluido;11/05/2022
869461/1927;Ativo;;27/03/2026;;;HEMNANI COMERCIO DE VARIEDADES LTDA.;05469291000185;9232330121;Rua Marcílio Dias;304;;69005270;Centro;Manaus;AM;hemnanibr@yahoo.com;PINGHU XIAOTIANDI CHILDREN?S PRODUCTS FACTORY;Andadores Infantis;Portaria Inmetro nº 129 de 19/03/2021;;IN2911926;Modelo 5;;S;China, República Popular;SITA;ANDADOR AKH602 - AKH602 - AVIÃO - AVIAO;MAT:PP,FERRO E POLIE./DIM:70 X62.5 X 51 CM/SISTEMA DE TRAVAMENTO:LIBERAÇÃO EM DUAS AÇÕES CONSECUTIVAS/SISTEMA DE MONTAGEM E FERRAGEM:MAN.(S/FERRAM.)/ACESS:BAND.MUSI./CARAC.DO MOD.:AND.COM BAND.MUSI.;0618231660148;Incluido;27/03/2026
071485/2015;Ativo;;01/12/2021;;;FAST TRADING IMPORTACAO, EXPORTACAO E COMERCIO DE BEBIDAS EIRELI;34076058000130;8130191960;AV. GOVERNADOR AGAMENON MAGALHÃES,  EDF. EMPRESSARIAL RENATO DIAS - ANDAR 15º, SALA 1502 ;4318;SALA 1502;52010075;PAISSANDU; RECIFE;PE;ricardo.ferreira@fasttradingimport.com.br;China Zhejiang Techincal Co. Ltd;Andadores Infantis;Portaria Inmetro nº 42 de 19/01/2018;;OCAN-AND.514/21-1;;;S;China, República Popular;Fast;602;Material:	PP, Ferro e Poliester/ Dimensões:	63 x 57 x 53 cm/ Sistema de Travamento: Travamento automático com liberação em duas ações consecutivas/ Sistema de Montagem e Ferragem: Manual	/Acessórios: ;;Incluido;01/12/2021
863774/1967;Ativo;;07/03/2024;;;COMPANHIA DOREL BRASIL PRODUTOS INFANTIS;10659948000107;2135547024;Av. Nilo Peçanha;1516;1582;28030035;Pq dos Rodoviários;Campos dos Goytacaze;RJ;standard@dorel.com.br;COMPANHIA DOREL BRASIL PRODUTOS INFANTIS;Andadores Infantis;Portaria Inmetro nº 129 de 19/03/2021;;IN2040823;Modelo 5;;N;Brasil;Infanti;APPIA - HE022 - AZUL/ROSA - MAT.:PP, POLIÉSTER,PTA, EG, POLIPROPILENO E POLIETILENO.DIMENSÕES:56,5X68X60,5CM/;SIST. DE TRAVAMENTO: LIBERAÇÃO EM 2 AÇÕES CONSECUTIVAS/SIST. DE MONTAGEM E FERRAGEM: MANUAL (S/ FERRAMENTAS)/ACES.: BANDEJA DE BRINQUEDOS/ANDADOR COM BRINQUEDO;7908238809774|7908238809781;Excluido;10/04/2026
259956/1970;Inativo;;02/04/2020;;;Galzerano Indústria de Carrinhos e Berços Ltda;43594977000197;1934043030;Via Prefeito Jurandyr Paixão;700;;13481149;Jd. Campo Belo;Limeira;SP;luisfernando.camargo@galzerano.com.br;FOSHAN SHUNDE QIJUN TOYS CO., LTD;Andadores Infantis;Portaria Inmetro nº 42 de 19/01/2018;;CE-AND/IQB 000006 53487/19-001;;;S;China, República Popular;GALZERANO;Ref.: 4090 - Liam. Versões: 4090CZ (Cinza), 4090PT (Preto);Mat: Tec poli Espum Resin plást Tinta Ferragens. Dim: 70x65x54(cm). Sist Trav: Trilho plást c/ botão destrav e reg de altura. Sist mont/ferragem: Manual. Acess: Bandej brinq não removív e retrovisores;7908200101431|7908200101448;Incluido;02/04/2020
560819/1989;Ativo;;06/09/2024;;;TUTTI BABY INDUSTRIA E COMERCIO DE ARTIGOS INFANTIS LTDA;06981862000129;4733794000;Rod. Guilherme Jensen, SC413, km13;0;Galpão 01;89108000;Distrito Industrial;Massaranduba;SC;certificacao@tuttibaby.com.br;TUTTI BABY INDUSTRIA E COMERCIO DE ARTIGOS INFANTIS LTDA;Andadores Infantis;Portaria Inmetro nº 129 de 19/03/2021;;IN2321524;;;N;Brasil;TUTTI BABY;ANDADOR COMFORT/REF.ANDADOR COMFORT 40.005/40005004/40005003/40005011/40005028/40005007/40005010/40005006/40005029;MAT:PLAST.ENG/ALGODÃO/DIMEN:48X60,5X70CM/SIST.DE TRAV:DOIS DISP.DE TRAV.INDEP.SENDO OP.SIMUL/SIST.DE MONT.FERR:OUTROS:PARAF,MONT.PEÇAS PLAST./ACESS:BANDEIJA C/ BRINQ/CARAC.DO MOD:ANDADOR C/BRINQUEDO;7898431502063|7898431502070|7898431502087|7898431502094|7898431502100|7898431502117|7898431502124|7898431502131;Incluido;06/09/2024
751269/2000;Ativo;;29/01/2025;;;MD COMERCIO DE FERRAGENS LTDA;55274701000100;92981285408;AVENIDA JOAQUIM NABUCO, ;1094;A;69020030;CENTRO;MANAUS;AM;monadowlani@gmail.com;Hebei Zhongtai Bicycle manufacturing Co,. Ltd;Andadores Infantis;Portaria Inmetro nº 129 de 19/03/2021;;IN2520425;;;S;China, República Popular;ULTRA BABY;ANDADOR INFANTIL MUSICAL PARA BEBÊ/REF.:UBW-1026/PINK/GREEN/BLUE;MAT:PU,PP,AÇO,POLIÉSTER,ABS/DIM:70X60X55CM/SIST.DE TRAV.:LIB.EM DUAS AÇÕ.CONS./SIS.DE MONT.E FER.:MAN.(S/FERR.)/ACESS.:BANDE.COM BRINQ./CARAC.DO MODE.:ANDAD.C/BRINQ;7890012365050|7890012366064|7890012367078;Incluido;29/01/2025
518323/1993;Ativo;;06/03/2023;;;BURIGOTTO S A INDUSTRIA E COMERCIO;51460277000138;1934464813;Rua Martino Dragone;280;;13480308;Jardim Santa Barbara;Liemira;SP;alison.smanioto@burigotto.com;JIN SUN GEE PLASTICS CO., LTD;Andadores Infantis;Portaria Inmetro nº 129 de 19/03/2021;;CE-AND/IQB 000004 55573/23-001;Modelo 5;;S;Formosa (Taiwan);BURIGOTTO;ANDADOR OLÉ CL (REF.COM.  IXAN5143CL);PP, AÇO, TECIDO / 590 X 690 X 550 MM / TRILHO PLÁSTICO COM BOTÃO DE TRAVA/DESTRAVA E REGULAGEM DE ALTURA / REBITES, PARAFUSOS E ENCAIXE DE PEÇAS PLÁSTICAS / BANDEJA COM 2 BRINQUEDOS DE PP E NYLON;7896502944248;Excluido;29/04/2026
545190/1949;Ativo;;07/03/2024;;;JASSUMAL LTDA;04214425000154;63881924131;AV SETE SETEMBRO;852;;69005140;CENTRO;MANAUS;AM;dgjohnny@gmail.com;PINGHU SHI XIAOTIANDI CHILDREN''S PRODUCTS FACTORY;Andadores Infantis;Portaria Inmetro nº 129 de 19/03/2021;;IN2087524;;;S;China, República Popular;BABY SPORTS;ANDADOR JASSUMAL - BS104 - AZUL CLARO E ESCURO-BS104A/ROSA CLARO E ESCURO-BS104R/VERMELHO E PRETO-BS104VP/ROXO E ROSA ESCURO-BS104RR;MAT.:PP,FERRO E POLIÉSTER/DIM.:63X57X53CM/SIST.TRAVA.:LIBERAÇÃO EM DUAS AÇÕES CONSECUTIVAS/SIST.MONT.FERRA.:MANUAL(SEM FERRAMENTA)/ACESSÓRIOS:N/A/CARACTERISTICAS DO MODELO: ANDADOR COM BRINQUEDO;6901041000155;Incluido;07/03/2024
045284/1927;Ativo;;16/07/2025;;;KIDDO INDUSTRIA E COMERCIO LTDA;60688090000187;1147870744;Rodovia Regis Bittencourt ;3666;;06793000;Jardim Três Marias ;Taboão da Serra;SP;m.nascimento@kiddo.com.br;JIN SUN GEE PLASTIC CO., LTD;Andadores Infantis;Portaria Inmetro nº 129 de 19/03/2021;;IN2735125;Modelo 5;;S;China, República Popular;Whoop;ANDADOR PASSINHOS 2 EM 1 REF. 8701/CINZA/ROSA/AZUL;MATERIAL:PP. POLIES/DIMENSÕES:59,5X68X53CM/SIST.DE.TRAVAM.:LIBER.EM DUAS AÇÕES CONSECUTIVAS/SIST.DE.MONTAG.E.FERRAGEM:MANUAL (SEM AUX. DE FERRAM)/ACESSÓRIOS:BRINQ./CARACT. DO MODELO:ANDADOR C/ BRINQ.;7896517223871|7896517223888|7896517223895;Incluido;16/07/2025
204846/2019;Inativo;;23/05/2025;;;MD COMERCIO DE FERRAGENS LTDA;55274701000100;92981285408;AVENIDA JOAQUIM NABUCO;1094;A;69020030;Centro;Manaus;AM;mdcomerciodeferragensltda@gmail.com;Xingtai Pandelo Technology Co.,Ltd;Andadores Infantis;Portaria Inmetro nº 129 de 19/03/2021;;IN2611025;Modelo 5;;S;China, República Popular;ULTRA BABY;REF: UBW-801H - ANDADOR INFANTIL MUSICAL PARA BEBÊ - BABY PINK / BARBIE PINK, RED / WHITE, ROYAL BLUE / ORANGE / WHITE, GREEN / WHITE;MAT:PP,FERRO E POLIÉSTER/DIM:68X59X52CM/SIS_TRAV:LIBERAÇÃO EM 2 AÇÕES CONSECUTIVAS/SIS_MONTAGEM_E_FERRAGEM:MANUAL(SEM FERRAMENTA)/ACESSÓRIOS: N/A/CARACTERISTICAS_MODELO:ANDADOR COM BRINQUEDO ACOPLADO;7890012361007|7890012361113|7890012368082|7890012369096;Incluido;23/05/2025
339288/1953;Ativo;;01/08/2023;;;COMPANHIA DOREL BRASIL PRODUTOS INFANTIS;10659948000883;2135547024;Av. DR  Nilo Peçanha;1516;Galpão 3 ;28030035;Pq dos Rodoviários;Campos dos Goytacaze;RJ;standard@dorel.com.br;ZHONG SHAN SUN LUEN CHONG COMMODITY COMPANY LIMITED;Andadores Infantis;Portaria Inmetro nº 129 de 19/03/2021;;CE-AND/IQB 000011 55435/22-001;Modelo 5;;S;China, República Popular;TINY LOVE;4-in-1 Here I Grow Mobile Activity Center. Ref. 1806501211. ABS, Alumínio, Aço, Poliéster, PP. 70x57x44cm.Sist. de mont.:Manual (s/ ferragem).;Sist. de Trav.:2 disp. de travamento independentes, devem ser operados simultaneamente. Aces.: Brinq. acoplado.;7290108862973;Incluido;01/08/2023
633292/1979;Ativo;;30/08/2021;;;TA TE TI INDUSTRIA E COMERCIO DE BRINQUEDOS EDUCATIVOS LTDA;30261120000103;4732422225;RUA TIRADENTES;230;;89107000;CENTRO;POMERODE;SC;qualidade3@grupocalesita.com.br;TA TE TI INDUSTRIA E COMERCIO DE BRINQUEDOS EDUCATIVOS LTDA;Andadores Infantis;Portaria Inmetro nº 129 de 19/03/2021;;CE-AND/IQB 000010 55962/23-001;Modelo 5;;N;Brasil;Tateti;Ref.915 - Move Baby Rosa;PP, METAL, TECIDO POLIESTER. DIMENSAO: 70,20X59,83X49,12CM. SIST. TRAVAMENTO:FREIO DIANTEIRO E TRASEIRO. SIST DE MONTAGEM: MANUAL/PARAFUSOS PP. ACESSORIOS:BANDEJA DE BRINQUEDOS;7898664632247;Incluido;02/03/2026
897915/1978;Inativo;;02/04/2020;;;Galzerano Indústria de Carrinhos e Berços Ltda;43594977000197;1934043030;Via Prefeito Jurandyr Paixão;700;;13481149;Jd. Campo Belo;Limeira;SP;luisfernando.camargo@galzerano.com.br;FOSHAN SHUNDE QIJUN TOYS CO., LTD;Andadores Infantis;Portaria Inmetro nº 42 de 19/01/2018;;CE-AND/IQB 000006 53487/19-001;;;S;China, República Popular;GALZERANO;Ref.: 4090 - Liam. Versões: 4090CZ (Cinza), 4090PT (Preto);Mat: Tec poli Espum Resin plást Tinta Ferragens. Dim: 70x65x54(cm). Sist Trav: Trilho plást c/ botão destrav e reg de altura. Sist mont/ferragem: Manual. Acess: Bandej brinq não removív e retrovisores;7908200101431|7908200101448;Incluido;02/04/2020
020049/1967;Ativo;;06/05/2025;;;KAVOD BRASIL COMERCIO E IMPORTACAO DE PRODUTOS DE USO DOMESTICO LTDA;12389993000114;1136612389;Avenida Marquês de São Vicente;2219;Conj 1001;05036040;Água Branca;São Paulo;SP;adm@kababy.com.br;Tengzhou Lebeir Baby Carriage Co., Ltd.;Andadores Infantis;Portaria Inmetro nº 129 de 19/03/2021;;IN2610825;;;S;China, República Popular;KaBaby;DESIGNAÇÃO COMERCIAL: ANDADOR DE EMPURRAR STEP-UP KABABY CINZA/CÓDIGO DE REFERÊNCIA COMERCIAL: ANDADOR/QUANTIDADE: -/;MAT:PP/DIM:799x660x715mm/SIS_TRAV:LIBERAÇÃO EM DUAS AÇÕES CONSECUTIVAS/SIS_MONTAGEM/FERRAGEM:MANUAL SEM AUXILIO DE FERRAMENTA/ACESSORIOS:N/A/CARACT_DO_MODELO:ANDADOR COM BRINQUEDO ACOPLADO;7898605218394;Incluido;06/05/2025
624232/1974;Inativo;;11/01/2023;;;COMPANHIA DOREL BRASIL PRODUTOS INFANTIS;10659948000883;2135547024;Av. Nilo Peçanha;1516 ;Galpão 3 ;28030035;Pq dos Rodoviários;Campos dos Goytacaze;RJ;standard@dorel.com.br;Jin Sun Gee Plastics Co., Ltd;Andadores Infantis;Portaria Inmetro nº 129 de 19/03/2021;;IN1701622-4;;;S;Formosa (Taiwan);Voyage;BG1401. Nome comercial: Buggy. Versões: Azul, Rosa.;PP,PVC,Ferro,POM,PU,Pol, 42x58.5x65cm. Trav:Lib.2 ações cons,Mont:Manual, Aces. Brinq.;7898509475206|7898509475213;Incluido;11/01/2023
587355/1936;Inativo;;11/11/2022;;;COMPANHIA DOREL BRASIL PRODUTOS INFANTIS;10659948000883;2135547024;Av. Nilo Peçanha;1516 ;Galpão 3 ;28030035;Pq dos Rodoviários;Campos dos Goytacaze;RJ;standard@dorel.com.br;Jin Sun Gee Plastics Co., Ltd;Andadores Infantis;Portaria Inmetro nº 129 de 19/03/2021;;IN1701622-2;;;S;Formosa (Taiwan);Voyage;BG-1518. Nome comercial: Baby Step. Versões: Rosa e Azul.;Ferro,PP e poliéster. 60x49x68cm.Trav:Lib.2 ações consec.,Mont:Encaixe. Aces:Brinquedos;7908238801280|7908238801297;Incluido;11/11/2022
733251/1993;Ativo;;19/06/2026;;;LILI FLORES ARTESANAIS LTDA;50509301000113;2199999999;R SANTO SEPULCRO;00279;;21350220;MADUREIRA;RIO DE JANEIRO;RJ;xiaoweiliu663@gmail.com;PINGHU XIAOTIANDI CHILDREN''S PRODUCTS FACTORY ;Andadores Infantis;Portaria Inmetro nº 129 de 19/03/2021;;IN3051726;Modelo 5;;S;China, República Popular;LILI;MOD:ANDADOR LL-2931 / CÓD. DE REFERÊNCIA COMERCIAL: LL-2931 / AZUL,ROSA,VERDE;MAT.:PP, POLIÉSTER E POLIETILENO/DIM:56,5X68X60,5CM/ SIST.TRAV.:LIBERAÇÃO EM DUAS AÇÕES CONSECUTIVAS/SIST. MONT.:LIBERAÇÃO EM DUAS AÇÕES CONSECUTIVAS/SEM ACESSÓRIOS/ANDADOR COM BRINQUEDO INTERATIVO;;Incluido;19/06/2026
927296/2005;Inativo;;19/04/2021;;;COMPANHIA DOREL BRASIL PRODUTOS INFANTIS;10659948000107;02135547024;Av. Nilo Peçanha;1516 /1582;Térreo;28030035;Pq dos Rodoviários;Campos dos Goytacaze;RJ;mariana.magalhaes@dorel.com.br;Jin Sun Gee Plastic Co.,Ltd;Andadores Infantis;Portaria Inmetro nº 42 de 19/01/2018;;OCAN-AND.145/21-5;;;S;Formosa (Taiwan);Safety 1st;HE001. Andador Spacewalker. Cores: Grey e Orange.;PP, Ferro, ABS. 58x65.5x71.5cm.Trav.Manual.Sist.Mont.Fren.Manual. Bandeja de Brinquedos.;7908238803932|7908283803949;Incluido;19/04/2021
221311/1932;Inativo;;14/01/2021;;;GALZERANO INDUSTRIA DE CARRINHOS E BERCOS LTDA;43594977000197;1934043030;Via Prefeito Jurandyr Paixão;700;;13481149;Jd. Campo Belo;Limeira;SP;luisfernando.camargo@galzerano.com.br;WEIMEI MEI CHILDCARE PRODUCT (HUIZHOU) LTD., CO;Andadores Infantis;Portaria Inmetro nº 42 de 19/01/2018;;CE-AND/IQB 000006 54025/20-001;;;S;China, República Popular;GALZERANO;Ref.: 4030-Andador 4 em 1 Funny. Versões: 4030CR (Color), 4030VDA (Verde Água);Mat Tec polié Espuma Resina plást Itens fixação Dimens 75x71x55(cm) Sist travament dobradiça plást c/ botão acionament Sist montagem/ferragem encaixe manual Acessórios manuais brinquedos removíveis;7898089221477|7898089221996;Incluido;14/01/2021
515315/1958;Ativo;;20/12/2019;;;TAPUZIM COMERCIAL LTDA;00513418000100;1138569063;Av. Monte Celeste;230;250;02561000;Vila S. Maria;São Paulo;SP;ehs0770@hotmail.com;SHEN ZHEN WEI MEI CHILDCARE PRODUCT LIMITED COMPANY;Andadores Infantis;Portaria Inmetro nº 42 de 19/01/2018;;OCAN-AND.165/19-2;;;S;China, República Popular;baby style;SPACECAR - VERSÕES: Andador car - Ref. 21302 / Andador space - Ref. 33117;Material: Plástico, metal e tecido. Dimensões: 59 x 59 x 69 cm , Sistema de Travamento: Stoper, Sistema de Montagem e Ferragem: Tesoura, Acessórios: Bandeja musical;4532213022990|4532331172997;Incluido;20/12/2019
025845/1980;Ativo;;09/12/2019;;;TAPUZIM COMERCIAL LTDA;00513418000100;1138569063;Av. Monte Celeste;230;250;02561000;Vila S. Maria;São Paulo;SP;ehs0770@hotmail.com;SHEN ZHEN WEI MEI CHILDCARE PRODUCT LIMITED COMPANY;Andadores Infantis;Portaria Inmetro nº 129 de 19/03/2021;;IN2062423;Modelo 5;;S;China, República Popular;Baby Style;ANDADOR PIANINHO ROSA - 33725 / ANDADOR PIANINHO AZUL - 33726;ANDADOR PIANINHO RS E AZ, MATERIAL:PLÁSTICO/62 X 53 X 78 CM/LIBERAÇÃO EM DUAS AÇÕES CONSECUTIVAS/MANUAL (SEM FERRAMENTAS)/BRINQUEDO;4079337251993|4079337261992;Incluido;29/01/2024
663201/1971;Ativo;;07/03/2024;;;MADHULA COMERCIO DE ARTIGOS ELETROELETRONICOS LTDA;03838532000190;63881924131;Rua Marcilio Dias;166;;69005270;Centro;Manaus;AM;ltdamcg@gmail.com;PINGHU SHI XIAOTIANDI CHILDREN''S PRODUCTS FACTORY;Andadores Infantis;Portaria Inmetro nº 129 de 19/03/2021;;IN2088024;;;S;China, República Popular;BENMEK;ANDADOR MADHULA - MA101 - ROSA-MA101R/AZUL-MA101A/VERDE-MA101V/LARANJA-MA101L;MAT.:PP,FERRO E POLIÉSTER/DIM.:63X57X53CM/SIST.TRAVA.:LIBERAÇÃO EM DUAS AÇÕES CONSECUTIVAS/SIST.MONT.FERRA.:MANUAL(SEM FERRAMENTA)/ACESSÓRIOS:N/A/CARACTERISTICAS DO MODELO: ANDADOR COM BRINQUEDO;6901031000158;Incluido;07/03/2024
809319/1984;Ativo;;03/04/2023;;;PLANETA - IMPORTACAO E DISTRIBUICAO DE BRINQUEDOS LTDA;13434272000141;1138951572;AV VASCO MASSAFELI;1000;G1A M1-21;06703600;JARDIM MARIA TEREZA;COTIA;SP;admin@planetadobebe.com.br;HEBEI WANXIN CHILDREN TOYS CO.,LTD.;Andadores Infantis;Portaria Inmetro nº 129 de 19/03/2021;;IN1765923;Modelo 5;;S;China, República Popular;MAXI BABY;NW-01 - ANDADOR LA BAMBA;MAT:PP PARTES EM ABS, AÇO DE ALTO CARB RODA ELAST.TERMO., PVC/DIM:580X680X550/SIS TRA:LIBERA.EM 2 AÇÕES CONSEC. SIS DE MON E FER:MAN.(S/ FER)/ACE:BANDEJA COM BRINQ/CAR MOD:AND COM BRINQ(BAND.A MUS.);7899403215370|7899403215387;Excluido;22/12/2025
473991/1995;Ativo;;15/11/2024;;;HCM INDUSTRIA E IMPORTACAO LTDA;12538691000160;37998767200;RUA SERGIPE ;1963;;35591096;SANTA ALEXANDRINA;LAGOA DA PRATA;MG;compras.hcmmalta@gmail.com;HCM INDUSTRIA E IMPORTACAO LTDA;Andadores Infantis;Portaria Inmetro nº 129 de 19/03/2021;;IN2431224-2;;;N;Brasil;JUMBO BABY;ANDADOR MUSICAL MEGALUXO JUMBO BABY/AZUL/ROSA/VERMELHO/LARANJA, CARAC.D/MODEL:ANDADOR COM BRINQUEDO NA BANDEJA;MAT.:POLIPROPILENO(PP)/ACO CARBONO(FERRAGENS)/TECIDO(POLIÉSTER)/DIM:69,5X58,5X14,5/SIS.D/TRAV.:LIB.EM 2AS.CON./SIS.D/MONT.E FERR.:MAN.(S/FERR.)/ACESS.:ASSE/FORR.P/OS PÉS/EMP./PAI.MUS;7898947715063|7898947715070|7898947715087|7898947715094;Incluido;15/11/2024
103323/2011;Ativo;;12/04/2021;;;TUTTI BABY INDUSTRIA E COMERCIO DE ARTIGOS INFANT;06981862000129;4733794000;Rod. Guilherme Jensen;0;Galpão 01;89108000;Distrito Industrial;Massaranduba;SC;qualidade@tuttibaby.com.br;TUTTI BABY INDUSTRIA E COMERCIO DE ARTIGOS INFANT;Andadores Infantis;Portaria Inmetro nº 129 de 19/03/2021;;CE-AND/IQB 000005 54149/20-001;Modelo 5;;N;Brasil;Tutti Baby;Andador 40.001;ESTRUT.MET. DE AÇO TUB.PLÁST. DE ENG.ALGODÃO.48CM X60,5CMX70CM,COM DUAS AÇÕESCONSEC PARA LIB.REB.E PARAF.BRINQ. E ADES.BASE SUP.BASE INF.FREIO ANTI-QUEDA E CONJ.DE RODAS,PNEU DA RODA TRAS. E TRAVA ANT;7898431501219|7898431501226|7898431501233;Incluido;12/04/2021
818270/1936;Cancelado;;24/08/2020;;14/07/2025;Dardara Comercio Importacao e Exportacao Ltda.;07774907000157;1147447248;R VALENTIM MAGALHAES;95;***;03184090;ALTO DA MOOCA;SÃO PAULO;SP;dardara@yescert.com.br;FOSHAN BAOLIMEI CHILD?S VEHICLE CO.LTD;Andadores Infantis;Portaria Inmetro nº 42 de 19/01/2018;;OCAN-AND.134/20-5;;;S;China, República Popular;DARDARA;ANDADOR CARRO (FD-2407);Material: Moldes e peças em plástico P.P.(polipropileno) Adesivos (papel colante) Painel - parte interna: sistema eletrônico (placa, fio colorido, alto falante). Estrutura em metal, Dimensões: 74 x 63;;Incluido;24/08/2020
290536/1981;Inativo;;24/09/2019;;;Galzerano Indústria de Carrinhos e Berços Ltda;43594977000197;1934043030;Via Prefeito Jurandyr Paixão;700;;13481149;Jd. Campo Belo;Limeira;SP;luisfernando.camargo@galzerano.com.br;SHEN ZHEN WEI MEI CHILDCARE PRODUCT LIMITED COMPANY;Andadores Infantis;Portaria Inmetro nº 42 de 19/01/2018;;CE-AND/IQB 000006 53504/20-001;;;S;China, República Popular;GALZERANO;Andador de bebê 4 em 1 Funny - Versões: Color (CR), Verde Água (VDA);Mat Tec poli Espum Resin plást Itens fix Dimens 75Cx71Lx55A(cm) Sist trav Dobradiç plást c/ botã acion Sist mont frenag Encaix manua Mod Andador c/ módul sonor Pçs girat Cores divers Acess Brinq remov;7898089221477|7898089221996;Incluido;24/09/2019
397338/1937;Ativo;;02/09/2026;;;BAGATOLI COMERCIO DE REFRIGERACAO LTDA;00897750000108;47984556257;BR-470;8105;;89058020;FORTALEZA ALTA;BLUMENAU;SC;digitalpriceconsultoria@gmail.com;PINGHU XIAOTIANDI CHILDREN?S PRODUCTS FACTORY;Andadores Infantis;Portaria Inmetro nº 129 de 19/03/2021;;IN3155526;Modelo 5;;S;China, República Popular;BAGATOLI KIDS;MOD: ANDADOR INFANTIL PULSE/ N.COM: PULSE/ V.: ROSA, AZUL, CINZA;MAT.:PP,POLIÉSTER,AÇO/DIM.:51X61X69CM/SIST.TRAV.:LIB.2 AÇÕES CONSEC./SIST.MONT.FERR.:REBITES,PARAF.E ENCAIXE PEÇAS PLÁST./ACESS.:BRINQ.NA BANDEJA/CARACT.MOD.:ANDADOR C/BRINQ.;7901030400859|7901030400866|7901030400873;Incluido;02/09/2026
764452/1971;Inativo;;09/02/2022;;;COMPANHIA DOREL BRASIL PRODUTOS INFANTIS;10659948000107;02135547024;Av. Nilo Peçanha;1516 /1582;Térreo;28030035;Pq dos Rodoviários;Campos dos Goytacaze;RJ;mariana.magalhaes@dorel.com.br;Dong Guan Hua Song Plastic Products Co.Ltd;Andadores Infantis;Portaria Inmetro nº 42 de 19/01/2018;;IN1512522;;;S;China, República Popular;Safety 1st;11389.  Melody Garden;Pol.,PP,Aço. 65x55x66cm. Aut.c/lib.em 2 ações consec.,Manual. Acessórios: Brinquedo(centro de atividades);9312541727119;Incluido;09/02/2022
025623/2024;Inativo;;14/01/2021;;;GALZERANO INDUSTRIA DE CARRINHOS E BERCOS LTDA;43594977000197;1934043030;Via Prefeito Jurandyr Paixão;700;;13481149;Jd. Campo Belo;Limeira;SP;luisfernando.camargo@galzerano.com.br;WEIMEI MEI CHILDCARE PRODUCT (HUIZHOU) LTD., CO;Andadores Infantis;Portaria Inmetro nº 42 de 19/01/2018;;CE-AND/IQB 000006 54025/20-001;;;S;China, República Popular;GALZERANO;Ref.: 4030-Andador 4 em 1 Funny. Versões: 4030CR (Color), 4030VDA (Verde Água);Mat Tec polié Espuma Resina plást Itens fixação Dimens 75x71x55(cm) Sist travament dobradiça plást c/ botão acionament Sist montagem/ferragem encaixe manual Acessórios manuais brinquedos removíveis;7898089221477|7898089221996;Incluido;14/01/2021
481879/1967;Inativo;;14/08/2019;;;Companhia Dorel Brasil Produtos Infantis;10659948000107;2135633602;Av. Nilo Peçanha;1516 /1582;Térreo;28030035;Pq dos Rodoviários;Campos dos Goytacaze;RJ;mariana.magalhaes@dorel.com.br;JIN SUN GEE PLASTIC CO.,LTD;Andadores Infantis;Portaria Inmetro nº 42 de 19/01/2018;;OCAN-AND.145/19-4;;;S;Formosa (Taiwan);Voyage;BG1401;Nome Fantasia: Buggy. Cores: Rosa e Azul. Material: Ferro, plástico, PP e PU. 42 x 58.5 x 65 cm. Sistema de Travamento e Montagem: Manual. Acessórios: Bandeja;7898509475206|7898509475213;Incluido;14/08/2019
697342/1982;Ativo;;03/04/2023;;;PLANETA - IMPORTACAO E DISTRIBUICAO DE BRINQUEDOS LTDA;13434272000141;1138951572;AV VASCO MASSAFELI;1000;G1A M1-21;06703600;JARDIM MARIA TEREZA;COTIA;SP;admin@planetadobebe.com.br;HEBEI WANXIN CHILDREN TOYS CO.,LTD.;Andadores Infantis;Portaria Inmetro nº 129 de 19/03/2021;;IN1765923;Modelo 5;;S;China, República Popular;MAXI BABY;ANDADOR LA BAMBA - NW-01 - AZUL #21537/ROSA #21538/VERMELHO #75268;MAT: PP E PAR. ABS, AÇO DE ALT. CARB.-RODA ELAST. TERM.,PVC/DIM:580X680X550(LXCXH)/SIS_TRAV:LIBE.EMDUAS AÇÕES CONS./SIS_MONT E FER:MAN.(S/FER.)/ACES:BAND C BRINQ./CARAC.DO MOD:ANDADOR C BRI.(BAD. MUS.;7898975752689|7899403215370|7899403215387;Excluido;18/03/2026
402411/1980;Ativo;;17/06/2024;;;MEGA COMPRAS PRESENTES.COM LTDA;02561195000174;4191284769;RUA ELDORADO;511;511;09550720;PROSPERIDADE;SÃO CAETANO DO SUL;SP;contabilidade@grupogmac.com;HEBEI HAOKU CHILDREN TOYS CO., LTD;Andadores Infantis;Portaria Inmetro nº 129 de 19/03/2021;;IN2152424;;;S;China, República Popular;MEGA COMPRAS;ANDADOR PARA BEBÊS-PREMIUM-REF:MC923/MC923AZ/MC923RS/MC923CZ/MATERIAL:PP E POLIÉSTER/DIMENSÕES:65X 48X46 CM/ CONT: ANDADOR COM BRINQUEDO ACOPLADO;SISTEMA DE TRAVAMENTO:DOIS DISPOSITIVOS DE TRAVAMENTO INDEPENDENTES SENDO OPERADOS SIMULTÂNEAMENTE/SISTEMA DE MONTAGEM E FERRAGEM:MANUAL (SEM FERRAMENTA)/ACESSÓRIOS:BRINQUEDO/CARACTERISTICAS DO MODELO;7898692799028|7898692799578|7898692799585;Incluido;17/06/2024
867505/1972;Ativo;;16/07/2025;;;KIDDO INDUSTRIA E COMERCIO LTDA;60688090000187;1147870744;Rodovia Regis Bittencourt ;3666;;06793000;Jardim Três Marias ;Taboão da Serra;SP;m.nascimento@kiddo.com.br;JIN SUN GEE PLASTIC CO., LTD;Andadores Infantis;Portaria Inmetro nº 129 de 19/03/2021;;IN2735125;Modelo 5;;S;China, República Popular;Whoop;ANDADOR PASSINHOS 2 EM 1 REF. 8701/CINZA/ROSA/AZUL;MATERIAL:PP. POLIES/DIMENSÕES:59,5X68X53CM/SIST.DE.TRAVAM.:LIBER.EM DUAS AÇÕES CONSECUTIVAS/SIST.DE.MONTAG.E.FERRAGEM:MANUAL (SEM AUX. DE FERRAM)/ACESSÓRIOS:BRINQ./CARACT. DO MODELO:ANDADOR C/ BRINQ.;7896517223871|7896517223888|7896517223895;Incluido;16/07/2025
035968/1965;Ativo;;22/11/2023;;;JASSUMAL LTDA;04214425000154;62811924131;AV SETE SETEMBRO;852;;69005140;CENTRO;MANAUS;AM;dgjohnny@gmail.com;PINGHU SHI XIAOTIANDI CHILDREN?S PRODUCTS FACTORY;Andadores Infantis;Portaria Inmetro nº 129 de 19/03/2021;;IN1984323;;;S;China, República Popular;BABY SPORTS;ANDADOR JASSUMAL /REF: BS103 /VERSÕES:Azul Claro e Escuro - BS103A/Rosa Claro e Escuro - BS103R/Roxo e Rosa Escuro - BS103RR;MATERIAL:PP, FERRO E POLIÉSTER|DIMENSÕES:63 X 57 X 53 CM|SISTEMA DE TRAVAMENTO:LIBERAÇÃO EM DUAS AÇÕES CONSECUTIVAS|SISTEMA DE MONTAGEM E FERRAGEM:MANUAL (SEM FERRAMENTA)|ACESSÓRIOS:N/A|CARACTERISTICA;6901041000155;Incluido;22/11/2023
691342/1963;Ativo;;03/04/2023;;;PLANETA - IMPORTACAO E DISTRIBUICAO DE BRINQUEDOS LTDA;13434272000141;1138951572;AV VASCO MASSAFELI;1000;G1A M1-21;06703600;JARDIM MARIA TEREZA;COTIA;SP;admin@planetadobebe.com.br;HEBEI WANXIN CHILDREN TOYS CO.,LTD.;Andadores Infantis;Portaria Inmetro nº 129 de 19/03/2021;;IN1765923;Modelo 5;;S;China, República Popular;MAXI BABY;ANDADOR LA BAMBA - NW-01 - AZUL #21537/ROSA #21538/VERMELHO #75268;MAT:PP E PART.ABS,AÇOD.ALTOCARB.RODAELASTÔM.TERMOP.,PVC/DIM:580X680X550(LXCXH)/SIS_TRAV:LIBER.EM 2 AÇÕES CONS./SIS_MONT E FERRG:MAN.(S/FERM)/ACES:BANDJ C BRI./CARAC.D.M.:ANDAD.C BRINQ.REG.002149/2023 ;7898975752689|7899403215370|7899403215387;Incluido;18/03/2026
986978/1985;Ativo;;07/02/2022;;;TUTTI BABY INDUSTRIA E COMERCIO DE ARTIGOS INFANTIS LTDA;06981862000129;4733794000;Rod. Guilherme Jensen, SC413, km13;0;;89108000;Distrito Industrial;Massaranduba;SC;certificacao@tuttibaby.com.br;TUTTI BABY INDUSTRIA E COMERCIO DE ARTIGOS INFANTIS LTDA;Andadores Infantis;Portaria Inmetro nº 129 de 19/03/2021;;IN2869325;Modelo 5;;N;Brasil;TUTTI BABY;ANDADOR SAFARI II-ANDADOR 40.002-40002003/40002004/40002007/40003004/40004002/40004003;MAT:PP E ALGODAO/DIM:51X61X70CM/SIS_TRAV:DOIS DISPOS TRAV INDEPEND SENDO OPER SIMULTÂNEAM./SIS_MONT/FERRG:REBITES,PARAFUSOS E ENCAIXE DE PÇS PLAST/ACESS:BAND. COM BRINQ/CARAC. DO MOD.:AND. C/ BRINQ NA;7898431501615|7898431501622|7898431501639|7898431501684|7898431501691|7898431501707;Excluido;27/02/2026
985346/1989;Ativo;;16/09/2024;;;AMAZONAS IMPORTADOS LTDA;07269201000138;9691131654;Rua Independência;175;;68900090;Central;Macapa;AP;adriana.abreu@amazonasimportados.com.br;YIWU BALBIAN ELECTRONIC TECHNOLOGICAL CO., LTD;Andadores Infantis;Portaria Inmetro nº 129 de 19/03/2021;;IN2086424-1;;;S;China, República Popular;LÉ PETIT;MODE:BABY WALKER/REF:LP-9517/ CONT: ANDADOR COM BRINQUEDO ACOPLADO/VERSÕES:AZUL,ROSA,VERDE,;MAT:PP E POLIÉSTER/DIM:62X55,5X50CM/SIST DE TRAV:LIBERAÇÃO EM DUAS AÇÕES CONSECUTIVAS/SIST DE MONT E FERRAGEM:MANUAL (SEM FERRAMENTA)/ACESSÓRIOS:N/A.CARACTERISTICAS DO MODELO:;453068745717;Incluido;16/09/2024
279350/2016;Ativo;;03/04/2023;;;PLANETA - IMPORTACAO E DISTRIBUICAO DE BRINQUEDOS LTDA;13434272000141;1138951572;AV VASCO MASSAFELI;1000;G1A M1-21;06703600;JARDIM MARIA TEREZA;COTIA;SP;admin@planetadobebe.com.br;HEBEI WANXIN CHILDREN TOYS CO.,LTD.;Andadores Infantis;Portaria Inmetro nº 129 de 19/03/2021;;IN1765923;Modelo 5;;S;China, República Popular;MAXI BABY;NW-01 - ANDADOR LA BAMBA;MAT:PP PARTES EM ABS, AÇO DE ALTO CARB RODA ELAST.TERMO., PVC/DIM:580X680X550/SIS TRA:LIBERA.EM 2 AÇÕES CONSEC. SIS DE MON E FER:MAN.(S/ FER)/ACE:BANDEJA COM BRINQ/CAR MOD:AND COM BRINQ(BAND.A MUS.);7899403215370|7899403215387;Excluido;22/12/2025
573365/1942;Inativo;;14/08/2019;;;Companhia Dorel Brasil Produtos Infantis;10659948000107;2135633602;Av. Nilo Peçanha;1516 /1582;Térreo;28030035;Pq dos Rodoviários;Campos dos Goytacaze;RJ;mariana.magalhaes@dorel.com.br;Hua Song Plastic Products Co Ltd;Andadores Infantis;Portaria Inmetro nº 42 de 19/01/2018;;OCAN-AND.145/19-3;;;S;China, República Popular;Safety 1st;11389;Nome Fantasia: Melody Garden. Cor única. Material: Ferro, plástico e PP. 64x55x66 cm. Sistema de Travamento e Montagem: Manual. Acessórios: Bandeja.;9312541727119;Incluido;14/08/2019
333526/1941;Ativo;;07/02/2022;;;TUTTI BABY INDUSTRIA E COMERCIO DE ARTIGOS INFANTIS LTDA;06981862000129;4733794000;Rod. Guilherme Jensen, SC413, km13;0;;89108000;Distrito Industrial;Massaranduba;SC;certificacao@tuttibaby.com.br;TUTTI BABY INDUSTRIA E COMERCIO DE ARTIGOS INFANTIS LTDA;Andadores Infantis;Portaria Inmetro nº 129 de 19/03/2021;;IN2869325;Modelo 5;;N;Brasil;Tutti Baby;Andador Safari Plus II (Azul / Rosa / Vermelho);ESTRUT. MET.AÇO.TUBULAR/48x60,5x70CM/SIST.DE TRAV. COM.DUAS.AÇÕES.CONSECUT.PARA.LIBER./PARAFUSOS.E. REBITES/BRINQUEDOS.E.ADESIVOS;7898431501615|7898431501622|7898431501639;Excluido;08/04/2022
703666/1960;Ativo;;01/07/2026;;;APS IMPORTACAO EXPORTACAO DISTRIBUICAO LTDA;44540981000135;11974642778;EST GERAL DE MEDEIROS;20;SALA 05;88390000;MEDEIROS;BARRA VELHA;SC;orquestra@yescert.com.br;Tengzhou Lebeir Baby Carriage Co., Ltd.;Andadores Infantis;Portaria Inmetro nº 129 de 19/03/2021;;IN3076626;Modelo 5;;S;China, República Popular;TOYS&TOYS;MOD:ANDADOR MUSICAL PARA BEBES/INFANTIL/CÓD DE REFERÊNCIA COMERCIAL: ANDADOR MUSICAL V:CINZA - 310552,MARROM - 310569,AZUL - 310576,ROSA 310583;Mat:PP/Dim:799x660x715mm/Sist de Travam: Dois dispositivos de travam independentes sendo operados simult/Sist de Mont e Ferr:Manual (sem ferram)/Acess:N/A/Caract do modelo:ANDADOR COM BRINQ.MUSICAL AC;7908888310552|7908888310569|7908888310576|7908888310583;Incluido;01/07/2026
255867/2005;Inativo;;09/02/2022;;;COMPANHIA DOREL BRASIL PRODUTOS INFANTIS;10659948000107;02135547024;Av. Nilo Peçanha;1516 /1582;Térreo;28030035;Pq dos Rodoviários;Campos dos Goytacaze;RJ;mariana.magalhaes@dorel.com.br;Dong Guan Hua Song Plastic Products Co.Ltd;Andadores Infantis;Portaria Inmetro nº 42 de 19/01/2018;;IN1512522;;;S;China, República Popular;Safety 1st;11389.  Melody Garden;Pol.,PP,Aço. 65x55x66cm. Aut.c/lib.em 2 ações consec.,Manual. Acessórios: Brinquedo(centro de atividades);9312541727119;Incluido;09/02/2022
541561/1947;Ativo;;09/12/2019;;;TAPUZIM COMERCIAL LTDA;00513418000100;1138569063;Av. Monte Celeste;230;250;02561000;Vila S. Maria;São Paulo;SP;ehs0770@hotmail.com;SHEN ZHEN WEI MEI CHILDCARE PRODUCT LIMITED COMPANY;Andadores Infantis;Portaria Inmetro nº 42 de 19/01/2018;;OCAN-AND.165/19-3;;;S;China, República Popular;baby style;CENTRO DE ATIVIDADES;VERSÕES: Andador play - Ref.5821 Andador meninos - Ref. 515211 Andador meninas - Ref. 51522. Material: Plástico, metal e tecido. Dimensões: 74 x 75 x 18 cm Sistema de Travamento: Stoper Sistema de Mon;4079515211993|4079515222999|4532582122994;Incluido;09/12/2019
643193/2008;Ativo;;01/12/2021;;;HEMNANI COMERCIO DE VARIEDADES LTDA.;05469291000185;1124143633;Rua Marcílio Dias;304;N/A;69005270;Centro;Manaus;AM;papush@uol.com.br;China Zhejiang Techincal Co. Ltd;Andadores Infantis;Portaria Inmetro nº 42 de 19/01/2018;;OCAN-AND.189/21-1;;;S;China, República Popular;SITA;AKH602;Material: PP, Ferro e Poliester - Dimensões: 655 mm X 560mm X 500 mm - Sistema de Travamento: Travamento automatico com liberação em duas ações consecutivas - Sistema de Montagem e Ferragem: MANUAL;;Incluido;01/12/2021
934996/2022;Inativo;;11/01/2023;;;COMPANHIA DOREL BRASIL PRODUTOS INFANTIS;10659948000883;2135547024;Av. Nilo Peçanha;1516 ;Galpão 3 ;28030035;Pq dos Rodoviários;Campos dos Goytacaze;RJ;standard@dorel.com.br;Jin Sun Gee Plastics Co., Ltd;Andadores Infantis;Portaria Inmetro nº 129 de 19/03/2021;;IN1722522;;;S;Formosa (Taiwan);Cosco;BG-1518. Nome comercial: Follow. Versões: Azul e Laranja.;Ferro, plástico, PP,PET, PU e poliéster. 60 x 49 x 68 cm.Trav:Lib.2 ações cons., Encaixe,aces: Brinquedos.;7908238808043|7908238808050;Incluido;11/01/2023
053587/1961;Ativo;;19/06/2026;;;LILI FLORES ARTESANAIS LTDA;50509301000113;2199999999;R SANTO SEPULCRO;00279;;21350220;MADUREIRA;RIO DE JANEIRO;RJ;xiaoweiliu663@gmail.com;PINGHU XIAOTIANDI CHILDREN''S PRODUCTS FACTORY ;Andadores Infantis;Portaria Inmetro nº 129 de 19/03/2021;;IN3051726;Modelo 5;;S;China, República Popular;LILI;MOD:ANDADOR LL-2931 / CÓD. DE REFERÊNCIA COMERCIAL: LL-2931 / AZUL,ROSA,VERDE;MAT.:PP, POLIÉSTER E POLIETILENO/DIM:56,5X68X60,5CM/ SIST.TRAV.:LIBERAÇÃO EM DUAS AÇÕES CONSECUTIVAS/SIST. MONT.:LIBERAÇÃO EM DUAS AÇÕES CONSECUTIVAS/SEM ACESSÓRIOS/ANDADOR COM BRINQUEDO INTERATIVO;;Incluido;19/06/2026
561456/2007;Ativo;;09/12/2019;;;TAPUZIM COMERCIAL LTDA;00513418000100;1138569063;Av. Monte Celeste;230;250;02561000;Vila S. Maria;São Paulo;SP;ehs0770@hotmail.com;SHEN ZHEN WEI MEI CHILDCARE PRODUCT LIMITED COMPANY;Andadores Infantis;Portaria Inmetro nº 42 de 19/01/2018;;OCAN-AND.165/19-3;;;S;China, República Popular;baby style;CENTRO DE ATIVIDADES;VERSÕES: Andador play - Ref.5821 Andador meninos - Ref. 515211 Andador meninas - Ref. 51522. Material: Plástico, metal e tecido. Dimensões: 74 x 75 x 18 cm Sistema de Travamento: Stoper Sistema de Mon;4079515211993|4079515222999|4532582122994;Incluido;09/12/2019
867369/1968;Ativo;;27/08/2026;;;MADHULA COMERCIO DE ARTIGOS ELETROELETRONICOS LTDA;03838532000190;92994433107;Rua Marcilio Dias;166;;69005270;Centro;Manaus;AM;mayapunjwani@gmail.com;PINGHU XIAOTIANDI CHILDREN?S PRODUCTS FACTORY;Andadores Infantis;Portaria Inmetro nº 129 de 19/03/2021;;IN3141126-2;Modelo 5;;S;China, República Popular;BENMEK;ANDADOR MADHULA/ MA101/ Rosa - MA101R/ Azul - MA101A/ Verde - MA101V/ Laranja - MA101L;MAT.:PP, FERRO E POLIÉSTER/DIM.:63X57X53 CM/SIST. DE TRAV.:LIBERAÇÃO EM DUAS AÇÕES CONSECUTIVAS/SIST. MONT. E FERR.:MANUAL (SEM FERRAMENTA)/ACESS.:BRINQUEDO/CARACT. DO MOD.:ANDADOR COM BRINQUEDO;6901031000158;Incluido;27/08/2026
133021/1947;Ativo;;29/01/2025;;;HCM INDUSTRIA E IMPORTACAO LTDA;12538691000160;3798753533;RUA SERGIPE ;1963;;35591096;SANTA ALEXANDRINA;LAGOA DA PRATA;MG;compras@hcmmalta.com.br;HCM INDUSTRIA E IMPORTACAO LTDA;Andadores Infantis;Portaria Inmetro nº 129 de 19/03/2021;;IN2431224-1;;;N;Brasil;JUMBO BABY;ANDADOR MUSICAL SUPERLUXO JUMBO BABY/Acessórios:Assento,Empurrador,Painel Musical/Caracteristicas do modelo:Andador com brinquedo na bandeja/Versões:AZUL,ROSA,VERMELHO,LARANJA;Mat:POLIPROPILENO (PP)/ACO CARBONO(FERRAGENS)/TECIDO(POLIÉSTER)/Dim:69,5X58,5X14,5/Sist de Trav:Liberação em duas ações consecutivas/Sist de Mont e Fer:Manual(sem ferramenta);7898947715025|7898947715032|7898947715049|7898947715056;Incluido;29/01/2025
303930/2008;Ativo;;06/05/2025;;;KAVOD BRASIL COMERCIO E IMPORTACAO DE PRODUTOS DE USO DOMESTICO LTDA;12389993000114;1136612389;Avenida Marquês de São Vicente;2219;Conj 1001;05036040;Água Branca;São Paulo;SP;adm@kababy.com.br;Tengzhou Lebeir Baby Carriage Co., Ltd.;Andadores Infantis;Portaria Inmetro nº 129 de 19/03/2021;;IN2610825;;;S;China, República Popular;KaBaby;DESIGNAÇÃO COMERCIAL: ANDADOR DE EMPURRAR STEP-UP KABABY CINZA/CÓDIGO DE REFERÊNCIA COMERCIAL: ANDADOR/QUANTIDADE: -/;MAT:PP/DIM:799x660x715mm/SIS_TRAV:LIBERAÇÃO EM DUAS AÇÕES CONSECUTIVAS/SIS_MONTAGEM/FERRAGEM:MANUAL SEM AUXILIO DE FERRAMENTA/ACESSORIOS:N/A/CARACT_DO_MODELO:ANDADOR COM BRINQUEDO ACOPLADO;7898605218394;Incluido;06/05/2025
491934/1950;Ativo;;03/04/2023;;;PLANETA - IMPORTACAO E DISTRIBUICAO DE BRINQUEDOS LTDA;13434272000141;1138951572;AV VASCO MASSAFELI;1000;G1A M1-21;06703600;JARDIM MARIA TEREZA;COTIA;SP;admin@planetadobebe.com.br;HEBEI WANXIN CHILDREN TOYS CO.,LTD.;Andadores Infantis;Portaria Inmetro nº 129 de 19/03/2021;;IN1765923;Modelo 5;;S;China, República Popular;MAXI BABY;ANDADOR LA BAMBA - NW-01 - AZUL #21537/ROSA #21538/VERMELHO #75268;MAT: PP E PAR. ABS, AÇO DE ALT. CARB.-RODA ELAST. TERM.,PVC/DIM:580X680X550(LXCXH)/SIS_TRAV:LIBE.EMDUAS AÇÕES CONS./SIS_MONT E FER:MAN.(S/FER.)/ACES:BAND C BRINQ./CARAC.DO MOD:ANDADOR C BRI.(BAD. MUS.;7898975752689|7899403215370|7899403215387;Excluido;18/03/2026
931589/1976;Inativo;;30/09/2019;;;Tutti Baby Indústria e Comércio de Artigos Infantis Ltda;06981862000129;4733794000;Rod. Guilherme Jensen;s/n;Galpão 01;89108000;Distrito Industrial;Massaranduba;SC;qualidade@tuttibaby.com.br;;Andadores Infantis;Portaria Inmetro nº 42 de 19/01/2018;;CE-AND/IQB 000005 53137/19-001;;;N; ;Tutti Baby;Andador 02003;Material: Estrut. metálica de aço tub, plást. de engenharia, algodão. Dim: 52cmx60cmx70,5cm, sist.de trav: com duas ações consecutivas para liber, sist. de mont.ferrag: rebites e parafusos, aces: brin;17898431495966|17898431495980|17898431496000|17898431496024|17898431500660|17898431500677|17898431500684|7898431495952|7898431495969|7898431495976|7898431495983|7898431495990|7898431496006|7898431496010|7898431496027|7898431500601|7898431500618|7898431500625|7898431500632|7898431500649|7898431500656;Incluido;30/09/2019
168937/2008;Ativo;;01/08/2023;;;COMPANHIA DOREL BRASIL PRODUTOS INFANTIS;10659948000883;2135547024;Av. DR  Nilo Peçanha;1516;Galpão 3 ;28030035;Pq dos Rodoviários;Campos dos Goytacaze;RJ;standard@dorel.com.br;ZHONG SHAN SUN LUEN CHONG COMMODITY COMPANY LIMITED;Andadores Infantis;Portaria Inmetro nº 129 de 19/03/2021;;CE-AND/IQB 000011 55435/22-001;Modelo 5;;S;China, República Popular;TINY LOVE;4-in-1 Here I Grow Mobile Activity Center. Ref. 1806501211. ABS, Alumínio, Aço, Poliéster, PP. 70x57x44cm.Sist. de mont.:Manual (s/ ferragem).;Sist. de Trav.:2 disp. de travamento independentes, devem ser operados simultaneamente. Aces.: Brinq. acoplado.;7290108862973;Incluido;01/08/2023
161373/1995;Ativo;;07/08/2024;;;AMAZONAS IMPORTADOS LTDA;07269201000138;9691131654;Rua Independência;175;;68900090;Central;Macapa;AP;adriana.abreu@amazonasimportados.com.br;YIWU BALBIAN ELECTRONIC TECHNOLOGICAL CO., LTD;Andadores Infantis;Portaria Inmetro nº 129 de 19/03/2021;;IN2086424-3;;;S;China, República Popular;LÉ PETIT;MODE,BABY WALKER/REF:LP-9824/ CONT: ANDADOR COM BRINQUEDO ACOPLADO:/VERSÕES:AZUL,VERDE,ROSA.;MATL:PP E POLIÉSTER/DIM:66X54X52CM/SIST DE TRAV:LIBERAÇÃO EM DUAS AÇÕES CONSECUTIVAS/SIST DE MONT E FERR :MANUAL (SEM FERRAMENTA)/ACESSÓRIOS:N/A.CARACT DO MODELO:;7453116003640;Incluido;07/08/2024
455377/2021;Ativo;;20/12/2019;;;TAPUZIM COMERCIAL LTDA;00513418000100;1138569063;Av. Monte Celeste;230;250;02561000;Vila S. Maria;São Paulo;SP;ehs0770@hotmail.com;SHEN ZHEN WEI MEI CHILDCARE PRODUCT LIMITED COMPANY;Andadores Infantis;Portaria Inmetro nº 42 de 19/01/2018;;OCAN-AND.165/19-2;;;S;China, República Popular;baby style;SPACECAR - VERSÕES: Andador car - Ref. 21302 / Andador space - Ref. 33117;Material: Plástico, metal e tecido. Dimensões: 59 x 59 x 69 cm , Sistema de Travamento: Stoper, Sistema de Montagem e Ferragem: Tesoura, Acessórios: Bandeja musical;4532213022990|4532331172997;Incluido;20/12/2019
526934/1935;Ativo;;07/03/2024;;;JASSUMAL LTDA;04214425000154;63881924131;AV SETE SETEMBRO;852;;69005140;CENTRO;MANAUS;AM;dgjohnny@gmail.com;PINGHU SHI XIAOTIANDI CHILDREN''S PRODUCTS FACTORY;Andadores Infantis;Portaria Inmetro nº 129 de 19/03/2021;;IN2087524;;;S;China, República Popular;BABY SPORTS;ANDADOR JASSUMAL - BS104 - AZUL CLARO E ESCURO-BS104A/ROSA CLARO E ESCURO-BS104R/VERMELHO E PRETO-BS104VP/ROXO E ROSA ESCURO-BS104RR;MAT.:PP,FERRO E POLIÉSTER/DIM.:63X57X53CM/SIST.TRAVA.:LIBERAÇÃO EM DUAS AÇÕES CONSECUTIVAS/SIST.MONT.FERRA.:MANUAL(SEM FERRAMENTA)/ACESSÓRIOS:N/A/CARACTERISTICAS DO MODELO: ANDADOR COM BRINQUEDO;6901041000155;Incluido;07/03/2024
886831/2016;Ativo;;30/08/2021;;;TA TE TI INDUSTRIA E COMERCIO DE BRINQUEDOS EDUCATIVOS LTDA;30261120000103;4732422225;RUA TIRADENTES;230;;89107000;CENTRO;POMERODE;SC;qualidade3@grupocalesita.com.br;TA TE TI INDUSTRIA E COMERCIO DE BRINQUEDOS EDUCATIVOS LTDA;Andadores Infantis;Portaria Inmetro nº 129 de 19/03/2021;;CE-AND/IQB 000010 55962/23-001;Modelo 5;;N;Brasil;Tateti;Ref.915 - Move Baby Rosa;PP, METAL, TECIDO POLIESTER. DIMENSAO: 70,20X59,83X49,12CM. SIST. TRAVAMENTO:FREIO DIANTEIRO E TRASEIRO. SIST DE MONTAGEM: MANUAL/PARAFUSOS PP. ACESSORIOS:BANDEJA DE BRINQUEDOS;7898664632247;Incluido;02/03/2026
937174/1933;Ativo;;12/04/2021;;;TUTTI BABY INDUSTRIA E COMERCIO DE ARTIGOS INFANT;06981862000129;4733794000;Rod. Guilherme Jensen;0;Galpão 01;89108000;Distrito Industrial;Massaranduba;SC;qualidade@tuttibaby.com.br;TUTTI BABY INDUSTRIA E COMERCIO DE ARTIGOS INFANT;Andadores Infantis;Portaria Inmetro nº 129 de 19/03/2021;;CE-AND/IQB 000005 54149/20-001;Modelo 5;;N;Brasil;Tutti Baby;Andador 40.001;ESTRUT.MET. DE AÇO TUB.PLÁST. DE ENG.ALGODÃO.48CM X60,5CMX70CM,COM DUAS AÇÕESCONSEC PARA LIB.REB.E PARAF.BRINQ. E ADES.BASE SUP.BASE INF.FREIO ANTI-QUEDA E CONJ.DE RODAS,PNEU DA RODA TRAS. E TRAVA ANT;7898431501219|7898431501226|7898431501233;Incluido;12/04/2021
401518/2005;Inativo;;12/01/2023;;;COMPANHIA DOREL BRASIL PRODUTOS INFANTIS;10659948000883;2135547024;Av. Nilo Peçanha;1516 ;Galpão 3 ;28030035;Pq dos Rodoviários;Campos dos Goytacaze;RJ;standard@dorel.com.br;Jin Sun Gee Plastics Co., Ltd;Andadores Infantis;Portaria Inmetro nº 129 de 19/03/2021;;IN1701622-3;;;S;Formosa (Taiwan);Safety 1st;HE001. Nome comercial: Spacewalker 3 em 1. Versões: Grey, Orange.;PP,Ferro,Aço,ABS,PVC,POM,TPR,MB475,Pol,65.5x50x71.5cm.Trav:Lib.2ações cons.,Mont:Manual.Aces.Brinq.;7908238803932|7908238803949;Incluido;12/01/2023
605117/1986;Ativo;;07/02/2022;;;TUTTI BABY INDUSTRIA E COMERCIO DE ARTIGOS INFANTIS LTDA;06981862000129;4733794000;Rod. Guilherme Jensen, SC413, km13;0;;89108000;Distrito Industrial;Massaranduba;SC;certificacao@tuttibaby.com.br;TUTTI BABY INDUSTRIA E COMERCIO DE ARTIGOS INFANTIS LTDA;Andadores Infantis;Portaria Inmetro nº 129 de 19/03/2021;;IN2869325;Modelo 5;;N;Brasil;Tutti Baby;Andador: VERSÕES: Safari II (Azul/Rosa/Vermelho), Princesa Rosa Coroa, Acqua Explorador (Cinza/Roxo);ESTRUTURA METÁLICA , AÇO TUBULAR / 48 x 60,5 x 70CM / SISTEMA DE TRAVAMENTO COM DUAS AÇÕES CONSECUTIVAS PARA LIBERAÇÃO /SISTEMA DE MONTAGEM/FERRAGEM: PARAFUSOS E REBITES ACESSÓRIOS: BRINQUEDOS E ADESI;7898431501615|7898431501622|7898431501639|7898431501684|7898431501691|7898431501707;Excluido;15/03/2024
037913/2020;Ativo;;05/08/2021;;;GALZERANO INDUSTRIA DE CARRINHOS E BERCOS LTDA;43594977000197;19999947357;Via Prefeito Jurandyr Paixão;700;;13481149;Jd. Campo Belo;Limeira;SP;luisfernando.camargo@galzerano.com.br;GALZERANO INDUSTRIA DE CARRINHOS E BERCOS LTDA;Andadores Infantis;Portaria Inmetro nº 129 de 19/03/2021;;CE-AND/IQB 000006 54618/21-001;;;N;Brasil;GALZERANO;Ref.: 4050-Andador Torino. Versões: 4050RO (Rosa), 4050TER (Terracota), 4050EST (Estrela), 4050SPR (Spring) - Material: Tecido poliéster, TNT, Espuma, PP, PA6, Master, Tinta, Tubo de aço, Itens de fixação e aviamentos. Dimensões: CxLxA (cm) 71x62,5x51,5. Sistema de travamento: Trilho plástico com botão de destrave e regulagem de altura;Sistema de montagem/ferragem: Manual. Acessórios que venham com o produto: Bandeja de brinquedos não removível, Características do modelo: Tecidos, Peças plásticas, Tinta, Ferragens;7908200102247|7908200102254|7908200102520|7908200102537;Excluido;17/01/2024
749392/1947;Ativo;;31/08/2026;;;TUTTI BABY INDUSTRIA E COMERCIO DE ARTIGOS INFANTIS LTDA;06981862000129;4733794000;Rod. Guilherme Jensen, SC413, km13;0;Galpão 01;89108000;Distrito Industrial;Massaranduba;SC;heloiza.souza@tuttibaby.com.br;TUTTI BABY INDUSTRIA E COMERCIO DE ARTIGOS INFANTIS LTDA;Andadores Infantis;Portaria Inmetro nº 129 de 19/03/2021;;CE-AND/IQB 000013 57036/26-002;Modelo 5;;N;Brasil;TUTTI BABY;ANDADOR COMFORT - 40005004,40005003,40005011,40005028,40005007,40005010,40005006,40005029;ESTRU.METALICA:ACO TUBULAR,BRINQ:PLAST.DE ENG.,REVEST. TEXTIL: ALGODAO/48X60,5X70 CM/DOIS DISP. DE TRAV. INDEP. SENDO OP. SIMULT./PARAFUSOS E MONT. DE PÇS PLAST./BRINQ. CERT. E ADESIVO-57036/26;7898431502063|7898431502070|7898431502087|7898431502094|7898431502100|7898431502117|7898431502124|7898431502131;Incluido;31/08/2026
043396/1974;Inativo;;11/11/2022;;;COMPANHIA DOREL BRASIL PRODUTOS INFANTIS;10659948000883;2135547024;Av. Nilo Peçanha;1516 /1582;Galpão 3 ;28030035;Pq dos Rodoviários;Campos dos Goytacaze;RJ;standard@dorel.com.br;Jin Sun Gee Plastics Co., Ltd;Andadores Infantis;Portaria Inmetro nº 129 de 19/03/2021;;IN1701622-1;;;S;Formosa (Taiwan);Cosco;BG-2023. Nome comercial: Goal Walker 4 em 1. Versões: Rosa e Azul.;Ferro, PP, PU e Pol, 74x44x66,5cm.Trav.real.único acion.,Mont: Manual(c/chave phil,n/inclusa). Aces: Brinq.;7898509478375|7898509478665;Incluido;11/11/2022
337400/2000;Inativo;;14/01/2021;;;GALZERANO INDUSTRIA DE CARRINHOS E BERCOS LTDA;43594977000197;1934043030;Via Prefeito Jurandyr Paixão;700;;13481149;Jd. Campo Belo;Limeira;SP;luisfernando.camargo@galzerano.com.br;WEIMEI MEI CHILDCARE PRODUCT (HUIZHOU) LTD., CO;Andadores Infantis;Portaria Inmetro nº 42 de 19/01/2018;;CE-AND/IQB 000006 54025/20-001;;;S;China, República Popular;GALZERANO;Ref.: 4030-Andador 4 em 1 Funny. Versões: 4030CR (Color), 4030VDA (Verde Água);Mat Tec polié Espuma Resina plást Itens fixação Dimens 75x71x55(cm) Sist travament dobradiça plást c/ botão acionament Sist montagem/ferragem encaixe manual Acessórios manuais brinquedos removíveis;7898089221477|7898089221996;Incluido;14/01/2021
236820/2019;Ativo;;03/04/2023;;;PLANETA - IMPORTACAO E DISTRIBUICAO DE BRINQUEDOS LTDA;13434272000141;1138951572;AV VASCO MASSAFELI;1000;G1A M1-21;06703600;JARDIM MARIA TEREZA;COTIA;SP;admin@planetadobebe.com.br;HEBEI WANXIN CHILDREN TOYS CO.,LTD.;Andadores Infantis;Portaria Inmetro nº 129 de 19/03/2021;;IN1765923;Modelo 5;;S;China, República Popular;MAXI BABY;ANDADOR LA BAMBA - NW-01 - AZUL #21537/ROSA #21538/VERMELHO #75268;MAT:PP E PART.ABS,AÇOD.ALTOCARB.RODAELASTÔM.TERMOP.,PVC/DIM:580X680X550(LXCXH)/SIS_TRAV:LIBER.EM 2 AÇÕES CONS./SIS_MONT E FERRG:MAN.(S/FERM)/ACES:BANDJ C BRI./CARAC.D.M.:ANDAD.C BRINQ.REG.002149/2023 ;7898975752689|7899403215370|7899403215387;Incluido;18/03/2026
939119/1988;Inativo;;14/01/2021;;;GALZERANO INDUSTRIA DE CARRINHOS E BERCOS LTDA;43594977000197;1934043030;Via Prefeito Jurandyr Paixão;700;;13481149;Jd. Campo Belo;Limeira;SP;luisfernando.camargo@galzerano.com.br;WEIMEI MEI CHILDCARE PRODUCT (HUIZHOU) LTD., CO;Andadores Infantis;Portaria Inmetro nº 42 de 19/01/2018;;CE-AND/IQB 000006 54025/20-001;;;S;China, República Popular;GALZERANO;Ref.: 4030-Andador 4 em 1 Funny. Versões: 4030CR (Color), 4030VDA (Verde Água);Mat Tec polié Espuma Resina plást Itens fixação Dimens 75x71x55(cm) Sist travament dobradiça plást c/ botão acionament Sist montagem/ferragem encaixe manual Acessórios manuais brinquedos removíveis;7898089221477|7898089221996;Incluido;14/01/2021
631415/1926;Ativo;;29/01/2025;;;HCM INDUSTRIA E IMPORTACAO LTDA;12538691000160;3798753533;RUA SERGIPE ;1963;;35591096;SANTA ALEXANDRINA;LAGOA DA PRATA;MG;compras@hcmmalta.com.br;HCM INDUSTRIA E IMPORTACAO LTDA;Andadores Infantis;Portaria Inmetro nº 129 de 19/03/2021;;IN2431224-1;;;N;Brasil;JUMBO BABY;ANDADOR MUSICAL SUPERLUXO JUMBO BABY/Acessórios:Assento,Empurrador,Painel Musical/Caracteristicas do modelo:Andador com brinquedo na bandeja/Versões:AZUL,ROSA,VERMELHO,LARANJA;Mat:POLIPROPILENO (PP)/ACO CARBONO(FERRAGENS)/TECIDO(POLIÉSTER)/Dim:69,5X58,5X14,5/Sist de Trav:Liberação em duas ações consecutivas/Sist de Mont e Fer:Manual(sem ferramenta);7898947715025|7898947715032|7898947715049|7898947715056;Incluido;29/01/2025
400278/1970;Ativo;;07/03/2024;;;COMPANHIA DOREL BRASIL PRODUTOS INFANTIS;10659948000107;2135547024;Av. Nilo Peçanha;1516;1582;28030035;Pq dos Rodoviários;Campos dos Goytacaze;RJ;standard@dorel.com.br;COMPANHIA DOREL BRASIL PRODUTOS INFANTIS;Andadores Infantis;Portaria Inmetro nº 129 de 19/03/2021;;IN2040823;Modelo 5;;N;Brasil;INFANTI/ COSCO;APPIA/ ZIGGY - HE022 - N/A - AZUL / ROSA / AZUL / ROSA;MAT:PP,PES,PTA,EG,POLIPROPILENO E POLIETILENO/DIM:56,5 X 68 X 60,5 CM/SIST D TRAVAMENTO:LIB EM DUAS AÇÕES CONSEC/SIST DE MNTGM E FERRG:MAN (SEM FER)/ACESS:BAND D BRINQ./CARACT D MODELO:ANDADOR C BRINQ;7908238809774|7908238809781|7908238815812|7908238815829;Incluido;10/04/2026
925419/1952;Inativo;;02/04/2020;;;Galzerano Indústria de Carrinhos e Berços Ltda;43594977000197;1934043030;Via Prefeito Jurandyr Paixão;700;;13481149;Jd. Campo Belo;Limeira;SP;luisfernando.camargo@galzerano.com.br;FOSHAN SHUNDE QIJUN TOYS CO., LTD;Andadores Infantis;Portaria Inmetro nº 42 de 19/01/2018;;CE-AND/IQB 000006 53487/19-001;;;S;China, República Popular;GALZERANO;Ref.: 4090 - Liam. Versões: 4090CZ (Cinza), 4090PT (Preto);Mat: Tec poli Espum Resin plást Tinta Ferragens. Dim: 70x65x54(cm). Sist Trav: Trilho plást c/ botão destrav e reg de altura. Sist mont/ferragem: Manual. Acess: Bandej brinq não removív e retrovisores;7908200101431|7908200101448;Incluido;02/04/2020
024451/1991;Ativo;;03/04/2023;;;PLANETA - IMPORTACAO E DISTRIBUICAO DE BRINQUEDOS LTDA;13434272000141;1138951572;AV VASCO MASSAFELI;1000;G1A M1-21;06703600;JARDIM MARIA TEREZA;COTIA;SP;admin@planetadobebe.com.br;HEBEI WANXIN CHILDREN TOYS CO.,LTD.;Andadores Infantis;Portaria Inmetro nº 129 de 19/03/2021;;IN1765923;Modelo 5;;S;China, República Popular;MAXI BABY;NW-01 - ANDADOR LA BAMBA  / (...) COM BRINQUEDOS/CAR MOD:AND COM BRINQUEDO(BANDEJA MUSICAL);MAT:PP E PARTES EM ABS, AÇO DE ALTO CARB RODA ELASTÔMERO TERMOPLÁSTICO, PVC/DIM:580X680X550(LXCXH)/SIS TRA:LIBERAÇÃO EM DUAS AÇÕES CONSECUTIVAS SIS DE MON E FER:MANUAL(S/ FERRAMENTA)/ACE:BANDEJA (...);7899403215370|7899403215387;Excluido;28/02/2025
219423/1979;Ativo;;29/01/2025;;;MD COMERCIO DE FERRAGENS LTDA;55274701000100;92981285408;AVENIDA JOAQUIM NABUCO, ;1094;A;69020030;CENTRO;MANAUS;AM;monadowlani@gmail.com;Hebei Zhongtai Bicycle manufacturing Co,. Ltd;Andadores Infantis;Portaria Inmetro nº 129 de 19/03/2021;;IN2520425;;;S;China, República Popular;ULTRA BABY;ANDADOR INFANTIL MUSICAL PARA BEBÊ/REF.:UBW-1026/PINK/GREEN/BLUE;MAT:PU,PP,AÇO,POLIÉSTER,ABS/DIM:70X60X55CM/SIST.DE TRAV.:LIB.EM DUAS AÇÕ.CONS./SIS.DE MONT.E FER.:MAN.(S/FERR.)/ACESS.:BANDE.COM BRINQ./CARAC.DO MODE.:ANDAD.C/BRINQ;7890012365050|7890012366064|7890012367078;Incluido;29/01/2025
513427/2005;Ativo;;20/12/2019;;;TAPUZIM COMERCIAL LTDA;00513418000100;1138569063;Av. Monte Celeste;230;250;02561000;Vila S. Maria;São Paulo;SP;ehs0770@hotmail.com;SHEN ZHEN WEI MEI CHILDCARE PRODUCT LIMITED COMPANY;Andadores Infantis;Portaria Inmetro nº 42 de 19/01/2018;;OCAN-AND.165/19-2;;;S;China, República Popular;baby style;SPACECAR - VERSÕES: Andador car - Ref. 21302 / Andador space - Ref. 33117;Material: Plástico, metal e tecido. Dimensões: 59 x 59 x 69 cm , Sistema de Travamento: Stoper, Sistema de Montagem e Ferragem: Tesoura, Acessórios: Bandeja musical;4532213022990|4532331172997;Incluido;20/12/2019
391116/1962;Ativo;;29/01/2025;;;HCM INDUSTRIA E IMPORTACAO LTDA;12538691000160;3798753533;RUA SERGIPE ;1963;;35591096;SANTA ALEXANDRINA;LAGOA DA PRATA;MG;compras@hcmmalta.com.br;HCM INDUSTRIA E IMPORTACAO LTDA;Andadores Infantis;Portaria Inmetro nº 129 de 19/03/2021;;IN2431224-1;;;N;Brasil;JUMBO BABY;ANDADOR MUSICAL SUPERLUXO JUMBO BABY/Acessórios:Assento,Empurrador,Painel Musical/Caracteristicas do modelo:Andador com brinquedo na bandeja/Versões:AZUL,ROSA,VERMELHO,LARANJA;Mat:POLIPROPILENO (PP)/ACO CARBONO(FERRAGENS)/TECIDO(POLIÉSTER)/Dim:69,5X58,5X14,5/Sist de Trav:Liberação em duas ações consecutivas/Sist de Mont e Fer:Manual(sem ferramenta);7898947715025|7898947715032|7898947715049|7898947715056;Incluido;29/01/2025
807442/1931;Ativo;;05/08/2021;;;GALZERANO INDUSTRIA DE CARRINHOS E BERCOS LTDA;43594977000197;19999947357;Via Prefeito Jurandyr Paixão;700;;13481149;Jd. Campo Belo;Limeira;SP;luisfernando.camargo@galzerano.com.br;GALZERANO INDUSTRIA DE CARRINHOS E BERCOS LTDA;Andadores Infantis;Portaria Inmetro nº 129 de 19/03/2021;;CE-AND/IQB 000006 54618/21-001;;;N;Brasil;GALZERANO;Ref.: 4050-Andador Torino. Versões: 4050EST (Estrela), 4050SPR (Spring);Tecido Pes, TNT, Espuma, PP, PA6, Master, Tinta, Tubo de aço. CxLxA(cm) 71x62,5x51,5 Travamento: Trilho plástico c/ botão de destrave e regulagem de altura. Montagem: Manual. Acess: Brinquedo acoplado;7908200102520|7908200102537;Incluido;17/01/2024
101446/1958;Ativo;;07/02/2022;;;TUTTI BABY INDUSTRIA E COMERCIO DE ARTIGOS INFANTIS LTDA;06981862000129;4733794000;Rod. Guilherme Jensen, SC413, km13;0;;89108000;Distrito Industrial;Massaranduba;SC;certificacao@tuttibaby.com.br;TUTTI BABY INDUSTRIA E COMERCIO DE ARTIGOS INFANTIS LTDA;Andadores Infantis;Portaria Inmetro nº 129 de 19/03/2021;;IN2869325;Modelo 5;;N;Brasil;TUTTI BABY;ANDADOR SAFARI II-ANDADOR 40.002-40002003/40002004/40002007/40003004/40004002/40004003;MAT:PP E ALGODAO/DIM:51X61X70CM/SIS_TRAV:DOIS DISPOS TRAV INDEPEND SENDO OPER SIMULTÂNEAM./SIS_MONT/FERRG:REBITES,PARAFUSOS E ENCAIXE DE PÇS PLAST/ACESS:BAND. COM BRINQ/CARAC. DO MOD.:AND. C/ BRINQ NA;7898431501615|7898431501622|7898431501639|7898431501684|7898431501691|7898431501707;Excluido;27/02/2026
395450/1984;Ativo;;05/08/2021;;;GALZERANO INDUSTRIA DE CARRINHOS E BERCOS LTDA;43594977000197;19999947357;Via Prefeito Jurandyr Paixão;700;;13481149;Jd. Campo Belo;Limeira;SP;luisfernando.camargo@galzerano.com.br;GALZERANO INDUSTRIA DE CARRINHOS E BERCOS LTDA;Andadores Infantis;Portaria Inmetro nº 129 de 19/03/2021;;CE-AND/IQB 000006 54618/21-001;;;N;Brasil;GALZERANO;Ref.: 4050-Andador Torino. Versões: 4050PTR (Preto Rosa), 4050PTT (Preto Terracota);Mat Tec poliest Espum PP PA6 Master Tint Tub aço Itens fix/aviam CxLxA(cm) 71x62,5x51,5 Trav Trilh plást c/ botão destrav e reg alt Acess Band brinq não remove retrov Caract Tec Pçs plást Tint Ferrage;7908200102193|7908200102209;Excluido;01/09/2021
317784/1998;Ativo;;22/11/2023;;;JASSUMAL LTDA;04214425000154;62811924131;AV SETE SETEMBRO;852;;69005140;CENTRO;MANAUS;AM;dgjohnny@gmail.com;PINGHU SHI XIAOTIANDI CHILDREN?S PRODUCTS FACTORY;Andadores Infantis;Portaria Inmetro nº 129 de 19/03/2021;;IN1984323;;;S;China, República Popular;BABY SPORTS;ANDADOR JASSUMAL /REF: BS103 /VERSÕES:Azul Claro e Escuro - BS103A/Rosa Claro e Escuro - BS103R/Roxo e Rosa Escuro - BS103RR;MATERIAL:PP, FERRO E POLIÉSTER|DIMENSÕES:63 X 57 X 53 CM|SISTEMA DE TRAVAMENTO:LIBERAÇÃO EM DUAS AÇÕES CONSECUTIVAS|SISTEMA DE MONTAGEM E FERRAGEM:MANUAL (SEM FERRAMENTA)|ACESSÓRIOS:N/A|CARACTERISTICA;6901041000155;Incluido;22/11/2023
689454/2010;Ativo;;29/04/2024;;;TAPUZIM COMERCIAL LTDA;00513418000100;1138569063;Av. Monte Celeste;230;250;02561000;Vila S. Maria;São Paulo;SP;sergio@babystylebrasil.com.br;SHEN ZHEN WEI MEI CHILDCARE PRODUCT LIMITED COMPANY;Andadores Infantis;Portaria Inmetro nº 129 de 19/03/2021;;IN2118124-1;;;S;China, República Popular;Baby Style;ANDADOR SMART - SMART AZUL E SMART ROSA;PP,62 X 53 X 78CM,LIBERAÇÃO EM DUAS AÇÕES CONSECUTIVAS,MANUAL (SEM FERRAMENTA),ACESSÓRIOS:N/A/CARAC MODELO:ANDADOR C BRINQUEDO NA BANDEJA;4079337307416|4079337313325;Incluido;29/04/2024
570339/1957;Ativo;;01/08/2023;;;COMPANHIA DOREL BRASIL PRODUTOS INFANTIS;10659948000883;2135547024;Av. DR  Nilo Peçanha;1516;Galpão 3 ;28030035;Pq dos Rodoviários;Campos dos Goytacaze;RJ;standard@dorel.com.br;ZHONG SHAN SUN LUEN CHONG COMMODITY COMPANY LIMITED;Andadores Infantis;Portaria Inmetro nº 129 de 19/03/2021;;CE-AND/IQB 000011 55435/22-001;Modelo 5;;S;China, República Popular;TINY LOVE;4-in-1 Here I Grow Mobile Activity Center. Ref. 1806501211. ABS, Alumínio, Aço, Poliéster, PP. 70x57x44cm.Sist. de mont.:Manual (s/ ferragem).;Sist. de Trav.:2 disp. de travamento independentes, devem ser operados simultaneamente. Aces.: Brinq. acoplado.;7290108862973;Incluido;01/08/2023
983469/1936;Ativo;;14/08/2019;;;BAMBOO COMERCIO, IMPORTAÇÃO E EXPORTAÇÃO EIRELI-EPP;27115224000103;8132419265;Rua. Alegre;154;Galpão A;52120125;Arruda;Recife;PE;bamboo@yescert.com.br;ZHEJIANG KINTEX INTERNATIONAL TRADING CO., LTD;Andadores Infantis;Portaria Inmetro nº 129 de 19/03/2021;;IN1632922;;;S;China, República Popular;BAMBOO;NOME FANTASIA: ANDAJAR GUGU MODELO: MD-18 CORES: VERDE;PLÁSTICO, METAL E FIBRA TÊXTIL,520 x 560 x 620 mm,MANUAL,MANUAL,BANDEJA, VOLANTE DO PUXADOR.;7909312341029;Excluido;22/07/2022
584125/1945;Ativo;;07/08/2024;;;AMAZONAS IMPORTADOS LTDA;07269201000138;9691131654;Rua Independência;175;;68900090;Central;Macapa;AP;adriana.abreu@amazonasimportados.com.br;YIWU BALBIAN ELECTRONIC TECHNOLOGICAL CO., LTD;Andadores Infantis;Portaria Inmetro nº 129 de 19/03/2021;;IN2086424-4;;;S;China, República Popular;LÉ PETIT;MODE:BABY WALKER/REF:LP-9917/ CONT: ANDADOR COM BRINQUEDO ACOPLADO/VERSÕES:AZUL,VERMELHO,AMARELO,ROSA.;MAT:PP E POLIÉSTER/DIM:65X54X49CM/SIST DE TRAV:LIBERAÇÃO EM DUAS AÇÕES CONSECUTIVAS/SIST DE MONT E FERRA :MANUAL (SEM FERRAMENTA)/ACES:N/A.CARACTERISTICAS DO MODELO:;7453116024706;Incluido;07/08/2024
708000/1982;Ativo;;27/08/2026;;;MADHULA COMERCIO DE ARTIGOS ELETROELETRONICOS LTDA;03838532000190;92994433107;Rua Marcilio Dias;166;;69005270;Centro;Manaus;AM;mayapunjwani@gmail.com;PINGHU XIAOTIANDI CHILDREN?S PRODUCTS FACTORY;Andadores Infantis;Portaria Inmetro nº 129 de 19/03/2021;;IN3141126-2;Modelo 5;;S;China, República Popular;BENMEK;ANDADOR MADHULA/ MA101/ Rosa - MA101R/ Azul - MA101A/ Verde - MA101V/ Laranja - MA101L;MAT.:PP, FERRO E POLIÉSTER/DIM.:63X57X53 CM/SIST. DE TRAV.:LIBERAÇÃO EM DUAS AÇÕES CONSECUTIVAS/SIST. MONT. E FERR.:MANUAL (SEM FERRAMENTA)/ACESS.:BRINQUEDO/CARACT. DO MOD.:ANDADOR COM BRINQUEDO;6901031000158;Incluido;27/08/2026
277473/1963;Ativo;;09/12/2019;;;TAPUZIM COMERCIAL LTDA;00513418000100;1138569063;Av. Monte Celeste;230;250;02561000;Vila S. Maria;São Paulo;SP;ehs0770@hotmail.com;SHEN ZHEN WEI MEI CHILDCARE PRODUCT LIMITED COMPANY;Andadores Infantis;Portaria Inmetro nº 129 de 19/03/2021;;IN2062423;Modelo 5;;S;China, República Popular;baby style;ANDADOR ANIMAIS;ANIMAISVERSÕES: Andador cachorro vermelho - Ref. 33721 Andador cachorro azul - Ref. 33722 Andador abelha rosa - Ref. 33723 Andador abelha azul - Ref. 33724 . Material: Plástico, metal e tecido. Dimen;4079337218996|4079337228995|4079337238994|4079337248993;Excluido;21/12/2020
571477/1989;Ativo;;29/04/2024;;;TAPUZIM COMERCIAL LTDA;00513418000100;1138569063;Av. Monte Celeste;230;250;02561000;Vila S. Maria;São Paulo;SP;sergio@babystylebrasil.com.br;SHEN ZHEN WEI MEI CHILDCARE PRODUCT LIMITED COMPANY;Andadores Infantis;Portaria Inmetro nº 129 de 19/03/2021;;IN2118124-1;;;S;China, República Popular;Baby Style;ANDADOR SMART - SMART AZUL E SMART ROSA;PP,62 X 53 X 78CM,LIBERAÇÃO EM DUAS AÇÕES CONSECUTIVAS,MANUAL (SEM FERRAMENTA),ACESSÓRIOS:N/A/CARAC MODELO:ANDADOR C BRINQUEDO NA BANDEJA;4079337307416|4079337313325;Incluido;29/04/2024
613073/1960;Inativo;;02/04/2020;;;Galzerano Indústria de Carrinhos e Berços Ltda;43594977000197;1934043030;Via Prefeito Jurandyr Paixão;700;;13481149;Jd. Campo Belo;Limeira;SP;luisfernando.camargo@galzerano.com.br;FOSHAN SHUNDE QIJUN TOYS CO., LTD;Andadores Infantis;Portaria Inmetro nº 42 de 19/01/2018;;CE-AND/IQB 000006 53487/19-001;;;S;China, República Popular;GALZERANO;Ref.: 4090 - Liam. Versões: 4090CZ (Cinza), 4090PT (Preto);Mat: Tec poli Espum Resin plást Tinta Ferragens. Dim: 70x65x54(cm). Sist Trav: Trilho plást c/ botão destrav e reg de altura. Sist mont/ferragem: Manual. Acess: Bandej brinq não removív e retrovisores;7908200101431|7908200101448;Incluido;02/04/2020
865481/2015;Ativo;;12/04/2021;;;TUTTI BABY INDUSTRIA E COMERCIO DE ARTIGOS INFANT;06981862000129;4733794000;Rod. Guilherme Jensen;0;Galpão 01;89108000;Distrito Industrial;Massaranduba;SC;qualidade@tuttibaby.com.br;TUTTI BABY INDUSTRIA E COMERCIO DE ARTIGOS INFANT;Andadores Infantis;Portaria Inmetro nº 129 de 19/03/2021;;CE-AND/IQB 000005 54149/20-001;Modelo 5;;N;Brasil;Tutti Baby;Andador 40.001;ESTRUT.MET. DE AÇO TUB.PLÁST. DE ENG.ALGODÃO.48CM X60,5CMX70CM,COM DUAS AÇÕESCONSEC PARA LIB.REB.E PARAF.BRINQ. E ADES.BASE SUP.BASE INF.FREIO ANTI-QUEDA E CONJ.DE RODAS,PNEU DA RODA TRAS. E TRAVA ANT;7898431501219|7898431501226|7898431501233;Incluido;12/04/2021
159496/1942;Ativo;;06/09/2024;;;TUTTI BABY INDUSTRIA E COMERCIO DE ARTIGOS INFANTIS LTDA;06981862000129;4733794000;Rod. Guilherme Jensen, SC413, km13;0;Galpão 01;89108000;Distrito Industrial;Massaranduba;SC;certificacao@tuttibaby.com.br;TUTTI BABY INDUSTRIA E COMERCIO DE ARTIGOS INFANTIS LTDA;Andadores Infantis;Portaria Inmetro nº 129 de 19/03/2021;;IN2321524;;;N;Brasil;TUTTI BABY;ANDADOR COMFORT/REF.ANDADOR COMFORT 40.005/40005004/40005003/40005011/40005028/40005007/40005010/40005006/40005029;MAT:PLAST.ENG/ALGODÃO/DIMEN:48X60,5X70CM/SIST.DE TRAV:DOIS DISP.DE TRAV.INDEP.SENDO OP.SIMUL/SIST.DE MONT.FERR:OUTROS:PARAF,MONT.PEÇAS PLAST./ACESS:BANDEIJA C/ BRINQ/CARAC.DO MOD:ANDADOR C/BRINQUEDO;7898431502063|7898431502070|7898431502087|7898431502094|7898431502100|7898431502117|7898431502124|7898431502131;Incluido;06/09/2024
450730/1940;Ativo;;31/08/2026;;;TUTTI BABY INDUSTRIA E COMERCIO DE ARTIGOS INFANTIS LTDA;06981862000129;4733794000;Rod. Guilherme Jensen, SC413, km13;0;Galpão 01;89108000;Distrito Industrial;Massaranduba;SC;heloiza.souza@tuttibaby.com.br;TUTTI BABY INDUSTRIA E COMERCIO DE ARTIGOS INFANTIS LTDA;Andadores Infantis;Portaria Inmetro nº 129 de 19/03/2021;;CE-AND/IQB 000013 57036/26-002;Modelo 5;;N;Brasil;TUTTI BABY;ANDADOR COMFORT - 40005004,40005003,40005011,40005028,40005007,40005010,40005006,40005029;ESTRU.METALICA:ACO TUBULAR,BRINQ:PLAST.DE ENG.,REVEST. TEXTIL: ALGODAO/48X60,5X70 CM/DOIS DISP. DE TRAV. INDEP. SENDO OP. SIMULT./PARAFUSOS E MONT. DE PÇS PLAST./BRINQ. CERT. E ADESIVO-57036/26;7898431502063|7898431502070|7898431502087|7898431502094|7898431502100|7898431502117|7898431502124|7898431502131;Incluido;31/08/2026
477375/1940;Ativo;;07/02/2022;;;TUTTI BABY INDUSTRIA E COMERCIO DE ARTIGOS INFANTIS LTDA;06981862000129;4733794000;Rod. Guilherme Jensen, SC413, km13;0;;89108000;Distrito Industrial;Massaranduba;SC;certificacao@tuttibaby.com.br;TUTTI BABY INDUSTRIA E COMERCIO DE ARTIGOS INFANTIS LTDA;Andadores Infantis;Portaria Inmetro nº 129 de 19/03/2021;;IN2869325;Modelo 5;;N;Brasil;Tutti Baby;Andador Safari Plus II (Azul / Rosa / Vermelho);ESTRUT. MET.AÇO.TUBULAR/48x60,5x70CM/SIST.DE TRAV. COM.DUAS.AÇÕES.CONSECUT.PARA.LIBER./PARAFUSOS.E. REBITES/BRINQUEDOS.E.ADESIVOS;7898431501615|7898431501622|7898431501639;Excluido;08/04/2022
438320/1991;Ativo;;19/02/2026;;;RGM  COMERCIO E SERVICOS LTDA;18007664000148;11996294240;Avenida Angélica;511;Cj. 904;01227100;Santa Cecilia;São Paulo;SP;papush@uol.com.br;PINGHU XIAOTIANDI CHILDREN?S PRODUCTS FACTORY;Andadores Infantis;Portaria Inmetro nº 129 de 19/03/2021;;IN2911726;Modelo 5;;S;China, República Popular;RGM;ANDADOR DREUX - R602 - AVIÃO - AVIAO;MAT:PP,FERRO E POLIÉ./DIM:70X62.5X51 CM/SIST.DE TRAV.:LIB.EM DUAS AÇÕES CONSECU./SIST.DE MONT.E FERR.:MANUAL (SEM FERRAMENTA)/ACESS:BANDEJA MUSICAL/CARACT.DO MODELO:ANDADOR COM BANDEJA MUSICAL;7898926505616;Incluido;19/02/2026
453500/1968;Ativo;;07/08/2024;;;COMERCIO E IMPORTACAO DENISE LTDA;29963642000178;21997976531;RUA DO MILHO;72;A;21011090;PENHA CIRCULAR;RIO DE JANEIRO;RJ;comerciomybaby@hotmail.com;PING HU BEST CHILDREN?S CARRIER CO.LTD;Andadores Infantis;Portaria Inmetro nº 129 de 19/03/2021;;IN2189524;;;S;China, República Popular;MY BABY;PATO A1 - ROSA LISO, AZUL LISO, ROSA COLORIDO, AZUL COLORIDO - Acessórios: Brinquedos Caracteristicas do modelo: Andador infantil com brinquedo elétrico;Material: Ferro, PP e Poliéster Dimensões: 71 x 62 x 55 cm Sistema de Travamento: Liberação em duas ações consecutivas Sistema de Montagem e Ferragem: Manual (com auxílio de ferramenta);6294013738218|6294013738225|6294013738287|6294013738294;Incluido;07/08/2024
747504/1994;Inativo;;11/11/2022;;;COMPANHIA DOREL BRASIL PRODUTOS INFANTIS;10659948000883;2135547024;Av. Nilo Peçanha;1516 ;Galpão 3 ;28030035;Pq dos Rodoviários;Campos dos Goytacaze;RJ;standard@dorel.com.br;Jin Sun Gee Plastics Co., Ltd;Andadores Infantis;Portaria Inmetro nº 129 de 19/03/2021;;IN1701622-2;;;S;Formosa (Taiwan);Voyage;BG-1518. Nome comercial: Baby Step. Versões: Rosa e Azul.;Ferro,PP e poliéster. 60x49x68cm.Trav:Lib.2 ações consec.,Mont:Encaixe. Aces:Brinquedos;7908238801280|7908238801297;Incluido;11/11/2022
041508/2021;Inativo;;14/08/2019;;;Companhia Dorel Brasil Produtos Infantis;10659948000107;2135633602;Av. Nilo Peçanha;1516 /1582;Térreo;28030035;Pq dos Rodoviários;Campos dos Goytacaze;RJ;mariana.magalhaes@dorel.com.br;JIN SUN GEE PLASTIC CO.,LTD;Andadores Infantis;Portaria Inmetro nº 42 de 19/01/2018;;OCAN-AND.145/19-4;;;S;Formosa (Taiwan);Voyage;BG1401;Nome Fantasia: Buggy. Cores: Rosa e Azul. Material: Ferro, plástico, PP e PU. 42 x 58.5 x 65 cm. Sistema de Travamento e Montagem: Manual. Acessórios: Bandeja;7898509475206|7898509475213;Incluido;14/08/2019
888889/1974;Ativo;;07/03/2024;;;COMPANHIA DOREL BRASIL PRODUTOS INFANTIS;10659948000107;2135547024;Av. Nilo Peçanha;1516;1582;28030035;Pq dos Rodoviários;Campos dos Goytacaze;RJ;standard@dorel.com.br;COMPANHIA DOREL BRASIL PRODUTOS INFANTIS;Andadores Infantis;Portaria Inmetro nº 129 de 19/03/2021;;IN2040823;Modelo 5;;N;Brasil;INFANTI/ COSCO;APPIA/ ZIGGY - HE022 - N/A - AZUL / ROSA / AZUL / ROSA;MAT:PP,PES,PTA,EG,POLIPROPILENO E POLIETILENO/DIM:56,5 X 68 X 60,5 CM/SIST D TRAVAMENTO:LIB EM DUAS AÇÕES CONSEC/SIST DE MNTGM E FERRG:MAN (SEM FER)/ACESS:BAND D BRINQ./CARACT D MODELO:ANDADOR C BRINQ;7908238809774|7908238809781|7908238815812|7908238815829;Incluido;10/04/2026
015323/1984;Inativo;;14/08/2019;;;Companhia Dorel Brasil Produtos Infantis;10659948000107;2135633602;Av. Nilo Peçanha;1516 /1582;Térreo;28030035;Pq dos Rodoviários;Campos dos Goytacaze;RJ;mariana.magalhaes@dorel.com.br;Hua Song Plastic Products Co Ltd;Andadores Infantis;Portaria Inmetro nº 42 de 19/01/2018;;OCAN-AND.145/19-3;;;S;China, República Popular;Safety 1st;11389;Nome Fantasia: Melody Garden. Cor única. Material: Ferro, plástico e PP. 64x55x66 cm. Sistema de Travamento e Montagem: Manual. Acessórios: Bandeja.;9312541727119;Incluido;14/08/2019
268862/2021;Ativo;;07/08/2024;;;AMAZONAS IMPORTADOS LTDA;07269201000138;9691131654;Rua Independência;175;;68900090;Central;Macapa;AP;adriana.abreu@amazonasimportados.com.br;YIWU BALBIAN ELECTRONIC TECHNOLOGICAL CO., LTD;Andadores Infantis;Portaria Inmetro nº 129 de 19/03/2021;;IN2086424-4;;;S;China, República Popular;LÉ PETIT;MODE:BABY WALKER/REF:LP-9917/ CONT: ANDADOR COM BRINQUEDO ACOPLADO/VERSÕES:AZUL,VERMELHO,AMARELO,ROSA.;MAT:PP E POLIÉSTER/DIM:65X54X49CM/SIST DE TRAV:LIBERAÇÃO EM DUAS AÇÕES CONSECUTIVAS/SIST DE MONT E FERRA :MANUAL (SEM FERRAMENTA)/ACES:N/A.CARACTERISTICAS DO MODELO:;7453116024706;Incluido;07/08/2024
889714/1947;Ativo;;01/07/2026;;;APS IMPORTACAO EXPORTACAO DISTRIBUICAO LTDA;44540981000135;11974642778;EST GERAL DE MEDEIROS;20;SALA 05;88390000;MEDEIROS;BARRA VELHA;SC;orquestra@yescert.com.br;Tengzhou Lebeir Baby Carriage Co., Ltd.;Andadores Infantis;Portaria Inmetro nº 129 de 19/03/2021;;IN3076626;Modelo 5;;S;China, República Popular;TOYS&TOYS;MOD:ANDADOR MUSICAL PARA BEBES/INFANTIL/CÓD DE REFERÊNCIA COMERCIAL: ANDADOR MUSICAL V:CINZA - 310552,MARROM - 310569,AZUL - 310576,ROSA 310583;Mat:PP/Dim:799x660x715mm/Sist de Travam: Dois dispositivos de travam independentes sendo operados simult/Sist de Mont e Ferr:Manual (sem ferram)/Acess:N/A/Caract do modelo:ANDADOR COM BRINQ.MUSICAL AC;7908888310552|7908888310569|7908888310576|7908888310583;Incluido;01/07/2026
335523/1947;Ativo;;07/02/2022;;;TUTTI BABY INDUSTRIA E COMERCIO DE ARTIGOS INFANTIS LTDA;06981862000129;4733794000;Rod. Guilherme Jensen, SC413, km13;0;;89108000;Distrito Industrial;Massaranduba;SC;certificacao@tuttibaby.com.br;TUTTI BABY INDUSTRIA E COMERCIO DE ARTIGOS INFANTIS LTDA;Andadores Infantis;Portaria Inmetro nº 129 de 19/03/2021;;IN2869325;Modelo 5;;N;Brasil;TUTTI BABY;DESIGNAÇÃO COMERC SAFARI II (AZUL/ROSA/VERMELHO),PRINCESA ROSA COROA,ACQUA,EXPLORADOR (CINZA/ ROXO) CÓD D REF COMERC:ANDAD 40.002/40002003/40002004/40002007/40003004/40004002/40004003 CARACT DO MODELO:ANDADOR C BRINQUEDO;MAT:ESTRUTURA METALICA - AÇO TUBULAR/DIM:48X60,5X70CM/SIST DE TRAVA:LIBERAÇ EM 2AÇÕES CONSECUT/SIST DE MONTAGEM E FERRAGEM:PARAFUSOS E REBITES/ACESSÓ:BRINQUEDOS E ADESIVOS;7898431501615|7898431501622|7898431501639|7898431501684|7898431501691|7898431501707;Excluido;10/12/2025
668786/1928;Ativo;;16/09/2024;;;AMAZONAS IMPORTADOS LTDA;07269201000138;9691131654;Rua Independência;175;;68900090;Central;Macapa;AP;adriana.abreu@amazonasimportados.com.br;YIWU BALBIAN ELECTRONIC TECHNOLOGICAL CO., LTD;Andadores Infantis;Portaria Inmetro nº 129 de 19/03/2021;;IN2086424-1;;;S;China, República Popular;LÉ PETIT;MODE:BABY WALKER/REF:LP-9517/ CONT: ANDADOR COM BRINQUEDO ACOPLADO/VERSÕES:AZUL,ROSA,VERDE,;MAT:PP E POLIÉSTER/DIM:62X55,5X50CM/SIST DE TRAV:LIBERAÇÃO EM DUAS AÇÕES CONSECUTIVAS/SIST DE MONT E FERRAGEM:MANUAL (SEM FERRAMENTA)/ACESSÓRIOS:N/A.CARACTERISTICAS DO MODELO:;453068745717;Incluido;16/09/2024
425069/2018;Ativo;;13/04/2026;;;VG SHOP COMERCIO ON LINE LTDA;16857384000365;1149690505;RUA PROJETADA SN KM 15 NUCLEO AGUA COMPRIDA;0;KM 15;37600000;AGUA COMPRIDA;CAMBUI;MG;gilson@vgshop.com.br;YONGXING SPORTS LIMITED;Andadores Infantis;Portaria Inmetro nº 129 de 19/03/2021;;IN2982826;Modelo 5;;S;China, República Popular;MULTMAXX;Desig. Com. andador infantil com empurrador Cod. Ref. MTX150 / MTX151 Quant. (aplic. para mod. 1b) n/a Mat: poliéster, abs, pp e borracha Dim. 76x65x65cm Sis. Trav. dois dispositivos independentes sendo operador simultaneamente;Sis. de Mont. e Ferragem: manual (com ferramenta) acess: N/A Car.do mod: andador ccom empurrador e brinquedo musical Vers. MTX150 cinza MTX151 rosa;7898758400394|7898758400400;Incluido;13/04/2026
629527/1973;Ativo;;07/08/2024;;;AMAZONAS IMPORTADOS LTDA;07269201000138;9691131654;Rua Independência;175;;68900090;Central;Macapa;AP;adriana.abreu@amazonasimportados.com.br;YIWU BALBIAN ELECTRONIC TECHNOLOGICAL CO., LTD;Andadores Infantis;Portaria Inmetro nº 129 de 19/03/2021;;IN2086424-2;;;S;China, República Popular;LÉ PETIT;MODE:BABY WALKER/REF:LP-9618/ CONT: ANDADOR COM BRINQUEDO ACOPLADO/VERSÕES:AZUL,VERDE,ROSA,VERMELHO.;MAT:PP E POLIÉSTER/DIM:65X54X49CM/SIST DE TRAV:LIBERAÇÃO EM DUAS AÇÕES CONSECUTIVAS/SIST DE MONT E FERR:MANUAL (SEM FERRAMENTA)ACE:N/A.CARACTERISTICAS DO MODELO:;7453068240131;Incluido;07/08/2024
812327/2019;Ativo;;31/10/2025;;;MD COMERCIO DE FERRAGENS LTDA;55274701000100;92985975259;Avenida Joaquim Nabuco;1094;A;69020030;Centro;Manaus;AM;mdcomerciodeferragensltda@gmail.com;Xingtai Pandelo Technology Co.,Ltd;Andadores Infantis;Portaria Inmetro nº 129 de 19/03/2021;;IN2824825;Modelo 5;;S;China, República Popular;ULTRA BABY;ANDADOR INFANTIL MUSICAL PARA BEBÊ - UBW -305 - N/A - BABY PINK / BARBIE PINK/RED / WHITE/ROYAL BLUE /ORANGE / WHITE/LIGHT BLUE / WHITE;MAT:PP,FERRO E POLIÉ./DIM.:68X59X52 CM/SIST.DE TRAV.:LIB.EM DUAS AÇÕES CONS./SIST.DE MONT. E FERR.:MAN.(S/FERRAM.)/ACESS.:N/A/CARACTERISTICAS DO MODELO:ANDADOR COM BRINQUEDO ACOPLADO;7890012361007|7890012361113|7890012368082|7890012369096;Incluido;31/10/2025
299954/1946;Inativo;;11/11/2022;;;COMPANHIA DOREL BRASIL PRODUTOS INFANTIS;10659948000883;2135547024;Av. Nilo Peçanha;1516 ;Galpão 3 ;28030035;Pq dos Rodoviários;Campos dos Goytacaze;RJ;standard@dorel.com.br;Jin Sun Gee Plastics Co., Ltd;Andadores Infantis;Portaria Inmetro nº 129 de 19/03/2021;;IN1701622-2;;;S;Formosa (Taiwan);Voyage;BG-1518. Nome comercial: Baby Step. Versões: Rosa e Azul.;Ferro,PP e poliéster. 60x49x68cm.Trav:Lib.2 ações consec.,Mont:Encaixe. Aces:Brinquedos;7908238801280|7908238801297;Incluido;11/11/2022
923531/1999;Ativo;;13/04/2026;;;VG SHOP COMERCIO ON LINE LTDA;16857384000365;1149690505;RUA PROJETADA SN KM 15 NUCLEO AGUA COMPRIDA;0;KM 15;37600000;AGUA COMPRIDA;CAMBUI;MG;gilson@vgshop.com.br;YONGXING SPORTS LIMITED;Andadores Infantis;Portaria Inmetro nº 129 de 19/03/2021;;IN2982826;Modelo 5;;S;China, República Popular;MULTMAXX;Desig. Com. andador infantil com empurrador Cod. Ref. MTX150 / MTX151 Quant. (aplic. para mod. 1b) n/a Mat: poliéster, abs, pp e borracha Dim. 76x65x65cm Sis. Trav. dois dispositivos independentes sendo operador simultaneamente;Sis. de Mont. e Ferragem: manual (com ferramenta) acess: N/A Car.do mod: andador ccom empurrador e brinquedo musical Vers. MTX150 cinza MTX151 rosa;7898758400394|7898758400400;Incluido;13/04/2026
217546/1926;Ativo;;07/08/2024;;;AMAZONAS IMPORTADOS LTDA;07269201000138;9691131654;Rua Independência;175;;68900090;Central;Macapa;AP;adriana.abreu@amazonasimportados.com.br;YIWU BALBIAN ELECTRONIC TECHNOLOGICAL CO., LTD;Andadores Infantis;Portaria Inmetro nº 129 de 19/03/2021;;IN2086424-2;;;S;China, República Popular;LÉ PETIT;MODE:BABY WALKER/REF:LP-9618/ CONT: ANDADOR COM BRINQUEDO ACOPLADO/VERSÕES:AZUL,VERDE,ROSA,VERMELHO.;MAT:PP E POLIÉSTER/DIM:65X54X49CM/SIST DE TRAV:LIBERAÇÃO EM DUAS AÇÕES CONSECUTIVAS/SIST DE MONT E FERR:MANUAL (SEM FERRAMENTA)ACE:N/A.CARACTERISTICAS DO MODELO:;7453068240131;Incluido;07/08/2024
540106/2006;Ativo;;01/07/2026;;;APS IMPORTACAO EXPORTACAO DISTRIBUICAO LTDA;44540981000135;11974642778;EST GERAL DE MEDEIROS;20;SALA 05;88390000;MEDEIROS;BARRA VELHA;SC;orquestra@yescert.com.br;Tengzhou Lebeir Baby Carriage Co., Ltd.;Andadores Infantis;Portaria Inmetro nº 129 de 19/03/2021;;IN3076626;Modelo 5;;S;China, República Popular;TOYS&TOYS;MOD:ANDADOR MUSICAL PARA BEBES/INFANTIL/CÓD DE REFERÊNCIA COMERCIAL: ANDADOR MUSICAL V:CINZA - 310552,MARROM - 310569,AZUL - 310576,ROSA 310583;Mat:PP/Dim:799x660x715mm/Sist de Travam: Dois dispositivos de travam independentes sendo operados simult/Sist de Mont e Ferr:Manual (sem ferram)/Acess:N/A/Caract do modelo:ANDADOR COM BRINQ.MUSICAL AC;7908888310552|7908888310569|7908888310576|7908888310583;Incluido;01/07/2026
447101/1938;Ativo;;01/08/2023;;;COMPANHIA DOREL BRASIL PRODUTOS INFANTIS;10659948000883;2135547024;Av. DR  Nilo Peçanha;1516;Galpão 3 ;28030035;Pq dos Rodoviários;Campos dos Goytacaze;RJ;standard@dorel.com.br;ZHONG SHAN SUN LUEN CHONG COMMODITY COMPANY LIMITED;Andadores Infantis;Portaria Inmetro nº 129 de 19/03/2021;;CE-AND/IQB 000011 55435/22-001;Modelo 5;;S;China, República Popular;TINY LOVE;4-in-1 Here I Grow Mobile Activity Center. Ref. 1806501211. ABS, Alumínio, Aço, Poliéster, PP. 70x57x44cm.Sist. de mont.:Manual (s/ ferragem).;Sist. de Trav.:2 disp. de travamento independentes, devem ser operados simultaneamente. Aces.: Brinq. acoplado.;7290108862973;Incluido;01/08/2023
225849/1960;Ativo;;15/12/2023;;;MADHULA COMERCIO DE ARTIGOS ELETROELETRONICOS LTDA;03838532000190;62811924131;Rua Marcilio Dias;166;;69005270;Centro;Manaus;AM;dgjohnny@gmail.com;PINGHU SHI XIAOTIANDI CHILDREN''S PRODUCTS FACTORY;Andadores Infantis;Portaria Inmetro nº 129 de 19/03/2021;;IN1983523;;;S;China, República Popular;BENMEK;ANDADOR MADHULA/REF.: MA100/VERSÕES:Verde e Azul - MA100VA,Rosa e Roxo - MA100RR,Branco e Azul Escuro - MA100BAE,Amarelo e Vermelho - MA100AV;MAT:PP, FERRO E POLIÉSTER/DIMEN.:63 X 57 X 53 CM/SIST. TRAVAMENTO:Liberação em duas ações consecutivas/SIST. MONTAGEM E FERRAGEM:MANUAL(SEM FERRAMENTA)/ACESS.:n/a/CARACTERÍSTICAS: ANDADOR COM BRINQUED;6901031000158;Incluido;15/12/2023
067407/1950;Ativo;;09/12/2019;;;TAPUZIM COMERCIAL LTDA;00513418000100;1138569063;Av. Monte Celeste;230;250;02561000;Vila S. Maria;São Paulo;SP;ehs0770@hotmail.com;SHEN ZHEN WEI MEI CHILDCARE PRODUCT LIMITED COMPANY;Andadores Infantis;Portaria Inmetro nº 42 de 19/01/2018;;OCAN-AND.165/19-3;;;S;China, República Popular;baby style;CENTRO DE ATIVIDADES;VERSÕES: Andador play - Ref.5821 Andador meninos - Ref. 515211 Andador meninas - Ref. 51522. Material: Plástico, metal e tecido. Dimensões: 74 x 75 x 18 cm Sistema de Travamento: Stoper Sistema de Mon;4079515211993|4079515222999|4532582122994;Incluido;09/12/2019
511550/1952;Inativo;;14/08/2019;;;Companhia Dorel Brasil Produtos Infantis;10659948000107;2135633602;Av. Nilo Peçanha;1516 /1582;Térreo;28030035;Pq dos Rodoviários;Campos dos Goytacaze;RJ;mariana.magalhaes@dorel.com.br;Hua Song Plastic Products Co Ltd;Andadores Infantis;Portaria Inmetro nº 42 de 19/01/2018;;OCAN-AND.145/19-3;;;S;China, República Popular;Safety 1st;11389;Nome Fantasia: Melody Garden. Cor única. Material: Ferro, plástico e PP. 64x55x66 cm. Sistema de Travamento e Montagem: Manual. Acessórios: Bandeja.;9312541727119;Incluido;14/08/2019
207371/1990;Ativo;;17/06/2024;;;MEGA COMPRAS PRESENTES.COM LTDA;02561195000174;4191284769;RUA ELDORADO;511;511;09550720;PROSPERIDADE;SÃO CAETANO DO SUL;SP;contabilidade@grupogmac.com;HEBEI HAOKU CHILDREN TOYS CO., LTD;Andadores Infantis;Portaria Inmetro nº 129 de 19/03/2021;;IN2152424;;;S;China, República Popular;MEGA COMPRAS;ANDADOR PARA BEBÊS-PREMIUM-REF:MC923/MC923AZ/MC923RS/MC923CZ/MATERIAL:PP E POLIÉSTER/DIMENSÕES:65X 48X46 CM/ CONT: ANDADOR COM BRINQUEDO ACOPLADO;SISTEMA DE TRAVAMENTO:DOIS DISPOSITIVOS DE TRAVAMENTO INDEPENDENTES SENDO OPERADOS SIMULTÂNEAMENTE/SISTEMA DE MONTAGEM E FERRAGEM:MANUAL (SEM FERRAMENTA)/ACESSÓRIOS:BRINQUEDO/CARACTERISTICAS DO MODELO;7898692799028|7898692799578|7898692799585;Incluido;17/06/2024
689982/1975;Ativo;;14/08/2019;;;BAMBOO COMERCIO, IMPORTAÇÃO E EXPORTAÇÃO EIRELI-EPP;27115224000103;8132419265;Rua. Alegre;154;Galpão A;52120125;Arruda;Recife;PE;bamboo@yescert.com.br;ZHEJIANG KINTEX INTERNATIONAL TRADING CO., LTD;Andadores Infantis;Portaria Inmetro nº 129 de 19/03/2021;;IN1632922;;;S;China, República Popular;BAMBOO;MODELO:MD-18NOME COMERCIAL:ANDAJAR GUGUVERSÕES: Azul (Ref.: MD18.1)Rosa (Ref.: MD18.2)Verde (Ref.: MD18.3)Vermelho (Ref.: MD18.4);Mat: PLAST / MET/FIB TEXTIL,DIM:ABRT:62X56X52CM,FECH:62X56X16,SIST TRAV:LIBER EM 2 ACOES CONSEC,SIST MONT FERRAG: MANUAL(S/FERRAMENTA),ACESS:BANDEJ C/BRINQ E HAST C/PUXADOR;7909312341029;Incluido;22/07/2022
805554/1978;Ativo;;17/06/2024;;;MEGA COMPRAS PRESENTES.COM LTDA;02561195000174;4191284769;RUA ELDORADO;511;511;09550720;PROSPERIDADE;SÃO CAETANO DO SUL;SP;contabilidade@grupogmac.com;HEBEI HAOKU CHILDREN TOYS CO., LTD;Andadores Infantis;Portaria Inmetro nº 129 de 19/03/2021;;IN2152424;;;S;China, República Popular;MEGA COMPRAS;ANDADOR PARA BEBÊS-PREMIUM-REF:MC923/MC923AZ/MC923RS/MC923CZ/MATERIAL:PP E POLIÉSTER/DIMENSÕES:65X 48X46 CM/ CONT: ANDADOR COM BRINQUEDO ACOPLADO;SISTEMA DE TRAVAMENTO:DOIS DISPOSITIVOS DE TRAVAMENTO INDEPENDENTES SENDO OPERADOS SIMULTÂNEAMENTE/SISTEMA DE MONTAGEM E FERRAGEM:MANUAL (SEM FERRAMENTA)/ACESSÓRIOS:BRINQUEDO/CARACTERISTICAS DO MODELO;7898692799028|7898692799578|7898692799585;Incluido;17/06/2024
099558/2005;Inativo;;02/04/2020;;;Galzerano Indústria de Carrinhos e Berços Ltda;43594977000197;1934043030;Via Prefeito Jurandyr Paixão;700;;13481149;Jd. Campo Belo;Limeira;SP;luisfernando.camargo@galzerano.com.br;FOSHAN SHUNDE QIJUN TOYS CO., LTD;Andadores Infantis;Portaria Inmetro nº 42 de 19/01/2018;;CE-AND/IQB 000006 53487/19-001;;;S;China, República Popular;GALZERANO;Ref.: 4090 - Liam. Versões: 4090CZ (Cinza), 4090PT (Preto);Mat: Tec poli Espum Resin plást Tinta Ferragens. Dim: 70x65x54(cm). Sist Trav: Trilho plást c/ botão destrav e reg de altura. Sist mont/ferragem: Manual. Acess: Bandej brinq não removív e retrovisores;7908200101431|7908200101448;Incluido;02/04/2020
970633/2025;Inativo;;14/08/2019;;;Companhia Dorel Brasil Produtos Infantis;10659948000107;2135633602;Av. Nilo Peçanha;1516 /1582;Térreo;28030035;Pq dos Rodoviários;Campos dos Goytacaze;RJ;mariana.magalhaes@dorel.com.br;Hua Song Plastic Products Co Ltd;Andadores Infantis;Portaria Inmetro nº 42 de 19/01/2018;;OCAN-AND.145/19-3;;;S;China, República Popular;Safety 1st;11389;Nome Fantasia: Melody Garden. Cor única. Material: Ferro, plástico e PP. 64x55x66 cm. Sistema de Travamento e Montagem: Manual. Acessórios: Bandeja.;9312541727119;Incluido;14/08/2019
393573/1931;Inativo;;11/01/2023;;;COMPANHIA DOREL BRASIL PRODUTOS INFANTIS;10659948000883;2135547024;Av. Nilo Peçanha;1516 ;Galpão 3 ;28030035;Pq dos Rodoviários;Campos dos Goytacaze;RJ;standard@dorel.com.br;Jin Sun Gee Plastics Co., Ltd;Andadores Infantis;Portaria Inmetro nº 129 de 19/03/2021;;IN1701622-4;;;S;Formosa (Taiwan);Voyage;BG1401. Nome comercial: Buggy. Versões: Azul, Rosa.;PP,PVC,Ferro,POM,PU,Pol, 42x58.5x65cm. Trav:Lib.2 ações cons,Mont:Manual, Aces. Brinq.;7898509475206|7898509475213;Incluido;11/01/2023
440777/1960;Ativo;;30/08/2021;;;TA TE TI INDUSTRIA E COMERCIO DE BRINQUEDOS EDUCATIVOS LTDA;30261120000103;4732422225;RUA TIRADENTES;230;;89107000;CENTRO;POMERODE;SC;qualidade3@grupocalesita.com.br;TA TE TI INDUSTRIA E COMERCIO DE BRINQUEDOS EDUCATIVOS LTDA;Andadores Infantis;Portaria Inmetro nº 129 de 19/03/2021;;CE-AND/IQB 000010 55962/23-001;Modelo 5;;N;Brasil;Tateti;Ref.914 - Move Baby;PP, METAL, TECIDO POLIESTER. DIMENSAO: 70,20X59,83X49,12CM. SIST. TRAVAMENTO:FREIO DIANTEIRO E TRASEIRO. SIST DE MONTAGEM: MANUAL/PARAFUSOS PP. ACESSORIOS:BANDEJA DE BRINQUEDOS;7898664632230;Incluido;02/03/2026
687577/1957;Ativo;;07/02/2022;;;TUTTI BABY INDUSTRIA E COMERCIO DE ARTIGOS INFANTIS LTDA;06981862000129;4733794000;Rod. Guilherme Jensen, SC413, km13;0;;89108000;Distrito Industrial;Massaranduba;SC;certificacao@tuttibaby.com.br;TUTTI BABY INDUSTRIA E COMERCIO DE ARTIGOS INFANTIS LTDA;Andadores Infantis;Portaria Inmetro nº 129 de 19/03/2021;;IN2869325;Modelo 5;;N;Brasil;TUTTI BABY;DESIGNAÇÃO COMERC SAFARI II (AZUL/ROSA/VERMELHO),PRINCESA ROSA COROA,ACQUA,EXPLORADOR (CINZA/ ROXO) CÓD D REF COMERC:ANDAD 40.002/40002003/40002004/40002007/40003004/40004002/40004003;MAT:ESTRUTURA METALICA - AÇO TUBULAR/DIM:48X60,5X70CM/SIST DE TRAVA:LIBERAÇ EM 2AÇÕES CONSECUT/SIST DE MONTAGEM E FERRAGEM:PARAFUSOS E REBITES/ACESSÓ:BRINQUEDOS E ADESIVOS/CARACT DO MODELO:ANDADOR C B;7898431501615|7898431501622|7898431501639|7898431501684|7898431501691|7898431501707;Excluido;26/04/2024
981581/1983;Ativo;;09/09/2026;;;TUTTI BABY INDUSTRIA E COMERCIO DE ARTIGOS INFANTIS LTDA;06981862000129;4733794000;Rua Vicente Zanotti;177;Galpão 01;89381270;Industrial Zaferino ;Massaranduba;SC;heloiza.souza@tuttibaby.com.br;TUTTI BABY INDUSTRIA E COMERCIO DE ARTIGOS INFANTIS LTDA;Andadores Infantis;Portaria Inmetro nº 129 de 19/03/2021;;CE-AND/IQB 000013 57036/26-001;Modelo 5;;N;Brasil;TUTTI BABY;ANDADOR SAFARI - REF. 40002003,40002004,40002007,40003004,40004002,40004003;ESTRU.MET.:ACO TUBULAR,BRINQ:PLAST. DE ENG.,REVEST. TEXTIL:ALGODAO/51X61X70 CM/DOIS DISP. DE TRAV. INDEPENDENTES SENDO OPERADOS SIMULT./PARAFUSOS E MONT. DE PÇS PLAST./BRINQ. CERTIF.E ADESIVO-57036/26;7898431501615|7898431501622|7898431501639|7898431501684|7898431501691|7898431501707;Incluido;09/09/2026
494926/1934;Ativo;;29/04/2024;;;TAPUZIM COMERCIAL LTDA;00513418000100;113856906;Av. Monte Celeste;230;250;02561000;Vila S. Maria;São Paulo;SP;sergio@babystylebrasil.com.br;SHEN ZHEN WEI MEI CHILDCARE PRODUCT LIMITED COMPANY;Andadores Infantis;Portaria Inmetro nº 129 de 19/03/2021;;IN2118124-2;;;S;China, República Popular;Baby Style;ANDADOR FOGUETE - FOGUETE CINZA E FOGUETE ROSA;MATERIAL:PP/DIM:62X53X78CM/SISTEMA DE TRAVAME:LIBERA EM 2 AÇÕES CONSECUTIVAS/MANUAL/ACESSÓRIOS:N/A/CARACT DO MODELO:ANDADOR C BRINQUEDO NA BANDEJA;4079337285219|4079337296543;Incluido;29/04/2024
423829/1983;Ativo;;29/04/2024;;;TAPUZIM COMERCIAL LTDA;00513418000100;113856906;Av. Monte Celeste;230;250;02561000;Vila S. Maria;São Paulo;SP;sergio@babystylebrasil.com.br;SHEN ZHEN WEI MEI CHILDCARE PRODUCT LIMITED COMPANY;Andadores Infantis;Portaria Inmetro nº 129 de 19/03/2021;;IN2118124-2;;;S;China, República Popular;Baby Style;ANDADOR FOGUETE - FOGUETE CINZA E FOGUETE ROSA;MATERIAL:PP/DIM:62X53X78CM/SISTEMA DE TRAVAME:LIBERA EM 2 AÇÕES CONSECUTIVAS/MANUAL/ACESSÓRIOS:N/A/CARACT DO MODELO:ANDADOR C BRINQUEDO NA BANDEJA;4079337285219|4079337296543;Incluido;29/04/2024
828314/2019;Ativo;;07/08/2024;;;AMAZONAS IMPORTADOS LTDA;07269201000138;9691131654;Rua Independência;175;;68900090;Central;Macapa;AP;adriana.abreu@amazonasimportados.com.br;YIWU BALBIAN ELECTRONIC TECHNOLOGICAL CO., LTD;Andadores Infantis;Portaria Inmetro nº 129 de 19/03/2021;;IN2086424-3;;;S;China, República Popular;LÉ PETIT;MODE,BABY WALKER/REF:LP-9824/ CONT: ANDADOR COM BRINQUEDO ACOPLADO:/VERSÕES:AZUL,VERDE,ROSA.;MATL:PP E POLIÉSTER/DIM:66X54X52CM/SIST DE TRAV:LIBERAÇÃO EM DUAS AÇÕES CONSECUTIVAS/SIST DE MONT E FERR :MANUAL (SEM FERRAMENTA)/ACESSÓRIOS:N/A.CARACT DO MODELO:;7453116003640;Incluido;07/08/2024
608279/1975;Ativo;;03/04/2023;;;PLANETA - IMPORTACAO E DISTRIBUICAO DE BRINQUEDOS LTDA;13434272000141;1138951572;AV VASCO MASSAFELI;1000;G1A M1-21;06703600;JARDIM MARIA TEREZA;COTIA;SP;admin@planetadobebe.com.br;HEBEI WANXIN CHILDREN TOYS CO.,LTD.;Andadores Infantis;Portaria Inmetro nº 129 de 19/03/2021;;IN1765923;Modelo 5;;S;China, República Popular;MAXI BABY;ANDADOR LA BAMBA - NW-01 - AZUL #21537/ROSA #21538/VERMELHO #75268;MAT: PP E PAR. ABS, AÇO DE ALT. CARB.-RODA ELAST. TERM.,PVC/DIM:580X680X550(LXCXH)/SIS_TRAV:LIBE.EMDUAS AÇÕES CONS./SIS_MONT E FER:MAN.(S/FER.)/ACES:BAND C BRINQ./CARAC.DO MOD:ANDADOR C BRI.(BAD. MUS.;7898975752689|7899403215370|7899403215387;Excluido;18/03/2026
275585/2010;Ativo;;07/02/2022;;;TUTTI BABY INDUSTRIA E COMERCIO DE ARTIGOS INFANTIS LTDA;06981862000129;4733794000;Rod. Guilherme Jensen, SC413, km13;0;;89108000;Distrito Industrial;Massaranduba;SC;certificacao@tuttibaby.com.br;TUTTI BABY INDUSTRIA E COMERCIO DE ARTIGOS INFANTIS LTDA;Andadores Infantis;Portaria Inmetro nº 129 de 19/03/2021;;IN2869325;Modelo 5;;N;Brasil;Tutti Baby;Andador: VERSÕES: Safari II (Azul/Rosa/Vermelho), Princesa Rosa Coroa, Acqua Explorador (Cinza/Roxo);ESTRUTURA METÁLICA , AÇO TUBULAR / 48 x 60,5 x 70CM / SISTEMA DE TRAVAMENTO COM DUAS AÇÕES CONSECUTIVAS PARA LIBERAÇÃO /SISTEMA DE MONTAGEM/FERRAGEM: PARAFUSOS E REBITES ACESSÓRIOS: BRINQUEDOS E ADESI;7898431501615|7898431501622|7898431501639|7898431501684|7898431501691|7898431501707;Excluido;15/03/2024
569600/1936;Inativo;;14/01/2021;;;GALZERANO INDUSTRIA DE CARRINHOS E BERCOS LTDA;43594977000197;1934043030;Via Prefeito Jurandyr Paixão;700;;13481149;Jd. Campo Belo;Limeira;SP;luisfernando.camargo@galzerano.com.br;WEIMEI MEI CHILDCARE PRODUCT (HUIZHOU) LTD., CO;Andadores Infantis;Portaria Inmetro nº 42 de 19/01/2018;;CE-AND/IQB 000006 54025/20-001;;;S;China, República Popular;GALZERANO;Ref.: 4030-Andador 4 em 1 Funny. Versões: 4030CR (Color), 4030VDA (Verde Água);Mat Tec polié Espuma Resina plást Itens fixação Dimens 75x71x55(cm) Sist travament dobradiça plást c/ botão acionament Sist montagem/ferragem encaixe manual Acessórios manuais brinquedos removíveis;7898089221477|7898089221996;Incluido;14/01/2021
863604/1962;Ativo;;27/08/2026;;;MADHULA COMERCIO DE ARTIGOS ELETROELETRONICOS LTDA;03838532000190;92994433107;Rua Marcilio Dias;166;;69005270;Centro;Manaus;AM;mayapunjwani@gmail.com;PINGHU XIAOTIANDI CHILDREN?S PRODUCTS FACTORY;Andadores Infantis;Portaria Inmetro nº 129 de 19/03/2021;;IN3141126-2;Modelo 5;;S;China, República Popular;BENMEK;ANDADOR MADHULA/ MA101/ Rosa - MA101R/ Azul - MA101A/ Verde - MA101V/ Laranja - MA101L;MAT.:PP, FERRO E POLIÉSTER/DIM.:63X57X53 CM/SIST. DE TRAV.:LIBERAÇÃO EM DUAS AÇÕES CONSECUTIVAS/SIST. MONT. E FERR.:MANUAL (SEM FERRAMENTA)/ACESS.:BRINQUEDO/CARACT. DO MOD.:ANDADOR COM BRINQUEDO;6901031000158;Incluido;27/08/2026
126561/1965;Ativo;;09/12/2019;;;TAPUZIM COMERCIAL LTDA;00513418000100;1138569063;Av. Monte Celeste;230;250;02561000;Vila S. Maria;São Paulo;SP;ehs0770@hotmail.com;SHEN ZHEN WEI MEI CHILDCARE PRODUCT LIMITED COMPANY;Andadores Infantis;Portaria Inmetro nº 42 de 19/01/2018;;OCAN-AND.165/19-3;;;S;China, República Popular;baby style;CENTRO DE ATIVIDADES;VERSÕES: Andador play - Ref.5821 Andador meninos - Ref. 515211 Andador meninas - Ref. 51522. Material: Plástico, metal e tecido. Dimensões: 74 x 75 x 18 cm Sistema de Travamento: Stoper Sistema de Mon;4079515211993|4079515222999|4532582122994;Incluido;09/12/2019
705799/1970;Ativo;;07/08/2024;;;AMAZONAS IMPORTADOS LTDA;07269201000138;9691131654;Rua Independência;175;;68900090;Central;Macapa;AP;adriana.abreu@amazonasimportados.com.br;YIWU BALBIAN ELECTRONIC TECHNOLOGICAL CO., LTD;Andadores Infantis;Portaria Inmetro nº 129 de 19/03/2021;;IN2086424-2;;;S;China, República Popular;LÉ PETIT;MODE:BABY WALKER/REF:LP-9618/ CONT: ANDADOR COM BRINQUEDO ACOPLADO/VERSÕES:AZUL,VERDE,ROSA,VERMELHO.;MAT:PP E POLIÉSTER/DIM:65X54X49CM/SIST DE TRAV:LIBERAÇÃO EM DUAS AÇÕES CONSECUTIVAS/SIST DE MONT E FERR:MANUAL (SEM FERRAMENTA)ACE:N/A.CARACTERISTICAS DO MODELO:;7453068240131;Incluido;07/08/2024
352607/1928;Ativo;;29/04/2024;;;TAPUZIM COMERCIAL LTDA;00513418000100;1138569063;Av. Monte Celeste;230;250;02561000;Vila S. Maria;São Paulo;SP;sergio@babystylebrasil.com.br;SHEN ZHEN WEI MEI CHILDCARE PRODUCT LIMITED COMPANY;Andadores Infantis;Portaria Inmetro nº 129 de 19/03/2021;;IN2118124-1;;;S;China, República Popular;Baby Style;ANDADOR SMART - SMART AZUL E SMART ROSA;PP,62 X 53 X 78CM,LIBERAÇÃO EM DUAS AÇÕES CONSECUTIVAS,MANUAL (SEM FERRAMENTA),ACESSÓRIOS:N/A/CARAC MODELO:ANDADOR C BRINQUEDO NA BANDEJA;4079337307416|4079337313325;Incluido;29/04/2024
319604/1949;Ativo;;01/07/2026;;;APS IMPORTACAO EXPORTACAO DISTRIBUICAO LTDA;44540981000135;11974642778;EST GERAL DE MEDEIROS;20;SALA 05;88390000;MEDEIROS;BARRA VELHA;SC;orquestra@yescert.com.br;Tengzhou Lebeir Baby Carriage Co., Ltd.;Andadores Infantis;Portaria Inmetro nº 129 de 19/03/2021;;IN3076626;Modelo 5;;S;China, República Popular;TOYS&TOYS;MOD:ANDADOR MUSICAL PARA BEBES/INFANTIL/CÓD DE REFERÊNCIA COMERCIAL: ANDADOR MUSICAL V:CINZA - 310552,MARROM - 310569,AZUL - 310576,ROSA 310583;Mat:PP/Dim:799x660x715mm/Sist de Travam: Dois dispositivos de travam independentes sendo operados simult/Sist de Mont e Ferr:Manual (sem ferram)/Acess:N/A/Caract do modelo:ANDADOR COM BRINQ.MUSICAL AC;7908888310552|7908888310569|7908888310576|7908888310583;Incluido;01/07/2026
447670/1954;Inativo;;19/04/2021;;;COMPANHIA DOREL BRASIL PRODUTOS INFANTIS;10659948000107;02135547024;Av. Nilo Peçanha;1516 /1582;Térreo;28030035;Pq dos Rodoviários;Campos dos Goytacaze;RJ;mariana.magalhaes@dorel.com.br;Jin Sun Gee Plastic Co.,Ltd;Andadores Infantis;Portaria Inmetro nº 42 de 19/01/2018;;OCAN-AND.145/21-5;;;S;Formosa (Taiwan);Safety 1st;HE001. Andador Spacewalker. Cores: Grey e Orange.;PP, Ferro, ABS. 58x65.5x71.5cm.Trav.Manual.Sist.Mont.Fren.Manual. Bandeja de Brinquedos.;7908238803932|7908283803949;Incluido;19/04/2021
157608/1989;Ativo;;05/08/2021;;;GALZERANO INDUSTRIA DE CARRINHOS E BERCOS LTDA;43594977000197;19999947357;Via Prefeito Jurandyr Paixão;700;;13481149;Jd. Campo Belo;Limeira;SP;luisfernando.camargo@galzerano.com.br;GALZERANO INDUSTRIA DE CARRINHOS E BERCOS LTDA;Andadores Infantis;Portaria Inmetro nº 129 de 19/03/2021;;CE-AND/IQB 000006 54618/21-001;;;N;Brasil;GALZERANO;Ref.: 4050-Andador Torino. Versões: 4050RO (Rosa), 4050TER (Terracota), 4050EST (Estrela), 4050SPR (Spring) - Material: Tecido poliéster, TNT, Espuma, PP, PA6, Master, Tinta, Tubo de aço, Itens de fixação e aviamentos. Dimensões: CxLxA (cm) 71x62,5x51,5. Sistema de travamento: Trilho plástico com botão de destrave e regulagem de altura;Sistema de montagem/ferragem: Manual. Acessórios que venham com o produto: Bandeja de brinquedos não removível, Características do modelo: Tecidos, Peças plásticas, Tinta, Ferragens;7908200102247|7908200102254|7908200102520|7908200102537;Excluido;17/01/2024
361121/2018;Ativo;;07/02/2022;;;TUTTI BABY INDUSTRIA E COMERCIO DE ARTIGOS INFANTIS LTDA;06981862000129;4733794000;Rod. Guilherme Jensen, SC413, km13;0;;89108000;Distrito Industrial;Massaranduba;SC;certificacao@tuttibaby.com.br;TUTTI BABY INDUSTRIA E COMERCIO DE ARTIGOS INFANTIS LTDA;Andadores Infantis;Portaria Inmetro nº 129 de 19/03/2021;;IN2869325;Modelo 5;;N;Brasil;Tutti Baby;Andador: VERSÕES: Safari II (Azul/Rosa/Vermelho), Princesa Rosa Coroa, Acqua Explorador (Cinza/Roxo);ESTRUTURA METÁLICA , AÇO TUBULAR / 48 x 60,5 x 70CM / SISTEMA DE TRAVAMENTO COM DUAS AÇÕES CONSECUTIVAS PARA LIBERAÇÃO /SISTEMA DE MONTAGEM/FERRAGEM: PARAFUSOS E REBITES ACESSÓRIOS: BRINQUEDOS E ADESI;7898431501615|7898431501622|7898431501639|7898431501684|7898431501691|7898431501707;Excluido;15/03/2024
258682/1934;Ativo;;03/04/2023;;;PLANETA - IMPORTACAO E DISTRIBUICAO DE BRINQUEDOS LTDA;13434272000141;1138951572;AV VASCO MASSAFELI;1000;G1A M1-21;06703600;JARDIM MARIA TEREZA;COTIA;SP;admin@planetadobebe.com.br;HEBEI WANXIN CHILDREN TOYS CO.,LTD.;Andadores Infantis;Portaria Inmetro nº 129 de 19/03/2021;;IN1765923;Modelo 5;;S;China, República Popular;MAXI BABY;ANDADOR LA BAMBA - NW-01 - AZUL #21537/ROSA #21538/VERMELHO #75268;MAT: PP E PAR. ABS, AÇO DE ALT. CARB.-RODA ELAST. TERM.,PVC/DIM:580X680X550(LXCXH)/SIS_TRAV:LIBE.EMDUAS AÇÕES CONS./SIS_MONT E FER:MAN.(S/FER.)/ACES:BAND C BRINQ./CARAC.DO MOD:ANDADOR C BRI.(BAD. MUS.;7898975752689|7899403215370|7899403215387;Excluido;18/03/2026
707141/2008;Inativo;;02/04/2020;;;Galzerano Indústria de Carrinhos e Berços Ltda;43594977000197;1934043030;Via Prefeito Jurandyr Paixão;700;;13481149;Jd. Campo Belo;Limeira;SP;luisfernando.camargo@galzerano.com.br;FOSHAN SHUNDE QIJUN TOYS CO., LTD;Andadores Infantis;Portaria Inmetro nº 42 de 19/01/2018;;CE-AND/IQB 000006 53487/19-001;;;S;China, República Popular;GALZERANO;Ref.: 4090 - Liam. Versões: 4090CZ (Cinza), 4090PT (Preto);Mat: Tec poli Espum Resin plást Tinta Ferragens. Dim: 70x65x54(cm). Sist Trav: Trilho plást c/ botão destrav e reg de altura. Sist mont/ferragem: Manual. Acess: Bandej brinq não removív e retrovisores;7908200101431|7908200101448;Incluido;02/04/2020
048605/2021;Ativo;;15/12/2023;;;MADHULA COMERCIO DE ARTIGOS ELETROELETRONICOS LTDA;03838532000190;62811924131;Rua Marcilio Dias;166;;69005270;Centro;Manaus;AM;dgjohnny@gmail.com;PINGHU SHI XIAOTIANDI CHILDREN''S PRODUCTS FACTORY;Andadores Infantis;Portaria Inmetro nº 129 de 19/03/2021;;IN1983523;;;S;China, República Popular;BENMEK;ANDADOR MADHULA/REF.: MA100/VERSÕES:Verde e Azul - MA100VA,Rosa e Roxo - MA100RR,Branco e Azul Escuro - MA100BAE,Amarelo e Vermelho - MA100AV;MAT:PP, FERRO E POLIÉSTER/DIMEN.:63 X 57 X 53 CM/SIST. TRAVAMENTO:Liberação em duas ações consecutivas/SIST. MONTAGEM E FERRAGEM:MANUAL(SEM FERRAMENTA)/ACESS.:n/a/CARACTERÍSTICAS: ANDADOR COM BRINQUED;6901031000158;Incluido;15/12/2023
451612/2015;Ativo;;07/02/2022;;;TUTTI BABY INDUSTRIA E COMERCIO DE ARTIGOS INFANTIS LTDA;06981862000129;4733794000;Rod. Guilherme Jensen, SC413, km13;0;;89108000;Distrito Industrial;Massaranduba;SC;certificacao@tuttibaby.com.br;TUTTI BABY INDUSTRIA E COMERCIO DE ARTIGOS INFANTIS LTDA;Andadores Infantis;Portaria Inmetro nº 129 de 19/03/2021;;IN2869325;Modelo 5;;N;Brasil;Tutti Baby;Andador Safari Plus II (Azul / Rosa / Vermelho);ESTRUT. MET.AÇO.TUBULAR/48x60,5x70CM/SIST.DE TRAV. COM.DUAS.AÇÕES.CONSECUT.PARA.LIBER./PARAFUSOS.E. REBITES/BRINQUEDOS.E.ADESIVOS;7898431501615|7898431501622|7898431501639;Excluido;08/04/2022
745627/1941;Ativo;;09/09/2026;;;TUTTI BABY INDUSTRIA E COMERCIO DE ARTIGOS INFANTIS LTDA;06981862000129;4733794000;Rua Vicente Zanotti;177;Galpão 01;89381270;Industrial Zaferino ;Massaranduba;SC;heloiza.souza@tuttibaby.com.br;TUTTI BABY INDUSTRIA E COMERCIO DE ARTIGOS INFANTIS LTDA;Andadores Infantis;Portaria Inmetro nº 129 de 19/03/2021;;CE-AND/IQB 000013 57036/26-001;Modelo 5;;N;Brasil;TUTTI BABY;ANDADOR SAFARI - REF. 40002003,40002004,40002007,40003004,40004002,40004003;ESTRU.MET.:ACO TUBULAR,BRINQ:PLAST. DE ENG.,REVEST. TEXTIL:ALGODAO/51X61X70 CM/DOIS DISP. DE TRAV. INDEPENDENTES SENDO OPERADOS SIMULT./PARAFUSOS E MONT. DE PÇS PLAST./BRINQ. CERTIF.E ADESIVO-57036/26;7898431501615|7898431501622|7898431501639|7898431501684|7898431501691|7898431501707;Incluido;09/09/2026
803063/2008;Ativo;;05/08/2021;;;GALZERANO INDUSTRIA DE CARRINHOS E BERCOS LTDA;43594977000197;19999947357;Via Prefeito Jurandyr Paixão;700;;13481149;Jd. Campo Belo;Limeira;SP;luisfernando.camargo@galzerano.com.br;GALZERANO INDUSTRIA DE CARRINHOS E BERCOS LTDA;Andadores Infantis;Portaria Inmetro nº 129 de 19/03/2021;;CE-AND/IQB 000006 54618/21-001;;;N;Brasil;GALZERANO;Ref.: 4050-Andador Torino. Versões: 4050RO (Rosa), 4050TER (Terracota);Mat Tec poliest TNT Espum PP PA6 Master Tint Tub aço Item fix/aviam CxLxA(cm) 71x62,5x51,5 Trav Trilh plást c/ botão destrav e reg alt Acess Band brinq não remov retrov Carac Tec Pçs plást Tint Ferrag;7908200102247|7908200102254;Excluido;11/05/2022
870030/1943;Inativo;;19/06/2023;;;VANMAX COMERCIO LTDA;84114198000124;9231337050;RUA CEL SERGIO PESSOA;91;;69005030;CENTRO;MANAUS;AM;GERENTEDEVENDAS@VANMAX.COM.BR;PINGHU SHI XIAOTIANDI CHILDREN´S PRODUCTS FACTORY;Andadores Infantis;Portaria Inmetro nº 129 de 19/03/2021;;IN1811123;;;S;China, República Popular;BRINKMAX;997A/ NOME COMERCIAL: ANDAJÁ/VERSÕES: AZUL - 582597/ROSA - 582596/VERMELHO - 582598/VERMELHO/BRANCO - 582599 - MAT.: FERRO,POLIPROPILENO E POLIÉSTER/DIM.:67X57X54CM;SIST.DE TRAVA.:LIBERAÇÃO EM DUAS AÇÕES CONSECUTIVAS/SIST.DE MONT.E FERR.MAN.(SEM FERRAMENTA)/ACESSÓRIOS: BRINQUEDO/CARACTERISTICAS DO MODELO: ANDADOR INFANTIL COM BRINQUEDO ACOPLADO;7890785825966|7890785825973|7890785825980|7890785825997;Incluido;19/06/2023
039631/1968;Ativo;;29/04/2025;;;MD COMERCIO DE FERRAGENS LTDA;55274701000100;92981285408;AVENIDA JOAQUIM NABUCO;1094;A;69020030;Centro;Manaus;AM;mdcomerciodeferragensltda@gmail.com;PINGHU XIAOTIANDI CHILDREN''S PRODUCTS FACTORY;Andadores Infantis;Portaria Inmetro nº 129 de 19/03/2021;;IN2610925;Modelo 5;;S;China, República Popular;ULTRA BABY;REF: UBW-601 - ANDADOR INFANTIL MUSICAL PARA BEBÊ - NAVY BLUE / RED, GREEN / BLUE, ROYAL BLUE / TEAL, LIGHT PINK / LAVANDER, DARK PURPLE / PINK;MAT:PP,FERRO E POLIÉSTER/DIM:70X62,5X55CM/SIS_TRAV:LIBERAÇÃO EM 2 AÇÕES CONSECUTIVAS/SIS_MONT.E_FERRAGEM:MANUAL(SEM FERRAMENTA)/ACESSÓRIOS: N/A/CARACTERISTICAS_MODELO:ANDADOR COM BRINQUEDO ACOPLADO;7890012361120|7890012361137|7890012361144|7890012361151|7890012361168;Incluido;29/04/2025
306165/2021;Inativo;;30/09/2019;;;Tutti Baby Indústria e Comércio de Artigos Infantis Ltda;06981862000129;4733794000;Rod. Guilherme Jensen;s/n;Galpão 01;89108000;Distrito Industrial;Massaranduba;SC;qualidade@tuttibaby.com.br;;Andadores Infantis;Portaria Inmetro nº 42 de 19/01/2018;;CE-AND/IQB 000005 53137/19-001;;;N; ;Tutti Baby;Andador 02003;Material: Estrut. metálica de aço tub, plást. de engenharia, algodão. Dim: 52cmx60cmx70,5cm, sist.de trav: com duas ações consecutivas para liber, sist. de mont.ferrag: rebites e parafusos, aces: brin;17898431495966|17898431495980|17898431496000|17898431496024|17898431500660|17898431500677|17898431500684|7898431495952|7898431495969|7898431495976|7898431495983|7898431495990|7898431496006|7898431496010|7898431496027|7898431500601|7898431500618|7898431500625|7898431500632|7898431500649|7898431500656;Incluido;30/09/2019
738512/1991;Ativo;;29/01/2025;;;MD COMERCIO DE FERRAGENS LTDA;55274701000100;92981285408;AVENIDA JOAQUIM NABUCO, ;1094;A;69020030;CENTRO;MANAUS;AM;monadowlani@gmail.com;Hebei Zhongtai Bicycle manufacturing Co,. Ltd;Andadores Infantis;Portaria Inmetro nº 129 de 19/03/2021;;IN2520425;;;S;China, República Popular;ULTRA BABY;ANDADOR INFANTIL MUSICAL PARA BEBÊ/REF.:UBW-1026/PINK/GREEN/BLUE;MAT:PU,PP,AÇO,POLIÉSTER,ABS/DIM:70X60X55CM/SIST.DE TRAV.:LIB.EM DUAS AÇÕ.CONS./SIS.DE MONT.E FER.:MAN.(S/FERR.)/ACESS.:BANDE.COM BRINQ./CARAC.DO MODE.:ANDAD.C/BRINQ;7890012365050|7890012366064|7890012367078;Incluido;29/01/2025
951307/1981;Ativo;;09/12/2019;;;TAPUZIM COMERCIAL LTDA;00513418000100;1138569063;Av. Monte Celeste;230;250;02561000;Vila S. Maria;São Paulo;SP;ehs0770@hotmail.com;SHEN ZHEN WEI MEI CHILDCARE PRODUCT LIMITED COMPANY;Andadores Infantis;Portaria Inmetro nº 129 de 19/03/2021;;IN2062423;Modelo 5;;S;China, República Popular;Baby Style;ANDADOR PIANINHO ROSA - 33725 / ANDADOR PIANINHO AZUL - 33726;ANDADOR PIANINHO RS E AZ, MATERIAL:PLÁSTICO/62 X 53 X 78 CM/LIBERAÇÃO EM DUAS AÇÕES CONSECUTIVAS/MANUAL (SEM FERRAMENTAS)/BRINQUEDO;4079337251993|4079337261992;Incluido;29/01/2024
008652/1946;Ativo;;27/03/2026;;;HEMNANI COMERCIO DE VARIEDADES LTDA.;05469291000185;9232330121;Rua Marcílio Dias;304;;69005270;Centro;Manaus;AM;hemnanibr@yahoo.com;PINGHU XIAOTIANDI CHILDREN?S PRODUCTS FACTORY;Andadores Infantis;Portaria Inmetro nº 129 de 19/03/2021;;IN2911926;Modelo 5;;S;China, República Popular;SITA;ANDADOR AKH602 - AKH602 - AVIÃO - AVIAO;MAT:PP,FERRO E POLIE./DIM:70 X62.5 X 51 CM/SISTEMA DE TRAVAMENTO:LIBERAÇÃO EM DUAS AÇÕES CONSECUTIVAS/SISTEMA DE MONTAGEM E FERRAGEM:MAN.(S/FERRAM.)/ACESS:BAND.MUSI./CARAC.DO MOD.:AND.COM BAND.MUSI.;0618231660148;Incluido;27/03/2026
333635/1994;Ativo;;07/02/2022;;;TUTTI BABY INDUSTRIA E COMERCIO DE ARTIGOS INFANTIS LTDA;06981862000129;4733794000;Rod. Guilherme Jensen, SC413, km13;0;;89108000;Distrito Industrial;Massaranduba;SC;certificacao@tuttibaby.com.br;TUTTI BABY INDUSTRIA E COMERCIO DE ARTIGOS INFANTIS LTDA;Andadores Infantis;Portaria Inmetro nº 129 de 19/03/2021;;IN2869325;Modelo 5;;N;Brasil;Tutti Baby;Andador: VERSÕES: Safari II (Azul/Rosa/Vermelho), Princesa Rosa Coroa, Acqua Explorador (Cinza/Roxo);ESTRUTURA METÁLICA , AÇO TUBULAR / 48 x 60,5 x 70CM / SISTEMA DE TRAVAMENTO COM DUAS AÇÕES CONSECUTIVAS PARA LIBERAÇÃO /SISTEMA DE MONTAGEM/FERRAGEM: PARAFUSOS E REBITES ACESSÓRIOS: BRINQUEDOS E ADESI;7898431501615|7898431501622|7898431501639|7898431501684|7898431501691|7898431501707;Excluido;15/03/2024
366035/1956;Ativo;;27/08/2026;;;MADHULA COMERCIO DE ARTIGOS ELETROELETRONICOS LTDA;03838532000190;92994433107;Rua Marcilio Dias;166;;69005270;Centro;Manaus;AM;mayapunjwani@gmail.com;PINGHU XIAOTIANDI CHILDREN?S PRODUCTS FACTORY;Andadores Infantis;Portaria Inmetro nº 129 de 19/03/2021;;IN3141126-2;Modelo 5;;S;China, República Popular;BENMEK;ANDADOR MADHULA/ MA101/ Rosa - MA101R/ Azul - MA101A/ Verde - MA101V/ Laranja - MA101L;MAT.:PP, FERRO E POLIÉSTER/DIM.:63X57X53 CM/SIST. DE TRAV.:LIBERAÇÃO EM DUAS AÇÕES CONSECUTIVAS/SIST. MONT. E FERR.:MANUAL (SEM FERRAMENTA)/ACESS.:BRINQUEDO/CARACT. DO MOD.:ANDADOR COM BRINQUEDO;6901031000158;Incluido;27/08/2026
627639/2020;Ativo;;15/12/2023;;;MADHULA COMERCIO DE ARTIGOS ELETROELETRONICOS LTDA;03838532000190;62811924131;Rua Marcilio Dias;166;;69005270;Centro;Manaus;AM;dgjohnny@gmail.com;PINGHU SHI XIAOTIANDI CHILDREN''S PRODUCTS FACTORY;Andadores Infantis;Portaria Inmetro nº 129 de 19/03/2021;;IN1983523;;;S;China, República Popular;BENMEK;ANDADOR MADHULA/REF.: MA100/VERSÕES:Verde e Azul - MA100VA,Rosa e Roxo - MA100RR,Branco e Azul Escuro - MA100BAE,Amarelo e Vermelho - MA100AV;MAT:PP, FERRO E POLIÉSTER/DIMEN.:63 X 57 X 53 CM/SIST. TRAVAMENTO:Liberação em duas ações consecutivas/SIST. MONTAGEM E FERRAGEM:MANUAL(SEM FERRAMENTA)/ACESS.:n/a/CARACTERÍSTICAS: ANDADOR COM BRINQUED;6901031000158;Incluido;15/12/2023
041365/1967;Ativo;;09/09/2026;;;TUTTI BABY INDUSTRIA E COMERCIO DE ARTIGOS INFANTIS LTDA;06981862000129;4733794000;Rua Vicente Zanotti;177;Galpão 01;89381270;Industrial Zaferino ;Massaranduba;SC;heloiza.souza@tuttibaby.com.br;TUTTI BABY INDUSTRIA E COMERCIO DE ARTIGOS INFANTIS LTDA;Andadores Infantis;Portaria Inmetro nº 129 de 19/03/2021;;CE-AND/IQB 000013 57036/26-001;Modelo 5;;N;Brasil;TUTTI BABY;ANDADOR SAFARI - REF. 40002003,40002004,40002007,40003004,40004002,40004003;ESTRU.MET.:ACO TUBULAR,BRINQ:PLAST. DE ENG.,REVEST. TEXTIL:ALGODAO/51X61X70 CM/DOIS DISP. DE TRAV. INDEPENDENTES SENDO OPERADOS SIMULT./PARAFUSOS E MONT. DE PÇS PLAST./BRINQ. CERTIF.E ADESIVO-57036/26;7898431501615|7898431501622|7898431501639|7898431501684|7898431501691|7898431501707;Incluido;09/09/2026
921654/1946;Ativo;;05/08/2021;;;GALZERANO INDUSTRIA DE CARRINHOS E BERCOS LTDA;43594977000197;19999947357;Via Prefeito Jurandyr Paixão;700;;13481149;Jd. Campo Belo;Limeira;SP;luisfernando.camargo@galzerano.com.br;GALZERANO INDUSTRIA DE CARRINHOS E BERCOS LTDA;Andadores Infantis;Portaria Inmetro nº 129 de 19/03/2021;;CE-AND/IQB 000006 54618/21-001;;;N;Brasil;GALZERANO;Ref.: 4050-Andador Torino. Versões: 4050PTR (Preto Rosa), 4050PTT (Preto Terracota);Mat Tec poliest Espum PP PA6 Master Tint Tub aço Itens fix/aviam CxLxA(cm) 71x62,5x51,5 Trav Trilh plást c/ botão destrav e reg alt Acess Band brinq não remove retrov Caract Tec Pçs plást Tint Ferrage;7908200102193|7908200102209;Excluido;01/09/2021
215658/1973;Inativo;;11/01/2023;;;COMPANHIA DOREL BRASIL PRODUTOS INFANTIS;10659948000883;2135547024;Av. Nilo Peçanha;1516 ;Galpão 3 ;28030035;Pq dos Rodoviários;Campos dos Goytacaze;RJ;standard@dorel.com.br;Jin Sun Gee Plastics Co., Ltd;Andadores Infantis;Portaria Inmetro nº 129 de 19/03/2021;;IN1701622-4;;;S;Formosa (Taiwan);Voyage;BG1401. Nome comercial: Buggy. Versões: Azul, Rosa.;PP,PVC,Ferro,POM,PU,Pol, 42x58.5x65cm. Trav:Lib.2 ações cons,Mont:Manual, Aces. Brinq.;7898509475206|7898509475213;Incluido;11/01/2023
509662/1999;Ativo;;29/04/2024;;;TAPUZIM COMERCIAL LTDA;00513418000100;1138569063;Av. Monte Celeste;230;250;02561000;Vila S. Maria;São Paulo;SP;sergio@babystylebrasil.com.br;SHEN ZHEN WEI MEI CHILDCARE PRODUCT LIMITED COMPANY;Andadores Infantis;Portaria Inmetro nº 129 de 19/03/2021;;IN2118124-1;;;S;China, República Popular;Baby Style;ANDADOR SMART - SMART AZUL E SMART ROSA;PP,62 X 53 X 78CM,LIBERAÇÃO EM DUAS AÇÕES CONSECUTIVAS,MANUAL (SEM FERRAMENTA),ACESSÓRIOS:N/A/CARAC MODELO:ANDADOR C BRINQUEDO NA BANDEJA;4079337307416|4079337313325;Incluido;29/04/2024
215225/1961;Inativo;;14/08/2019;;;Companhia Dorel Brasil Produtos Infantis;10659948000107;2135633602;Av. Nilo Peçanha;1516 /1582;Térreo;28030035;Pq dos Rodoviários;Campos dos Goytacaze;RJ;mariana.magalhaes@dorel.com.br;JIN SUN GEE PLASTIC CO.,LTD;Andadores Infantis;Portaria Inmetro nº 42 de 19/01/2018;;OCAN-AND.145/19-1;;;S;Formosa (Taiwan);Voyage;BG-1518;Nome Fantasia: Baby Step. Cores: Rosa e Azul. Material: Ferro, Plástico e Polipropileno. 60x49x68cm. Sistema Travamento e Montagem:Manual. Acessórios: Bandeja.;7908238801280|7908238801297;Incluido;14/08/2019
444508/1965;Inativo;;14/08/2019;;;Companhia Dorel Brasil Produtos Infantis;10659948000107;2135633602;Av. Nilo Peçanha;1516 /1582;Térreo;28030035;Pq dos Rodoviários;Campos dos Goytacaze;RJ;mariana.magalhaes@dorel.com.br;JIN SUN GEE PLASTIC CO.,LTD;Andadores Infantis;Portaria Inmetro nº 42 de 19/01/2018;;OCAN-AND.145/19-1;;;S;Formosa (Taiwan);Voyage;BG-1518;Nome Fantasia: Baby Step. Cores: Rosa e Azul. Material: Ferro, Plástico e Polipropileno. 60x49x68cm. Sistema Travamento e Montagem:Manual. Acessórios: Bandeja.;7908238801280|7908238801297;Incluido;14/08/2019
867181/2013;Ativo;;29/04/2024;;;TAPUZIM COMERCIAL LTDA;00513418000100;113856906;Av. Monte Celeste;230;250;02561000;Vila S. Maria;São Paulo;SP;sergio@babystylebrasil.com.br;SHEN ZHEN WEI MEI CHILDCARE PRODUCT LIMITED COMPANY;Andadores Infantis;Portaria Inmetro nº 129 de 19/03/2021;;IN2118124-2;;;S;China, República Popular;Baby Style;ANDADOR FOGUETE - FOGUETE CINZA E FOGUETE ROSA;MATERIAL:PP/DIM:62X53X78CM/SISTEMA DE TRAVAME:LIBERA EM 2 AÇÕES CONSECUTIVAS/MANUAL/ACESSÓRIOS:N/A/CARACT DO MODELO:ANDADOR C BRINQUEDO NA BANDEJA;4079337285219|4079337296543;Incluido;29/04/2024
301484/1939;Ativo;;29/04/2024;;;TAPUZIM COMERCIAL LTDA;00513418000100;113856906;Av. Monte Celeste;230;250;02561000;Vila S. Maria;São Paulo;SP;sergio@babystylebrasil.com.br;SHEN ZHEN WEI MEI CHILDCARE PRODUCT LIMITED COMPANY;Andadores Infantis;Portaria Inmetro nº 129 de 19/03/2021;;IN2118124-2;;;S;China, República Popular;Baby Style;ANDADOR FOGUETE - FOGUETE CINZA E FOGUETE ROSA;MATERIAL:PP/DIM:62X53X78CM/SISTEMA DE TRAVAME:LIBERA EM 2 AÇÕES CONSECUTIVAS/MANUAL/ACESSÓRIOS:N/A/CARACT DO MODELO:ANDADOR C BRINQUEDO NA BANDEJA;4079337285219|4079337296543;Incluido;29/04/2024
803666/2025;Inativo;;14/08/2019;;;Companhia Dorel Brasil Produtos Infantis;10659948000107;2135633602;Av. Nilo Peçanha;1516 /1582;Térreo;28030035;Pq dos Rodoviários;Campos dos Goytacaze;RJ;mariana.magalhaes@dorel.com.br;JIN SUN GEE PLASTIC CO.,LTD;Andadores Infantis;Portaria Inmetro nº 42 de 19/01/2018;;OCAN-AND.145/19-2;;;S;Formosa (Taiwan);Cosco;BG-2023;Nome Fantasia: Goal Walker 4 em 1. Cores: Rosa e Azul. Material: Ferro, Plástico, PP e PU. 74 x 44x 66.5 cm. Sistema de Travamento e Montagem: Manual. Acessórios: Bandeja de Brinquedos.;7898509478375|7898509478665;Incluido;14/08/2019
299562/1985;Ativo;;14/08/2019;;;BAMBOO COMERCIO, IMPORTAÇÃO E EXPORTAÇÃO EIRELI-EPP;27115224000103;8132419265;Rua. Alegre;154;Galpão A;52120125;Arruda;Recife;PE;bamboo@yescert.com.br;ZHEJIANG KINTEX INTERNATIONAL TRADING CO., LTD;Andadores Infantis;Portaria Inmetro nº 129 de 19/03/2021;;IN1632922;;;S;China, República Popular;BAMBOO;MODELO:MD-18NOME COMERCIAL:ANDAJAR GUGUVERSÕES: Azul (Ref.: MD18.1)Rosa (Ref.: MD18.2)Verde (Ref.: MD18.3)Vermelho (Ref.: MD18.4);Mat: PLAST / MET/FIB TEXTIL,DIM:ABRT:62X56X52CM,FECH:62X56X16,SIST TRAV:LIBER EM 2 ACOES CONSEC,SIST MONT FERRAG: MANUAL(S/FERRAMENTA),ACESS:BANDEJ C/BRINQ E HAST C/PUXADOR;7909312341029;Incluido;22/07/2022
097681/1952;Ativo;;07/03/2024;;;MADHULA COMERCIO DE ARTIGOS ELETROELETRONICOS LTDA;03838532000190;63881924131;Rua Marcilio Dias;166;;69005270;Centro;Manaus;AM;ltdamcg@gmail.com;PINGHU SHI XIAOTIANDI CHILDREN''S PRODUCTS FACTORY;Andadores Infantis;Portaria Inmetro nº 129 de 19/03/2021;;IN2088024;;;S;China, República Popular;BENMEK;ANDADOR MADHULA - MA101 - ROSA-MA101R/AZUL-MA101A/VERDE-MA101V/LARANJA-MA101L;MAT.:PP,FERRO E POLIÉSTER/DIM.:63X57X53CM/SIST.TRAVA.:LIBERAÇÃO EM DUAS AÇÕES CONSECUTIVAS/SIST.MONT.FERRA.:MANUAL(SEM FERRAMENTA)/ACESSÓRIOS:N/A/CARACTERISTICAS DO MODELO: ANDADOR COM BRINQUEDO;6901031000158;Incluido;07/03/2024
056357/1989;Ativo;;05/08/2021;;;GALZERANO INDUSTRIA DE CARRINHOS E BERCOS LTDA;43594977000197;19999947357;Via Prefeito Jurandyr Paixão;700;;13481149;Jd. Campo Belo;Limeira;SP;luisfernando.camargo@galzerano.com.br;GALZERANO INDUSTRIA DE CARRINHOS E BERCOS LTDA;Andadores Infantis;Portaria Inmetro nº 129 de 19/03/2021;;CE-AND/IQB 000006 54618/21-001;;;N;Brasil;GALZERANO;Ref.: 4050-Andador Torino. Versões: 4050RO (Rosa), 4050TER (Terracota);Mat Tec poliest TNT Espum PP PA6 Master Tint Tub aço Item fix/aviam CxLxA(cm) 71x62,5x51,5 Trav Trilh plást c/ botão destrav e reg alt Acess Band brinq não remov retrov Carac Tec Pçs plást Tint Ferrag;7908200102247|7908200102254;Excluido;11/05/2022
465466/2005;Inativo;;09/02/2022;;;COMPANHIA DOREL BRASIL PRODUTOS INFANTIS;10659948000107;02135547024;Av. Nilo Peçanha;1516 /1582;Térreo;28030035;Pq dos Rodoviários;Campos dos Goytacaze;RJ;mariana.magalhaes@dorel.com.br;Dong Guan Hua Song Plastic Products Co.Ltd;Andadores Infantis;Portaria Inmetro nº 42 de 19/01/2018;;IN1512522;;;S;China, República Popular;Safety 1st;11389.  Melody Garden;Pol.,PP,Aço. 65x55x66cm. Aut.c/lib.em 2 ações consec.,Manual. Acessórios: Brinquedo(centro de atividades);9312541727119;Incluido;09/02/2022
391685/1978;Ativo;;07/02/2022;;;TUTTI BABY INDUSTRIA E COMERCIO DE ARTIGOS INFANTIS LTDA;06981862000129;4733794000;Rod. Guilherme Jensen, SC413, km13;0;;89108000;Distrito Industrial;Massaranduba;SC;certificacao@tuttibaby.com.br;TUTTI BABY INDUSTRIA E COMERCIO DE ARTIGOS INFANTIS LTDA;Andadores Infantis;Portaria Inmetro nº 129 de 19/03/2021;;IN2869325;Modelo 5;;N;Brasil;Tutti Baby;Andador: VERSÕES: Safari II (Azul/Rosa/Vermelho), Princesa Rosa Coroa, Acqua Explorador (Cinza/Roxo);ESTRUTURA METÁLICA , AÇO TUBULAR / 48 x 60,5 x 70CM / SISTEMA DE TRAVAMENTO COM DUAS AÇÕES CONSECUTIVAS PARA LIBERAÇÃO /SISTEMA DE MONTAGEM/FERRAGEM: PARAFUSOS E REBITES ACESSÓRIOS: BRINQUEDOS E ADESI;7898431501615|7898431501622|7898431501639|7898431501684|7898431501691|7898431501707;Excluido;15/03/2024
932761/2009;Inativo;;14/01/2021;;;GALZERANO INDUSTRIA DE CARRINHOS E BERCOS LTDA;43594977000197;1934043030;Via Prefeito Jurandyr Paixão;700;;13481149;Jd. Campo Belo;Limeira;SP;luisfernando.camargo@galzerano.com.br;WEIMEI MEI CHILDCARE PRODUCT (HUIZHOU) LTD., CO;Andadores Infantis;Portaria Inmetro nº 42 de 19/01/2018;;CE-AND/IQB 000006 54025/20-001;;;S;China, República Popular;GALZERANO;Ref.: 4030-Andador 4 em 1 Funny. Versões: 4030CR (Color), 4030VDA (Verde Água);Mat Tec polié Espuma Resina plást Itens fixação Dimens 75x71x55(cm) Sist travament dobradiça plást c/ botão acionament Sist montagem/ferragem encaixe manual Acessórios manuais brinquedos removíveis;7898089221477|7898089221996;Incluido;14/01/2021
685689/2004;Inativo;;02/04/2020;;;Galzerano Indústria de Carrinhos e Berços Ltda;43594977000197;1934043030;Via Prefeito Jurandyr Paixão;700;;13481149;Jd. Campo Belo;Limeira;SP;luisfernando.camargo@galzerano.com.br;FOSHAN SHUNDE QIJUN TOYS CO., LTD;Andadores Infantis;Portaria Inmetro nº 42 de 19/01/2018;;CE-AND/IQB 000006 53487/19-001;;;S;China, República Popular;GALZERANO;Ref.: 4090 - Liam. Versões: 4090CZ (Cinza), 4090PT (Preto);Mat: Tec poli Espum Resin plást Tinta Ferragens. Dim: 70x65x54(cm). Sist Trav: Trilho plást c/ botão destrav e reg de altura. Sist mont/ferragem: Manual. Acess: Bandej brinq não removív e retrovisores;7908200101431|7908200101448;Incluido;02/04/2020
979704/1930;Ativo;;07/03/2024;;;COMPANHIA DOREL BRASIL PRODUTOS INFANTIS;10659948000107;2135547024;Av. Nilo Peçanha;1516;1582;28030035;Pq dos Rodoviários;Campos dos Goytacaze;RJ;standard@dorel.com.br;COMPANHIA DOREL BRASIL PRODUTOS INFANTIS;Andadores Infantis;Portaria Inmetro nº 129 de 19/03/2021;;IN2040823;Modelo 5;;N;Brasil;INFANTI/ COSCO;APPIA/ ZIGGY - HE022 - N/A - AZUL / ROSA / AZUL / ROSA;MAT:PP,PES,PTA,EG,POLIPROPILENO E POLIETILENO/DIM:56,5 X 68 X 60,5 CM/SIST D TRAVAMENTO:LIB EM DUAS AÇÕES CONSEC/SIST DE MNTGM E FERRG:MAN (SEM FER)/ACESS:BAND D BRINQ./CARACT D MODELO:ANDADOR C BRINQ;7908238809774|7908238809781|7908238815812|7908238815829;Incluido;10/04/2026
405072/1955;Inativo;;14/08/2019;;;Companhia Dorel Brasil Produtos Infantis;10659948000107;2135633602;Av. Nilo Peçanha;1516 /1582;Térreo;28030035;Pq dos Rodoviários;Campos dos Goytacaze;RJ;mariana.magalhaes@dorel.com.br;JIN SUN GEE PLASTIC CO.,LTD;Andadores Infantis;Portaria Inmetro nº 42 de 19/01/2018;;OCAN-AND.145/19-2;;;S;Formosa (Taiwan);Cosco;BG-2023;Nome Fantasia: Goal Walker 4 em 1. Cores: Rosa e Azul. Material: Ferro, Plástico, PP e PU. 74 x 44x 66.5 cm. Sistema de Travamento e Montagem: Manual. Acessórios: Bandeja de Brinquedos.;7898509478375|7898509478665;Incluido;14/08/2019
273708/1957;Ativo;;07/08/2024;;;COMERCIO E IMPORTACAO DENISE LTDA;29963642000178;21997976531;RUA DO MILHO;72;A;21011090;PENHA CIRCULAR;RIO DE JANEIRO;RJ;comerciomybaby@hotmail.com;PING HU BEST CHILDREN?S CARRIER CO.LTD;Andadores Infantis;Portaria Inmetro nº 129 de 19/03/2021;;IN2189524;;;S;China, República Popular;MY BABY;PATO A1 - ROSA LISO, AZUL LISO, ROSA COLORIDO, AZUL COLORIDO - Acessórios: Brinquedos Caracteristicas do modelo: Andador infantil com brinquedo elétrico;Material: Ferro, PP e Poliéster Dimensões: 71 x 62 x 55 cm Sistema de Travamento: Liberação em duas ações consecutivas Sistema de Montagem e Ferragem: Manual (com auxílio de ferramenta);6294013738218|6294013738225|6294013738287|6294013738294;Incluido;07/08/2024
715319/1938;Ativo;;07/08/2024;;;COMERCIO E IMPORTACAO DENISE LTDA;29963642000178;21997976531;RUA DO MILHO;72;A;21011090;PENHA CIRCULAR;RIO DE JANEIRO;RJ;comerciomybaby@hotmail.com;PING HU BEST CHILDREN?S CARRIER CO.LTD;Andadores Infantis;Portaria Inmetro nº 129 de 19/03/2021;;IN2189524;;;S;China, República Popular;MY BABY;PATO A1 - ROSA LISO, AZUL LISO, ROSA COLORIDO, AZUL COLORIDO - Acessórios: Brinquedos Caracteristicas do modelo: Andador infantil com brinquedo elétrico;Material: Ferro, PP e Poliéster Dimensões: 71 x 62 x 55 cm Sistema de Travamento: Liberação em duas ações consecutivas Sistema de Montagem e Ferragem: Manual (com auxílio de ferramenta);6294013738218|6294013738225|6294013738287|6294013738294;Incluido;07/08/2024
320912/1986;Ativo;;07/02/2022;;;TUTTI BABY INDUSTRIA E COMERCIO DE ARTIGOS INFANTIS LTDA;06981862000129;4733794000;Rod. Guilherme Jensen, SC413, km13;0;;89108000;Distrito Industrial;Massaranduba;SC;certificacao@tuttibaby.com.br;TUTTI BABY INDUSTRIA E COMERCIO DE ARTIGOS INFANTIS LTDA;Andadores Infantis;Portaria Inmetro nº 129 de 19/03/2021;;IN2869325;Modelo 5;;N;Brasil;Tutti Baby;Andador Safari II Azul/Rosa/Vermelho/Andador Princesa Rosa Coroa/Andador Acqua Explorador Cinza/Roxo;ESTRUT. MET.AÇO.TUBULAR/48x60,5x70CM/SIST.DE TRAV. COM.DUAS.AÇÕES.CONSECUT.PARA.LIBER./PARAFUSOS.E. REBITES/BRINQUEDOS.E.ADESIVOS;7898431501615|7898431501622|7898431501639|7898431501684|7898431501691|7898431501707;Excluido;12/01/2024
573245/1989;Ativo;;30/08/2021;;;TA TE TI INDUSTRIA E COMERCIO DE BRINQUEDOS EDUCATIVOS LTDA;30261120000103;4732422225;RUA TIRADENTES;230;;89107000;CENTRO;POMERODE;SC;qualidade3@grupocalesita.com.br;TA TE TI INDUSTRIA E COMERCIO DE BRINQUEDOS EDUCATIVOS LTDA;Andadores Infantis;Portaria Inmetro nº 129 de 19/03/2021;;CE-AND/IQB 000010 55962/23-001;Modelo 5;;N;Brasil;Tateti;Ref.915 - Move Baby Rosa;PP, METAL, TECIDO POLIESTER. DIMENSAO: 70,20X59,83X49,12CM. SIST. TRAVAMENTO:FREIO DIANTEIRO E TRASEIRO. SIST DE MONTAGEM: MANUAL/PARAFUSOS PP. ACESSORIOS:BANDEJA DE BRINQUEDOS;7898664632247;Incluido;02/03/2026
567712/1983;Inativo;;12/01/2023;;;COMPANHIA DOREL BRASIL PRODUTOS INFANTIS;10659948000883;2135547024;Av. Nilo Peçanha;1516 ;Galpão 3 ;28030035;Pq dos Rodoviários;Campos dos Goytacaze;RJ;standard@dorel.com.br;Jin Sun Gee Plastics Co., Ltd;Andadores Infantis;Portaria Inmetro nº 129 de 19/03/2021;;IN1701622-3;;;S;Formosa (Taiwan);Safety 1st;HE001. Nome comercial: Spacewalker 3 em 1. Versões: Grey, Orange.;PP,Ferro,Aço,ABS,PVC,POM,TPR,MB475,Pol,65.5x50x71.5cm.Trav:Lib.2ações cons.,Mont:Manual.Aces.Brinq.;7908238803932|7908238803949;Incluido;12/01/2023
695778/1988;Ativo;;31/08/2026;;;TUTTI BABY INDUSTRIA E COMERCIO DE ARTIGOS INFANTIS LTDA;06981862000129;4733794000;Rod. Guilherme Jensen, SC413, km13;0;Galpão 01;89108000;Distrito Industrial;Massaranduba;SC;heloiza.souza@tuttibaby.com.br;TUTTI BABY INDUSTRIA E COMERCIO DE ARTIGOS INFANTIS LTDA;Andadores Infantis;Portaria Inmetro nº 129 de 19/03/2021;;CE-AND/IQB 000013 57036/26-002;Modelo 5;;N;Brasil;TUTTI BABY;ANDADOR COMFORT - 40005004,40005003,40005011,40005028,40005007,40005010,40005006,40005029;ESTRU.METALICA:ACO TUBULAR,BRINQ:PLAST.DE ENG.,REVEST. TEXTIL: ALGODAO/48X60,5X70 CM/DOIS DISP. DE TRAV. INDEP. SENDO OP. SIMULT./PARAFUSOS E MONT. DE PÇS PLAST./BRINQ. CERT. E ADESIVO-57036/26;7898431502063|7898431502070|7898431502087|7898431502094|7898431502100|7898431502117|7898431502124|7898431502131;Incluido;31/08/2026
248627/1951;Ativo;;31/08/2026;;;TUTTI BABY INDUSTRIA E COMERCIO DE ARTIGOS INFANTIS LTDA;06981862000129;4733794000;Rod. Guilherme Jensen, SC413, km13;0;Galpão 01;89108000;Distrito Industrial;Massaranduba;SC;heloiza.souza@tuttibaby.com.br;TUTTI BABY INDUSTRIA E COMERCIO DE ARTIGOS INFANTIS LTDA;Andadores Infantis;Portaria Inmetro nº 129 de 19/03/2021;;CE-AND/IQB 000013 57036/26-002;Modelo 5;;N;Brasil;TUTTI BABY;ANDADOR COMFORT - 40005004,40005003,40005011,40005028,40005007,40005010,40005006,40005029;ESTRU.METALICA:ACO TUBULAR,BRINQ:PLAST.DE ENG.,REVEST. TEXTIL: ALGODAO/48X60,5X70 CM/DOIS DISP. DE TRAV. INDEP. SENDO OP. SIMULT./PARAFUSOS E MONT. DE PÇS PLAST./BRINQ. CERT. E ADESIVO-57036/26;7898431502063|7898431502070|7898431502087|7898431502094|7898431502100|7898431502117|7898431502124|7898431502131;Incluido;31/08/2026
023712/1970;Ativo;;09/12/2019;;;TAPUZIM COMERCIAL LTDA;00513418000100;1138569063;Av. Monte Celeste;230;250;02561000;Vila S. Maria;São Paulo;SP;ehs0770@hotmail.com;SHEN ZHEN WEI MEI CHILDCARE PRODUCT LIMITED COMPANY;Andadores Infantis;Portaria Inmetro nº 129 de 19/03/2021;;IN2062423;Modelo 5;;S;China, República Popular;Baby Style;MODELO: ANIMAIS VERSÕES: Andador cachorro vermelho - Ref. 33721 Andador cachorro azul - Ref. 33722 Andador abelha rosa - Ref. 33723 Andador abelha azul - Ref. 33724 Andador pianinho rosa Ref: 33725 Andador pianinho azul Ref: 33726;Material: Plástico, metal e tecido, Dimensões: 50 x 70 x 60 cm, Sistema de Travamento: Stoper, Sistema deMontagem e Ferragem: Tesoura, Acessórios: Bandeja musical;4079337218996|4079337228995|4079337238994|4079337248993|4079337251993|4079337261992;Excluido;29/01/2024
580639/1997;Ativo;;07/03/2024;;;COMPANHIA DOREL BRASIL PRODUTOS INFANTIS;10659948000107;2135547024;Av. Nilo Peçanha;1516;1582;28030035;Pq dos Rodoviários;Campos dos Goytacaze;RJ;standard@dorel.com.br;COMPANHIA DOREL BRASIL PRODUTOS INFANTIS;Andadores Infantis;Portaria Inmetro nº 129 de 19/03/2021;;IN2040823;Modelo 5;;N;Brasil;Infanti;APPIA - HE022 - AZUL/ROSA - MAT.:PP, POLIÉSTER,PTA, EG, POLIPROPILENO E POLIETILENO.DIMENSÕES:56,5X68X60,5CM/;SIST. DE TRAVAMENTO: LIBERAÇÃO EM 2 AÇÕES CONSECUTIVAS/SIST. DE MONTAGEM E FERRAGEM: MANUAL (S/ FERRAMENTAS)/ACES.: BANDEJA DE BRINQUEDOS/ANDADOR COM BRINQUEDO;7908238809774|7908238809781;Excluido;10/04/2026
861716/2009;Ativo;;07/02/2022;;;TUTTI BABY INDUSTRIA E COMERCIO DE ARTIGOS INFANTIS LTDA;06981862000129;4733794000;Rod. Guilherme Jensen, SC413, km13;0;;89108000;Distrito Industrial;Massaranduba;SC;certificacao@tuttibaby.com.br;TUTTI BABY INDUSTRIA E COMERCIO DE ARTIGOS INFANTIS LTDA;Andadores Infantis;Portaria Inmetro nº 129 de 19/03/2021;;IN2869325;Modelo 5;;N;Brasil;TUTTI BABY;DESIGNAÇÃO COMERC SAFARI II (AZUL/ROSA/VERMELHO),PRINCESA ROSA COROA,ACQUA,EXPLORADOR (CINZA/ ROXO) CÓD D REF COMERC:ANDAD 40.002/40002003/40002004/40002007/40003004/40004002/40004003;MAT:ESTRUTURA METALICA - AÇO TUBULAR/DIM:48X60,5X70CM/SIST DE TRAVA:LIBERAÇ EM 2AÇÕES CONSECUT/SIST DE MONTAGEM E FERRAGEM:PARAFUSOS E REBITES/ACESSÓ:BRINQUEDOS E ADESIVOS/CARACT DO MODELO:ANDADOR C B;7898431501615|7898431501622|7898431501639|7898431501684|7898431501691|7898431501707;Excluido;26/04/2024
900338/1946;Ativo;;07/02/2022;;;TUTTI BABY INDUSTRIA E COMERCIO DE ARTIGOS INFANTIS LTDA;06981862000129;4733794000;Rod. Guilherme Jensen, SC413, km13;0;;89108000;Distrito Industrial;Massaranduba;SC;certificacao@tuttibaby.com.br;TUTTI BABY INDUSTRIA E COMERCIO DE ARTIGOS INFANTIS LTDA;Andadores Infantis;Portaria Inmetro nº 129 de 19/03/2021;;IN2869325;Modelo 5;;N;Brasil;Tutti Baby;Andador: VERSÕES: Safari II (Azul/Rosa/Vermelho), Princesa Rosa Coroa, Acqua Explorador (Cinza/Roxo);ESTRUTURA METÁLICA , AÇO TUBULAR / 48 x 60,5 x 70CM / SISTEMA DE TRAVAMENTO COM DUAS AÇÕES CONSECUTIVAS PARA LIBERAÇÃO /SISTEMA DE MONTAGEM/FERRAGEM: PARAFUSOS E REBITES ACESSÓRIOS: BRINQUEDOS E ADESI;7898431501615|7898431501622|7898431501639|7898431501684|7898431501691|7898431501707;Excluido;15/03/2024
017678/1950;Ativo;;30/09/2019;;;BURIGOTTO SA INDUSTRIA E COMERCIO;51460277000138;1934042000;Rua Martino Dragone;280;;13480308;Jardim Santa Barbara;Limeira;SP;carlos.riva@burigotto.com;JIN SUN GEE PLASTICS. CO., LTD.;Andadores Infantis;Portaria Inmetro nº 42 de 19/01/2018;;CE-AND/IQB 000004 53005/19-001;;;S;Formosa (Taiwan);Burigotto;Andador Baby Coupe (ref. com. IXAN3034PK10-Rosa, IXAN3034AZ19-Azul, IXAN3034CL-CL);Andador Infantil, Mat.: Polipropileno, Nylon, Aço, Tecido e Espuma, Dim: 760X650X640mm, Sist. Trav. Automático, Sistema Montagem/Ferragem Rebites, parafusos e Encaixe de peças plásticas, Acessorio: Ba;7896502916146|7896502916160|7896502935550;Incluido;30/09/2019
101013/1946;Inativo;;14/01/2021;;;GALZERANO INDUSTRIA DE CARRINHOS E BERCOS LTDA;43594977000197;1934043030;Via Prefeito Jurandyr Paixão;700;;13481149;Jd. Campo Belo;Limeira;SP;luisfernando.camargo@galzerano.com.br;WEIMEI MEI CHILDCARE PRODUCT (HUIZHOU) LTD., CO;Andadores Infantis;Portaria Inmetro nº 42 de 19/01/2018;;CE-AND/IQB 000006 54025/20-001;;;S;China, República Popular;GALZERANO;Ref.: 4030-Andador 4 em 1 Funny. Versões: 4030CR (Color), 4030VDA (Verde Água);Mat Tec polié Espuma Resina plást Itens fixação Dimens 75x71x55(cm) Sist travament dobradiça plást c/ botão acionament Sist montagem/ferragem encaixe manual Acessórios manuais brinquedos removíveis;7898089221477|7898089221996;Incluido;14/01/2021
559749/1959;Ativo;;30/09/2019;;;BURIGOTTO SA INDUSTRIA E COMERCIO;51460277000138;1934042000;Rua Martino Dragone;280;;13480308;Jardim Santa Barbara;Limeira;SP;carlos.riva@burigotto.com;JIN SUN GEE PLASTICS. CO., LTD.;Andadores Infantis;Portaria Inmetro nº 42 de 19/01/2018;;CE-AND/IQB 000004 53005/19-001;;;S;Formosa (Taiwan);Burigotto;Andador Baby Coupe (ref. com. IXAN3034PK10-Rosa, IXAN3034AZ19-Azul, IXAN3034CL-CL);Andador Infantil, Mat.: Polipropileno, Nylon, Aço, Tecido e Espuma, Dim: 760X650X640mm, Sist. Trav. Automático, Sistema Montagem/Ferragem Rebites, parafusos e Encaixe de peças plásticas, Acessorio: Ba;7896502916146|7896502916160|7896502935550;Incluido;30/09/2019
